solid Forearm
facet normal 0.6488689461906152 -0.7600731354118453 -0.035467160792592614
  outer loop
    vertex 536.3440984531043 384.5677996626017 316.69014911789765
    vertex 535.2340984531041 384.0537916626014 307.3981491178977
    vertex 536.2120954531042 384.67778466260165 311.91814911789766
  endloop
endfacet
facet normal 0.49896818657069547 -0.8661749885965927 -0.02777837144334157
  outer loop
    vertex 529.2301004531043 379.5457956626017 314.6701491178977
    vertex 530.2060984531042 380.27177866260143 309.5641491178977
    vertex 530.7581004531042 380.4997756626016 312.3701501178977
  endloop
endfacet
facet normal 0.47294285035897776 -0.8807438626575259 -0.024805416453411593
  outer loop
    vertex 529.4120914531043 379.44978766260135 322.1001491178977
    vertex 527.8840924531042 378.6897776626012 319.95214811789765
    vertex 529.9880964531043 379.89979966260125 317.10414911789775
  endloop
endfacet
facet normal -0.07337640301795127 -0.9970912249585034 -0.02061534843019589
  outer loop
    vertex 506.85009545310425 374.9177746626016 307.0141491178978
    vertex 505.79809345310423 375.1037796626016 301.7621481178977
    vertex 507.33610345310433 374.9277846626013 304.8001481178977
  endloop
endfacet
facet normal -0.0924939271324055 -0.9955978152225946 -0.0151612587743132
  outer loop
    vertex 504.07409445310424 374.93779466260145 318.85014911789773
    vertex 505.00008945310424 374.9137766626018 314.7781491178977
    vertex 505.40009845310425 374.8197826626013 318.51014911789775
  endloop
endfacet
facet normal -0.09165627982637306 -0.9956172228769855 -0.018586873839046593
  outer loop
    vertex 506.9221014531043 375.02379266260147 301.04014811789773
    vertex 504.8381024531042 375.3097726626013 295.99814811789776
    vertex 506.4020974531042 375.16579166260146 295.99814811789776
  endloop
endfacet
facet normal -0.08870848544484342 -0.9959038495131604 -0.01750220371697764
  outer loop
    vertex 506.85009545310425 374.9177746626016 307.0141491178978
    vertex 504.90009845310425 375.1457716626016 303.92414911789774
    vertex 505.79809345310423 375.1037796626016 301.7621481178977
  endloop
endfacet
facet normal -0.08149677189357571 -0.9965374756726746 -0.016472272182678143
  outer loop
    vertex 507.33610345310433 374.9277846626013 304.8001481178977
    vertex 505.79809345310423 375.1037796626016 301.7621481178977
    vertex 506.9221014531043 375.02379266260147 301.04014811789773
  endloop
endfacet
facet normal -0.07075653828363523 -0.9973714681929701 -0.015609827824670916
  outer loop
    vertex 506.63009445310416 374.75578766260145 317.48415011789774
    vertex 505.00008945310424 374.9137766626018 314.7781491178977
    vertex 505.5380994531043 374.91179366260167 312.4661481178977
  endloop
endfacet
facet normal -0.07639630735686453 -0.9968435623987532 -0.021598989013343787
  outer loop
    vertex 505.5380994531043 374.91179366260167 312.4661481178977
    vertex 504.90009845310425 375.1457716626016 303.92414911789774
    vertex 506.2140934531043 374.91978866260166 309.7061481178977
  endloop
endfacet
facet normal -0.08422408901202133 -0.9964259187412492 -0.006456879335445709
  outer loop
    vertex 504.4040964531042 374.8557936626014 323.6701491178978
    vertex 505.92210145310423 374.72978666260127 323.30614911789775
    vertex 505.96609245310424 374.7237746626014 323.6701491178978
  endloop
endfacet
facet normal -0.12079191979259536 -0.9924465422766755 -0.021428318550227723
  outer loop
    vertex 504.33408945310424 375.1057936626017 308.10214911789774
    vertex 502.8641034531043 375.18779466260173 312.59014911789774
    vertex 503.0301034531043 375.3077896626016 306.0841481178977
  endloop
endfacet
facet normal -0.12079191979259536 -0.9924465422766755 -0.021428318550227723
  outer loop
    vertex 502.8641034531043 375.18779466260173 312.59014911789774
    vertex 504.33408945310424 375.1057936626017 308.10214911789774
    vertex 504.0680974531042 375.0237926626017 313.3841501178977
  endloop
endfacet
facet normal -0.08827568456619306 -0.9958980935471946 -0.019859274494134042
  outer loop
    vertex 505.5380994531043 374.91179366260167 312.4661481178977
    vertex 504.0680974531042 375.0237926626017 313.3841501178977
    vertex 504.33408945310424 375.1057936626017 308.10214911789774
  endloop
endfacet
facet normal -0.08827568456619306 -0.9958980935471946 -0.019859274494134042
  outer loop
    vertex 504.0680974531042 375.0237926626017 313.3841501178977
    vertex 505.5380994531043 374.91179366260167 312.4661481178977
    vertex 505.00008945310424 374.9137766626018 314.7781491178977
  endloop
endfacet
facet normal -0.03410668229399638 -0.9993036289779711 -0.015132459626720666
  outer loop
    vertex 507.4420904531042 374.64778566260145 322.7861501178977
    vertex 506.63009445310416 374.75578766260145 317.48415011789774
    vertex 509.52609045310425 374.58977166260144 321.9201491178978
  endloop
endfacet
facet normal -0.09136078166343453 -0.9957605272487393 -0.010685501727057928
  outer loop
    vertex 504.4040964531042 374.8557936626014 323.6701491178978
    vertex 504.07409445310424 374.93779466260145 318.85014911789773
    vertex 505.40009845310425 374.8197826626013 318.51014911789775
  endloop
endfacet
facet normal -0.12041425320417452 -0.9926029566151364 -0.015484771363208649
  outer loop
    vertex 504.07409445310424 374.93779466260145 318.85014911789773
    vertex 502.70609845310423 375.1037796626014 318.8481481178977
    vertex 504.0680974531042 375.0237926626017 313.3841501178977
  endloop
endfacet
facet normal -0.08469721028854879 -0.9961748605050441 -0.021494880020448488
  outer loop
    vertex 505.79809345310423 375.1037796626016 301.7621481178977
    vertex 504.8381024531042 375.3097726626013 295.99814811789776
    vertex 506.9221014531043 375.02379266260147 301.04014811789773
  endloop
endfacet
facet normal -0.11832565058161056 -0.9927105617050801 -0.02290810104795103
  outer loop
    vertex 504.33408945310424 375.1057936626017 308.10214911789774
    vertex 503.0301034531043 375.3077896626016 306.0841481178977
    vertex 503.28809945310417 375.5097856626014 295.99814811789776
  endloop
endfacet
facet normal -0.05809806120364088 -0.9982337662500624 -0.012408190947665996
  outer loop
    vertex 505.92210145310423 374.72978666260127 323.30614911789775
    vertex 505.40009845310425 374.8197826626013 318.51014911789775
    vertex 507.4420904531042 374.64778566260145 322.7861501178977
  endloop
endfacet
facet normal -0.12428703297012415 -0.9921098170420938 -0.016457349853074985
  outer loop
    vertex 502.70609845310423 375.1037796626014 318.8481481178977
    vertex 502.8641034531043 375.18779466260173 312.59014911789774
    vertex 504.0680974531042 375.0237926626017 313.3841501178977
  endloop
endfacet
facet normal -0.05653154068052063 -0.9982250743780555 -0.01873194574015261
  outer loop
    vertex 506.63009445310416 374.75578766260145 317.48415011789774
    vertex 505.5380994531043 374.91179366260167 312.4661481178977
    vertex 507.5861034531043 374.7437936626016 315.2381501178977
  endloop
endfacet
facet normal -0.10665334796376608 -0.994007534294932 -0.02396007372754342
  outer loop
    vertex 504.33408945310424 375.1057936626017 308.10214911789774
    vertex 503.28809945310417 375.5097856626014 295.99814811789776
    vertex 504.90009845310425 375.1457716626016 303.92414911789774
  endloop
endfacet
facet normal -0.10500242203669376 -0.9941749492975324 -0.02430352969585218
  outer loop
    vertex 504.90009845310425 375.1457716626016 303.92414911789774
    vertex 503.28809945310417 375.5097856626014 295.99814811789776
    vertex 505.79809345310423 375.1037796626016 301.7621481178977
  endloop
endfacet
facet normal 0.6510894202621943 -0.7580626973526404 -0.03772948058321244
  outer loop
    vertex 535.5301034531043 384.4077956626013 305.40814911789766
    vertex 533.7140934531043 382.92177266260137 303.9241491178977
    vertex 534.3780954531043 383.57979266260145 302.15014811789763
  endloop
endfacet
facet normal 0.6510894202621943 -0.7580626973526404 -0.03772948058321244
  outer loop
    vertex 533.7140934531043 382.92177266260137 303.9241491178977
    vertex 535.5301034531043 384.4077956626013 305.40814911789766
    vertex 535.2340984531041 384.0537916626014 307.3981491178977
  endloop
endfacet
facet normal -0.05855358490736484 -0.9981355195173517 -0.017232596215386024
  outer loop
    vertex 507.5861034531043 374.7437936626016 315.2381501178977
    vertex 505.5380994531043 374.91179366260167 312.4661481178977
    vertex 506.2140934531043 374.91978866260166 309.7061481178977
  endloop
endfacet
facet normal -0.08448245692047847 -0.9962041247246058 -0.020977520214780714
  outer loop
    vertex 505.5380994531043 374.91179366260167 312.4661481178977
    vertex 504.33408945310424 375.1057936626017 308.10214911789774
    vertex 504.90009845310425 375.1457716626016 303.92414911789774
  endloop
endfacet
facet normal 0.49400964052566454 -0.869159246643543 -0.022730575041834046
  outer loop
    vertex 530.5680974531042 380.07979266260133 323.1341501178977
    vertex 529.4120914531043 379.44978766260135 322.1001491178977
    vertex 530.9280984531042 380.4077956626013 318.4161491178977
  endloop
endfacet
facet normal 0.6507006738624449 -0.7584666873817325 -0.03628935335799806
  outer loop
    vertex 537.0660984531042 385.2277726626017 315.73614911789764
    vertex 536.2120954531042 384.67778466260165 311.91814911789766
    vertex 536.1220984531043 384.8157846626014 307.42014911789767
  endloop
endfacet
facet normal 0.5085748984772924 -0.8606144450677051 -0.02635051383973405
  outer loop
    vertex 529.9880964531043 379.89979966260125 317.10414911789775
    vertex 530.7581004531042 380.4997756626016 312.3701501178977
    vertex 531.1920904531042 380.68379666260176 314.73614911789775
  endloop
endfacet
facet normal 0.6360527520359307 -0.7708665732982702 -0.034664431322345014
  outer loop
    vertex 534.6060924531042 383.2477916626016 312.6861501178977
    vertex 533.6260964531043 382.4077956626016 313.38415011789766
    vertex 533.5440954531042 382.5777786626014 308.1021491178977
  endloop
endfacet
facet normal 0.6360527520359307 -0.7708665732982702 -0.034664431322345014
  outer loop
    vertex 533.6260964531043 382.4077956626016 313.38415011789766
    vertex 534.6060924531042 383.2477916626016 312.6861501178977
    vertex 534.3300914531042 382.92177266260177 314.8761481178976
  endloop
endfacet
facet normal 0.6478137781154621 -0.7609330402501593 -0.03630726014752708
  outer loop
    vertex 536.2120954531042 384.67778466260165 311.91814911789766
    vertex 535.5301034531043 384.4077956626013 305.40814911789766
    vertex 536.1220984531043 384.8157846626014 307.42014911789767
  endloop
endfacet
facet normal 0.5232397584461554 -0.8516777206840639 -0.029414541839136724
  outer loop
    vertex 529.6800974531043 380.03377166260134 306.9201491178977
    vertex 529.2720924531043 379.85777766260145 304.75814811789775
    vertex 530.4221014531042 380.66777466260135 301.7621481178977
  endloop
endfacet
facet normal 0.6492238917222865 -0.7596561178844136 -0.037827516145667574
  outer loop
    vertex 534.6060924531042 383.2477916626016 312.6861501178977
    vertex 533.7140934531043 382.92177266260137 303.9241491178977
    vertex 534.9380924531042 383.6617936626015 310.07014911789764
  endloop
endfacet
facet normal 0.5601907997171864 -0.8276374953483785 -0.034676277275423065
  outer loop
    vertex 531.6141034531042 381.18977766260156 308.10214911789774
    vertex 532.2241034531042 382.10979166260137 295.99814811789776
    vertex 532.5440954531042 381.9037976626015 306.0841481178977
  endloop
endfacet
facet normal 0.550350837336574 -0.8341712607931845 -0.0356688030306764
  outer loop
    vertex 531.6141034531042 381.18977766260156 308.10214911789774
    vertex 531.1280954531043 381.04777966260144 303.92414911789774
    vertex 532.2241034531042 382.10979166260137 295.99814811789776
  endloop
endfacet
facet normal 0.4975845417514162 -0.8671674657137867 -0.02074150952948277
  outer loop
    vertex 529.4120914531043 379.44978766260135 322.1001491178977
    vertex 529.9880964531043 379.89979966260125 317.10414911789775
    vertex 530.9280984531042 380.4077956626013 318.4161491178977
  endloop
endfacet
facet normal 0.6434437673014192 -0.7643037531689939 -0.04266018299007535
  outer loop
    vertex 533.7140934531043 382.92177266260137 303.9241491178977
    vertex 532.2241034531042 382.10979166260137 295.99814811789776
    vertex 534.3780954531043 383.57979266260145 302.15014811789763
  endloop
endfacet
facet normal 0.6538965008420243 -0.7556707599796001 -0.03716273265531542
  outer loop
    vertex 536.2120954531042 384.67778466260165 311.91814911789766
    vertex 535.2340984531041 384.0537916626014 307.3981491178977
    vertex 535.5301034531043 384.4077956626013 305.40814911789766
  endloop
endfacet
facet normal 0.5641754188122661 -0.8251973357372088 -0.027485521647167558
  outer loop
    vertex 532.9340954531043 381.69777366260126 318.8481481178977
    vertex 531.8780954531043 381.1577956626017 313.3841501178977
    vertex 532.7521034531043 381.78178866260157 312.59014911789774
  endloop
endfacet
facet normal 0.654124633319278 -0.7555840148051968 -0.0348390679522347
  outer loop
    vertex 535.7221044531043 383.9517716626013 318.37214911789766
    vertex 534.6060924531042 383.2477916626016 312.6861501178977
    vertex 536.3440984531043 384.5677996626017 316.69014911789765
  endloop
endfacet
facet normal 0.531413950893656 -0.8467449708704384 -0.024943277675870804
  outer loop
    vertex 529.2720924531043 379.85777766260145 304.75814811789775
    vertex 529.5500924531043 380.14177366260134 301.04014811789773
    vertex 530.4221014531042 380.66777466260135 301.7621481178977
  endloop
endfacet
facet normal 0.5594032264275686 -0.8284802690684748 -0.02623878858969003
  outer loop
    vertex 531.9300974531042 381.0197946626012 318.85014911789773
    vertex 531.8780954531043 381.1577956626017 313.3841501178977
    vertex 532.9340954531043 381.69777366260126 318.8481481178977
  endloop
endfacet
facet normal 0.49769427356007917 -0.8668704856104741 -0.028913167293915576
  outer loop
    vertex 529.9880964531043 379.89979966260125 317.10414911789775
    vertex 529.2301004531043 379.5457956626017 314.6701491178977
    vertex 530.7581004531042 380.4997756626016 312.3701501178977
  endloop
endfacet
facet normal 0.642280284069785 -0.7655810953981043 -0.036900177022280246
  outer loop
    vertex 534.6060924531042 383.2477916626016 312.6861501178977
    vertex 533.5440954531042 382.5777786626014 308.1021491178977
    vertex 533.7140934531043 382.92177266260137 303.9241491178977
  endloop
endfacet
facet normal 0.5113388899343599 -0.8590327498309199 -0.024398244990668404
  outer loop
    vertex 529.2301004531043 379.5457956626017 314.6701491178977
    vertex 529.6800974531043 380.03377166260134 306.9201491178977
    vertex 530.2060984531042 380.27177866260143 309.5641491178977
  endloop
endfacet
facet normal 0.5038534072923123 -0.8634258411003807 -0.02505116524290783
  outer loop
    vertex 529.6800974531043 380.03377166260134 306.9201491178977
    vertex 528.7760904531042 379.3917736626015 310.8641491178976
    vertex 529.2720924531043 379.85777766260145 304.75814811789775
  endloop
endfacet
facet normal 0.5038534072923123 -0.8634258411003807 -0.02505116524290783
  outer loop
    vertex 528.7760904531042 379.3917736626015 310.8641491178976
    vertex 529.6800974531043 380.03377166260134 306.9201491178977
    vertex 529.2301004531043 379.5457956626017 314.6701491178977
  endloop
endfacet
facet normal 0.5988526225993082 -0.8003639905498605 -0.028160593691074345
  outer loop
    vertex 532.9340954531043 381.69777366260126 318.8481481178977
    vertex 532.7521034531043 381.78178866260157 312.59014911789774
    vertex 533.6260964531043 382.4077956626016 313.38415011789766
  endloop
endfacet
facet normal 0.052733150892686785 0.9983084492044805 0.02448377103051648
  outer loop
    vertex 535.5400974531042 390.1237986626013 321.08614911789766
    vertex 540.2960944531043 389.92177266260126 319.08014911789763
    vertex 539.1941044531043 390.12379866260164 313.21614811789766
  endloop
endfacet
facet normal -0.014784186132966462 -0.9998061516812139 -0.013003341908422568
  outer loop
    vertex 532.2720924531043 410.13377866260134 321.08614911789766
    vertex 534.2400944531042 410.40178366260125 298.24214811789767
    vertex 539.1941044531043 410.13377866260174 313.21614811789766
  endloop
endfacet
facet normal 0.1405216715285603 0.9879255705355904 0.06524359671835686
  outer loop
    vertex 535.5400974531042 390.1237986626013 321.08614911789766
    vertex 539.1941044531043 390.12379866260164 313.21614811789766
    vertex 537.7100964531043 391.3237806626014 298.24214811789767
  endloop
endfacet
facet normal 0.07156382449489641 -0.9954480051357877 0.062943531000767
  outer loop
    vertex 532.2720924531043 410.13377866260134 321.08614911789766
    vertex 539.1941044531043 410.13377866260174 313.21614811789766
    vertex 540.2960944531043 410.5837906626015 319.08014911789763
  endloop
endfacet
facet normal -0.9804572324271358 0.1967095819245149 -0.0029926176508465016
  outer loop
    vertex 503.6000954531042 379.3937876626014 321.08614911789766
    vertex 503.17210145310423 377.2997936626015 323.6661491178977
    vertex 503.11610245310413 377.09578366260166 328.5801491178977
  endloop
endfacet
facet normal 0.15989106496128455 0.7533117252976496 0.6379312595214511
  outer loop
    vertex 503.17210145310423 377.2997936626015 323.6661491178977
    vertex 503.6000954531042 379.3937876626014 321.08614911789766
    vertex 497.38808945310416 378.52779066260126 323.66614911789765
  endloop
endfacet
facet normal 0.2682776042260846 0.7163920170433926 0.6440571441939076
  outer loop
    vertex 497.38808945310416 378.52779066260126 323.66614911789765
    vertex 493.50410245310434 382.3017776626011 321.0861491178977
    vertex 492.0580884531041 380.5237926626013 323.66614911789765
  endloop
endfacet
facet normal 0.19679671295130324 0.6832410828026829 0.7031732905494775
  outer loop
    vertex 503.6000954531042 379.3937876626014 321.08614911789766
    vertex 493.50410245310434 382.3017776626011 321.0861491178977
    vertex 497.38808945310416 378.52779066260126 323.66614911789765
  endloop
endfacet
facet normal 0.06012668400591189 -0.9980256953316627 -0.018151951085340113
  outer loop
    vertex 512.1580944531042 374.76179966260133 317.48415011789774
    vertex 511.2140934531042 374.74577766260165 315.2381501178977
    vertex 513.1880924531042 374.9177746626016 312.3201491178977
  endloop
endfacet
facet normal 0.20249411566592607 0.979236278771683 -0.009614752106088842
  outer loop
    vertex 503.6000954531042 379.3937876626014 321.08614911789766
    vertex 503.7160924531042 379.1457716626014 298.24214811789767
    vertex 498.13409245310413 380.2997936626013 298.24214811789767
  endloop
endfacet
facet normal 0.06227440805784027 -0.9979194603590444 -0.01669277501673427
  outer loop
    vertex 511.2140934531042 374.74577766260165 315.2381501178977
    vertex 512.5740944531042 374.9237866626017 309.6701491178977
    vertex 513.1880924531042 374.9177746626016 312.3201491178977
  endloop
endfacet
facet normal 0.05971037083499112 -0.9980916562015496 -0.015739041762307955
  outer loop
    vertex 511.98209945310424 374.9217726626016 307.0141491178978
    vertex 510.72410345310425 374.77977466260165 311.24414811789774
    vertex 511.54009745310424 374.9297986626016 304.8001481178977
  endloop
endfacet
facet normal 0.05971037083499112 -0.9980916562015496 -0.015739041762307955
  outer loop
    vertex 510.72410345310425 374.77977466260165 311.24414811789774
    vertex 511.98209945310424 374.9217726626016 307.0141491178978
    vertex 511.2140934531042 374.74577766260165 315.2381501178977
  endloop
endfacet
facet normal 0.30379043524097527 -0.9525024267125621 -0.02122495141994913
  outer loop
    vertex 522.0081004531042 376.56377066260177 312.5901491178977
    vertex 521.9360944531043 376.68578066260164 306.08414811789766
    vertex 523.2120954531042 377.04777966260144 308.1021491178977
  endloop
endfacet
facet normal 0.30177913179067006 -0.9531278615934555 -0.02183197356988595
  outer loop
    vertex 523.1520974531041 376.9077956626016 313.38415011789766
    vertex 522.0081004531042 376.56377066260177 312.5901491178977
    vertex 523.2120954531042 377.04777966260144 308.1021491178977
  endloop
endfacet
facet normal 0.2629790658621135 -0.9645729762032491 -0.020999630870484565
  outer loop
    vertex 522.0081004531042 376.56377066260177 312.5901491178977
    vertex 520.6741004531042 376.2977796626016 308.1021491178977
    vertex 521.9360944531043 376.68578066260164 306.08414811789766
  endloop
endfacet
facet normal -0.7128226724826968 0.7006629642898509 -0.03090708765291812
  outer loop
    vertex 537.7100964531043 391.3237806626014 298.24214811789767
    vertex 534.2521034531042 387.8057756626013 298.2421481178977
    vertex 535.5400974531042 390.1237986626013 321.08614911789766
  endloop
endfacet
facet normal -0.6394235009329803 0.767227661170658 -0.049993023405402924
  outer loop
    vertex 532.3460974531042 387.70579966260135 321.0861491178977
    vertex 534.2521034531042 387.8057756626013 298.2421481178977
    vertex 530.5540904531042 384.72377466260144 298.24214811789767
  endloop
endfacet
facet normal -0.6468846730661023 0.761037640143855 -0.04859969173188336
  outer loop
    vertex 532.3460974531042 387.70579966260135 321.0861491178977
    vertex 530.5540904531042 384.72377466260144 298.24214811789767
    vertex 528.8661024531043 384.7477916626013 321.08614911789766
  endloop
endfacet
facet normal -0.48937130591700373 0.8712870068987997 -0.03707663083962028
  outer loop
    vertex 528.8661024531043 384.7477916626013 321.08614911789766
    vertex 530.5540904531042 384.72377466260144 298.24214811789767
    vertex 526.0460944531043 382.19179166260125 298.2421481178977
  endloop
endfacet
facet normal -0.34948262742823255 0.9365971865017113 -0.025448052242516863
  outer loop
    vertex 519.7821024531041 380.5117996626013 321.0861491178977
    vertex 524.6220984531043 382.3177996626014 321.0861491178977
    vertex 520.9040964531042 380.3097726626014 298.2421481178977
  endloop
endfacet
facet normal -0.6029264239648042 0.7964217512677187 -0.04682009603443366
  outer loop
    vertex 532.3460974531042 387.70579966260135 321.0861491178977
    vertex 535.5400974531042 390.1237986626013 321.08614911789766
    vertex 534.2521034531042 387.8057756626013 298.2421481178977
  endloop
endfacet
facet normal -0.34358883652799677 0.9387435037846368 -0.026595968030532262
  outer loop
    vertex 524.6220984531043 382.3177996626014 321.0861491178977
    vertex 526.0460944531043 382.19179166260125 298.2421481178977
    vertex 520.9040964531042 380.3097726626014 298.2421481178977
  endloop
endfacet
facet normal -0.49656847264369214 0.8672615317967187 -0.03573775932987409
  outer loop
    vertex 524.6220984531043 382.3177996626014 321.0861491178977
    vertex 528.8661024531043 384.7477916626013 321.08614911789766
    vertex 526.0460944531043 382.19179166260125 298.2421481178977
  endloop
endfacet
facet normal 0.34209562332569593 0.9383881346133081 -0.048972373011321145
  outer loop
    vertex 489.25810045310425 384.72777266260124 321.08614911789766
    vertex 498.13409245310413 380.2997936626013 298.24214811789767
    vertex 492.9880964531042 382.1758006626014 298.2421481178977
  endloop
endfacet
facet normal 0.4878947323380881 0.8711116649285183 -0.05588557400806209
  outer loop
    vertex 485.77409145310423 387.68178266260117 321.08614911789766
    vertex 492.9880964531042 382.1758006626014 298.2421481178977
    vertex 488.4781014531043 384.7017716626011 298.24214811789767
  endloop
endfacet
facet normal 0.49594566949333624 0.8680093341330315 0.02444767409669035
  outer loop
    vertex 493.50410245310434 382.3017776626011 321.0861491178977
    vertex 498.13409245310413 380.2997936626013 298.24214811789767
    vertex 489.25810045310425 384.72777266260124 321.08614911789766
  endloop
endfacet
facet normal 0.7926586985607421 0.6088307767379958 -0.0318947157472728
  outer loop
    vertex 483.1840954531043 391.0537916626012 321.0861491178977
    vertex 485.77409145310423 387.68178266260117 321.08614911789766
    vertex 484.7780894531042 387.7817886626013 298.24214811789767
  endloop
endfacet
facet normal 0.786859449370185 0.6162299670453962 -0.03335917642986681
  outer loop
    vertex 482.02609045310436 391.29579566260134 298.24214811789767
    vertex 483.1840954531043 391.0537916626012 321.0861491178977
    vertex 484.7780894531042 387.7817886626013 298.24214811789767
  endloop
endfacet
facet normal 0.6395841480490192 0.7683298575271393 -0.02452238970280366
  outer loop
    vertex 485.77409145310423 387.68178266260117 321.08614911789766
    vertex 488.4781014531043 384.7017716626011 298.24214811789767
    vertex 484.7780894531042 387.7817886626013 298.24214811789767
  endloop
endfacet
facet normal 0.9159029659000077 0.39917528987832057 -0.04220005931427324
  outer loop
    vertex 481.5881024531043 394.71577866260134 321.0861491178977
    vertex 483.1840954531043 391.0537916626012 321.0861491178977
    vertex 482.02609045310436 391.29579566260134 298.24214811789767
  endloop
endfacet
facet normal 0.9128766309490302 0.40593588803263286 -0.04327021463207803
  outer loop
    vertex 480.3300914531042 395.1097916626013 298.2421481178977
    vertex 481.5881024531043 394.71577866260134 321.0861491178977
    vertex 482.02609045310436 391.29579566260134 298.24214811789767
  endloop
endfacet
facet normal 0.6465733447754202 0.7625794605833085 0.02038323140220828
  outer loop
    vertex 489.25810045310425 384.72777266260124 321.08614911789766
    vertex 492.9880964531042 382.1758006626014 298.2421481178977
    vertex 485.77409145310423 387.68178266260117 321.08614911789766
  endloop
endfacet
facet normal 0.646527516457361 -0.7605365545051359 -0.05988588919715123
  outer loop
    vertex 485.76209845310433 409.3657726626012 321.0861491178977
    vertex 488.4620954531043 413.4597976626011 298.24214811789767
    vertex 489.2440924531043 412.3257946626012 321.08614911789766
  endloop
endfacet
facet normal 0.9122764414480878 -0.40471270845764035 -0.06292311174516774
  outer loop
    vertex 482.01809445310425 406.85979166260137 298.24214811789767
    vertex 481.5840894531043 402.32979266260133 321.0861491178977
    vertex 480.3260934531042 403.0457956626012 298.2421481178977
  endloop
endfacet
facet normal 0.7923587217795224 -0.6069471057149524 -0.06150501511392328
  outer loop
    vertex 484.7640964531043 410.37779666260104 298.24214811789767
    vertex 485.76209845310433 409.3657726626012 321.0861491178977
    vertex 483.17609945310426 405.98979666260135 321.08614911789766
  endloop
endfacet
facet normal 0.6389984388533215 -0.7667147375620874 -0.06188300532551293
  outer loop
    vertex 485.76209845310433 409.3657726626012 321.0861491178977
    vertex 484.7640964531043 410.37779666260104 298.24214811789767
    vertex 488.4620954531043 413.4597976626011 298.24214811789767
  endloop
endfacet
facet normal 0.9152664299046182 -0.3981179553553602 -0.061558556783948275
  outer loop
    vertex 482.01809445310425 406.85979166260137 298.24214811789767
    vertex 483.17609945310426 405.98979666260135 321.08614911789766
    vertex 481.5840894531043 402.32979266260133 321.0861491178977
  endloop
endfacet
facet normal 0.9885256334646233 -0.13913966320358026 -0.05879818115349905
  outer loop
    vertex 480.3260934531042 403.0457956626012 298.2421481178977
    vertex 481.5840894531043 402.32979266260133 321.0861491178977
    vertex 481.0480934531042 398.52177866260126 321.08614911789766
  endloop
endfacet
facet normal 0.36682247311167604 -0.9284007127973269 -0.059273853406448196
  outer loop
    vertex 491.6400884531043 414.00780166260125 321.0861491178977
    vertex 492.9700904531041 415.9917796626013 298.2421481178977
    vertex 497.78010345310423 416.43379666260154 321.08614911789766
  endloop
endfacet
facet normal 0.4891631101062109 -0.8709164814533682 -0.04715860519676168
  outer loop
    vertex 491.6400884531043 414.00780166260125 321.0861491178977
    vertex 488.4620954531043 413.4597976626011 298.24214811789767
    vertex 492.9700904531041 415.9917796626013 298.2421481178977
  endloop
endfacet
facet normal 0.9887228256002584 0.14028355867829295 -0.05241848244269496
  outer loop
    vertex 479.7581004531042 399.07777866260125 298.24214811789767
    vertex 481.0480934531042 398.52177866260126 321.08614911789766
    vertex 481.5881024531043 394.71577866260134 321.0861491178977
  endloop
endfacet
facet normal 0.9881710981676571 -0.14144956197554967 -0.05924442727423154
  outer loop
    vertex 480.3260934531042 403.0457956626012 298.2421481178977
    vertex 481.0480934531042 398.52177866260126 321.08614911789766
    vertex 479.7581004531042 399.07777866260125 298.24214811789767
  endloop
endfacet
facet normal 0.7867102897796351 -0.614071904148933 -0.06326623498949728
  outer loop
    vertex 484.7640964531043 410.37779666260104 298.24214811789767
    vertex 483.17609945310426 405.98979666260135 321.08614911789766
    vertex 482.01809445310425 406.85979166260137 298.24214811789767
  endloop
endfacet
facet normal 0.34320666420884754 -0.9376993436031051 -0.05412140656839217
  outer loop
    vertex 497.78010345310423 416.43379666260154 321.08614911789766
    vertex 492.9700904531041 415.9917796626013 298.2421481178977
    vertex 498.1120884531042 417.8737986626015 298.24214811789767
  endloop
endfacet
facet normal 0.9884315645728308 0.1424838234227022 -0.05197501533385412
  outer loop
    vertex 479.7581004531042 399.07777866260125 298.24214811789767
    vertex 481.5881024531043 394.71577866260134 321.0861491178977
    vertex 480.3300914531042 395.1097916626013 298.2421481178977
  endloop
endfacet
facet normal 0.20870918767233146 -0.9762262469772368 -0.05850461258648551
  outer loop
    vertex 497.78010345310423 416.43379666260154 321.08614911789766
    vertex 498.1120884531042 417.8737986626015 298.24214811789767
    vertex 503.5800914531043 417.67378666260134 321.08614911789766
  endloop
endfacet
facet normal -0.494464813236198 -0.8657180808044588 -0.07769654457912892
  outer loop
    vertex 528.8500954531042 412.34578366260126 321.0861491178977
    vertex 524.6060924531042 414.76979466260127 321.0861491178977
    vertex 526.0281044531042 416.00780166260137 298.24214811789767
  endloop
endfacet
facet normal -0.6372496984973022 -0.7659357716494666 -0.08517755263467974
  outer loop
    vertex 528.8500954531042 412.34578366260126 321.0861491178977
    vertex 530.5380994531042 413.4818006626014 298.2421481178977
    vertex 534.2400944531042 410.40178366260125 298.24214811789767
  endloop
endfacet
facet normal -0.5419976467202604 -0.8384765500456787 -0.05652986797434176
  outer loop
    vertex 528.8500954531042 412.34578366260126 321.0861491178977
    vertex 534.2400944531042 410.40178366260125 298.24214811789767
    vertex 532.2720924531043 410.13377866260134 321.08614911789766
  endloop
endfacet
facet normal -0.18885516139143801 -0.9795878160998178 -0.06885810456731552
  outer loop
    vertex 519.7620984531043 416.57179666260134 321.08614911789766
    vertex 514.7320994531043 417.5437816626014 321.0541501178977
    vertex 515.3000924531042 419.03780066260134 298.2421481178977
  endloop
endfacet
facet normal -0.2020166708106463 -0.9771540390752705 -0.06602460627272146
  outer loop
    vertex 519.7620984531043 416.57179666260134 321.08614911789766
    vertex 515.3000924531042 419.03780066260134 298.2421481178977
    vertex 520.8820934531043 417.8837786626014 298.24214811789767
  endloop
endfacet
facet normal -0.34161074889325554 -0.9370758125088714 -0.07204871859670814
  outer loop
    vertex 524.6060924531042 414.76979466260127 321.0861491178977
    vertex 520.8820934531043 417.8837786626014 298.24214811789767
    vertex 526.0281044531042 416.00780166260137 298.24214811789767
  endloop
endfacet
facet normal 0.053785169120419946 -0.9968083775668817 -0.05899333856605241
  outer loop
    vertex 503.5800914531043 417.67378666260134 321.08614911789766
    vertex 503.69209045310424 419.0317886626014 298.24214811789767
    vertex 507.06410045310423 417.8617746626015 321.08614911789766
  endloop
endfacet
facet normal -0.041627694492702386 -0.9964878975139015 -0.07265676265528413
  outer loop
    vertex 507.06410045310423 417.8617746626015 321.08614911789766
    vertex 509.49609145310427 419.42580066260143 298.2421481178977
    vertex 514.7320994531043 417.5437816626014 321.0541501178977
  endloop
endfacet
facet normal 0.20286394184539655 -0.9775397034734524 -0.05711697849135935
  outer loop
    vertex 503.5800914531043 417.67378666260134 321.08614911789766
    vertex 498.1120884531042 417.8737986626015 298.24214811789767
    vertex 503.69209045310424 419.0317886626014 298.24214811789767
  endloop
endfacet
facet normal -0.3477896919945911 -0.9348997289035478 -0.07074480220044857
  outer loop
    vertex 524.6060924531042 414.76979466260127 321.0861491178977
    vertex 519.7620984531043 416.57179666260134 321.08614911789766
    vertex 520.8820934531043 417.8837786626014 298.24214811789767
  endloop
endfacet
facet normal 0.06760432040455987 -0.9958466829242435 -0.06098393207574544
  outer loop
    vertex 507.06410045310423 417.8617746626015 321.08614911789766
    vertex 503.69209045310424 419.0317886626014 298.24214811789767
    vertex 509.49609145310427 419.42580066260143 298.2421481178977
  endloop
endfacet
facet normal -0.06655231532237091 -0.9955404759879651 -0.06685768463600582
  outer loop
    vertex 514.7320994531043 417.5437816626014 321.0541501178977
    vertex 509.49609145310427 419.42580066260143 298.2421481178977
    vertex 515.3000924531042 419.03780066260134 298.2421481178977
  endloop
endfacet
facet normal -0.4871260318266716 -0.8697288591366875 -0.0792460768845811
  outer loop
    vertex 528.8500954531042 412.34578366260126 321.0861491178977
    vertex 526.0281044531042 416.00780166260137 298.24214811789767
    vertex 530.5380994531042 413.4818006626014 298.2421481178977
  endloop
endfacet
facet normal 0.9508360170255924 -9.460942032829105e-17 -0.30969479932169935
  outer loop
    vertex 547.3020914531043 407.76579766260124 319.08014911789763
    vertex 547.3020914531043 406.6357926626014 319.08014911789775
    vertex 539.7841014531042 407.2417796626013 295.99814811789776
  endloop
endfacet
facet normal 0.9697706662218203 -1.1136727509240733e-17 -0.24401814468536379
  outer loop
    vertex 547.3020914531043 397.36778666260136 319.08014911789763
    vertex 547.3020914531043 396.1917916626013 319.08014911789763
    vertex 541.4940924531043 396.7617996626014 295.99814811789764
  endloop
endfacet
facet normal 0.7968274914073384 -0.5514134224669601 -0.24700037745064707
  outer loop
    vertex 546.1920904531042 389.4657786626012 319.08014911789763
    vertex 537.8621044531042 387.76778066260135 295.99814811789776
    vertex 538.5901014531042 388.8197826626014 295.99814811789764
  endloop
endfacet
facet normal -0.0003904904466239758 -0.0013331897110628649 0.9999990350607372
  outer loop
    vertex 515.1800974531043 419.76378266260133 323.6661491178977
    vertex 513.5000894531042 422.4518016626014 323.67014911789767
    vertex 513.1780984531042 422.48378466260147 323.67014911789767
  endloop
endfacet
facet normal -0.0003904904466239758 -0.0013331897110628649 0.9999990350607372
  outer loop
    vertex 513.5000894531042 422.4518016626014 323.67014911789767
    vertex 515.1800974531043 419.76378266260133 323.6661491178977
    vertex 513.5361004531043 422.4477736626014 323.67014911789767
  endloop
endfacet
facet normal -0.0003904904466239758 -0.0013331897110628649 0.9999990350607372
  outer loop
    vertex 513.5361004531043 422.4477736626014 323.67014911789767
    vertex 515.1800974531043 419.76378266260133 323.6661491178977
    vertex 514.8020914531043 422.3398026626014 323.67014911789767
  endloop
endfacet
facet normal -0.0003904904466239758 -0.0013331897110628649 0.9999990350607372
  outer loop
    vertex 514.8020914531043 422.3398026626014 323.67014911789767
    vertex 515.1800974531043 419.76378266260133 323.6661491178977
    vertex 514.8520944531042 422.3337906626013 323.67014911789767
  endloop
endfacet
facet normal -0.0003904904466239758 -0.0013331897110628649 0.9999990350607372
  outer loop
    vertex 514.8520944531042 422.3337906626013 323.67014911789767
    vertex 515.1800974531043 419.76378266260133 323.6661491178977
    vertex 516.0820904531043 422.1477856626013 323.67014911789767
  endloop
endfacet
facet normal -0.0003904904466239758 -0.0013331897110628649 0.9999990350607372
  outer loop
    vertex 516.0820904531043 422.1477856626013 323.67014911789767
    vertex 515.1800974531043 419.76378266260133 323.6661491178977
    vertex 520.9640934531043 418.53380266260143 323.66614911789776
  endloop
endfacet
facet normal -0.0003904904466239758 -0.0013331897110628649 0.9999990350607372
  outer loop
    vertex 516.0820904531043 422.1477856626013 323.67014911789767
    vertex 520.9640934531043 418.53380266260143 323.66614911789776
    vertex 517.3121014531042 421.9577836626014 323.67014911789767
  endloop
endfacet
facet normal -0.0003904904466239758 -0.0013331897110628649 0.9999990350607372
  outer loop
    vertex 517.3121014531042 421.9577836626014 323.67014911789767
    vertex 520.9640934531043 418.53380266260143 323.66614911789776
    vertex 517.3621044531043 421.9497876626014 323.67014911789767
  endloop
endfacet
facet normal -0.0003904904466239758 -0.0013331897110628649 0.9999990350607372
  outer loop
    vertex 517.3621044531043 421.9497876626014 323.67014911789767
    vertex 520.9640934531043 418.53380266260143 323.66614911789776
    vertex 518.6840954531043 421.6697886626013 323.67014911789767
  endloop
endfacet
facet normal -0.0003904904466239758 -0.0013331897110628649 0.9999990350607372
  outer loop
    vertex 518.6840954531043 421.6697886626013 323.67014911789767
    vertex 520.9640934531043 418.53380266260143 323.66614911789776
    vertex 518.9060954531043 421.62578266260147 323.67014911789767
  endloop
endfacet
facet normal -0.0003904904466239758 -0.0013331897110628649 0.9999990350607372
  outer loop
    vertex 518.9060954531043 421.62578266260147 323.67014911789767
    vertex 520.9640934531043 418.53380266260143 323.66614911789776
    vertex 519.6681034531043 421.45180166260127 323.67014911789767
  endloop
endfacet
facet normal -0.0003904904466239758 -0.0013331897110628649 0.9999990350607372
  outer loop
    vertex 519.6681034531043 421.45180166260127 323.67014911789767
    vertex 520.9640934531043 418.53380266260143 323.66614911789776
    vertex 520.3580914531042 421.2977796626013 323.67014911789767
  endloop
endfacet
facet normal -0.0003904904466239758 -0.0013331897110628649 0.9999990350607372
  outer loop
    vertex 520.3580914531042 421.2977796626013 323.67014911789767
    vertex 520.9640934531043 418.53380266260143 323.66614911789776
    vertex 522.0881024531043 420.8677866626014 323.67014911789767
  endloop
endfacet
facet normal -0.0003904904466239758 -0.0013331897110628649 0.9999990350607372
  outer loop
    vertex 522.0881024531043 420.8677866626014 323.67014911789767
    vertex 520.9640934531043 418.53380266260143 323.66614911789776
    vertex 526.2940954531042 416.53780066260134 323.66614911789765
  endloop
endfacet
facet normal -0.0003904904466239758 -0.0013331897110628649 0.9999990350607372
  outer loop
    vertex 522.0881024531043 420.8677866626014 323.67014911789767
    vertex 526.2940954531042 416.53780066260134 323.66614911789765
    vertex 523.7620984531043 420.30778966260146 323.6701491178977
  endloop
endfacet
facet normal -0.0003904904466239758 -0.0013331897110628649 0.9999990350607372
  outer loop
    vertex 523.7620984531043 420.30778966260146 323.6701491178977
    vertex 526.2940954531042 416.53780066260134 323.66614911789765
    vertex 524.3880894531043 420.07378066260134 323.6701491178977
  endloop
endfacet
facet normal -0.0003904904466239758 -0.0013331897110628649 0.9999990350607372
  outer loop
    vertex 524.3880894531043 420.07378066260134 323.6701491178977
    vertex 526.2940954531042 416.53780066260134 323.66614911789765
    vertex 525.1620914531042 419.7937816626014 323.6701491178977
  endloop
endfacet
facet normal -0.0003904904466239758 -0.0013331897110628649 0.9999990350607372
  outer loop
    vertex 525.1620914531042 419.7937816626014 323.6701491178977
    vertex 526.2940954531042 416.53780066260134 323.66614911789765
    vertex 526.4920934531042 419.2777906626014 323.6701491178977
  endloop
endfacet
facet normal -0.0003904904466239758 -0.0013331897110628649 0.9999990350607372
  outer loop
    vertex 526.4920934531042 419.2777906626014 323.6701491178977
    vertex 526.2940954531042 416.53780066260134 323.66614911789765
    vertex 531.4920934531042 416.74779166260123 323.67014911789767
  endloop
endfacet
facet normal -0.0003904904466239758 -0.0013331897110628649 0.9999990350607372
  outer loop
    vertex 526.4920934531042 419.2777906626014 323.6701491178977
    vertex 531.4920934531042 416.74779166260123 323.67014911789767
    vertex 530.6760994531043 417.1817826626013 323.67014911789767
  endloop
endfacet
facet normal 0.0 0.0 1.0
  outer loop
    vertex 530.6760994531043 417.1817826626013 323.67014911789767
    vertex 527.9380924531042 418.65578166260116 323.6701491178977
    vertex 526.4920934531042 419.2777906626014 323.6701491178977
  endloop
endfacet
facet normal 0.0 0.0 1.0
  outer loop
    vertex 527.9380924531042 418.65578166260116 323.6701491178977
    vertex 530.6760994531043 417.1817826626013 323.67014911789767
    vertex 529.3160984531042 417.9258006626014 323.67014911789767
  endloop
endfacet
facet normal 0.8647900385759797 -0.05734884649006146 0.49884797181708085
  outer loop
    vertex 537.6640904531042 390.1237986626013 323.66614911789765
    vertex 537.3341044531043 385.1477856626012 323.66614911789765
    vertex 540.2960944531043 389.92177266260126 319.08014911789763
  endloop
endfacet
facet normal 0.9440142691013464 0.013673620908276653 -0.32962113376467145
  outer loop
    vertex 547.2861004531043 408.86980166260116 319.08014911789763
    vertex 547.3020914531043 407.76579766260124 319.08014911789763
    vertex 539.2340984531043 408.34978166260146 295.99814811789764
  endloop
endfacet
facet normal 0.6595478258639913 -0.7510164272216965 -0.031160735569627455
  outer loop
    vertex 537.3341044531043 385.1477856626012 323.66614911789765
    vertex 535.7221044531043 383.9517716626013 318.37214911789766
    vertex 536.3440984531043 384.5677996626017 316.69014911789765
  endloop
endfacet
facet normal 0.03044254102717973 -0.0028985225315490463 0.9995323157672005
  outer loop
    vertex 535.3800944531042 383.47777266260135 323.6401501178977
    vertex 534.8160984531042 386.5197946626014 323.66614911789776
    vertex 534.3121014531042 382.60579366260146 323.67014911789767
  endloop
endfacet
facet normal 0.7842846580529832 0.5437746700044047 -0.2986748790981858
  outer loop
    vertex 537.8500954531042 410.4737746626014 295.99814811789764
    vertex 547.2420934531042 409.6057936626013 319.08014911789763
    vertex 538.5780924531042 409.42378666260123 295.99814811789764
  endloop
endfacet
facet normal 0.903439053516237 0.2346774051566913 -0.3587818168338638
  outer loop
    vertex 537.8500954531042 410.4737746626014 295.99814811789764
    vertex 547.0561044531042 410.3217966626013 319.08014911789763
    vertex 547.2420934531042 409.6057936626013 319.08014911789763
  endloop
endfacet
facet normal 0.8867867733013656 -0.3751146386765803 -0.26999671581019447
  outer loop
    vertex 540.2700934531042 392.13179466260124 295.99814811789776
    vertex 547.2960944531043 392.1277966626012 319.08014911789775
    vertex 539.7920964531043 391.0017896626013 295.99814811789764
  endloop
endfacet
facet normal 0.7520755652928656 -0.6174889138112867 -0.230412207596677
  outer loop
    vertex 546.6600934531043 390.03578666260137 319.08014911789763
    vertex 546.1920904531042 389.4657786626012 319.08014911789763
    vertex 538.5901014531042 388.8197826626014 295.99814811789764
  endloop
endfacet
facet normal 0.46796731198848884 -0.8767972572789449 -0.11060363709385078
  outer loop
    vertex 544.9700904531041 388.64979966260125 319.0801491178977
    vertex 537.8621044531042 387.76778066260135 295.99814811789776
    vertex 545.6220984531043 388.99779166260123 319.08014911789763
  endloop
endfacet
facet normal -0.00035648100343476367 0.0009944932688008283 0.9999994419520607
  outer loop
    vertex 513.4320964531042 374.76378266260144 323.6701491178977
    vertex 515.2021004531042 377.3057756626014 323.66614911789765
    vertex 513.2021004531043 374.7417796626013 323.6701491178978
  endloop
endfacet
facet normal -0.00035648100343476367 0.0009944932688008283 0.9999994419520607
  outer loop
    vertex 515.2021004531042 377.3057756626014 323.66614911789765
    vertex 513.4320964531042 374.76378266260144 323.6701491178977
    vertex 513.5061014531042 374.77177866260143 323.6701491178977
  endloop
endfacet
facet normal -0.00035648100343476367 0.0009944932688008283 0.9999994419520607
  outer loop
    vertex 515.2021004531042 377.3057756626014 323.66614911789765
    vertex 513.5061014531042 374.77177866260143 323.6701491178977
    vertex 514.7380964531043 374.88979066260134 323.6701491178977
  endloop
endfacet
facet normal -0.00035648100343476367 0.0009944932688008283 0.9999994419520607
  outer loop
    vertex 515.2021004531042 377.3057756626014 323.66614911789765
    vertex 514.7380964531043 374.88979066260134 323.6701491178977
    vertex 514.9300974531043 374.9157916626013 323.6701491178977
  endloop
endfacet
facet normal -0.00035648100343476367 0.0009944932688008283 0.9999994419520607
  outer loop
    vertex 515.2021004531042 377.3057756626014 323.66614911789765
    vertex 514.9300974531043 374.9157916626013 323.6701491178977
    vertex 517.2001014531043 375.26378266260133 323.6701491178977
  endloop
endfacet
facet normal -0.00035648100343476367 0.0009944932688008283 0.9999994419520607
  outer loop
    vertex 515.2021004531042 377.3057756626014 323.66614911789765
    vertex 517.2001014531043 375.26378266260133 323.6701491178977
    vertex 520.9840984531043 378.53978366260145 323.66614911789765
  endloop
endfacet
facet normal -0.00035648100343476367 0.0009944932688008283 0.9999994419520607
  outer loop
    vertex 520.9840984531043 378.53978366260145 323.66614911789765
    vertex 517.2001014531043 375.26378266260133 323.6701491178977
    vertex 517.5780924531042 375.3257946626013 323.6701491178977
  endloop
endfacet
facet normal -0.00035648100343476367 0.0009944932688008283 0.9999994419520607
  outer loop
    vertex 520.9840984531043 378.53978366260145 323.66614911789765
    vertex 517.5780924531042 375.3257946626013 323.6701491178977
    vertex 518.930097453104 375.6037796626013 323.6701491178977
  endloop
endfacet
facet normal -0.00035648100343476367 0.0009944932688008283 0.9999994419520607
  outer loop
    vertex 520.9840984531043 378.53978366260145 323.66614911789765
    vertex 518.930097453104 375.6037796626013 323.6701491178977
    vertex 519.6920904531041 375.7857866626013 323.6701491178977
  endloop
endfacet
facet normal -0.00035648100343476367 0.0009944932688008283 0.9999994419520607
  outer loop
    vertex 520.9840984531043 378.53978366260145 323.66614911789765
    vertex 519.6920904531041 375.7857866626013 323.6701491178977
    vertex 520.3820934531042 375.95177166260135 323.6701491178977
  endloop
endfacet
facet normal -0.00035648100343476367 0.0009944932688008283 0.9999994419520607
  outer loop
    vertex 520.9840984531043 378.53978366260145 323.66614911789765
    vertex 520.3820934531042 375.95177166260135 323.6701491178977
    vertex 522.1100904531042 376.42378666260134 323.6701491178977
  endloop
endfacet
facet normal -0.00035648100343476367 0.0009944932688008283 0.9999994419520607
  outer loop
    vertex 520.9840984531043 378.53978366260145 323.66614911789765
    vertex 522.1100904531042 376.42378666260134 323.6701491178977
    vertex 526.3141004531042 380.5417986626014 323.66614911789776
  endloop
endfacet
facet normal -0.00035648100343476367 0.0009944932688008283 0.9999994419520607
  outer loop
    vertex 526.3141004531042 380.5417986626014 323.66614911789776
    vertex 522.1100904531042 376.42378666260134 323.6701491178977
    vertex 523.7841014531043 376.9737746626012 323.67014911789767
  endloop
endfacet
facet normal -0.00035648100343476367 0.0009944932688008283 0.9999994419520607
  outer loop
    vertex 526.3141004531042 380.5417986626014 323.66614911789776
    vertex 523.7841014531043 376.9737746626012 323.67014911789767
    vertex 524.4100934531043 377.2017716626014 323.67014911789767
  endloop
endfacet
facet normal -0.00035648100343476367 0.0009944932688008283 0.9999994419520607
  outer loop
    vertex 526.3141004531042 380.5417986626014 323.66614911789776
    vertex 524.4100934531043 377.2017716626014 323.67014911789767
    vertex 525.1840954531043 377.4857986626013 323.67014911789767
  endloop
endfacet
facet normal -0.00035648100343476367 0.0009944932688008283 0.9999994419520607
  outer loop
    vertex 526.3141004531042 380.5417986626014 323.66614911789776
    vertex 525.1840954531043 377.4857986626013 323.67014911789767
    vertex 526.5140964531042 378.02177866260143 323.67014911789767
  endloop
endfacet
facet normal -0.00035648100343476367 0.0009944932688008283 0.9999994419520607
  outer loop
    vertex 526.3141004531042 380.5417986626014 323.66614911789776
    vertex 526.5140964531042 378.02177866260143 323.67014911789767
    vertex 530.9840984531043 383.2377816626014 323.66614911789765
  endloop
endfacet
facet normal -0.00035648100343476367 0.0009944932688008283 0.9999994419520607
  outer loop
    vertex 530.9840984531043 383.2377816626014 323.66614911789765
    vertex 526.5140964531042 378.02177866260143 323.67014911789767
    vertex 527.9560984531041 378.66777466260146 323.67014911789767
  endloop
endfacet
facet normal -0.00035648100343476367 0.0009944932688008283 0.9999994419520607
  outer loop
    vertex 530.9840984531043 383.2377816626014 323.66614911789765
    vertex 527.9560984531041 378.66777466260146 323.67014911789767
    vertex 529.3280924531042 379.3757826626013 323.67014911789767
  endloop
endfacet
facet normal -0.00035648100343476367 0.0009944932688008283 0.9999994419520607
  outer loop
    vertex 530.9840984531043 383.2377816626014 323.66614911789765
    vertex 529.3280924531042 379.3757826626013 323.67014911789767
    vertex 530.5240914531042 380.0437816626015 323.6701491178977
  endloop
endfacet
facet normal -0.00035648100343476367 0.0009944932688008283 0.9999994419520607
  outer loop
    vertex 530.9840984531043 383.2377816626014 323.66614911789765
    vertex 530.5240914531042 380.0437816626015 323.6701491178977
    vertex 531.1860944531043 380.44377566260135 323.6701491178977
  endloop
endfacet
facet normal -0.00035648100343476367 0.0009944932688008283 0.9999994419520607
  outer loop
    vertex 530.9840984531043 383.2377816626014 323.66614911789765
    vertex 531.1860944531043 380.44377566260135 323.6701491178977
    vertex 534.8160984531042 386.5197946626014 323.66614911789776
  endloop
endfacet
facet normal -0.00035648100343476367 0.0009944932688008283 0.9999994419520607
  outer loop
    vertex 534.8160984531042 386.5197946626014 323.66614911789776
    vertex 531.1860944531043 380.44377566260135 323.6701491178977
    vertex 531.7200904531043 380.76979466260127 323.6701491178977
  endloop
endfacet
facet normal -0.00035648100343476367 0.0009944932688008283 0.9999994419520607
  outer loop
    vertex 534.8160984531042 386.5197946626014 323.66614911789776
    vertex 531.7200904531043 380.76979466260127 323.6701491178977
    vertex 533.0700964531042 381.6597796626013 323.6701491178977
  endloop
endfacet
facet normal -0.00035648100343476367 0.0009944932688008283 0.9999994419520607
  outer loop
    vertex 534.8160984531042 386.5197946626014 323.66614911789776
    vertex 533.0700964531042 381.6597796626013 323.6701491178977
    vertex 534.3121014531042 382.60579366260146 323.67014911789767
  endloop
endfacet
facet normal 0.9214938952619488 0.29217684069611255 -0.2558939130886062
  outer loop
    vertex 540.7021004531042 404.9757886626014 295.99814811789776
    vertex 547.3020914531043 404.37578266260124 319.08014911789775
    vertex 541.0660984531041 403.82777866260125 295.99814811789764
  endloop
endfacet
facet normal 0.680344927897446 -0.7320224774516706 -0.03569133774093634
  outer loop
    vertex 537.3341044531043 385.1477856626012 323.66614911789765
    vertex 536.3440984531043 384.5677996626017 316.69014911789765
    vertex 536.2120954531042 384.67778466260165 311.91814911789766
  endloop
endfacet
facet normal 0.9593852927732537 -0.14007651231957996 -0.24486410661173041
  outer loop
    vertex 541.4940924531043 396.7617996626014 295.99814811789764
    vertex 547.3020914531043 396.1917916626013 319.08014911789763
    vertex 541.3220954531042 395.5837906626014 295.99814811789764
  endloop
endfacet
facet normal 0.8843898145461424 0.37476899456874085 -0.278213688802286
  outer loop
    vertex 539.7841014531042 407.2417796626013 295.99814811789776
    vertex 547.3020914531043 406.6357926626014 319.08014911789775
    vertex 540.2620984531042 406.11378966260133 295.99814811789776
  endloop
endfacet
facet normal 0.7289462033083678 0.6845017568607907 0.009735375534955158
  outer loop
    vertex 533.8320904531042 414.9157916626014 311.24214811789767
    vertex 537.0480934531042 411.7077836626014 295.9981481178977
    vertex 534.7841014531043 414.0397836626013 301.55214811789773
  endloop
endfacet
facet normal -0.9929828594247232 0.11825836498404863 0.0
  outer loop
    vertex 517.6360914531042 417.97578866260153 330.71615011789766
    vertex 517.4040964531043 416.02779066260155 327.6161501178977
    vertex 517.4040964531043 416.02779066260155 330.71615011789766
  endloop
endfacet
facet normal -0.9929828594247232 0.11825836498404863 0.0
  outer loop
    vertex 517.4040964531043 416.02779066260155 327.6161501178977
    vertex 517.6360914531042 417.97578866260153 330.71615011789766
    vertex 517.6360914531042 417.97578866260153 327.6161501178977
  endloop
endfacet
facet normal 0.760936223893005 0.5746033796012306 -0.30134203045426416
  outer loop
    vertex 537.0480934531042 411.7077836626014 295.9981481178977
    vertex 546.2900974531043 411.5737806626013 319.08014911789775
    vertex 546.7340984531043 410.98579866260127 319.08014911789775
  endloop
endfacet
facet normal 0.37469462035596274 -0.4681485802951616 0.8002754827207478
  outer loop
    vertex 520.0200934531043 417.44578966260156 332.11215011789767
    vertex 514.7400944531042 416.36177466260165 333.9501511178977
    vertex 518.9980904531042 415.8277786626016 331.64414811789766
  endloop
endfacet
facet normal 0.7992408463933679 -0.5700200478887583 -0.1905025313776978
  outer loop
    vertex 543.7281014531043 388.2757766626013 319.0801491178977
    vertex 536.3720984531043 385.6758006626013 295.99814811789776
    vertex 537.1181004531043 386.72179066260145 295.99814811789776
  endloop
endfacet
facet normal 0.33530975944768354 -0.03706646807320953 0.9413784797644965
  outer loop
    vertex 520.0200934531043 417.44578966260156 332.11215011789767
    vertex 514.9560984531042 418.3157846626016 333.95015111789763
    vertex 514.7400944531042 416.36177466260165 333.9501511178977
  endloop
endfacet
facet normal 0.92145869973698 -0.2921733164226292 -0.2560246430514771
  outer loop
    vertex 541.0720954531043 394.4177746626013 295.99814811789776
    vertex 547.3020914531043 393.8397716626014 319.08014911789775
    vertex 540.7080974531043 393.2697946626013 295.99814811789776
  endloop
endfacet
facet normal -0.016254621086542125 -0.011558551973663076 0.9998010737989859
  outer loop
    vertex 536.5341014531042 384.4497876626013 323.67014911789767
    vertex 534.8160984531042 386.5197946626014 323.66614911789776
    vertex 535.3800944531042 383.47777266260135 323.6401501178977
  endloop
endfacet
facet normal 0.9716728407225075 8.957054555614937e-17 -0.2363300459151408
  outer loop
    vertex 547.3020914531043 399.71779266260137 319.08014911789775
    vertex 547.3020914531043 398.54378166260125 319.08014911789775
    vertex 541.6880924531042 399.1237986626014 295.99814811789776
  endloop
endfacet
facet normal 0.9702955850250645 -0.04760987315665924 -0.23719143673175677
  outer loop
    vertex 541.6880924531042 399.1237986626014 295.99814811789776
    vertex 547.3020914531043 398.54378166260125 319.08014911789775
    vertex 541.6300944531042 397.94179166260125 295.99814811789764
  endloop
endfacet
facet normal 0.7943604251080157 -0.5650219731757019 -0.22302843955614507
  outer loop
    vertex 544.9700904531041 388.64979966260125 319.0801491178977
    vertex 537.1181004531043 386.72179066260145 295.99814811789776
    vertex 537.8621044531042 387.76778066260135 295.99814811789776
  endloop
endfacet
facet normal 0.9129538548155427 -0.27932397559423233 -0.29747836162597435
  outer loop
    vertex 547.2241034531042 391.3937876626012 319.08014911789763
    vertex 547.0081004531042 390.6877946626013 319.08014911789763
    vertex 539.2440924531043 389.89378766260137 295.99814811789764
  endloop
endfacet
facet normal 0.8993293890055422 0.3477208981549538 -0.265135488113588
  outer loop
    vertex 540.2620984531042 406.11378966260133 295.99814811789776
    vertex 547.3020914531043 405.5057876626013 319.08014911789775
    vertex 540.7021004531042 404.9757886626014 295.99814811789776
  endloop
endfacet
facet normal 0.8152575823506686 0.49796217482002203 -0.2956158772262692
  outer loop
    vertex 538.5780924531042 409.42378666260123 295.99814811789764
    vertex 547.2861004531043 408.86980166260116 319.08014911789763
    vertex 539.2340984531043 408.34978166260146 295.99814811789764
  endloop
endfacet
facet normal 0.8243302578655093 -0.5019572252193435 -0.2617605203568341
  outer loop
    vertex 546.6600934531043 390.03578666260137 319.08014911789763
    vertex 538.5901014531042 388.8197826626014 295.99814811789764
    vertex 539.2440924531043 389.89378766260137 295.99814811789764
  endloop
endfacet
facet normal -0.008724222201908048 -0.016718066302736072 0.9998221812932885
  outer loop
    vertex 533.2680944531043 415.58177666260127 323.66614911789765
    vertex 532.3621044531043 416.29378166260136 323.67014911789767
    vertex 531.4920934531042 416.74779166260123 323.67014911789767
  endloop
endfacet
facet normal 0.9697507887601479 1.113649923890627e-17 -0.2440971275928324
  outer loop
    vertex 547.3020914531043 402.06978266260126 319.08014911789763
    vertex 547.3020914531043 400.89378766260126 319.0801491178977
    vertex 541.4920934531042 401.48378466260135 295.99814811789764
  endloop
endfacet
facet normal 0.5809865595309602 -0.812912616587994 -0.040344707663325735
  outer loop
    vertex 540.1520974531043 387.2318006626014 319.08014911789775
    vertex 538.0361004531042 386.2457776626016 308.47614911789776
    vertex 536.3720984531043 385.6758006626013 295.99814811789776
  endloop
endfacet
facet normal 0.8575060532539093 0.42565889033393983 -0.2889599932734336
  outer loop
    vertex 539.2340984531043 408.34978166260146 295.99814811789764
    vertex 547.3020914531043 407.76579766260124 319.08014911789763
    vertex 539.7841014531042 407.2417796626013 295.99814811789776
  endloop
endfacet
facet normal 0.0 0.0 1.0
  outer loop
    vertex 543.7281014531043 388.2757766626013 319.0801491178977
    vertex 540.2960944531043 389.92177266260126 319.08014911789763
    vertex 540.1520974531043 387.2318006626014 319.08014911789775
  endloop
endfacet
facet normal 0.0 0.0 1.0
  outer loop
    vertex 540.2960944531043 389.92177266260126 319.08014911789763
    vertex 543.7281014531043 388.2757766626013 319.0801491178977
    vertex 540.2960944531043 410.5837906626015 319.08014911789763
  endloop
endfacet
facet normal 0.0 0.0 1.0
  outer loop
    vertex 547.3020914531043 393.8397716626014 319.08014911789775
    vertex 547.3020914531041 395.01579766260124 319.08014911789763
    vertex 547.2980934531042 392.9837846626013 319.08014911789775
  endloop
endfacet
facet normal 0.0 0.0 1.0
  outer loop
    vertex 540.2960944531043 410.5837906626015 319.08014911789763
    vertex 544.4040964531043 412.67979866260134 319.08014911789775
    vertex 540.1520974531043 413.7578016626013 319.08014911789775
  endloop
endfacet
facet normal 0.0 0.0 1.0
  outer loop
    vertex 544.4040964531043 412.67979866260134 319.08014911789775
    vertex 540.2960944531043 410.5837906626015 319.08014911789763
    vertex 543.7281014531043 388.2757766626013 319.0801491178977
  endloop
endfacet
facet normal 0.0 0.0 1.0
  outer loop
    vertex 544.4040964531043 412.67979866260134 319.08014911789775
    vertex 543.7281014531043 388.2757766626013 319.0801491178977
    vertex 544.2640964531042 388.43578066260136 319.0801491178977
  endloop
endfacet
facet normal 0.0 0.0 1.0
  outer loop
    vertex 544.4040964531043 412.67979866260134 319.08014911789775
    vertex 544.2640964531042 388.43578066260136 319.0801491178977
    vertex 544.9700904531041 388.64979966260125 319.0801491178977
  endloop
endfacet
facet normal 0.0 0.0 1.0
  outer loop
    vertex 544.4040964531043 412.67979866260134 319.08014911789775
    vertex 544.9700904531041 388.64979966260125 319.0801491178977
    vertex 545.1020944531042 412.4377946626012 319.0801491178977
  endloop
endfacet
facet normal 0.0 0.0 1.0
  outer loop
    vertex 545.1020944531042 412.4377946626012 319.0801491178977
    vertex 544.9700904531041 388.64979966260125 319.0801491178977
    vertex 545.6220984531043 388.99779166260123 319.08014911789763
  endloop
endfacet
facet normal 0.0 0.0 1.0
  outer loop
    vertex 545.1020944531042 412.4377946626012 319.0801491178977
    vertex 545.6220984531043 388.99779166260123 319.08014911789763
    vertex 545.7380964531043 412.06380166260124 319.08014911789775
  endloop
endfacet
facet normal 0.0 0.0 1.0
  outer loop
    vertex 545.7380964531043 412.06380166260124 319.08014911789775
    vertex 545.6220984531043 388.99779166260123 319.08014911789763
    vertex 546.1920904531042 389.4657786626012 319.08014911789763
  endloop
endfacet
facet normal 0.0 0.0 1.0
  outer loop
    vertex 545.7380964531043 412.06380166260124 319.08014911789775
    vertex 546.1920904531042 389.4657786626012 319.08014911789763
    vertex 546.2900974531043 411.5737806626013 319.08014911789775
  endloop
endfacet
facet normal 0.0 0.0 1.0
  outer loop
    vertex 546.2900974531043 411.5737806626013 319.08014911789775
    vertex 546.1920904531042 389.4657786626012 319.08014911789763
    vertex 546.6600934531043 390.03578666260137 319.08014911789763
  endloop
endfacet
facet normal 0.0 0.0 1.0
  outer loop
    vertex 546.2900974531043 411.5737806626013 319.08014911789775
    vertex 546.6600934531043 390.03578666260137 319.08014911789763
    vertex 546.7340984531043 410.98579866260127 319.08014911789775
  endloop
endfacet
facet normal 0.0 0.0 1.0
  outer loop
    vertex 546.7340984531043 410.98579866260127 319.08014911789775
    vertex 546.6600934531043 390.03578666260137 319.08014911789763
    vertex 547.0081004531042 390.6877946626013 319.08014911789763
  endloop
endfacet
facet normal 0.0 0.0 1.0
  outer loop
    vertex 546.7340984531043 410.98579866260127 319.08014911789775
    vertex 547.0081004531042 390.6877946626013 319.08014911789763
    vertex 547.0561044531042 410.3217966626013 319.08014911789763
  endloop
endfacet
facet normal 0.0 0.0 1.0
  outer loop
    vertex 547.0561044531042 410.3217966626013 319.08014911789763
    vertex 547.0081004531042 390.6877946626013 319.08014911789763
    vertex 547.2241034531042 391.3937876626012 319.08014911789763
  endloop
endfacet
facet normal 0.0 0.0 1.0
  outer loop
    vertex 547.0561044531042 410.3217966626013 319.08014911789763
    vertex 547.2241034531042 391.3937876626012 319.08014911789763
    vertex 547.2420934531042 409.6057936626013 319.08014911789763
  endloop
endfacet
facet normal 0.0 0.0 1.0
  outer loop
    vertex 547.2420934531042 409.6057936626013 319.08014911789763
    vertex 547.2241034531042 391.3937876626012 319.08014911789763
    vertex 547.2960944531043 392.1277966626012 319.08014911789775
  endloop
endfacet
facet normal 0.0 0.0 1.0
  outer loop
    vertex 547.2420934531042 409.6057936626013 319.08014911789763
    vertex 547.2960944531043 392.1277966626012 319.08014911789775
    vertex 547.2861004531043 408.86980166260116 319.08014911789763
  endloop
endfacet
facet normal 0.0 0.0 1.0
  outer loop
    vertex 547.2861004531043 408.86980166260116 319.08014911789763
    vertex 547.2960944531043 392.1277966626012 319.08014911789775
    vertex 547.3020914531043 407.76579766260124 319.08014911789763
  endloop
endfacet
facet normal 0.0 0.0 1.0
  outer loop
    vertex 547.3020914531043 407.76579766260124 319.08014911789763
    vertex 547.2960944531043 392.1277966626012 319.08014911789775
    vertex 547.2980934531042 392.9837846626013 319.08014911789775
  endloop
endfacet
facet normal 0.0 0.0 1.0
  outer loop
    vertex 547.3020914531043 407.76579766260124 319.08014911789763
    vertex 547.2980934531042 392.9837846626013 319.08014911789775
    vertex 547.3020914531041 395.01579766260124 319.08014911789763
  endloop
endfacet
facet normal 0.0 0.0 1.0
  outer loop
    vertex 547.3020914531043 407.76579766260124 319.08014911789763
    vertex 547.3020914531041 395.01579766260124 319.08014911789763
    vertex 547.3020914531043 396.1917916626013 319.08014911789763
  endloop
endfacet
facet normal 0.0 0.0 1.0
  outer loop
    vertex 547.3020914531043 407.76579766260124 319.08014911789763
    vertex 547.3020914531043 396.1917916626013 319.08014911789763
    vertex 547.3020914531043 397.36778666260136 319.08014911789763
  endloop
endfacet
facet normal 0.0 0.0 1.0
  outer loop
    vertex 547.3020914531043 407.76579766260124 319.08014911789763
    vertex 547.3020914531043 397.36778666260136 319.08014911789763
    vertex 547.3020914531043 398.54378166260125 319.08014911789775
  endloop
endfacet
facet normal 0.0 0.0 1.0
  outer loop
    vertex 547.3020914531043 407.76579766260124 319.08014911789763
    vertex 547.3020914531043 398.54378166260125 319.08014911789775
    vertex 547.3020914531043 399.71779266260137 319.08014911789775
  endloop
endfacet
facet normal 0.0 0.0 1.0
  outer loop
    vertex 547.3020914531043 407.76579766260124 319.08014911789763
    vertex 547.3020914531043 399.71779266260137 319.08014911789775
    vertex 547.3020914531043 400.89378766260126 319.0801491178977
  endloop
endfacet
facet normal 0.0 0.0 1.0
  outer loop
    vertex 547.3020914531043 407.76579766260124 319.08014911789763
    vertex 547.3020914531043 400.89378766260126 319.0801491178977
    vertex 547.3020914531043 402.06978266260126 319.08014911789763
  endloop
endfacet
facet normal 0.0 0.0 1.0
  outer loop
    vertex 547.3020914531043 407.76579766260124 319.08014911789763
    vertex 547.3020914531043 402.06978266260126 319.08014911789763
    vertex 547.3020914531043 403.2457776626013 319.08014911789763
  endloop
endfacet
facet normal 0.0 0.0 1.0
  outer loop
    vertex 547.3020914531043 407.76579766260124 319.08014911789763
    vertex 547.3020914531043 403.2457776626013 319.08014911789763
    vertex 547.3020914531043 404.37578266260124 319.08014911789775
  endloop
endfacet
facet normal 0.0 0.0 1.0
  outer loop
    vertex 547.3020914531043 407.76579766260124 319.08014911789763
    vertex 547.3020914531043 404.37578266260124 319.08014911789775
    vertex 547.3020914531043 405.5057876626013 319.08014911789775
  endloop
endfacet
facet normal 0.0 0.0 1.0
  outer loop
    vertex 547.3020914531043 407.76579766260124 319.08014911789763
    vertex 547.3020914531043 405.5057876626013 319.08014911789775
    vertex 547.3020914531043 406.6357926626014 319.08014911789775
  endloop
endfacet
facet normal 0.9711097756745088 -4.460842271248071e-17 -0.23863319884166445
  outer loop
    vertex 547.3020914531043 398.54378166260125 319.08014911789775
    vertex 547.3020914531043 397.36778666260136 319.08014911789763
    vertex 541.6300944531042 397.94179166260125 295.99814811789764
  endloop
endfacet
facet normal 0.2860012348404806 -0.9580712473959123 -0.017400533984944136
  outer loop
    vertex 543.7281014531043 388.2757766626013 319.0801491178977
    vertex 537.1181004531043 386.72179066260145 295.99814811789776
    vertex 544.2640964531042 388.43578066260136 319.0801491178977
  endloop
endfacet
facet normal 0.28019155430321807 -0.959759725275784 0.018813894750913593
  outer loop
    vertex 540.1520974531043 387.2318006626014 319.08014911789775
    vertex 536.3720984531043 385.6758006626013 295.99814811789776
    vertex 543.7281014531043 388.2757766626013 319.0801491178977
  endloop
endfacet
facet normal 0.6253619667842636 -0.7616692732303799 -0.1696535549772618
  outer loop
    vertex 545.6220984531043 388.99779166260123 319.08014911789763
    vertex 537.8621044531042 387.76778066260135 295.99814811789776
    vertex 546.1920904531042 389.4657786626012 319.08014911789763
  endloop
endfacet
facet normal 0.0006448345883375555 0.0004109168179362103 0.9999997076678186
  outer loop
    vertex 478.6300944531042 388.33379066260125 323.67014911789767
    vertex 478.3460974531042 398.5137826626013 323.66614911789765
    vertex 477.83608745310426 389.57979266260133 323.6701491178977
  endloop
endfacet
facet normal 0.00348359050725075 0.0004901088824031291 0.9999938121760861
  outer loop
    vertex 478.9400914531043 394.29179866260137 323.66614911789765
    vertex 478.3460974531042 398.5137826626013 323.66614911789765
    vertex 478.6300944531042 388.33379066260125 323.67014911789767
  endloop
endfacet
facet normal 0.00016671346531715083 0.0004123315826076267 0.9999999010946383
  outer loop
    vertex 479.3381024531043 387.3457836626013 323.67014911789767
    vertex 478.9400914531043 394.29179866260137 323.66614911789765
    vertex 478.6300944531042 388.33379066260125 323.67014911789767
  endloop
endfacet
facet normal 0.00016671346531715083 0.0004123315826076267 0.9999999010946383
  outer loop
    vertex 478.9400914531043 394.29179866260137 323.66614911789765
    vertex 479.3381024531043 387.3457836626013 323.67014911789767
    vertex 480.6980874531043 390.2318006626013 323.6661491178977
  endloop
endfacet
facet normal 0.00016671346531715083 0.0004123315826076267 0.9999999010946383
  outer loop
    vertex 480.6980874531043 390.2318006626013 323.6661491178977
    vertex 479.3381024531043 387.3457836626013 323.67014911789767
    vertex 479.7120954531042 386.86980166260133 323.67014911789767
  endloop
endfacet
facet normal 0.00016671346531715083 0.0004123315826076267 0.9999999010946383
  outer loop
    vertex 480.6980874531043 390.2318006626013 323.6661491178977
    vertex 479.7120954531042 386.86980166260133 323.67014911789767
    vertex 480.1040934531043 386.37379866260125 323.67014911789767
  endloop
endfacet
facet normal 0.00016671346531715083 0.0004123315826076267 0.9999999010946383
  outer loop
    vertex 480.6980874531043 390.2318006626013 323.6661491178977
    vertex 480.1040934531043 386.37379866260125 323.67014911789767
    vertex 481.0660984531043 385.27577666260123 323.67014911789767
  endloop
endfacet
facet normal 0.00016671346531715083 0.0004123315826076267 0.9999999010946383
  outer loop
    vertex 480.6980874531043 390.2318006626013 323.6661491178977
    vertex 481.0660984531043 385.27577666260123 323.67014911789767
    vertex 483.54809345310423 386.49177966260135 323.66614911789765
  endloop
endfacet
facet normal 0.00016671346531715083 0.0004123315826076267 0.9999999010946383
  outer loop
    vertex 483.54809345310423 386.49177966260135 323.66614911789765
    vertex 481.0660984531043 385.27577666260123 323.67014911789767
    vertex 482.1520974531043 384.21779266260125 323.6701491178977
  endloop
endfacet
facet normal 0.00016671346531715083 0.0004123315826076267 0.9999999010946383
  outer loop
    vertex 483.54809345310423 386.49177966260135 323.66614911789765
    vertex 482.1520974531043 384.21779266260125 323.6701491178977
    vertex 482.5881024531043 383.8237806626013 323.6701491178977
  endloop
endfacet
facet normal 0.00016671346531715083 0.0004123315826076267 0.9999999010946383
  outer loop
    vertex 483.54809345310423 386.49177966260135 323.66614911789765
    vertex 482.5881024531043 383.8237806626013 323.6701491178977
    vertex 483.1280954531042 383.33977166260127 323.6701491178977
  endloop
endfacet
facet normal 0.00016671346531715083 0.0004123315826076267 0.9999999010946383
  outer loop
    vertex 483.54809345310423 386.49177966260135 323.66614911789765
    vertex 483.1280954531042 383.33977166260127 323.6701491178977
    vertex 484.1161024531043 382.5217786626013 323.6701491178977
  endloop
endfacet
facet normal 0.00016671346531715083 0.0004123315826076267 0.9999999010946383
  outer loop
    vertex 483.54809345310423 386.49177966260135 323.66614911789765
    vertex 484.1161024531043 382.5217786626013 323.6701491178977
    vertex 487.38409245310424 383.2137956626011 323.6661491178977
  endloop
endfacet
facet normal 0.00016671346531715083 0.0004123315826076267 0.9999999010946383
  outer loop
    vertex 487.38409245310424 383.2137956626011 323.6661491178977
    vertex 484.1161024531043 382.5217786626013 323.6701491178977
    vertex 485.26609545310424 381.63579266260126 323.6701491178978
  endloop
endfacet
facet normal 0.00016671346531715083 0.0004123315826076267 0.9999999010946383
  outer loop
    vertex 487.38409245310424 383.2137956626011 323.6661491178977
    vertex 485.26609545310424 381.63579266260126 323.6701491178978
    vertex 486.51209845310433 380.8017776626011 323.67014911789767
  endloop
endfacet
facet normal 0.00016671346531715083 0.0004123315826076267 0.9999999010946383
  outer loop
    vertex 487.38409245310424 383.2137956626011 323.6661491178977
    vertex 486.51209845310433 380.8017776626011 323.67014911789767
    vertex 487.6721014531042 380.09178566260135 323.67014911789767
  endloop
endfacet
facet normal 0.00016671346531715083 0.0004123315826076267 0.9999999010946383
  outer loop
    vertex 487.38409245310424 383.2137956626011 323.6661491178977
    vertex 487.6721014531042 380.09178566260135 323.67014911789767
    vertex 492.0580884531041 380.5237926626013 323.66614911789765
  endloop
endfacet
facet normal 0.00016671346531715083 0.0004123315826076267 0.9999999010946383
  outer loop
    vertex 492.0580884531041 380.5237926626013 323.66614911789765
    vertex 487.6721014531042 380.09178566260135 323.67014911789767
    vertex 488.3540934531042 379.7097976626014 323.67014911789767
  endloop
endfacet
facet normal 0.00016671346531715083 0.0004123315826076267 0.9999999010946383
  outer loop
    vertex 492.0580884531041 380.5237926626013 323.66614911789765
    vertex 488.3540934531042 379.7097976626014 323.67014911789767
    vertex 488.9040964531043 379.40379766260133 323.67014911789767
  endloop
endfacet
facet normal 0.00016671346531715083 0.0004123315826076267 0.9999999010946383
  outer loop
    vertex 492.0580884531041 380.5237926626013 323.66614911789765
    vertex 488.9040964531043 379.40379766260133 323.67014911789767
    vertex 490.3961004531043 378.64778566260105 323.67014911789767
  endloop
endfacet
facet normal 0.00016671346531715083 0.0004123315826076267 0.9999999010946383
  outer loop
    vertex 492.0580884531041 380.5237926626013 323.66614911789765
    vertex 490.3961004531043 378.64778566260105 323.67014911789767
    vertex 491.97009045310415 377.9617806626013 323.6701491178977
  endloop
endfacet
facet normal 0.00016671346531715083 0.0004123315826076267 0.9999999010946383
  outer loop
    vertex 492.0580884531041 380.5237926626013 323.66614911789765
    vertex 491.97009045310415 377.9617806626013 323.6701491178977
    vertex 492.5840894531041 377.71779266260114 323.6701491178977
  endloop
endfacet
facet normal 0.00016671346531715083 0.0004123315826076267 0.9999999010946383
  outer loop
    vertex 492.0580884531041 380.5237926626013 323.66614911789765
    vertex 492.5840894531041 377.71779266260114 323.6701491178977
    vertex 497.38808945310416 378.52779066260126 323.66614911789765
  endloop
endfacet
facet normal 0.00016671346531715083 0.0004123315826076267 0.9999999010946383
  outer loop
    vertex 497.38808945310416 378.52779066260126 323.66614911789765
    vertex 492.5840894531041 377.71779266260114 323.6701491178977
    vertex 493.34409845310427 377.4177746626012 323.6701491178977
  endloop
endfacet
facet normal 0.00016671346531715083 0.0004123315826076267 0.9999999010946383
  outer loop
    vertex 497.38808945310416 378.52779066260126 323.66614911789765
    vertex 493.34409845310427 377.4177746626012 323.6701491178977
    vertex 494.6981024531041 376.9297986626012 323.6701491178977
  endloop
endfacet
facet normal 0.00016671346531715083 0.0004123315826076267 0.9999999010946383
  outer loop
    vertex 497.38808945310416 378.52779066260126 323.66614911789765
    vertex 494.6981024531041 376.9297986626012 323.6701491178977
    vertex 496.2380964531042 376.4297986626013 323.6701491178977
  endloop
endfacet
facet normal 0.00016671346531715083 0.0004123315826076267 0.9999999010946383
  outer loop
    vertex 497.38808945310416 378.52779066260126 323.66614911789765
    vertex 496.2380964531042 376.4297986626013 323.6701491178977
    vertex 497.8280924531043 376.0017896626013 323.6701491178977
  endloop
endfacet
facet normal 0.00016671346531715083 0.0004123315826076267 0.9999999010946383
  outer loop
    vertex 497.38808945310416 378.52779066260126 323.66614911789765
    vertex 497.8280924531043 376.0017896626013 323.6701491178977
    vertex 503.17210145310423 377.2997936626015 323.6661491178977
  endloop
endfacet
facet normal 0.00016671346531715083 0.0004123315826076267 0.9999999010946383
  outer loop
    vertex 503.17210145310423 377.2997936626015 323.6661491178977
    vertex 497.8280924531043 376.0017896626013 323.6701491178977
    vertex 499.27808945310414 375.6617936626013 323.6701491178977
  endloop
endfacet
facet normal 0.00016671346531715083 0.0004123315826076267 0.9999999010946383
  outer loop
    vertex 503.17210145310423 377.2997936626015 323.6661491178977
    vertex 499.27808945310414 375.6617936626013 323.6701491178977
    vertex 500.1141034531042 375.49379366260143 323.6701491178977
  endloop
endfacet
facet normal 0.00016671346531715083 0.0004123315826076267 0.9999999010946383
  outer loop
    vertex 503.17210145310423 377.2997936626015 323.6661491178977
    vertex 500.1141034531042 375.49379366260143 323.6701491178977
    vertex 500.7900974531043 375.3597916626015 323.6701491178977
  endloop
endfacet
facet normal 0.00016671346531715083 0.0004123315826076267 0.9999999010946383
  outer loop
    vertex 503.17210145310423 377.2997936626015 323.6661491178977
    vertex 500.7900974531043 375.3597916626015 323.6701491178977
    vertex 502.5820904531043 375.06377066260137 323.6701491178978
  endloop
endfacet
facet normal 0.00016671346531715083 0.0004123315826076267 0.9999999010946383
  outer loop
    vertex 503.17210145310423 377.2997936626015 323.6661491178977
    vertex 502.5820904531043 375.06377066260137 323.6701491178978
    vertex 504.4040964531042 374.8557936626014 323.6701491178978
  endloop
endfacet
facet normal 0.00016671346531715083 0.0004123315826076267 0.9999999010946383
  outer loop
    vertex 503.17210145310423 377.2997936626015 323.6661491178977
    vertex 504.4040964531042 374.8557936626014 323.6701491178978
    vertex 509.1880924531043 376.88579266260143 323.6661491178977
  endloop
endfacet
facet normal 0.00016671346531715083 0.0004123315826076267 0.9999999010946383
  outer loop
    vertex 509.1880924531043 376.88579266260143 323.6661491178977
    vertex 504.4040964531042 374.8557936626014 323.6701491178978
    vertex 505.96609245310424 374.7237746626014 323.6701491178978
  endloop
endfacet
facet normal 0.00016671346531715083 0.0004123315826076267 0.9999999010946383
  outer loop
    vertex 509.1880924531043 376.88579266260143 323.6661491178977
    vertex 505.96609245310424 374.7237746626014 323.6701491178978
    vertex 507.5041024531042 374.6377756626013 323.6701491178978
  endloop
endfacet
facet normal 0.00016671346531715083 0.0004123315826076267 0.9999999010946383
  outer loop
    vertex 509.1880924531043 376.88579266260143 323.6661491178977
    vertex 507.5041024531042 374.6377756626013 323.6701491178978
    vertex 509.4501014531043 374.57979266260133 323.6701491178978
  endloop
endfacet
facet normal 0.00016671346531715083 0.0004123315826076267 0.9999999010946383
  outer loop
    vertex 509.1880924531043 376.88579266260143 323.6661491178977
    vertex 509.4501014531043 374.57979266260133 323.6701491178978
    vertex 515.2021004531042 377.3057756626014 323.66614911789765
  endloop
endfacet
facet normal 0.00016671346531715083 0.0004123315826076267 0.9999999010946383
  outer loop
    vertex 515.2021004531042 377.3057756626014 323.66614911789765
    vertex 509.4501014531043 374.57979266260133 323.6701491178978
    vertex 509.8921024531042 374.58177666260144 323.6701491178978
  endloop
endfacet
facet normal 0.00016671346531715083 0.0004123315826076267 0.9999999010946383
  outer loop
    vertex 515.2021004531042 377.3057756626014 323.66614911789765
    vertex 509.8921024531042 374.58177666260144 323.6701491178978
    vertex 511.7620984531043 374.64778566260145 323.6701491178978
  endloop
endfacet
facet normal 0.00016671346531715083 0.0004123315826076267 0.9999999010946383
  outer loop
    vertex 515.2021004531042 377.3057756626014 323.66614911789765
    vertex 511.7620984531043 374.64778566260145 323.6701491178978
    vertex 513.2021004531043 374.7417796626013 323.6701491178978
  endloop
endfacet
facet normal 0.0 0.0 1.0
  outer loop
    vertex 475.41608945310423 397.51579766260124 323.67014911789767
    vertex 475.41608945310423 399.65977966260135 323.67014911789767
    vertex 475.36610245310425 398.5938006626014 323.67014911789767
  endloop
endfacet
facet normal 0.0 0.0 1.0
  outer loop
    vertex 475.41608945310423 399.65977966260135 323.67014911789767
    vertex 475.41608945310423 397.51579766260124 323.67014911789767
    vertex 475.5200934531042 396.50978566260136 323.6701491178977
  endloop
endfacet
facet normal 0.0 0.0 1.0
  outer loop
    vertex 475.41608945310423 399.65977966260135 323.67014911789767
    vertex 475.5200934531042 396.50978566260136 323.6701491178977
    vertex 475.5180944531042 400.6557816626013 323.67014911789767
  endloop
endfacet
facet normal 0.0 0.0 1.0
  outer loop
    vertex 475.5180944531042 400.6557816626013 323.67014911789767
    vertex 475.5200934531042 396.50978566260136 323.6701491178977
    vertex 475.65809445310424 401.6057936626013 323.6701491178978
  endloop
endfacet
facet normal 0.0 0.0 1.0
  outer loop
    vertex 475.65809445310424 401.6057936626013 323.6701491178978
    vertex 475.5200934531042 396.50978566260136 323.6701491178977
    vertex 475.66209145310427 395.5697826626013 323.6701491178977
  endloop
endfacet
facet normal 0.0 0.0 1.0
  outer loop
    vertex 475.65809445310424 401.6057936626013 323.6701491178978
    vertex 475.66209145310427 395.5697826626013 323.6701491178977
    vertex 475.88409245310424 402.75578766260116 323.6701491178977
  endloop
endfacet
facet normal 0.0 0.0 1.0
  outer loop
    vertex 475.88409245310424 402.75578766260116 323.6701491178977
    vertex 475.66209145310427 395.5697826626013 323.6701491178977
    vertex 475.8880894531043 394.42378666260123 323.67014911789767
  endloop
endfacet
facet normal 0.0 0.0 1.0
  outer loop
    vertex 475.88409245310424 402.75578766260116 323.6701491178977
    vertex 475.8880894531043 394.42378666260123 323.67014911789767
    vertex 475.9160894531042 402.91179366260127 323.6701491178977
  endloop
endfacet
facet normal 0.0 0.0 1.0
  outer loop
    vertex 475.9160894531042 402.91179366260127 323.6701491178977
    vertex 475.8880894531043 394.42378666260123 323.67014911789767
    vertex 475.9221014531043 394.26579766260124 323.67014911789767
  endloop
endfacet
facet normal 0.0 0.0 1.0
  outer loop
    vertex 475.9160894531042 402.91179366260127 323.6701491178977
    vertex 475.9221014531043 394.26579766260124 323.67014911789767
    vertex 476.2600994531042 404.0638016626013 323.6701491178977
  endloop
endfacet
facet normal 0.0 0.0 1.0
  outer loop
    vertex 476.2600994531042 404.0638016626013 323.6701491178977
    vertex 475.9221014531043 394.26579766260124 323.67014911789767
    vertex 476.2660954531043 393.1117746626013 323.67014911789767
  endloop
endfacet
facet normal 0.0 0.0 1.0
  outer loop
    vertex 476.2600994531042 404.0638016626013 323.6701491178977
    vertex 476.2660954531043 393.1117746626013 323.67014911789767
    vertex 476.61610245310425 405.0197946626013 323.67014911789767
  endloop
endfacet
facet normal 0.0 0.0 1.0
  outer loop
    vertex 476.61610245310425 405.0197946626013 323.67014911789767
    vertex 476.2660954531043 393.1117746626013 323.67014911789767
    vertex 476.62209845310434 392.15178366260125 323.67014911789767
  endloop
endfacet
facet normal 0.0 0.0 1.0
  outer loop
    vertex 476.61610245310425 405.0197946626013 323.67014911789767
    vertex 476.62209845310434 392.15178366260125 323.67014911789767
    vertex 477.0100994531042 405.9577836626013 323.67014911789767
  endloop
endfacet
facet normal 0.0 0.0 1.0
  outer loop
    vertex 477.0100994531042 405.9577836626013 323.67014911789767
    vertex 476.62209845310434 392.15178366260125 323.67014911789767
    vertex 477.0180944531042 391.23378466260135 323.6701491178977
  endloop
endfacet
facet normal 0.0 0.0 1.0
  outer loop
    vertex 477.0100994531042 405.9577836626013 323.67014911789767
    vertex 477.0180944531042 391.23378466260135 323.6701491178977
    vertex 477.5720954531043 407.15779566260136 323.67014911789767
  endloop
endfacet
facet normal 0.0 0.0 1.0
  outer loop
    vertex 477.5720954531043 407.15779566260136 323.67014911789767
    vertex 477.0180944531042 391.23378466260135 323.6701491178977
    vertex 477.5800914531043 390.07179666260123 323.6701491178977
  endloop
endfacet
facet normal 0.0 0.0 1.0
  outer loop
    vertex 477.5720954531043 407.15779566260136 323.67014911789767
    vertex 477.5800914531043 390.07179666260123 323.6701491178977
    vertex 477.82609345310425 407.66777466260135 323.6701491178978
  endloop
endfacet
facet normal 0.0 0.0 1.0
  outer loop
    vertex 477.82609345310425 407.66777466260135 323.6701491178978
    vertex 477.5800914531043 390.07179666260123 323.6701491178977
    vertex 477.83608745310426 389.57979266260133 323.6701491178977
  endloop
endfacet
facet normal 0.0 0.0 1.0
  outer loop
    vertex 477.82609345310425 407.66777466260135 323.6701491178978
    vertex 477.83608745310426 389.57979266260133 323.6701491178977
    vertex 478.6200994531042 408.90379766260133 323.6701491178977
  endloop
endfacet
facet normal 0.027101158399745594 -0.0010995460516234265 0.9996320914275774
  outer loop
    vertex 478.6200994531042 408.90379766260133 323.6701491178977
    vertex 477.83608745310426 389.57979266260133 323.6701491178977
    vertex 478.3460974531042 398.5137826626013 323.66614911789765
  endloop
endfacet
facet normal 0.003397735361711351 -0.00047458668200525526 0.9999941150636303
  outer loop
    vertex 478.93609445310426 402.73778166260126 323.66614911789776
    vertex 478.6200994531042 408.90379766260133 323.6701491178977
    vertex 478.3460974531042 398.5137826626013 323.66614911789765
  endloop
endfacet
facet normal 0.0001658090209400986 -0.0004182398836062441 0.9999998987913792
  outer loop
    vertex 478.93609445310426 402.73778166260126 323.66614911789776
    vertex 479.3080884531043 409.8657726626013 323.6701491178977
    vertex 478.6200994531042 408.90379766260133 323.6701491178977
  endloop
endfacet
facet normal 0.0001658090209400986 -0.0004182398836062441 0.9999998987913792
  outer loop
    vertex 479.3080884531043 409.8657726626013 323.6701491178977
    vertex 478.93609445310426 402.73778166260126 323.66614911789776
    vertex 480.6880924531042 406.79979366260125 323.66614911789765
  endloop
endfacet
facet normal 0.0001658090209400986 -0.0004182398836062441 0.9999998987913792
  outer loop
    vertex 479.3080884531043 409.8657726626013 323.6701491178977
    vertex 480.6880924531042 406.79979366260125 323.66614911789765
    vertex 480.0120984531043 410.7838026626012 323.67014911789767
  endloop
endfacet
facet normal 0.0001658090209400986 -0.0004182398836062441 0.9999998987913792
  outer loop
    vertex 480.0120984531043 410.7838026626012 323.67014911789767
    vertex 480.6880924531042 406.79979366260125 323.66614911789765
    vertex 480.94408945310425 411.88579266260126 323.67014911789767
  endloop
endfacet
facet normal 0.0001658090209400986 -0.0004182398836062441 0.9999998987913792
  outer loop
    vertex 480.94408945310425 411.88579266260126 323.67014911789767
    vertex 480.6880924531042 406.79979366260125 323.66614911789765
    vertex 483.5361004531043 410.5417986626013 323.66614911789765
  endloop
endfacet
facet normal 0.0001658090209400986 -0.0004182398836062441 0.9999998987913792
  outer loop
    vertex 480.94408945310425 411.88579266260126 323.67014911789767
    vertex 483.5361004531043 410.5417986626013 323.66614911789765
    vertex 481.03210245310424 411.9857986626012 323.67014911789767
  endloop
endfacet
facet normal 0.0001658090209400986 -0.0004182398836062441 0.9999998987913792
  outer loop
    vertex 481.03210245310424 411.9857986626012 323.67014911789767
    vertex 483.5361004531043 410.5417986626013 323.66614911789765
    vertex 482.09409845310427 413.0217786626012 323.67014911789767
  endloop
endfacet
facet normal 0.0001658090209400986 -0.0004182398836062441 0.9999998987913792
  outer loop
    vertex 482.09409845310427 413.0217786626012 323.67014911789767
    vertex 483.5361004531043 410.5417986626013 323.66614911789765
    vertex 483.0061014531043 413.8297926626012 323.6701491178978
  endloop
endfacet
facet normal 0.0001658090209400986 -0.0004182398836062441 0.9999998987913792
  outer loop
    vertex 483.0061014531043 413.8297926626012 323.6701491178978
    vertex 483.5361004531043 410.5417986626013 323.66614911789765
    vertex 483.4020974531042 414.15779566260125 323.6701491178978
  endloop
endfacet
facet normal 0.0001658090209400986 -0.0004182398836062441 0.9999998987913792
  outer loop
    vertex 483.4020974531042 414.15779566260125 323.6701491178978
    vertex 483.5361004531043 410.5417986626013 323.66614911789765
    vertex 484.00410245310417 414.6657916626011 323.6701491178977
  endloop
endfacet
facet normal 0.0001658090209400986 -0.0004182398836062441 0.9999998987913792
  outer loop
    vertex 484.00410245310417 414.6657916626011 323.6701491178977
    vertex 483.5361004531043 410.5417986626013 323.66614911789765
    vertex 487.3681004531043 413.82378066260134 323.66614911789776
  endloop
endfacet
facet normal 0.0001658090209400986 -0.0004182398836062441 0.9999998987913792
  outer loop
    vertex 484.00410245310417 414.6657916626011 323.6701491178977
    vertex 487.3681004531043 413.82378066260134 323.66614911789776
    vertex 485.2541024531042 415.63777566260137 323.6701491178977
  endloop
endfacet
facet normal 0.0001658090209400986 -0.0004182398836062441 0.9999998987913792
  outer loop
    vertex 485.2541024531042 415.63777566260137 323.6701491178977
    vertex 487.3681004531043 413.82378066260134 323.66614911789776
    vertex 486.6100904531042 416.5017896626013 323.6701491178977
  endloop
endfacet
facet normal 0.0001658090209400986 -0.0004182398836062441 0.9999998987913792
  outer loop
    vertex 486.6100904531042 416.5017896626013 323.6701491178977
    vertex 487.3681004531043 413.82378066260134 323.66614911789776
    vertex 487.1441014531042 416.8197826626012 323.6701491178977
  endloop
endfacet
facet normal 0.0001658090209400986 -0.0004182398836062441 0.9999998987913792
  outer loop
    vertex 487.1441014531042 416.8197826626012 323.6701491178977
    vertex 487.3681004531043 413.82378066260134 323.66614911789776
    vertex 487.8060894531043 417.2197766626011 323.67014911789767
  endloop
endfacet
facet normal 0.0001658090209400986 -0.0004182398836062441 0.9999998987913792
  outer loop
    vertex 487.8060894531043 417.2197766626011 323.67014911789767
    vertex 487.3681004531043 413.82378066260134 323.66614911789776
    vertex 490.72208945310416 416.1617936626013 323.6661491178977
  endloop
endfacet
facet normal 0.0001658090209400986 -0.0004182398836062441 0.9999998987913792
  outer loop
    vertex 487.8060894531043 417.2197766626011 323.67014911789767
    vertex 490.72208945310416 416.1617936626013 323.6661491178977
    vertex 489.00008945310424 417.90578166260116 323.67014911789767
  endloop
endfacet
facet normal 0.0001658090209400986 -0.0004182398836062441 0.9999998987913792
  outer loop
    vertex 489.00008945310424 417.90578166260116 323.67014911789767
    vertex 490.72208945310416 416.1617936626013 323.6661491178977
    vertex 490.37009945310416 418.63579266260115 323.67014911789767
  endloop
endfacet
facet normal 0.0001658090209400986 -0.0004182398836062441 0.9999998987913792
  outer loop
    vertex 490.37009945310416 418.63579266260115 323.67014911789767
    vertex 490.72208945310416 416.1617936626013 323.6661491178977
    vertex 491.8160984531042 419.2597856626011 323.67014911789767
  endloop
endfacet
facet normal 0.0001658090209400986 -0.0004182398836062441 0.9999998987913792
  outer loop
    vertex 491.8160984531042 419.2597856626011 323.67014911789767
    vertex 490.72208945310416 416.1617936626013 323.6661491178977
    vertex 496.76409645310423 418.381794662601 323.66614911789765
  endloop
endfacet
facet normal 0.0001658090209400986 -0.0004182398836062441 0.9999998987913792
  outer loop
    vertex 491.8160984531042 419.2597856626011 323.67014911789767
    vertex 496.76409645310423 418.381794662601 323.66614911789765
    vertex 493.1461004531042 419.77779066260126 323.6701491178978
  endloop
endfacet
facet normal 0.0001658090209400986 -0.0004182398836062441 0.9999998987913792
  outer loop
    vertex 493.1461004531042 419.77779066260126 323.6701491178978
    vertex 496.76409645310423 418.381794662601 323.66614911789765
    vertex 493.9201024531043 420.05977266260123 323.6701491178977
  endloop
endfacet
facet normal 0.0001658090209400986 -0.0004182398836062441 0.9999998987913792
  outer loop
    vertex 493.9201024531043 420.05977266260123 323.6701491178977
    vertex 496.76409645310423 418.381794662601 323.66614911789765
    vertex 494.54409545310415 420.29179866260125 323.6701491178977
  endloop
endfacet
facet normal 0.0001658090209400986 -0.0004182398836062441 0.9999998987913792
  outer loop
    vertex 494.54409545310415 420.29179866260125 323.6701491178977
    vertex 496.76409645310423 418.381794662601 323.66614911789765
    vertex 496.2180914531042 420.85579366260123 323.6701491178977
  endloop
endfacet
facet normal 0.0001658090209400986 -0.0004182398836062441 0.9999998987913792
  outer loop
    vertex 496.2180914531042 420.85579366260123 323.6701491178977
    vertex 496.76409645310423 418.381794662601 323.66614911789765
    vertex 497.9481024531043 421.28780066260134 323.6701491178977
  endloop
endfacet
facet normal 0.0001658090209400986 -0.0004182398836062441 0.9999998987913792
  outer loop
    vertex 497.9481024531043 421.28780066260134 323.6701491178977
    vertex 496.76409645310423 418.381794662601 323.66614911789765
    vertex 503.1500984531043 419.75780166260137 323.66614911789776
  endloop
endfacet
facet normal 0.0001658090209400986 -0.0004182398836062441 0.9999998987913792
  outer loop
    vertex 497.9481024531043 421.28780066260134 323.6701491178977
    vertex 503.1500984531043 419.75780166260137 323.66614911789776
    vertex 498.83408945310424 421.48378466260147 323.6701491178977
  endloop
endfacet
facet normal 0.0001658090209400986 -0.0004182398836062441 0.9999998987913792
  outer loop
    vertex 498.83408945310424 421.48378466260147 323.6701491178977
    vertex 503.1500984531043 419.75780166260137 323.66614911789776
    vertex 499.4160894531043 421.6157726626015 323.6701491178977
  endloop
endfacet
facet normal 0.0001658090209400986 -0.0004182398836062441 0.9999998987913792
  outer loop
    vertex 499.4160894531043 421.6157726626015 323.6701491178977
    vertex 503.1500984531043 419.75780166260137 323.66614911789776
    vertex 500.8320904531042 421.91377666260155 323.67014911789767
  endloop
endfacet
facet normal 0.0001658090209400986 -0.0004182398836062441 0.9999998987913792
  outer loop
    vertex 500.8320904531042 421.91377666260155 323.67014911789767
    vertex 503.1500984531043 419.75780166260137 323.66614911789776
    vertex 502.5940984531042 422.2237746626014 323.67014911789767
  endloop
endfacet
facet normal 0.0001658090209400986 -0.0004182398836062441 0.9999998987913792
  outer loop
    vertex 502.5940984531042 422.2237746626014 323.67014911789767
    vertex 503.1500984531043 419.75780166260137 323.66614911789776
    vertex 502.75810045310425 422.24177966260135 323.67014911789767
  endloop
endfacet
facet normal 0.0001658090209400986 -0.0004182398836062441 0.9999998987913792
  outer loop
    vertex 502.75810045310425 422.24177966260135 323.67014911789767
    vertex 503.1500984531043 419.75780166260137 323.66614911789776
    vertex 504.5361004531042 422.4297986626013 323.67014911789767
  endloop
endfacet
facet normal 0.0001658090209400986 -0.0004182398836062441 0.9999998987913792
  outer loop
    vertex 504.5361004531042 422.4297986626013 323.67014911789767
    vertex 503.1500984531043 419.75780166260137 323.66614911789776
    vertex 506.9840984531043 419.96577866260134 323.6661491178977
  endloop
endfacet
facet normal 0.0001658090209400986 -0.0004182398836062441 0.9999998987913792
  outer loop
    vertex 504.5361004531042 422.4297986626013 323.67014911789767
    vertex 506.9840984531043 419.96577866260134 323.6661491178977
    vertex 505.97610245310426 422.53780066260146 323.67014911789767
  endloop
endfacet
facet normal 0.0001658090209400986 -0.0004182398836062441 0.9999998987913792
  outer loop
    vertex 505.97610245310426 422.53780066260146 323.67014911789767
    vertex 506.9840984531043 419.96577866260134 323.6661491178977
    vertex 507.4781014531043 422.6297806626014 323.67014911789767
  endloop
endfacet
facet normal 0.0001658090209400986 -0.0004182398836062441 0.9999998987913792
  outer loop
    vertex 507.4781014531043 422.6297806626014 323.67014911789767
    vertex 506.9840984531043 419.96577866260134 323.6661491178977
    vertex 515.1800974531043 419.76378266260133 323.6661491178977
  endloop
endfacet
facet normal 0.0001658090209400986 -0.0004182398836062441 0.9999998987913792
  outer loop
    vertex 507.4781014531043 422.6297806626014 323.67014911789767
    vertex 515.1800974531043 419.76378266260133 323.6661491178977
    vertex 509.42609945310426 422.6977736626013 323.67014911789767
  endloop
endfacet
facet normal 0.0001658090209400986 -0.0004182398836062441 0.9999998987913792
  outer loop
    vertex 509.42609945310426 422.6977736626013 323.67014911789767
    vertex 515.1800974531043 419.76378266260133 323.6661491178977
    vertex 509.86610245310425 422.6837966626014 323.67014911789767
  endloop
endfacet
facet normal 0.0001658090209400986 -0.0004182398836062441 0.9999998987913792
  outer loop
    vertex 509.86610245310425 422.6837966626014 323.67014911789767
    vertex 515.1800974531043 419.76378266260133 323.6661491178977
    vertex 511.7360974531042 422.58980266260136 323.67014911789767
  endloop
endfacet
facet normal 0.0001658090209400986 -0.0004182398836062441 0.9999998987913792
  outer loop
    vertex 511.7360974531042 422.58980266260136 323.67014911789767
    vertex 515.1800974531043 419.76378266260133 323.6661491178977
    vertex 513.1780984531042 422.48378466260147 323.67014911789767
  endloop
endfacet
facet normal 0.8629186670319466 -0.4267888336015528 -0.27059686916303133
  outer loop
    vertex 547.2241034531042 391.3937876626012 319.08014911789763
    vertex 539.2440924531043 389.89378766260137 295.99814811789764
    vertex 539.7920964531043 391.0017896626013 295.99814811789764
  endloop
endfacet
facet normal 0.9466659621084111 -0.20297019125563925 -0.25025318708660976
  outer loop
    vertex 541.3220954531042 395.5837906626014 295.99814811789764
    vertex 547.3020914531041 395.01579766260124 319.08014911789763
    vertex 541.0720954531043 394.4177746626013 295.99814811789776
  endloop
endfacet
facet normal -0.0005943621432561745 -0.004335749931703066 0.999990423957236
  outer loop
    vertex 533.2680944531043 415.58177666260127 323.66614911789765
    vertex 531.4920934531042 416.74779166260123 323.67014911789767
    vertex 526.2940954531042 416.53780066260134 323.66614911789765
  endloop
endfacet
facet normal 0.6570557860904566 -0.7532488493327665 -0.029897574214567516
  outer loop
    vertex 536.5341014531042 384.4497876626013 323.67014911789767
    vertex 535.7221044531043 383.9517716626013 318.37214911789766
    vertex 537.3341044531043 385.1477856626012 323.66614911789765
  endloop
endfacet
facet normal 0.9653885198575327 1.4408611993005153e-16 -0.26081603809444326
  outer loop
    vertex 547.3020914531043 404.37578266260124 319.08014911789775
    vertex 547.3020914531043 403.2457776626013 319.08014911789763
    vertex 541.0660984531041 403.82777866260125 295.99814811789764
  endloop
endfacet
facet normal 0.9614674423467185 -1.435008914620755e-16 -0.2749188194854246
  outer loop
    vertex 547.3020914531043 405.5057876626013 319.08014911789775
    vertex 547.3020914531043 404.37578266260124 319.08014911789775
    vertex 540.7021004531042 404.9757886626014 295.99814811789776
  endloop
endfacet
facet normal 0.934611048419041 0.05588298297780394 -0.3512538688563636
  outer loop
    vertex 547.2420934531042 409.6057936626013 319.08014911789763
    vertex 547.2861004531043 408.86980166260116 319.08014911789763
    vertex 538.5780924531042 409.42378666260123 295.99814811789764
  endloop
endfacet
facet normal 0.6299783827734696 -0.7760665721168951 -0.029118943676861107
  outer loop
    vertex 537.3341044531043 385.1477856626012 323.66614911789765
    vertex 536.2120954531042 384.67778466260165 311.91814911789766
    vertex 537.0660984531042 385.2277726626017 315.73614911789764
  endloop
endfacet
facet normal 0.0 0.0 1.0
  outer loop
    vertex 537.6640904531042 390.1237986626013 323.66614911789765
    vertex 534.8160984531042 386.5197946626014 323.66614911789776
    vertex 537.3341044531043 385.1477856626012 323.66614911789765
  endloop
endfacet
facet normal 0.9591133053313761 0.14166434948670906 -0.2450160803311292
  outer loop
    vertex 541.3180974531042 402.6617936626013 295.99814811789764
    vertex 547.3020914531043 402.06978266260126 319.08014911789763
    vertex 541.4920934531042 401.48378466260135 295.99814811789764
  endloop
endfacet
facet normal 0.9679992258657598 -4.724463414726316e-17 -0.2509531803410545
  outer loop
    vertex 547.3020914531043 403.2457776626013 319.08014911789763
    vertex 547.3020914531043 402.06978266260126 319.08014911789763
    vertex 541.3180974531042 402.6617936626013 295.99814811789764
  endloop
endfacet
facet normal 0.9482091573306897 -0.09299957554391695 -0.30372762946902737
  outer loop
    vertex 547.2960944531043 392.1277966626012 319.08014911789775
    vertex 547.2241034531042 391.3937876626012 319.08014911789763
    vertex 539.7920964531043 391.0017896626013 295.99814811789764
  endloop
endfacet
facet normal 0.9701976138112709 0.04932990808914969 -0.23724070123575416
  outer loop
    vertex 541.6280954531043 400.30379166260127 295.99814811789776
    vertex 547.3020914531043 399.71779266260137 319.08014911789775
    vertex 541.6880924531042 399.1237986626014 295.99814811789776
  endloop
endfacet
facet normal 0.9680399446081822 -1.1116871020602683e-16 -0.2507960638506667
  outer loop
    vertex 547.3020914531043 396.1917916626013 319.08014911789763
    vertex 547.3020914531041 395.01579766260124 319.08014911789763
    vertex 541.3220954531042 395.5837906626014 295.99814811789764
  endloop
endfacet
facet normal 0.2900574898998491 -0.9568255506489319 -0.018748818052543546
  outer loop
    vertex 544.2640964531042 388.43578066260136 319.0801491178977
    vertex 537.1181004531043 386.72179066260145 295.99814811789776
    vertex 544.9700904531041 388.64979966260125 319.0801491178977
  endloop
endfacet
facet normal 0.9566593296751474 -0.0022340990761314378 -0.29120085121238176
  outer loop
    vertex 547.2980934531042 392.9837846626013 319.08014911789775
    vertex 547.2960944531043 392.1277966626012 319.08014911789775
    vertex 540.2700934531042 392.13179466260124 295.99814811789776
  endloop
endfacet
facet normal 0.0019221213192872643 0.0035276102523330126 0.9999919306752139
  outer loop
    vertex 537.3341044531043 385.1477856626012 323.66614911789765
    vertex 534.8160984531042 386.5197946626014 323.66614911789776
    vertex 536.5341014531042 384.4497876626013 323.67014911789767
  endloop
endfacet
facet normal 0.9565001515331956 1.9034601815685288e-16 -0.29173182911189893
  outer loop
    vertex 547.3020914531043 406.6357926626014 319.08014911789775
    vertex 547.3020914531043 405.5057876626013 319.08014911789775
    vertex 540.2620984531042 406.11378966260133 295.99814811789776
  endloop
endfacet
facet normal 0.8494079971823812 -0.4533685612377173 -0.2701166451810374
  outer loop
    vertex 547.0081004531042 390.6877946626013 319.08014911789763
    vertex 546.6600934531043 390.03578666260137 319.08014911789763
    vertex 539.2440924531043 389.89378766260137 295.99814811789764
  endloop
endfacet
facet normal 0.9462700933531857 0.20451302311341493 -0.25049417917860883
  outer loop
    vertex 541.0660984531041 403.82777866260125 295.99814811789764
    vertex 547.3020914531043 403.2457776626013 319.08014911789763
    vertex 541.3180974531042 402.6617936626013 295.99814811789764
  endloop
endfacet
facet normal 0.05150112494169934 0.9985711167001197 -0.014260400485808549
  outer loop
    vertex 509.30009245310424 378.6337786626017 332.1761491178977
    vertex 509.30009245310424 378.5477796626013 326.15415011789764
    vertex 503.6120884531042 378.8757826626014 328.58014911789763
  endloop
endfacet
facet normal -9.860761315262648e-32 -0.3506374758938908 0.9365112708872015
  outer loop
    vertex 482.4540994531042 398.05977266260135 333.95015111789763
    vertex 480.0800914531043 398.05977266260135 333.95015111789763
    vertex 481.14809945310435 393.41777466260135 332.21214911789764
  endloop
endfacet
facet normal 0.9961041451411173 6.475041489159197e-12 0.0881846473751735
  outer loop
    vertex 483.0660984531042 394.05379166260127 327.23815011789765
    vertex 482.99809045310417 395.37578266260147 327.99814811789776
    vertex 482.65809445310435 394.05379166260127 331.84615111789765
  endloop
endfacet
facet normal 0.9961041451411173 6.475041489159197e-12 0.0881846473751735
  outer loop
    vertex 482.99809045310417 395.37578266260147 327.99814811789776
    vertex 483.0660984531042 394.05379166260127 327.23815011789765
    vertex 483.27009345310427 398.05977266260135 324.9341491178977
  endloop
endfacet
facet normal 0.9961041451411173 6.475041489159197e-12 0.0881846473751735
  outer loop
    vertex 482.99809045310417 395.37578266260147 327.99814811789776
    vertex 483.27009345310427 398.05977266260135 324.9341491178977
    vertex 483.1360914531042 398.05977266260135 326.4541491178977
  endloop
endfacet
facet normal 0.9961041451411173 6.475041489159197e-12 0.0881846473751735
  outer loop
    vertex 483.1360914531042 398.05977266260135 326.4541491178977
    vertex 483.27009345310427 398.05977266260135 324.9341491178977
    vertex 483.0660984531042 402.06578466260146 327.23815011789776
  endloop
endfacet
facet normal 0.9961041451411173 6.475041489159197e-12 0.0881846473751735
  outer loop
    vertex 483.1360914531042 398.05977266260135 326.4541491178977
    vertex 483.0660984531042 402.06578466260146 327.23815011789776
    vertex 482.9980904531043 400.74379366260126 327.99814811789764
  endloop
endfacet
facet normal 0.9961041451411173 6.475041489159197e-12 0.0881846473751735
  outer loop
    vertex 482.9980904531043 400.74379366260126 327.99814811789764
    vertex 483.0660984531042 402.06578466260146 327.23815011789776
    vertex 482.7261024531043 400.74379366260126 331.08614911789766
  endloop
endfacet
facet normal 0.9961041451411173 6.475041489159197e-12 0.0881846473751735
  outer loop
    vertex 482.7261024531043 400.74379366260126 331.08614911789766
    vertex 483.0660984531042 402.06578466260146 327.23815011789776
    vertex 482.6580944531043 402.06578466260146 331.8461511178977
  endloop
endfacet
facet normal 0.9961041451411173 6.475041489159197e-12 0.0881846473751735
  outer loop
    vertex 482.65809445310435 394.05379166260127 331.84615111789765
    vertex 482.7261024531042 395.37578266260147 331.0861491178977
    vertex 482.5881024531043 398.05977266260135 332.6301481178977
  endloop
endfacet
facet normal 0.9961041451411173 6.475041489159197e-12 0.0881846473751735
  outer loop
    vertex 482.7261024531042 395.37578266260147 331.0861491178977
    vertex 482.65809445310435 394.05379166260127 331.84615111789765
    vertex 482.99809045310417 395.37578266260147 327.99814811789776
  endloop
endfacet
facet normal -7.801811995042755e-18 -0.4986378366356262 -0.8668104221081692
  outer loop
    vertex 480.4880964531043 400.74379366260126 331.08614911789766
    vertex 482.5881024531043 398.05977266260135 332.6301481178977
    vertex 480.16608945310423 398.05977266260135 332.6301481178977
  endloop
endfacet
facet normal -7.801811995042755e-18 -0.4986378366356262 -0.8668104221081692
  outer loop
    vertex 482.5881024531043 398.05977266260135 332.6301481178977
    vertex 480.4880964531043 400.74379366260126 331.08614911789766
    vertex 482.7261024531043 400.74379366260126 331.08614911789766
  endloop
endfacet
facet normal -0.47035209532132627 0.05199458242167642 0.880945781433587
  outer loop
    vertex 514.9560984531042 418.3157846626016 333.95015111789763
    vertex 510.4801004531042 416.8958016626017 331.64414811789766
    vertex 514.7400944531042 416.36177466260165 333.9501511178977
  endloop
endfacet
facet normal -0.9354718290870491 -0.35303648936890464 0.016052855154473113
  outer loop
    vertex 509.8901044531043 418.7057996626017 332.1121501178976
    vertex 509.8901044531043 418.4377946626013 326.21814911789767
    vertex 510.4801004531042 416.8958016626013 326.68814911789764
  endloop
endfacet
facet normal 0.3403229252988365 -0.9398256784855671 0.0301330478907499
  outer loop
    vertex 482.65809445310435 394.05379166260127 331.84615111789765
    vertex 481.34209945310437 393.41777466260135 326.87214911789766
    vertex 483.0660984531042 394.05379166260127 327.23815011789765
  endloop
endfacet
facet normal 0.3910595850429277 -0.9202557042159241 0.014207033613920027
  outer loop
    vertex 481.14809945310435 393.41777466260135 332.21214911789764
    vertex 481.34209945310437 393.41777466260135 326.87214911789766
    vertex 482.65809445310435 394.05379166260127 331.84615111789765
  endloop
endfacet
facet normal 2.3794081552307916e-17 0.49864216388982824 -0.866807932815148
  outer loop
    vertex 482.5881024531043 398.05977266260135 332.6301481178977
    vertex 480.52808945310426 395.37578266260147 331.0861491178977
    vertex 480.16608945310423 398.05977266260135 332.6301481178977
  endloop
endfacet
facet normal 2.3794081552307916e-17 0.49864216388982824 -0.866807932815148
  outer loop
    vertex 480.52808945310426 395.37578266260147 331.0861491178977
    vertex 482.5881024531043 398.05977266260135 332.6301481178977
    vertex 482.7261024531042 395.37578266260147 331.0861491178977
  endloop
endfacet
facet normal 0.18443240524400342 0.9764967726068559 -0.11152910375460949
  outer loop
    vertex 533.2680944531043 415.58177666260127 323.66614911789765
    vertex 540.1520974531043 413.7578016626013 319.08014911789775
    vertex 537.0480934531042 411.7077836626014 295.9981481178977
  endloop
endfacet
facet normal 2.0383756249145774e-17 -0.49863783663562633 0.8668104221081692
  outer loop
    vertex 483.1360914531042 398.05977266260135 326.4541491178977
    vertex 480.6181004531042 400.74379366260126 327.99814811789764
    vertex 480.52409145310423 398.05977266260135 326.4541491178977
  endloop
endfacet
facet normal 2.0383756249145774e-17 -0.49863783663562633 0.8668104221081692
  outer loop
    vertex 480.6181004531042 400.74379366260126 327.99814811789764
    vertex 483.1360914531042 398.05977266260135 326.4541491178977
    vertex 482.9980904531043 400.74379366260126 327.99814811789764
  endloop
endfacet
facet normal 0.9919894497308526 -0.11289113444077212 0.05667912655780803
  outer loop
    vertex 480.4880964531043 400.74379366260126 331.08614911789766
    vertex 480.3640874531043 399.09380066260127 329.9701481178977
    vertex 480.39809945310424 399.17778466260125 329.5421511178976
  endloop
endfacet
facet normal 0.0 0.4649800610989471 0.8853211523398838
  outer loop
    vertex 482.6580944531043 402.06578466260146 331.8461511178977
    vertex 480.0800914531043 398.05977266260135 333.95015111789763
    vertex 482.4540994531042 398.05977266260135 333.95015111789763
  endloop
endfacet
facet normal 0.9971132767434344 -0.07335864999141752 -0.019586265938353394
  outer loop
    vertex 480.4880964531043 400.74379366260126 331.08614911789766
    vertex 480.3121014531043 398.4877816626013 330.57615111789767
    vertex 480.33408945310424 398.8517956626014 330.3321511178977
  endloop
endfacet
facet normal 0.9954843003954013 0.08643544960279556 -0.03924182358455564
  outer loop
    vertex 480.3121014531043 397.6317946626014 330.5761511178977
    vertex 480.52808945310426 395.37578266260147 331.0861491178977
    vertex 480.33408945310424 397.26778066260135 330.3321511178977
  endloop
endfacet
facet normal -0.18904751083808752 -0.9742786405422535 0.12264652147151078
  outer loop
    vertex 520.0200934531043 417.16777466260135 326.21814911789767
    vertex 514.7320994531043 417.5437816626014 321.0541501178977
    vertex 519.7620984531043 416.57179666260134 321.08614911789766
  endloop
endfacet
facet normal -0.4210051326695719 -0.9059528863161029 0.044766572812745736
  outer loop
    vertex 520.0820904531043 417.5078016626017 333.95015111789763
    vertex 520.0200934531043 417.44578966260156 332.11215011789767
    vertex 524.6060924531042 414.76979466260127 321.0861491178977
  endloop
endfacet
facet normal 0.9948837929178748 -0.0023834546478726797 0.10099781053708444
  outer loop
    vertex 482.4540994531042 398.05977266260135 333.95015111789763
    vertex 482.65809445310435 394.05379166260127 331.84615111789765
    vertex 482.5881024531043 398.05977266260135 332.6301481178977
  endloop
endfacet
facet normal 0.7951302207963595 -0.6064387289548159 1.9068883295455325e-17
  outer loop
    vertex 520.0200934531043 417.16777466260135 326.21814911789767
    vertex 518.9980904531042 415.8277786626016 331.64414811789766
    vertex 518.9980904531042 415.8277786626016 326.68814911789764
  endloop
endfacet
facet normal 0.992981961517266 -0.11826590422147416 0.0
  outer loop
    vertex 512.3081034531042 418.64378766260137 327.6161501178977
    vertex 512.0760934531042 416.6957896626013 330.71615011789766
    vertex 512.0760934531042 416.6957896626013 327.6161501178977
  endloop
endfacet
facet normal 0.992981961517266 -0.11826590422147416 0.0
  outer loop
    vertex 512.0760934531042 416.6957896626013 330.71615011789766
    vertex 512.3081034531042 418.64378766260137 327.6161501178977
    vertex 512.3081034531042 418.64378766260137 330.71615011789766
  endloop
endfacet
facet normal -0.9543977414251922 0.29850758549708595 -0.00426292894521857
  outer loop
    vertex 509.8961004531042 380.4617806626013 326.74415011789773
    vertex 509.30009245310424 378.5477796626013 326.15415011789764
    vertex 509.30009245310424 378.6337786626017 332.1761491178977
  endloop
endfacet
facet normal -2.3111159332763138e-32 1.0 0.0
  outer loop
    vertex 480.52808945310426 395.37578266260147 331.0861491178977
    vertex 482.99809045310417 395.37578266260147 327.99814811789776
    vertex 480.6640904531042 395.37578266260147 327.99814811789776
  endloop
endfacet
facet normal -2.3111159332763138e-32 1.0 0.0
  outer loop
    vertex 482.99809045310417 395.37578266260147 327.99814811789776
    vertex 480.52808945310426 395.37578266260147 331.0861491178977
    vertex 482.7261024531042 395.37578266260147 331.0861491178977
  endloop
endfacet
facet normal 0.6882675764879947 0.7249367437059648 -0.027467449469045065
  outer loop
    vertex 534.6320934531042 414.14979966260137 299.91014811789773
    vertex 537.0480934531042 411.7077836626014 295.9981481178977
    vertex 533.2920964531043 415.27379266260135 295.99814811789764
  endloop
endfacet
facet normal -0.4964741977632329 0.05912713026916422 0.8660354227290519
  outer loop
    vertex 517.4040964531043 416.02779066260155 327.6161501178977
    vertex 514.9720894531042 418.30977266260146 326.0661491178977
    vertex 514.7400944531042 416.3617746626014 326.0661491178977
  endloop
endfacet
facet normal -0.4964741977632329 0.05912713026916422 0.8660354227290519
  outer loop
    vertex 514.9720894531042 418.30977266260146 326.0661491178977
    vertex 517.4040964531043 416.02779066260155 327.6161501178977
    vertex 517.6360914531042 417.97578866260153 327.6161501178977
  endloop
endfacet
facet normal -0.1244054464267001 -0.9922314674002786 -2.5201911995215946e-07
  outer loop
    vertex 518.9980904531042 415.8277786626016 326.68814911789764
    vertex 514.7400944531042 416.3617746626014 326.0661491178977
    vertex 514.7400944531042 416.3617746626014 324.57214911789765
  endloop
endfacet
facet normal -0.1244054464267001 -0.9922314674002786 -2.5201911995215946e-07
  outer loop
    vertex 514.7400944531042 416.3617746626014 326.0661491178977
    vertex 518.9980904531042 415.8277786626016 326.68814911789764
    vertex 517.4040964531043 416.02779066260155 327.6161501178977
  endloop
endfacet
facet normal -0.1244054464267001 -0.9922314674002786 -2.5201911995215946e-07
  outer loop
    vertex 517.4040964531043 416.02779066260155 327.6161501178977
    vertex 518.9980904531042 415.8277786626016 326.68814911789764
    vertex 518.9980904531042 415.8277786626016 331.64414811789766
  endloop
endfacet
facet normal -0.1244054464267001 -0.9922314674002786 -2.5201911995215946e-07
  outer loop
    vertex 517.4040964531043 416.02779066260155 327.6161501178977
    vertex 518.9980904531042 415.8277786626016 331.64414811789766
    vertex 517.4040964531043 416.02779066260155 330.71615011789766
  endloop
endfacet
facet normal -0.1244054464267001 -0.9922314674002786 -2.5201911995215946e-07
  outer loop
    vertex 517.4040964531043 416.02779066260155 330.71615011789766
    vertex 518.9980904531042 415.8277786626016 331.64414811789766
    vertex 514.7400944531042 416.36177466260165 332.26615011789767
  endloop
endfacet
facet normal -0.1244054464267001 -0.9922314674002786 -2.5201911995215946e-07
  outer loop
    vertex 514.7400944531042 416.36177466260165 332.26615011789767
    vertex 518.9980904531042 415.8277786626016 331.64414811789766
    vertex 514.7400944531042 416.36177466260165 333.9501511178977
  endloop
endfacet
facet normal -0.1244054464267001 -0.9922314674002786 -2.5201911995215946e-07
  outer loop
    vertex 514.7400944531042 416.3617746626014 326.0661491178977
    vertex 510.4801004531042 416.8958016626013 326.68814911789764
    vertex 514.7400944531042 416.3617746626014 324.57214911789765
  endloop
endfacet
facet normal -0.1244054464267001 -0.9922314674002786 -2.5201911995215946e-07
  outer loop
    vertex 510.4801004531042 416.8958016626013 326.68814911789764
    vertex 514.7400944531042 416.3617746626014 326.0661491178977
    vertex 512.0760934531042 416.6957896626013 327.6161501178977
  endloop
endfacet
facet normal -0.1244054464267001 -0.9922314674002786 -2.5201911995215946e-07
  outer loop
    vertex 510.4801004531042 416.8958016626013 326.68814911789764
    vertex 512.0760934531042 416.6957896626013 327.6161501178977
    vertex 510.4801004531042 416.8958016626017 331.64414811789766
  endloop
endfacet
facet normal -0.1244054464267001 -0.9922314674002786 -2.5201911995215946e-07
  outer loop
    vertex 510.4801004531042 416.8958016626017 331.64414811789766
    vertex 512.0760934531042 416.6957896626013 327.6161501178977
    vertex 512.0760934531042 416.6957896626013 330.71615011789766
  endloop
endfacet
facet normal -0.1244054464267001 -0.9922314674002786 -2.5201911995215946e-07
  outer loop
    vertex 510.4801004531042 416.8958016626017 331.64414811789766
    vertex 512.0760934531042 416.6957896626013 330.71615011789766
    vertex 514.7400944531042 416.36177466260165 332.26615011789767
  endloop
endfacet
facet normal -0.1244054464267001 -0.9922314674002786 -2.5201911995215946e-07
  outer loop
    vertex 510.4801004531042 416.8958016626017 331.64414811789766
    vertex 514.7400944531042 416.36177466260165 332.26615011789767
    vertex 514.7400944531042 416.36177466260165 333.9501511178977
  endloop
endfacet
facet normal 0.3758705622156655 -0.41581265060944445 0.8281432002092558
  outer loop
    vertex 482.65809445310435 394.05379166260127 331.84615111789765
    vertex 482.4540994531042 398.05977266260135 333.95015111789763
    vertex 481.14809945310435 393.41777466260135 332.21214911789764
  endloop
endfacet
facet normal -0.07111900237860322 -0.9973456837977632 -0.01561007721455425
  outer loop
    vertex 507.7760904531043 418.82777866260165 333.95015111789763
    vertex 509.8901044531043 418.7057996626017 332.1121501178976
    vertex 514.9560984531042 418.3157846626016 333.95015111789763
  endloop
endfacet
facet normal 2.8631496874527047e-18 0.49864216388982824 0.866807932815148
  outer loop
    vertex 480.6640904531042 395.37578266260147 327.99814811789776
    vertex 483.1360914531042 398.05977266260135 326.4541491178977
    vertex 480.52409145310423 398.05977266260135 326.4541491178977
  endloop
endfacet
facet normal 2.8631496874527047e-18 0.49864216388982824 0.866807932815148
  outer loop
    vertex 483.1360914531042 398.05977266260135 326.4541491178977
    vertex 480.6640904531042 395.37578266260147 327.99814811789776
    vertex 482.99809045310417 395.37578266260147 327.99814811789776
  endloop
endfacet
facet normal 0.36135891896778877 -0.5435213595520163 -0.7576306906357206
  outer loop
    vertex 483.0660984531042 394.05379166260127 327.23815011789765
    vertex 481.34209945310437 393.41777466260135 326.87214911789766
    vertex 481.2920964531042 398.05977266260135 323.5181481178977
  endloop
endfacet
facet normal -0.040507971330519275 -0.9902273214541136 0.13345020084097783
  outer loop
    vertex 509.8901044531043 418.4377946626013 326.21814911789767
    vertex 507.06410045310423 417.8617746626015 321.08614911789766
    vertex 514.7320994531043 417.5437816626014 321.0541501178977
  endloop
endfacet
facet normal 0.994862610839286 0.006947098418701819 0.10099566019191315
  outer loop
    vertex 482.7261024531043 400.74379366260126 331.08614911789766
    vertex 482.4540994531042 398.05977266260135 333.95015111789763
    vertex 482.5881024531043 398.05977266260135 332.6301481178977
  endloop
endfacet
facet normal 0.07460064628035297 -0.994713502099291 0.07056764354800057
  outer loop
    vertex 507.7760904531043 418.82777866260165 333.95015111789763
    vertex 507.06410045310423 417.8617746626015 321.08614911789766
    vertex 509.8901044531043 418.4377946626013 326.21814911789767
  endloop
endfacet
facet normal 0.3680550135822054 0.4775755391098293 -0.7977826216589069
  outer loop
    vertex 483.27009345310427 398.05977266260135 324.9341491178977
    vertex 481.1360914531042 402.9417916626012 326.8721491178977
    vertex 483.0660984531042 402.06578466260146 327.23815011789776
  endloop
endfacet
facet normal 0.4929932117420156 0.08490921927410751 -0.8658799672348089
  outer loop
    vertex 514.0520914531043 381.0378006626017 332.2661501178977
    vertex 511.69209045310424 378.9337966626014 330.71615011789766
    vertex 511.3941014531043 380.66978866260166 330.7161501178977
  endloop
endfacet
facet normal 0.4929932117420156 0.08490921927410751 -0.8658799672348089
  outer loop
    vertex 511.69209045310424 378.9337966626014 330.71615011789766
    vertex 514.0520914531043 381.0378006626017 332.2661501178977
    vertex 514.3520944531042 379.30177766260164 332.26615011789767
  endloop
endfacet
facet normal 0.995693905879127 -0.08996280809106443 0.02236825776716666
  outer loop
    vertex 480.4880964531043 400.74379366260126 331.08614911789766
    vertex 480.33408945310424 398.8517956626014 330.3321511178977
    vertex 480.3640874531043 399.09380066260127 329.9701481178977
  endloop
endfacet
facet normal -0.08548071468585176 0.9916335919059343 0.09672572987851322
  outer loop
    vertex 509.30009245310424 378.5477796626013 326.15415011789764
    vertex 514.4640934531043 379.3877756626013 322.10615011789764
    vertex 509.06410045310423 379.0217786626014 321.08614911789766
  endloop
endfacet
facet normal -0.41698647445355436 0.908910232128302 0.0021142505224055466
  outer loop
    vertex 519.6300944531043 380.00178966260165 332.17614911789775
    vertex 524.6220984531043 382.3177996626014 321.0861491178977
    vertex 519.6300944531043 380.0157976626016 326.15415011789776
  endloop
endfacet
facet normal -0.34591220967850894 -0.9298528349077543 0.12537323721330645
  outer loop
    vertex 520.0200934531043 417.16777466260135 326.21814911789767
    vertex 519.7620984531043 416.57179666260134 321.08614911789766
    vertex 524.6060924531042 414.76979466260127 321.0861491178977
  endloop
endfacet
facet normal 0.9956965764759813 -0.0020419267629425662 0.09265073194047191
  outer loop
    vertex 482.6580944531043 402.06578466260146 331.8461511178977
    vertex 482.4540994531042 398.05977266260135 333.95015111789763
    vertex 482.7261024531043 400.74379366260126 331.08614911789766
  endloop
endfacet
facet normal 0.2775658919114109 0.3006124637220634 0.9124633265520177
  outer loop
    vertex 482.6580944531043 402.06578466260146 331.8461511178977
    vertex 480.7660954531043 402.7018016626014 332.21214911789775
    vertex 480.0800914531043 398.05977266260135 333.95015111789763
  endloop
endfacet
facet normal 0.32348229317630706 0.9458006372940693 0.02864193595988865
  outer loop
    vertex 480.7660954531043 402.7018016626014 332.21214911789775
    vertex 482.6580944531043 402.06578466260146 331.8461511178977
    vertex 483.0660984531042 402.06578466260146 327.23815011789776
  endloop
endfacet
facet normal 0.7960440633590825 0.5173616488227439 -0.31408720686804925
  outer loop
    vertex 537.0480934531042 411.7077836626014 295.9981481178977
    vertex 547.0561044531042 410.3217966626013 319.08014911789763
    vertex 537.8500954531042 410.4737746626014 295.99814811789764
  endloop
endfacet
facet normal 0.5041359095429094 0.49991809366047757 -0.7042221839307661
  outer loop
    vertex 483.27009345310427 398.05977266260135 324.9341491178977
    vertex 481.2920964531042 398.05977266260135 323.5181481178977
    vertex 481.1360914531042 402.9417916626012 326.8721491178977
  endloop
endfacet
facet normal -0.9507640097370772 -0.309915791447734 -1.2497137499537956e-17
  outer loop
    vertex 509.8901044531043 418.7057996626017 332.1121501178976
    vertex 510.4801004531042 416.8958016626013 326.68814911789764
    vertex 510.4801004531042 416.8958016626017 331.64414811789766
  endloop
endfacet
facet normal 0.4964746267103048 -0.05912909283537759 0.8660350428321759
  outer loop
    vertex 514.7400944531042 416.3617746626014 326.0661491178977
    vertex 512.3081034531042 418.64378766260137 327.6161501178977
    vertex 512.0760934531042 416.6957896626013 327.6161501178977
  endloop
endfacet
facet normal 0.4964746267103048 -0.05912909283537759 0.8660350428321759
  outer loop
    vertex 512.3081034531042 418.64378766260137 327.6161501178977
    vertex 514.7400944531042 416.3617746626014 326.0661491178977
    vertex 514.9720894531042 418.30977266260146 326.0661491178977
  endloop
endfacet
facet normal 0.9897011273021743 0.13343344811271074 0.05183814755137512
  outer loop
    vertex 480.3640874531043 397.02577666260146 329.97014811789774
    vertex 480.52808945310426 395.37578266260147 331.0861491178977
    vertex 480.39809945310424 396.9397776626012 329.54215111789773
  endloop
endfacet
facet normal 0.6876800355050907 0.7259730790509581 -0.007697873796616409
  outer loop
    vertex 533.2680944531043 415.58177666260127 323.66614911789765
    vertex 537.0480934531042 411.7077836626014 295.9981481178977
    vertex 533.8320904531042 414.9157916626014 311.24214811789767
  endloop
endfacet
facet normal 0.6973993951997806 0.7164914418288272 -0.016555885993463998
  outer loop
    vertex 534.7841014531043 414.0397836626013 301.55214811789773
    vertex 537.0480934531042 411.7077836626014 295.9981481178977
    vertex 534.6320934531042 414.14979966260137 299.91014811789773
  endloop
endfacet
facet normal -0.4250529872323795 -0.904163179107396 0.04264860597062931
  outer loop
    vertex 520.0200934531043 417.44578966260156 332.11215011789767
    vertex 520.0200934531043 417.16777466260135 326.21814911789767
    vertex 524.6060924531042 414.76979466260127 321.0861491178977
  endloop
endfacet
facet normal 0.8455268182274406 0.41003597674429826 -0.34198669189535774
  outer loop
    vertex 537.0480934531042 411.7077836626014 295.9981481178977
    vertex 546.7340984531043 410.98579866260127 319.08014911789775
    vertex 547.0561044531042 410.3217966626013 319.08014911789763
  endloop
endfacet
facet normal 0.9946360386147173 -0.0893671345486737 0.0520832597998816
  outer loop
    vertex 480.4880964531043 400.74379366260126 331.08614911789766
    vertex 480.16608945310423 398.05977266260135 332.6301481178977
    vertex 480.3121014531043 398.4877816626013 330.57615111789767
  endloop
endfacet
facet normal 0.5305423309436847 -0.6107934645351187 -0.5877552030888611
  outer loop
    vertex 518.9980904531042 415.8277786626016 326.68814911789764
    vertex 514.7320994531043 417.5437816626014 321.0541501178977
    vertex 520.0200934531043 417.16777466260135 326.21814911789767
  endloop
endfacet
facet normal -0.018144463519015493 -0.9988033486599974 0.045416397360238135
  outer loop
    vertex 507.7760904531043 418.82777866260165 333.95015111789763
    vertex 509.8901044531043 418.4377946626013 326.21814911789767
    vertex 509.8901044531043 418.7057996626017 332.1121501178976
  endloop
endfacet
facet normal 0.9942568189807456 0.10642836094214479 0.011241970354778039
  outer loop
    vertex 480.33408945310424 397.26778066260135 330.3321511178977
    vertex 480.52808945310426 395.37578266260147 331.0861491178977
    vertex 480.3640874531043 397.02577666260146 329.97014811789774
  endloop
endfacet
facet normal -0.3438413948767039 -0.33855073852688883 0.875874701434024
  outer loop
    vertex 514.9560984531042 418.3157846626016 333.95015111789763
    vertex 509.8901044531043 418.7057996626017 332.1121501178976
    vertex 510.4801004531042 416.8958016626017 331.64414811789766
  endloop
endfacet
facet normal 0.40146836894978427 0.9132804915947735 0.0688613999655012
  outer loop
    vertex 480.7660954531043 402.7018016626014 332.21214911789775
    vertex 483.0660984531042 402.06578466260146 327.23815011789776
    vertex 481.1360914531042 402.9417916626012 326.8721491178977
  endloop
endfacet
facet normal 0.52120246262734 -0.4452789223871589 -0.7280622735926693
  outer loop
    vertex 483.27009345310427 398.05977266260135 324.9341491178977
    vertex 483.0660984531042 394.05379166260127 327.23815011789765
    vertex 481.2920964531042 398.05977266260135 323.5181481178977
  endloop
endfacet
facet normal 0.6526151018491585 0.7576769440676462 -0.0043791856235572595
  outer loop
    vertex 533.8320904531042 414.9157916626014 311.24214811789767
    vertex 534.7841014531043 414.0397836626013 301.55214811789773
    vertex 533.4201024531043 415.24977566260134 307.6301491178977
  endloop
endfacet
facet normal 2.3111159332763138e-32 -1.0 0.0
  outer loop
    vertex 482.7261024531043 400.74379366260126 331.08614911789766
    vertex 480.6181004531042 400.74379366260126 327.99814811789764
    vertex 482.9980904531043 400.74379366260126 327.99814811789764
  endloop
endfacet
facet normal 2.3111159332763138e-32 -1.0 0.0
  outer loop
    vertex 480.6181004531042 400.74379366260126 327.99814811789764
    vertex 482.7261024531043 400.74379366260126 331.08614911789766
    vertex 480.4880964531043 400.74379366260126 331.08614911789766
  endloop
endfacet
facet normal 0.49647438647539727 -0.05912906422390098 -0.866035182505817
  outer loop
    vertex 512.3081034531042 418.64378766260137 330.71615011789766
    vertex 514.7400944531042 416.36177466260165 332.26615011789767
    vertex 512.0760934531042 416.6957896626013 330.71615011789766
  endloop
endfacet
facet normal 0.49647438647539727 -0.05912906422390098 -0.866035182505817
  outer loop
    vertex 514.7400944531042 416.36177466260165 332.26615011789767
    vertex 512.3081034531042 418.64378766260137 330.71615011789766
    vertex 514.9720894531042 418.30977266260163 332.26615011789767
  endloop
endfacet
facet normal -0.4964739575283222 0.05912710165861225 -0.8660355624023865
  outer loop
    vertex 514.9720894531042 418.30977266260163 332.26615011789767
    vertex 517.4040964531043 416.02779066260155 330.71615011789766
    vertex 514.7400944531042 416.36177466260165 332.26615011789767
  endloop
endfacet
facet normal -0.4964739575283222 0.05912710165861225 -0.8660355624023865
  outer loop
    vertex 517.4040964531043 416.02779066260155 330.71615011789766
    vertex 514.9720894531042 418.30977266260163 332.26615011789767
    vertex 517.6360914531042 417.97578866260153 330.71615011789766
  endloop
endfacet
facet normal 0.8418543149507768 -0.5391054359351615 0.02542914359388221
  outer loop
    vertex 520.0200934531043 417.44578966260156 332.11215011789767
    vertex 518.9980904531042 415.8277786626016 331.64414811789766
    vertex 520.0200934531043 417.16777466260135 326.21814911789767
  endloop
endfacet
facet normal 0.317385625231437 0.09283566362207928 0.9437414394082196
  outer loop
    vertex 519.6300944531043 380.00178966260165 332.17614911789775
    vertex 514.0520914531043 381.0378006626017 333.95015111789775
    vertex 514.6060924531043 379.14378766260165 333.95015111789763
  endloop
endfacet
facet normal 0.749640452769019 0.6618435021900426 0.0015395392424831782
  outer loop
    vertex 518.2080974531042 381.6137896626017 331.58814811789773
    vertex 519.6300944531043 380.00178966260165 332.17614911789775
    vertex 519.6300944531043 380.0157976626016 326.15415011789776
  endloop
endfacet
facet normal -0.5131178530667004 0.8583181629583637 0.0
  outer loop
    vertex 514.8121014531042 390.5757946626015 298.24214811789767
    vertex 515.7220894531042 391.11980166260145 295.99814811789764
    vertex 514.8121014531042 390.5757946626015 295.99814811789764
  endloop
endfacet
facet normal -0.5131178530667004 0.8583181629583637 0.0
  outer loop
    vertex 515.7220894531042 391.11980166260145 295.99814811789764
    vertex 514.8121014531042 390.5757946626015 298.24214811789767
    vertex 515.7220894531042 391.11980166260145 298.24214811789767
  endloop
endfacet
facet normal -0.5966621887737502 -0.802492512418476 1.5777218104420236e-30
  outer loop
    vertex 516.5720954531042 408.4518016626013 295.99814811789776
    vertex 515.7220894531042 409.0837906626014 298.24214811789767
    vertex 515.7220894531042 409.0837906626014 295.99814811789764
  endloop
endfacet
facet normal -0.5966621887737502 -0.802492512418476 1.5777218104420236e-30
  outer loop
    vertex 515.7220894531042 409.0837906626014 298.24214811789767
    vertex 516.5720954531042 408.4518016626013 295.99814811789776
    vertex 516.5720954531042 408.4518016626013 298.2421481178977
  endloop
endfacet
facet normal 0.997483291552321 -1.127423176705257e-09 0.07090192574216675
  outer loop
    vertex 480.3060894531043 398.05977266260135 330.66015111789767
    vertex 480.16608945310423 398.05977266260135 332.6301481178977
    vertex 480.3121014531043 397.6317946626014 330.5761511178977
  endloop
endfacet
facet normal 0.997483291552321 -1.127423176705257e-09 0.07090192574216675
  outer loop
    vertex 480.16608945310423 398.05977266260135 332.6301481178977
    vertex 480.3060894531043 398.05977266260135 330.66015111789767
    vertex 480.3121014531043 398.4877816626013 330.57615111789767
  endloop
endfacet
facet normal -0.3257594960499695 0.38410104222645164 0.8639138499259194
  outer loop
    vertex 514.6060924531043 379.14378766260165 333.95015111789763
    vertex 509.8961004531042 380.46178066260165 331.58814811789773
    vertex 509.30009245310424 378.6337786626017 332.1761491178977
  endloop
endfacet
facet normal -0.9507420425206035 0.309983174678483 0.0
  outer loop
    vertex 509.8961004531042 380.46178066260165 331.58814811789773
    vertex 509.8961004531042 380.4617806626013 326.74415011789773
    vertex 509.30009245310424 378.6337786626017 332.1761491178977
  endloop
endfacet
facet normal -0.49278563634118894 -0.08520792927850646 0.8659687785387409
  outer loop
    vertex 514.3520944531042 379.30177766260164 326.0661491178977
    vertex 516.7120954531043 381.4057816626013 327.6161501178977
    vertex 514.0520914531043 381.0378006626015 326.06614911789774
  endloop
endfacet
facet normal -0.49278563634118894 -0.08520792927850646 0.8659687785387409
  outer loop
    vertex 516.7120954531043 381.4057816626013 327.6161501178977
    vertex 514.3520944531042 379.30177766260164 326.0661491178977
    vertex 517.0120984531043 379.6717726626014 327.6161501178977
  endloop
endfacet
facet normal -0.6047571584215711 0.40051220452444214 -0.6883739923652246
  outer loop
    vertex 514.4640934531043 379.3877756626013 322.10615011789764
    vertex 509.30009245310424 378.5477796626013 326.15415011789764
    vertex 509.8961004531042 380.4617806626013 326.74415011789773
  endloop
endfacet
facet normal -0.2667449308641834 -0.913762362290885 -0.3064073875069651
  outer loop
    vertex 510.4801004531042 416.8958016626013 326.68814911789764
    vertex 514.7320994531043 417.5437816626014 321.0541501178977
    vertex 514.7400944531042 416.3617746626014 324.57214911789765
  endloop
endfacet
facet normal 0.941273077354847 -0.3376462554907669 0.0
  outer loop
    vertex 499.74009445310423 404.23579866260155 295.99814811789764
    vertex 499.38209345310423 403.2377816626013 298.24214811789767
    vertex 499.38209345310423 403.2377816626013 295.99814811789764
  endloop
endfacet
facet normal 0.941273077354847 -0.3376462554907669 0.0
  outer loop
    vertex 499.38209345310423 403.2377816626013 298.24214811789767
    vertex 499.74009445310423 404.23579866260155 295.99814811789764
    vertex 499.74009445310423 404.23579866260155 298.24214811789767
  endloop
endfacet
facet normal -0.9891033344313779 0.14722293916618515 1.97215226305253e-31
  outer loop
    vertex 520.4700904531041 399.0437816626015 298.24214811789767
    vertex 520.3141004531043 397.9957776626014 295.99814811789764
    vertex 520.3141004531043 397.9957776626014 298.24214811789767
  endloop
endfacet
facet normal -0.9891033344313779 0.14722293916618515 1.97215226305253e-31
  outer loop
    vertex 520.3141004531043 397.9957776626014 295.99814811789764
    vertex 520.4700904531041 399.0437816626015 298.24214811789767
    vertex 520.4700904531041 399.0437816626015 295.99814811789764
  endloop
endfacet
facet normal 0.0 0.0 -1.0
  outer loop
    vertex 498.7380964531042 376.4517716626014 295.99814811789776
    vertex 498.9700904531042 399.04378166260165 295.99814811789764
    vertex 500.2340984531042 376.08379066260153 295.99814811789776
  endloop
endfacet
facet normal 0.0 0.0 -1.0
  outer loop
    vertex 498.9700904531042 399.04378166260165 295.99814811789764
    vertex 498.7380964531042 376.4517716626014 295.99814811789776
    vertex 498.9180884531042 400.10179566260143 295.99814811789764
  endloop
endfacet
facet normal 0.0 0.0 -1.0
  outer loop
    vertex 500.2340984531042 376.08379066260153 295.99814811789776
    vertex 498.9700904531042 399.04378166260165 295.99814811789764
    vertex 499.12609645310425 397.9957776626014 295.99814811789764
  endloop
endfacet
facet normal 0.0 0.0 -1.0
  outer loop
    vertex 500.2340984531042 376.08379066260153 295.99814811789776
    vertex 499.12609645310425 397.9957776626014 295.99814811789764
    vertex 499.38209345310423 396.9657786626015 295.99814811789764
  endloop
endfacet
facet normal 0.0 0.0 -1.0
  outer loop
    vertex 500.2340984531042 376.08379066260153 295.99814811789776
    vertex 499.38209345310423 396.9657786626015 295.99814811789764
    vertex 499.74009445310423 395.9677926626013 295.99814811789776
  endloop
endfacet
facet normal 0.0 0.0 -1.0
  outer loop
    vertex 500.2340984531042 376.08379066260153 295.99814811789776
    vertex 499.74009445310423 395.9677926626013 295.99814811789776
    vertex 500.19209045310424 395.00978566260153 295.99814811789776
  endloop
endfacet
facet normal 0.0 0.0 -1.0
  outer loop
    vertex 500.2340984531042 376.08379066260153 295.99814811789776
    vertex 500.19209045310424 395.00978566260153 295.99814811789776
    vertex 500.7380964531043 394.1017956626014 295.99814811789776
  endloop
endfacet
facet normal 0.0 0.0 -1.0
  outer loop
    vertex 500.2340984531042 376.08379066260153 295.99814811789776
    vertex 500.7380964531043 394.1017956626014 295.99814811789776
    vertex 501.75210345310416 375.7677806626016 295.99814811789776
  endloop
endfacet
facet normal 0.0 0.0 -1.0
  outer loop
    vertex 501.75210345310416 375.7677806626016 295.99814811789776
    vertex 500.7380964531043 394.1017956626014 295.99814811789776
    vertex 501.3700994531042 393.2497756626016 295.99814811789764
  endloop
endfacet
facet normal 0.0 0.0 -1.0
  outer loop
    vertex 501.75210345310416 375.7677806626016 295.99814811789776
    vertex 501.3700994531042 393.2497756626016 295.99814811789764
    vertex 502.08209045310423 392.46379566260157 295.99814811789764
  endloop
endfacet
facet normal 0.0 0.0 -1.0
  outer loop
    vertex 501.75210345310416 375.7677806626016 295.99814811789776
    vertex 502.08209045310423 392.46379566260157 295.99814811789764
    vertex 503.28809945310417 375.5097856626014 295.99814811789776
  endloop
endfacet
facet normal 0.0 0.0 -1.0
  outer loop
    vertex 503.28809945310417 375.5097856626014 295.99814811789776
    vertex 502.08209045310423 392.46379566260157 295.99814811789764
    vertex 502.8661024531042 391.75178966260154 295.99814811789764
  endloop
endfacet
facet normal 0.0 0.0 -1.0
  outer loop
    vertex 503.28809945310417 375.5097856626014 295.99814811789776
    vertex 502.8661024531042 391.75178966260154 295.99814811789764
    vertex 503.7180914531043 391.11980166260145 295.99814811789764
  endloop
endfacet
facet normal 0.0 0.0 -1.0
  outer loop
    vertex 503.28809945310417 375.5097856626014 295.99814811789776
    vertex 503.7180914531043 391.11980166260145 295.99814811789764
    vertex 504.8381024531042 375.3097726626013 295.99814811789776
  endloop
endfacet
facet normal 0.0 0.0 -1.0
  outer loop
    vertex 504.8381024531042 375.3097726626013 295.99814811789776
    vertex 503.7180914531043 391.11980166260145 295.99814811789764
    vertex 504.6280954531042 390.5757946626015 295.99814811789764
  endloop
endfacet
facet normal 0.0 0.0 -1.0
  outer loop
    vertex 504.8381024531042 375.3097726626013 295.99814811789776
    vertex 504.6280954531042 390.5757946626015 295.99814811789764
    vertex 505.5861034531043 390.1217846626014 295.99814811789764
  endloop
endfacet
facet normal 0.0 0.0 -1.0
  outer loop
    vertex 504.8381024531042 375.3097726626013 295.99814811789776
    vertex 505.5861034531043 390.1217846626014 295.99814811789764
    vertex 506.4020974531042 375.16579166260146 295.99814811789776
  endloop
endfacet
facet normal 0.0 0.0 -1.0
  outer loop
    vertex 506.4020974531042 375.16579166260146 295.99814811789776
    vertex 505.5861034531043 390.1217846626014 295.99814811789764
    vertex 506.5840894531042 389.76579766260136 295.99814811789776
  endloop
endfacet
facet normal 0.0 0.0 -1.0
  outer loop
    vertex 506.4020974531042 375.16579166260146 295.99814811789776
    vertex 506.5840894531042 389.76579766260136 295.99814811789776
    vertex 507.9720894531042 375.0797926626014 295.99814811789776
  endloop
endfacet
facet normal 0.0 0.0 -1.0
  outer loop
    vertex 507.9720894531042 375.0797926626014 295.99814811789776
    vertex 506.5840894531042 389.76579766260136 295.99814811789776
    vertex 507.6120884531042 389.5078016626014 295.99814811789776
  endloop
endfacet
facet normal 0.0 0.0 -1.0
  outer loop
    vertex 507.9720894531042 375.0797926626014 295.99814811789776
    vertex 507.6120884531042 389.5078016626014 295.99814811789776
    vertex 508.6620914531042 389.3517956626013 295.99814811789776
  endloop
endfacet
facet normal 0.0 0.0 -1.0
  outer loop
    vertex 507.9720894531042 375.0797926626014 295.99814811789776
    vertex 508.6620914531042 389.3517956626013 295.99814811789776
    vertex 509.5460944531043 375.05177766260135 295.99814811789776
  endloop
endfacet
facet normal 0.0 0.0 -1.0
  outer loop
    vertex 509.5460944531043 375.05177766260135 295.99814811789776
    vertex 508.6620914531042 389.3517956626013 295.99814811789776
    vertex 509.72009045310426 389.2997936626014 295.99814811789776
  endloop
endfacet
facet normal 0.0 0.0 -1.0
  outer loop
    vertex 509.5460944531043 375.05177766260135 295.99814811789776
    vertex 509.72009045310426 389.2997936626014 295.99814811789776
    vertex 511.1200994531042 375.0817766626013 295.99814811789776
  endloop
endfacet
facet normal 0.0 0.0 -1.0
  outer loop
    vertex 511.1200994531042 375.0817766626013 295.99814811789776
    vertex 509.72009045310426 389.2997936626014 295.99814811789776
    vertex 510.77808945310426 389.3517956626013 295.99814811789776
  endloop
endfacet
facet normal 0.0 0.0 -1.0
  outer loop
    vertex 511.1200994531042 375.0817766626013 295.99814811789776
    vertex 510.77808945310426 389.3517956626013 295.99814811789776
    vertex 511.82809245310415 389.5078016626014 295.99814811789776
  endloop
endfacet
facet normal 0.0 0.0 -1.0
  outer loop
    vertex 511.1200994531042 375.0817766626013 295.99814811789776
    vertex 511.82809245310415 389.5078016626014 295.99814811789776
    vertex 512.6900914531042 375.16978866260143 295.99814811789776
  endloop
endfacet
facet normal 0.0 0.0 -1.0
  outer loop
    vertex 512.6900914531042 375.16978866260143 295.99814811789776
    vertex 511.82809245310415 389.5078016626014 295.99814811789776
    vertex 512.8560924531042 389.76579766260136 295.99814811789764
  endloop
endfacet
facet normal 0.0 0.0 -1.0
  outer loop
    vertex 512.6900914531042 375.16978866260143 295.99814811789776
    vertex 512.8560924531042 389.76579766260136 295.99814811789764
    vertex 514.2521034531043 375.3137706626015 295.99814811789776
  endloop
endfacet
facet normal 0.0 0.0 -1.0
  outer loop
    vertex 514.2521034531043 375.3137706626015 295.99814811789776
    vertex 512.8560924531042 389.76579766260136 295.99814811789764
    vertex 513.8540934531043 390.1217846626014 295.99814811789764
  endloop
endfacet
facet normal 0.0 0.0 -1.0
  outer loop
    vertex 514.2521034531043 375.3137706626015 295.99814811789776
    vertex 513.8540934531043 390.1217846626014 295.99814811789764
    vertex 514.8121014531042 390.5757946626015 295.99814811789764
  endloop
endfacet
facet normal 0.0 0.0 -1.0
  outer loop
    vertex 514.2521034531043 375.3137706626015 295.99814811789776
    vertex 514.8121014531042 390.5757946626015 295.99814811789764
    vertex 515.8040904531041 375.51778066260147 295.99814811789776
  endloop
endfacet
facet normal 0.0 0.0 -1.0
  outer loop
    vertex 515.8040904531041 375.51778066260147 295.99814811789776
    vertex 514.8121014531042 390.5757946626015 295.99814811789764
    vertex 515.7220894531042 391.11980166260145 295.99814811789764
  endloop
endfacet
facet normal 0.0 0.0 -1.0
  outer loop
    vertex 515.8040904531041 375.51778066260147 295.99814811789776
    vertex 515.7220894531042 391.11980166260145 295.99814811789764
    vertex 516.5720954531042 391.75178966260137 295.99814811789764
  endloop
endfacet
facet normal 0.0 0.0 -1.0
  outer loop
    vertex 515.8040904531041 375.51778066260147 295.99814811789776
    vertex 516.5720954531042 391.75178966260137 295.99814811789764
    vertex 517.3401014531042 375.7757766626014 295.99814811789776
  endloop
endfacet
facet normal 0.0 0.0 -1.0
  outer loop
    vertex 517.3401014531042 375.7757766626014 295.99814811789776
    vertex 516.5720954531042 391.75178966260137 295.99814811789764
    vertex 517.3580914531042 392.4637956626014 295.99814811789764
  endloop
endfacet
facet normal 0.0 0.0 -1.0
  outer loop
    vertex 517.3401014531042 375.7757766626014 295.99814811789776
    vertex 517.3580914531042 392.4637956626014 295.99814811789764
    vertex 518.8560924531042 376.09178566260135 295.99814811789776
  endloop
endfacet
facet normal 0.0 0.0 -1.0
  outer loop
    vertex 518.8560924531042 376.09178566260135 295.99814811789776
    vertex 517.3580914531042 392.4637956626014 295.99814811789764
    vertex 518.0700964531042 393.24977566260145 295.99814811789776
  endloop
endfacet
facet normal 0.0 0.0 -1.0
  outer loop
    vertex 518.8560924531042 376.09178566260135 295.99814811789776
    vertex 518.0700964531042 393.24977566260145 295.99814811789776
    vertex 518.7021004531043 394.1017956626014 295.99814811789776
  endloop
endfacet
facet normal 0.0 0.0 -1.0
  outer loop
    vertex 518.8560924531042 376.09178566260135 295.99814811789776
    vertex 518.7021004531043 394.1017956626014 295.99814811789776
    vertex 519.2460914531041 395.00978566260136 295.99814811789776
  endloop
endfacet
facet normal 0.0 0.0 -1.0
  outer loop
    vertex 518.8560924531042 376.09178566260135 295.99814811789776
    vertex 519.2460914531041 395.00978566260136 295.99814811789776
    vertex 520.3500954531042 376.4637956626014 295.99814811789764
  endloop
endfacet
facet normal 0.0 0.0 -1.0
  outer loop
    vertex 520.3500954531042 376.4637956626014 295.99814811789764
    vertex 519.2460914531041 395.00978566260136 295.99814811789776
    vertex 519.7001014531043 395.9677926626013 295.99814811789764
  endloop
endfacet
facet normal 0.0 0.0 -1.0
  outer loop
    vertex 520.3500954531042 376.4637956626014 295.99814811789764
    vertex 519.7001014531043 395.9677926626013 295.99814811789764
    vertex 520.0581034531043 396.96577866260134 295.99814811789764
  endloop
endfacet
facet normal 0.0 0.0 -1.0
  outer loop
    vertex 520.3500954531042 376.4637956626014 295.99814811789764
    vertex 520.0581034531043 396.96577866260134 295.99814811789764
    vertex 520.3141004531043 397.9957776626014 295.99814811789764
  endloop
endfacet
facet normal 0.0 0.0 -1.0
  outer loop
    vertex 520.3500954531042 376.4637956626014 295.99814811789764
    vertex 520.3141004531043 397.9957776626014 295.99814811789764
    vertex 520.4700904531041 399.0437816626015 295.99814811789764
  endloop
endfacet
facet normal 0.0 0.0 -1.0
  outer loop
    vertex 520.3500954531042 376.4637956626014 295.99814811789764
    vertex 520.4700904531041 399.0437816626015 295.99814811789764
    vertex 521.8200964531043 376.88979066260146 295.99814811789764
  endloop
endfacet
facet normal 0.0 0.0 -1.0
  outer loop
    vertex 521.8200964531043 376.88979066260146 295.99814811789764
    vertex 520.4700904531041 399.0437816626015 295.99814811789764
    vertex 520.5220924531043 400.10179566260143 295.99814811789776
  endloop
endfacet
facet normal 0.0 0.0 -1.0
  outer loop
    vertex 521.8200964531043 376.88979066260146 295.99814811789764
    vertex 520.5220924531043 400.10179566260143 295.99814811789776
    vertex 521.7960944531042 421.3357736626014 295.99814811789764
  endloop
endfacet
facet normal 0.0 0.0 -1.0
  outer loop
    vertex 521.8200964531043 376.88979066260146 295.99814811789764
    vertex 521.7960944531042 421.3357736626014 295.99814811789764
    vertex 523.2360974531043 420.85777766260134 295.99814811789776
  endloop
endfacet
facet normal 0.0 0.0 -1.0
  outer loop
    vertex 521.8200964531043 376.88979066260146 295.99814811789764
    vertex 523.2360974531043 420.85777766260134 295.99814811789776
    vertex 523.2581004531042 377.3677866626012 295.99814811789764
  endloop
endfacet
facet normal 0.0 0.0 -1.0
  outer loop
    vertex 523.2581004531042 377.3677866626012 295.99814811789764
    vertex 523.2360974531043 420.85777766260134 295.99814811789776
    vertex 524.6421024531043 420.3277786626015 295.99814811789776
  endloop
endfacet
facet normal 0.0 0.0 -1.0
  outer loop
    vertex 523.2581004531042 377.3677866626012 295.99814811789764
    vertex 524.6421024531043 420.3277786626015 295.99814811789776
    vertex 524.6640904531042 377.8997996626013 295.99814811789764
  endloop
endfacet
facet normal 0.0 0.0 -1.0
  outer loop
    vertex 524.6640904531042 377.8997996626013 295.99814811789764
    vertex 524.6421024531043 420.3277786626015 295.99814811789776
    vertex 526.0120984531043 419.7477916626013 295.99814811789776
  endloop
endfacet
facet normal 0.0 0.0 -1.0
  outer loop
    vertex 524.6640904531042 377.8997996626013 295.99814811789764
    vertex 526.0120984531043 419.7477916626013 295.99814811789776
    vertex 526.0341014531043 378.4818006626014 295.99814811789764
  endloop
endfacet
facet normal 0.0 0.0 -1.0
  outer loop
    vertex 526.0341014531043 378.4818006626014 295.99814811789764
    vertex 526.0120984531043 419.7477916626013 295.99814811789776
    vertex 526.6940894531042 400.1357926626014 295.99814811789776
  endloop
endfacet
facet normal 0.0 0.0 -1.0
  outer loop
    vertex 526.6940894531042 400.1357926626014 295.99814811789776
    vertex 526.0120984531043 419.7477916626013 295.99814811789776
    vertex 527.3440984531043 419.11577266260116 295.99814811789776
  endloop
endfacet
facet normal 0.0 0.0 -1.0
  outer loop
    vertex 526.6940894531042 400.1357926626014 295.99814811789776
    vertex 527.3440984531043 419.11577266260116 295.99814811789776
    vertex 526.7581004531042 400.78578666260125 295.99814811789776
  endloop
endfacet
facet normal 0.0 0.0 -1.0
  outer loop
    vertex 526.7581004531042 400.78578666260125 295.99814811789776
    vertex 527.3440984531043 419.11577266260116 295.99814811789776
    vertex 526.9481024531042 401.41179366260144 295.99814811789776
  endloop
endfacet
facet normal 0.0 0.0 -1.0
  outer loop
    vertex 526.9481024531042 401.41179366260144 295.99814811789776
    vertex 527.3440984531043 419.11577266260116 295.99814811789776
    vertex 527.2561014531043 401.98778166260126 295.99814811789764
  endloop
endfacet
facet normal 0.0 0.0 -1.0
  outer loop
    vertex 527.2561014531043 401.98778166260126 295.99814811789764
    vertex 527.3440984531043 419.11577266260116 295.99814811789776
    vertex 527.6721014531042 402.4917796626013 295.99814811789764
  endloop
endfacet
facet normal 0.0 0.0 -1.0
  outer loop
    vertex 527.6721014531042 402.4917796626013 295.99814811789764
    vertex 527.3440984531043 419.11577266260116 295.99814811789776
    vertex 528.6300944531042 418.4377946626013 295.99814811789776
  endloop
endfacet
facet normal 0.0 0.0 -1.0
  outer loop
    vertex 527.6721014531042 402.4917796626013 295.99814811789764
    vertex 528.6300944531042 418.4377946626013 295.99814811789776
    vertex 528.1760994531043 402.90779566260125 295.99814811789764
  endloop
endfacet
facet normal 0.0 0.0 -1.0
  outer loop
    vertex 528.1760994531043 402.90779566260125 295.99814811789764
    vertex 528.6300944531042 418.4377946626013 295.99814811789776
    vertex 528.7541024531042 403.21577866260117 295.99814811789764
  endloop
endfacet
facet normal 0.0 0.0 -1.0
  outer loop
    vertex 528.7541024531042 403.21577866260117 295.99814811789764
    vertex 528.6300944531042 418.4377946626013 295.99814811789776
    vertex 529.8720984531042 417.7117806626013 295.99814811789764
  endloop
endfacet
facet normal 0.0 0.0 -1.0
  outer loop
    vertex 528.7541024531042 403.21577866260117 295.99814811789764
    vertex 529.8720984531042 417.7117806626013 295.99814811789764
    vertex 529.3800944531042 403.4057816626012 295.99814811789764
  endloop
endfacet
facet normal 0.0 0.0 -1.0
  outer loop
    vertex 529.3800944531042 403.4057816626012 295.99814811789764
    vertex 529.8720984531042 417.7117806626013 295.99814811789764
    vertex 530.0301034531043 403.4697766626013 295.99814811789764
  endloop
endfacet
facet normal 0.0 0.0 -1.0
  outer loop
    vertex 530.0301034531043 403.4697766626013 295.99814811789764
    vertex 529.8720984531042 417.7117806626013 295.99814811789764
    vertex 531.0660984531042 416.9417916626013 295.99814811789764
  endloop
endfacet
facet normal 0.0 0.0 -1.0
  outer loop
    vertex 530.0301034531043 403.4697766626013 295.99814811789764
    vertex 531.0660984531042 416.9417916626013 295.99814811789764
    vertex 530.6820964531042 403.4057816626012 295.99814811789764
  endloop
endfacet
facet normal 0.0 0.0 -1.0
  outer loop
    vertex 530.6820964531042 403.4057816626012 295.99814811789764
    vertex 531.0660984531042 416.9417916626013 295.99814811789764
    vertex 531.3081034531042 403.2177926626015 295.99814811789764
  endloop
endfacet
facet normal 0.0 0.0 -1.0
  outer loop
    vertex 531.3081034531042 403.2177926626015 295.99814811789764
    vertex 531.0660984531042 416.9417916626013 295.99814811789764
    vertex 532.2060984531042 416.1277966626013 295.99814811789764
  endloop
endfacet
facet normal 0.0 0.0 -1.0
  outer loop
    vertex 531.3081034531042 403.2177926626015 295.99814811789764
    vertex 532.2060984531042 416.1277966626013 295.99814811789764
    vertex 531.8840924531042 402.90977966260135 295.99814811789764
  endloop
endfacet
facet normal 0.0 0.0 -1.0
  outer loop
    vertex 531.8840924531042 402.90977966260135 295.99814811789764
    vertex 532.2060984531042 416.1277966626013 295.99814811789764
    vertex 532.3901044531042 402.4957776626013 295.99814811789764
  endloop
endfacet
facet normal 0.0 0.0 -1.0
  outer loop
    vertex 532.3901044531042 402.4957776626013 295.99814811789764
    vertex 532.2060984531042 416.1277966626013 295.99814811789764
    vertex 533.2920964531043 415.27379266260135 295.99814811789764
  endloop
endfacet
facet normal 0.0 0.0 -1.0
  outer loop
    vertex 532.3901044531042 402.4957776626013 295.99814811789764
    vertex 533.2920964531043 415.27379266260135 295.99814811789764
    vertex 532.8061044531042 401.9917796626014 295.99814811789764
  endloop
endfacet
facet normal 0.0 0.0 -1.0
  outer loop
    vertex 532.8061044531042 401.9917796626014 295.99814811789764
    vertex 533.2920964531043 415.27379266260135 295.99814811789764
    vertex 533.1141034531042 401.41579166260124 295.99814811789776
  endloop
endfacet
facet normal 0.0 0.0 -1.0
  outer loop
    vertex 533.1141034531042 401.41579166260124 295.99814811789776
    vertex 533.2920964531043 415.27379266260135 295.99814811789764
    vertex 533.3040904531043 400.78978366260145 295.99814811789776
  endloop
endfacet
facet normal 0.0 0.0 -1.0
  outer loop
    vertex 533.3040904531043 400.78978366260145 295.99814811789776
    vertex 533.2920964531043 415.27379266260135 295.99814811789764
    vertex 537.0480934531042 411.7077836626014 295.9981481178977
  endloop
endfacet
facet normal 0.0 0.0 -1.0
  outer loop
    vertex 533.3040904531043 400.78978366260145 295.99814811789776
    vertex 537.0480934531042 411.7077836626014 295.9981481178977
    vertex 533.3681004531043 400.13979066260123 295.99814811789776
  endloop
endfacet
facet normal 0.0 0.0 -1.0
  outer loop
    vertex 533.3681004531043 400.13979066260123 295.99814811789776
    vertex 537.0480934531042 411.7077836626014 295.9981481178977
    vertex 536.3720984531043 385.6758006626013 295.99814811789776
  endloop
endfacet
facet normal 0.0 0.0 -1.0
  outer loop
    vertex 536.3720984531043 385.6758006626013 295.99814811789776
    vertex 537.0480934531042 411.7077836626014 295.9981481178977
    vertex 537.1181004531043 386.72179066260145 295.99814811789776
  endloop
endfacet
facet normal 0.0 0.0 -1.0
  outer loop
    vertex 537.1181004531043 386.72179066260145 295.99814811789776
    vertex 537.0480934531042 411.7077836626014 295.9981481178977
    vertex 537.8500954531042 410.4737746626014 295.99814811789764
  endloop
endfacet
facet normal 0.0 0.0 -1.0
  outer loop
    vertex 537.1181004531043 386.72179066260145 295.99814811789776
    vertex 537.8500954531042 410.4737746626014 295.99814811789764
    vertex 537.8621044531042 387.76778066260135 295.99814811789776
  endloop
endfacet
facet normal 0.0 0.0 -1.0
  outer loop
    vertex 537.8621044531042 387.76778066260135 295.99814811789776
    vertex 537.8500954531042 410.4737746626014 295.99814811789764
    vertex 538.5780924531042 409.42378666260123 295.99814811789764
  endloop
endfacet
facet normal 0.0 0.0 -1.0
  outer loop
    vertex 537.8621044531042 387.76778066260135 295.99814811789776
    vertex 538.5780924531042 409.42378666260123 295.99814811789764
    vertex 538.5901014531042 388.8197826626014 295.99814811789764
  endloop
endfacet
facet normal 0.0 0.0 -1.0
  outer loop
    vertex 538.5901014531042 388.8197826626014 295.99814811789764
    vertex 538.5780924531042 409.42378666260123 295.99814811789764
    vertex 539.2340984531043 408.34978166260146 295.99814811789764
  endloop
endfacet
facet normal 0.0 0.0 -1.0
  outer loop
    vertex 538.5901014531042 388.8197826626014 295.99814811789764
    vertex 539.2340984531043 408.34978166260146 295.99814811789764
    vertex 539.2440924531043 389.89378766260137 295.99814811789764
  endloop
endfacet
facet normal 0.0 0.0 -1.0
  outer loop
    vertex 539.2440924531043 389.89378766260137 295.99814811789764
    vertex 539.2340984531043 408.34978166260146 295.99814811789764
    vertex 539.7841014531042 407.2417796626013 295.99814811789776
  endloop
endfacet
facet normal 0.0 0.0 -1.0
  outer loop
    vertex 539.2440924531043 389.89378766260137 295.99814811789764
    vertex 539.7841014531042 407.2417796626013 295.99814811789776
    vertex 539.7920964531043 391.0017896626013 295.99814811789764
  endloop
endfacet
facet normal 0.0 0.0 -1.0
  outer loop
    vertex 539.7920964531043 391.0017896626013 295.99814811789764
    vertex 539.7841014531042 407.2417796626013 295.99814811789776
    vertex 540.2620984531042 406.11378966260133 295.99814811789776
  endloop
endfacet
facet normal 0.0 0.0 -1.0
  outer loop
    vertex 539.7920964531043 391.0017896626013 295.99814811789764
    vertex 540.2620984531042 406.11378966260133 295.99814811789776
    vertex 540.2700934531042 392.13179466260124 295.99814811789776
  endloop
endfacet
facet normal 0.0 0.0 -1.0
  outer loop
    vertex 540.2700934531042 392.13179466260124 295.99814811789776
    vertex 540.2620984531042 406.11378966260133 295.99814811789776
    vertex 540.7021004531042 404.9757886626014 295.99814811789776
  endloop
endfacet
facet normal 0.0 0.0 -1.0
  outer loop
    vertex 540.2700934531042 392.13179466260124 295.99814811789776
    vertex 540.7021004531042 404.9757886626014 295.99814811789776
    vertex 540.7080974531043 393.2697946626013 295.99814811789776
  endloop
endfacet
facet normal 0.0 0.0 -1.0
  outer loop
    vertex 540.7080974531043 393.2697946626013 295.99814811789776
    vertex 540.7021004531042 404.9757886626014 295.99814811789776
    vertex 541.0660984531041 403.82777866260125 295.99814811789764
  endloop
endfacet
facet normal 0.0 0.0 -1.0
  outer loop
    vertex 540.7080974531043 393.2697946626013 295.99814811789776
    vertex 541.0660984531041 403.82777866260125 295.99814811789764
    vertex 541.0720954531043 394.4177746626013 295.99814811789776
  endloop
endfacet
facet normal 0.0 0.0 -1.0
  outer loop
    vertex 541.0720954531043 394.4177746626013 295.99814811789776
    vertex 541.0660984531041 403.82777866260125 295.99814811789764
    vertex 541.3180974531042 402.6617936626013 295.99814811789764
  endloop
endfacet
facet normal 0.0 0.0 -1.0
  outer loop
    vertex 541.0720954531043 394.4177746626013 295.99814811789776
    vertex 541.3180974531042 402.6617936626013 295.99814811789764
    vertex 541.3220954531042 395.5837906626014 295.99814811789764
  endloop
endfacet
facet normal 0.0 0.0 -1.0
  outer loop
    vertex 541.3220954531042 395.5837906626014 295.99814811789764
    vertex 541.3180974531042 402.6617936626013 295.99814811789764
    vertex 541.4920934531042 401.48378466260135 295.99814811789764
  endloop
endfacet
facet normal 0.0 0.0 -1.0
  outer loop
    vertex 541.3220954531042 395.5837906626014 295.99814811789764
    vertex 541.4920934531042 401.48378466260135 295.99814811789764
    vertex 541.4940924531043 396.7617996626014 295.99814811789764
  endloop
endfacet
facet normal 0.0 0.0 -1.0
  outer loop
    vertex 541.4940924531043 396.7617996626014 295.99814811789764
    vertex 541.4920934531042 401.48378466260135 295.99814811789764
    vertex 541.6280954531043 400.30379166260127 295.99814811789776
  endloop
endfacet
facet normal 0.0 0.0 -1.0
  outer loop
    vertex 541.4940924531043 396.7617996626014 295.99814811789764
    vertex 541.6280954531043 400.30379166260127 295.99814811789776
    vertex 541.6300944531042 397.94179166260125 295.99814811789764
  endloop
endfacet
facet normal 0.0 0.0 -1.0
  outer loop
    vertex 541.6300944531042 397.94179166260125 295.99814811789764
    vertex 541.6280954531043 400.30379166260127 295.99814811789776
    vertex 541.6880924531042 399.1237986626014 295.99814811789776
  endloop
endfacet
facet normal 0.0 0.0 -1.0
  outer loop
    vertex 526.6940894531042 400.1357926626014 295.99814811789776
    vertex 527.3641034531042 379.1157726626013 295.99814811789764
    vertex 526.0341014531043 378.4818006626014 295.99814811789764
  endloop
endfacet
facet normal 0.0 0.0 -1.0
  outer loop
    vertex 527.3641034531042 379.1157726626013 295.99814811789764
    vertex 526.6940894531042 400.1357926626014 295.99814811789776
    vertex 526.7600994531043 399.48579866260116 295.99814811789776
  endloop
endfacet
facet normal 0.0 0.0 -1.0
  outer loop
    vertex 527.3641034531042 379.1157726626013 295.99814811789764
    vertex 526.7600994531043 399.48579866260116 295.99814811789776
    vertex 526.9501014531043 398.86177466260125 295.99814811789764
  endloop
endfacet
facet normal 0.0 0.0 -1.0
  outer loop
    vertex 527.3641034531042 379.1157726626013 295.99814811789764
    vertex 526.9501014531043 398.86177466260125 295.99814811789764
    vertex 527.2581004531042 398.2857866626014 295.99814811789764
  endloop
endfacet
facet normal 0.0 0.0 -1.0
  outer loop
    vertex 527.3641034531042 379.1157726626013 295.99814811789764
    vertex 527.2581004531042 398.2857866626014 295.99814811789764
    vertex 527.6741004531043 397.7817886626014 295.99814811789764
  endloop
endfacet
facet normal 0.0 0.0 -1.0
  outer loop
    vertex 527.3641034531042 379.1157726626013 295.99814811789764
    vertex 527.6741004531043 397.7817886626014 295.99814811789764
    vertex 528.6500984531043 379.7957956626013 295.99814811789776
  endloop
endfacet
facet normal 0.0 0.0 -1.0
  outer loop
    vertex 528.6500984531043 379.7957956626013 295.99814811789776
    vertex 527.6741004531043 397.7817886626014 295.99814811789764
    vertex 528.1800974531043 397.36778666260136 295.99814811789764
  endloop
endfacet
facet normal 0.0 0.0 -1.0
  outer loop
    vertex 528.6500984531043 379.7957956626013 295.99814811789776
    vertex 528.1800974531043 397.36778666260136 295.99814811789764
    vertex 528.7561014531043 397.0597726626014 295.99814811789764
  endloop
endfacet
facet normal 0.0 0.0 -1.0
  outer loop
    vertex 528.6500984531043 379.7957956626013 295.99814811789776
    vertex 528.7561014531043 397.0597726626014 295.99814811789764
    vertex 529.8921024531043 380.5217786626014 295.99814811789776
  endloop
endfacet
facet normal 0.0 0.0 -1.0
  outer loop
    vertex 529.8921024531043 380.5217786626014 295.99814811789776
    vertex 528.7561014531043 397.0597726626014 295.99814811789764
    vertex 529.3820934531043 396.87178466260127 295.99814811789764
  endloop
endfacet
facet normal 0.0 0.0 -1.0
  outer loop
    vertex 529.8921024531043 380.5217786626014 295.99814811789776
    vertex 529.3820934531043 396.87178466260127 295.99814811789764
    vertex 530.0341014531043 396.80778966260135 295.99814811789764
  endloop
endfacet
facet normal 0.0 0.0 -1.0
  outer loop
    vertex 529.8921024531043 380.5217786626014 295.99814811789776
    vertex 530.0341014531043 396.80778966260135 295.99814811789764
    vertex 531.0841044531043 381.29378166260136 295.99814811789776
  endloop
endfacet
facet normal 0.0 0.0 -1.0
  outer loop
    vertex 531.0841044531043 381.29378166260136 295.99814811789776
    vertex 530.0341014531043 396.80778966260135 295.99814811789764
    vertex 530.6840954531042 396.87178466260127 295.99814811789764
  endloop
endfacet
facet normal 0.0 0.0 -1.0
  outer loop
    vertex 531.0841044531043 381.29378166260136 295.99814811789776
    vertex 530.6840954531042 396.87178466260127 295.99814811789764
    vertex 531.3101024531043 397.0617876626013 295.99814811789764
  endloop
endfacet
facet normal 0.0 0.0 -1.0
  outer loop
    vertex 531.0841044531043 381.29378166260136 295.99814811789776
    vertex 531.3101024531043 397.0617876626013 295.99814811789764
    vertex 532.2241034531042 382.10979166260137 295.99814811789776
  endloop
endfacet
facet normal 0.0 0.0 -1.0
  outer loop
    vertex 532.2241034531042 382.10979166260137 295.99814811789776
    vertex 531.3101024531043 397.0617876626013 295.99814811789764
    vertex 531.8860914531042 397.3698016626013 295.99814811789764
  endloop
endfacet
facet normal 0.0 0.0 -1.0
  outer loop
    vertex 532.2241034531042 382.10979166260137 295.99814811789776
    vertex 531.8860914531042 397.3698016626013 295.99814811789764
    vertex 532.3921024531043 397.7837716626013 295.99814811789764
  endloop
endfacet
facet normal 0.0 0.0 -1.0
  outer loop
    vertex 532.2241034531042 382.10979166260137 295.99814811789776
    vertex 532.3921024531043 397.7837716626013 295.99814811789764
    vertex 533.3081034531043 382.96379566260117 295.99814811789764
  endloop
endfacet
facet normal 0.0 0.0 -1.0
  outer loop
    vertex 533.3081034531043 382.96379566260117 295.99814811789764
    vertex 532.3921024531043 397.7837716626013 295.99814811789764
    vertex 532.8081034531042 398.2897836626013 295.99814811789764
  endloop
endfacet
facet normal 0.0 0.0 -1.0
  outer loop
    vertex 533.3081034531043 382.96379566260117 295.99814811789764
    vertex 532.8081034531042 398.2897836626013 295.99814811789764
    vertex 533.1161024531042 398.8657726626013 295.99814811789776
  endloop
endfacet
facet normal 0.0 0.0 -1.0
  outer loop
    vertex 533.3081034531043 382.96379566260117 295.99814811789764
    vertex 533.1161024531042 398.8657726626013 295.99814811789776
    vertex 533.3040904531043 399.4917796626013 295.99814811789776
  endloop
endfacet
facet normal 0.0 0.0 -1.0
  outer loop
    vertex 533.3081034531043 382.96379566260117 295.99814811789764
    vertex 533.3040904531043 399.4917796626013 295.99814811789776
    vertex 533.3681004531043 400.13979066260123 295.99814811789776
  endloop
endfacet
facet normal 0.0 0.0 -1.0
  outer loop
    vertex 533.3081034531043 382.96379566260117 295.99814811789764
    vertex 533.3681004531043 400.13979066260123 295.99814811789776
    vertex 536.3720984531043 385.6758006626013 295.99814811789776
  endloop
endfacet
facet normal 0.0 0.0 -1.0
  outer loop
    vertex 477.49409245310426 400.2697946626013 295.99814811789764
    vertex 477.49609145310427 397.90977966260124 295.99814811789764
    vertex 477.4560984531042 399.08977166260127 295.99814811789764
  endloop
endfacet
facet normal 0.0 0.0 -1.0
  outer loop
    vertex 477.49609145310427 397.90977966260124 295.99814811789764
    vertex 477.49409245310426 400.2697946626013 295.99814811789764
    vertex 477.61009045310425 401.44777366260126 295.99814811789776
  endloop
endfacet
facet normal 0.0 0.0 -1.0
  outer loop
    vertex 477.49609145310427 397.90977966260124 295.99814811789764
    vertex 477.61009045310425 401.44777366260126 295.99814811789776
    vertex 477.61208845310415 396.73180066260124 295.99814811789776
  endloop
endfacet
facet normal 0.0 0.0 -1.0
  outer loop
    vertex 477.61208845310415 396.73180066260124 295.99814811789776
    vertex 477.61009045310425 401.44777366260126 295.99814811789776
    vertex 477.8020914531043 402.61980166260133 295.99814811789776
  endloop
endfacet
facet normal 0.0 0.0 -1.0
  outer loop
    vertex 477.61208845310415 396.73180066260124 295.99814811789776
    vertex 477.8020914531043 402.61980166260133 295.99814811789776
    vertex 477.8060894531042 395.5597726626012 295.99814811789776
  endloop
endfacet
facet normal 0.0 0.0 -1.0
  outer loop
    vertex 477.8060894531042 395.5597726626012 295.99814811789776
    vertex 477.8020914531043 402.61980166260133 295.99814811789776
    vertex 478.07009645310427 403.7817886626013 295.99814811789776
  endloop
endfacet
facet normal 0.0 0.0 -1.0
  outer loop
    vertex 477.8060894531042 395.5597726626012 295.99814811789776
    vertex 478.07009645310427 403.7817886626013 295.99814811789776
    vertex 478.0740944531043 394.39577166260136 295.99814811789764
  endloop
endfacet
facet normal 0.0 0.0 -1.0
  outer loop
    vertex 478.0740944531043 394.39577166260136 295.99814811789764
    vertex 478.07009645310427 403.7817886626013 295.99814811789776
    vertex 478.4140904531043 404.9337966626013 295.99814811789764
  endloop
endfacet
facet normal 0.0 0.0 -1.0
  outer loop
    vertex 478.0740944531043 394.39577166260136 295.99814811789764
    vertex 478.4140904531043 404.9337966626013 295.99814811789764
    vertex 478.4200874531044 393.24577766260126 295.99814811789764
  endloop
endfacet
facet normal 0.0 0.0 -1.0
  outer loop
    vertex 478.4200874531044 393.24577766260126 295.99814811789764
    vertex 478.4140904531043 404.9337966626013 295.99814811789764
    vertex 478.8340894531042 406.0717966626012 295.99814811789764
  endloop
endfacet
facet normal 0.0 0.0 -1.0
  outer loop
    vertex 478.4200874531044 393.24577766260126 295.99814811789764
    vertex 478.8340894531042 406.0717966626012 295.99814811789764
    vertex 478.8420994531042 392.10777766260134 295.99814811789764
  endloop
endfacet
facet normal 0.0 0.0 -1.0
  outer loop
    vertex 478.8420994531042 392.10777766260134 295.99814811789764
    vertex 478.8340894531042 406.0717966626012 295.99814811789764
    vertex 479.32609345310425 407.19377566260124 295.99814811789764
  endloop
endfacet
facet normal 0.0 0.0 -1.0
  outer loop
    vertex 478.8420994531042 392.10777766260134 295.99814811789764
    vertex 479.32609345310425 407.19377566260124 295.99814811789764
    vertex 479.33608745310437 390.9857986626013 295.99814811789776
  endloop
endfacet
facet normal 0.0 0.0 -1.0
  outer loop
    vertex 479.33608745310437 390.9857986626013 295.99814811789776
    vertex 479.32609345310425 407.19377566260124 295.99814811789764
    vertex 479.89208745310424 408.2957956626013 295.99814811789776
  endloop
endfacet
facet normal 0.0 0.0 -1.0
  outer loop
    vertex 479.33608745310437 390.9857986626013 295.99814811789776
    vertex 479.89208745310424 408.2957956626013 295.99814811789776
    vertex 479.90209745310426 389.8857926626014 295.99814811789776
  endloop
endfacet
facet normal 0.0 0.0 -1.0
  outer loop
    vertex 479.90209745310426 389.8857926626014 295.99814811789776
    vertex 479.89208745310424 408.2957956626013 295.99814811789776
    vertex 480.53008845310427 409.37578266260135 295.99814811789776
  endloop
endfacet
facet normal 0.0 0.0 -1.0
  outer loop
    vertex 479.90209745310426 389.8857926626014 295.99814811789776
    vertex 480.53008845310427 409.37578266260135 295.99814811789776
    vertex 480.5420964531042 388.80577566260126 295.99814811789776
  endloop
endfacet
facet normal 0.0 0.0 -1.0
  outer loop
    vertex 480.5420964531042 388.80577566260126 295.99814811789776
    vertex 480.53008845310427 409.37578266260135 295.99814811789776
    vertex 481.2380964531043 410.4297986626013 295.99814811789764
  endloop
endfacet
facet normal 0.0 0.0 -1.0
  outer loop
    vertex 480.5420964531042 388.80577566260126 295.99814811789776
    vertex 481.2380964531043 410.4297986626013 295.99814811789764
    vertex 481.25008945310424 387.75178966260137 295.99814811789764
  endloop
endfacet
facet normal 0.0 0.0 -1.0
  outer loop
    vertex 481.25008945310424 387.75178966260137 295.99814811789764
    vertex 481.2380964531043 410.4297986626013 295.99814811789764
    vertex 482.01409645310423 411.4577836626013 295.99814811789764
  endloop
endfacet
facet normal 0.0 0.0 -1.0
  outer loop
    vertex 481.25008945310424 387.75178966260137 295.99814811789764
    vertex 482.01409645310423 411.4577836626013 295.99814811789764
    vertex 482.0260904531042 386.72578866260125 295.99814811789764
  endloop
endfacet
facet normal 0.0 0.0 -1.0
  outer loop
    vertex 482.0260904531042 386.72578866260125 295.99814811789764
    vertex 482.01409645310423 411.4577836626013 295.99814811789764
    vertex 482.8540934531043 412.45579966260135 295.99814811789764
  endloop
endfacet
facet normal 0.0 0.0 -1.0
  outer loop
    vertex 482.0260904531042 386.72578866260125 295.99814811789764
    vertex 482.8540934531043 412.45579966260135 295.99814811789764
    vertex 482.86810045310415 385.72777266260124 295.99814811789764
  endloop
endfacet
facet normal 0.0 0.0 -1.0
  outer loop
    vertex 482.86810045310415 385.72777266260124 295.99814811789764
    vertex 482.8540934531043 412.45579966260135 295.99814811789764
    vertex 483.7600994531043 413.4217726626013 295.99814811789764
  endloop
endfacet
facet normal 0.0 0.0 -1.0
  outer loop
    vertex 482.86810045310415 385.72777266260124 295.99814811789764
    vertex 483.7600994531043 413.4217726626013 295.99814811789764
    vertex 483.7760904531043 384.76378266260133 295.99814811789764
  endloop
endfacet
facet normal 0.0 0.0 -1.0
  outer loop
    vertex 483.7760904531043 384.76378266260133 295.99814811789764
    vertex 483.7600994531043 413.4217726626013 295.99814811789764
    vertex 484.7301004531041 414.35377966260114 295.99814811789776
  endloop
endfacet
facet normal 0.0 0.0 -1.0
  outer loop
    vertex 483.7760904531043 384.76378266260133 295.99814811789764
    vertex 484.7301004531041 414.35377966260114 295.99814811789776
    vertex 484.7440924531042 383.833790662601 295.99814811789776
  endloop
endfacet
facet normal 0.0 0.0 -1.0
  outer loop
    vertex 484.7440924531042 383.833790662601 295.99814811789776
    vertex 484.7301004531041 414.35377966260114 295.99814811789776
    vertex 485.7581004531043 415.24779166260123 295.99814811789776
  endloop
endfacet
facet normal 0.0 0.0 -1.0
  outer loop
    vertex 484.7440924531042 383.833790662601 295.99814811789776
    vertex 485.7581004531043 415.24779166260123 295.99814811789776
    vertex 485.77409145310423 382.93977766260133 295.99814811789776
  endloop
endfacet
facet normal 0.0 0.0 -1.0
  outer loop
    vertex 485.77409145310423 382.93977766260133 295.99814811789776
    vertex 485.7581004531043 415.24779166260123 295.99814811789776
    vertex 486.8420994531042 416.10377966260114 295.99814811789776
  endloop
endfacet
facet normal 0.0 0.0 -1.0
  outer loop
    vertex 485.77409145310423 382.93977766260133 295.99814811789776
    vertex 486.8420994531042 416.10377966260114 295.99814811789776
    vertex 486.8600904531043 382.08577366260135 295.99814811789776
  endloop
endfacet
facet normal 0.0 0.0 -1.0
  outer loop
    vertex 486.8600904531043 382.08577366260135 295.99814811789776
    vertex 486.8420994531042 416.10377966260114 295.99814811789776
    vertex 487.9820994531042 416.91777466260106 295.99814811789764
  endloop
endfacet
facet normal 0.0 0.0 -1.0
  outer loop
    vertex 486.8600904531043 382.08577366260135 295.99814811789776
    vertex 487.9820994531042 416.91777466260106 295.99814811789764
    vertex 488.0000894531043 381.27177866260104 295.99814811789764
  endloop
endfacet
facet normal 0.0 0.0 -1.0
  outer loop
    vertex 488.0000894531043 381.27177866260104 295.99814811789764
    vertex 487.9820994531042 416.91777466260106 295.99814811789764
    vertex 489.17410045310424 417.689777662601 295.99814811789764
  endloop
endfacet
facet normal 0.0 0.0 -1.0
  outer loop
    vertex 488.0000894531043 381.27177866260104 295.99814811789764
    vertex 489.17410045310424 417.689777662601 295.99814811789764
    vertex 489.1940894531043 380.50178966260137 295.99814811789764
  endloop
endfacet
facet normal 0.0 0.0 -1.0
  outer loop
    vertex 489.1940894531043 380.50178966260137 295.99814811789764
    vertex 489.17410045310424 417.689777662601 295.99814811789764
    vertex 490.4140904531042 418.41777466260106 295.99814811789764
  endloop
endfacet
facet normal 0.0 0.0 -1.0
  outer loop
    vertex 489.1940894531043 380.50178966260137 295.99814811789764
    vertex 490.4140904531042 418.41777466260106 295.99814811789764
    vertex 490.43409545310425 379.77577666260123 295.99814811789764
  endloop
endfacet
facet normal 0.0 0.0 -1.0
  outer loop
    vertex 490.43409545310425 379.77577666260123 295.99814811789764
    vertex 490.4140904531042 418.41777466260106 295.99814811789764
    vertex 491.70210045310426 419.09779766260107 295.99814811789764
  endloop
endfacet
facet normal 0.0 0.0 -1.0
  outer loop
    vertex 490.43409545310425 379.77577666260123 295.99814811789764
    vertex 491.70210045310426 419.09779766260107 295.99814811789764
    vertex 491.72208945310416 379.0957836626012 295.99814811789764
  endloop
endfacet
facet normal 0.0 0.0 -1.0
  outer loop
    vertex 491.72208945310416 379.0957836626012 295.99814811789764
    vertex 491.70210045310426 419.09779766260107 295.99814811789764
    vertex 493.0321024531043 419.7297866626013 295.99814811789764
  endloop
endfacet
facet normal 0.0 0.0 -1.0
  outer loop
    vertex 491.72208945310416 379.0957836626012 295.99814811789764
    vertex 493.0321024531043 419.7297866626013 295.99814811789764
    vertex 493.05209145310414 378.4657786626012 295.99814811789764
  endloop
endfacet
facet normal 0.0 0.0 -1.0
  outer loop
    vertex 493.05209145310414 378.4657786626012 295.99814811789764
    vertex 493.0321024531043 419.7297866626013 295.99814811789764
    vertex 494.4020974531042 420.31178766260126 295.99814811789776
  endloop
endfacet
facet normal 0.0 0.0 -1.0
  outer loop
    vertex 493.05209145310414 378.4657786626012 295.99814811789764
    vertex 494.4020974531042 420.31178766260126 295.99814811789776
    vertex 494.42410045310413 377.8837786626013 295.99814811789764
  endloop
endfacet
facet normal 0.0 0.0 -1.0
  outer loop
    vertex 494.42410045310413 377.8837786626013 295.99814811789764
    vertex 494.4020974531042 420.31178766260126 295.99814811789776
    vertex 495.8081034531042 420.8438006626012 295.99814811789776
  endloop
endfacet
facet normal 0.0 0.0 -1.0
  outer loop
    vertex 494.42410045310413 377.8837786626013 295.99814811789764
    vertex 495.8081034531042 420.8438006626012 295.99814811789776
    vertex 495.8300914531043 377.35377966260126 295.99814811789776
  endloop
endfacet
facet normal 0.0 0.0 -1.0
  outer loop
    vertex 495.8300914531043 377.35377966260126 295.99814811789776
    vertex 495.8081034531042 420.8438006626012 295.99814811789776
    vertex 497.2460914531042 421.3237806626012 295.99814811789776
  endloop
endfacet
facet normal 0.0 0.0 -1.0
  outer loop
    vertex 495.8300914531043 377.35377966260126 295.99814811789776
    vertex 497.2460914531042 421.3237806626012 295.99814811789776
    vertex 497.2700934531042 376.8757826626012 295.99814811789776
  endloop
endfacet
facet normal 0.0 0.0 -1.0
  outer loop
    vertex 497.2700934531042 376.8757826626012 295.99814811789776
    vertex 497.2460914531042 421.3237806626012 295.99814811789776
    vertex 498.71409345310434 421.7497756626013 295.99814811789776
  endloop
endfacet
facet normal 0.0 0.0 -1.0
  outer loop
    vertex 497.2700934531042 376.8757826626012 295.99814811789776
    vertex 498.71409345310434 421.7497756626013 295.99814811789776
    vertex 498.7380964531042 376.4517716626014 295.99814811789776
  endloop
endfacet
facet normal 0.0 0.0 -1.0
  outer loop
    vertex 498.7380964531042 376.4517716626014 295.99814811789776
    vertex 498.71409345310434 421.7497756626013 295.99814811789776
    vertex 498.9180884531042 400.10179566260143 295.99814811789764
  endloop
endfacet
facet normal 0.0 0.0 -1.0
  outer loop
    vertex 498.9180884531042 400.10179566260143 295.99814811789764
    vertex 498.71409345310434 421.7497756626013 295.99814811789776
    vertex 498.9700904531042 401.1617936626015 295.99814811789776
  endloop
endfacet
facet normal 0.0 0.0 -1.0
  outer loop
    vertex 498.9700904531042 401.1617936626015 295.99814811789776
    vertex 498.71409345310434 421.7497756626013 295.99814811789776
    vertex 500.21009645310426 422.1198016626014 295.99814811789776
  endloop
endfacet
facet normal 0.0 0.0 -1.0
  outer loop
    vertex 498.9700904531042 401.1617936626015 295.99814811789776
    vertex 500.21009645310426 422.1198016626014 295.99814811789776
    vertex 499.12609645310425 402.2097976626013 295.99814811789776
  endloop
endfacet
facet normal 0.0 0.0 -1.0
  outer loop
    vertex 499.12609645310425 402.2097976626013 295.99814811789776
    vertex 500.21009645310426 422.1198016626014 295.99814811789776
    vertex 499.38209345310423 403.2377816626013 295.99814811789764
  endloop
endfacet
facet normal 0.0 0.0 -1.0
  outer loop
    vertex 499.38209345310423 403.2377816626013 295.99814811789764
    vertex 500.21009645310426 422.1198016626014 295.99814811789776
    vertex 499.74009445310423 404.23579866260155 295.99814811789764
  endloop
endfacet
facet normal 0.0 0.0 -1.0
  outer loop
    vertex 499.74009445310423 404.23579866260155 295.99814811789764
    vertex 500.21009645310426 422.1198016626014 295.99814811789776
    vertex 500.19209045310424 405.19377566260135 295.99814811789764
  endloop
endfacet
facet normal 0.0 0.0 -1.0
  outer loop
    vertex 500.19209045310424 405.19377566260135 295.99814811789764
    vertex 500.21009645310426 422.1198016626014 295.99814811789776
    vertex 500.7380964531043 406.1037796626014 295.99814811789764
  endloop
endfacet
facet normal 0.0 0.0 -1.0
  outer loop
    vertex 500.7380964531043 406.1037796626014 295.99814811789764
    vertex 500.21009645310426 422.1198016626014 295.99814811789776
    vertex 501.7261024531042 422.43578066260136 295.99814811789764
  endloop
endfacet
facet normal 0.0 0.0 -1.0
  outer loop
    vertex 500.7380964531043 406.1037796626014 295.99814811789764
    vertex 501.7261024531042 422.43578066260136 295.99814811789764
    vertex 501.3700994531042 406.9557996626015 295.99814811789776
  endloop
endfacet
facet normal 0.0 0.0 -1.0
  outer loop
    vertex 501.3700994531042 406.9557996626015 295.99814811789776
    vertex 501.7261024531042 422.43578066260136 295.99814811789764
    vertex 502.08209045310423 407.7417796626016 295.99814811789776
  endloop
endfacet
facet normal 0.0 0.0 -1.0
  outer loop
    vertex 502.08209045310423 407.7417796626016 295.99814811789776
    vertex 501.7261024531042 422.43578066260136 295.99814811789764
    vertex 503.2620984531043 422.69578966260144 295.99814811789764
  endloop
endfacet
facet normal 0.0 0.0 -1.0
  outer loop
    vertex 502.08209045310423 407.7417796626016 295.99814811789776
    vertex 503.2620984531043 422.69578966260144 295.99814811789764
    vertex 502.8661024531042 408.4518016626013 295.99814811789776
  endloop
endfacet
facet normal 0.0 0.0 -1.0
  outer loop
    vertex 502.8661024531042 408.4518016626013 295.99814811789776
    vertex 503.2620984531043 422.69578966260144 295.99814811789764
    vertex 503.7180914531043 409.0837906626014 295.99814811789776
  endloop
endfacet
facet normal 0.0 0.0 -1.0
  outer loop
    vertex 503.7180914531043 409.0837906626014 295.99814811789776
    vertex 503.2620984531043 422.69578966260144 295.99814811789764
    vertex 504.81410045310423 422.8977856626013 295.99814811789764
  endloop
endfacet
facet normal 0.0 0.0 -1.0
  outer loop
    vertex 503.7180914531043 409.0837906626014 295.99814811789776
    vertex 504.81410045310423 422.8977856626013 295.99814811789764
    vertex 504.6280954531042 409.6297806626015 295.99814811789764
  endloop
endfacet
facet normal 0.0 0.0 -1.0
  outer loop
    vertex 504.6280954531042 409.6297806626015 295.99814811789764
    vertex 504.81410045310423 422.8977856626013 295.99814811789764
    vertex 505.5861034531043 410.08177666260127 295.99814811789764
  endloop
endfacet
facet normal 0.0 0.0 -1.0
  outer loop
    vertex 505.5861034531043 410.08177666260127 295.99814811789764
    vertex 504.81410045310423 422.8977856626013 295.99814811789764
    vertex 506.37609645310425 423.0437816626014 295.99814811789764
  endloop
endfacet
facet normal 0.0 0.0 -1.0
  outer loop
    vertex 505.5861034531043 410.08177666260127 295.99814811789764
    vertex 506.37609645310425 423.0437816626014 295.99814811789764
    vertex 506.5840894531042 410.4397776626014 295.99814811789764
  endloop
endfacet
facet normal 0.0 0.0 -1.0
  outer loop
    vertex 506.5840894531042 410.4397776626014 295.99814811789764
    vertex 506.37609645310425 423.0437816626014 295.99814811789764
    vertex 507.9461034531043 423.1317946626014 295.99814811789764
  endloop
endfacet
facet normal 0.0 0.0 -1.0
  outer loop
    vertex 506.5840894531042 410.4397776626014 295.99814811789764
    vertex 507.9461034531043 423.1317946626014 295.99814811789764
    vertex 507.6120884531042 410.6977736626014 295.99814811789764
  endloop
endfacet
facet normal 0.0 0.0 -1.0
  outer loop
    vertex 507.6120884531042 410.6977736626014 295.99814811789764
    vertex 507.9461034531043 423.1317946626014 295.99814811789764
    vertex 508.6620914531042 410.8517956626013 295.99814811789764
  endloop
endfacet
facet normal 0.0 0.0 -1.0
  outer loop
    vertex 508.6620914531042 410.8517956626013 295.99814811789764
    vertex 507.9461034531043 423.1317946626014 295.99814811789764
    vertex 509.5200934531042 423.1597796626014 295.99814811789764
  endloop
endfacet
facet normal 0.0 0.0 -1.0
  outer loop
    vertex 508.6620914531042 410.8517956626013 295.99814811789764
    vertex 509.5200934531042 423.1597796626014 295.99814811789764
    vertex 509.72009045310426 410.9037976626014 295.99814811789764
  endloop
endfacet
facet normal 0.0 0.0 -1.0
  outer loop
    vertex 509.72009045310426 410.9037976626014 295.99814811789764
    vertex 509.5200934531042 423.1597796626014 295.99814811789764
    vertex 511.0940984531042 423.1317946626014 295.99814811789764
  endloop
endfacet
facet normal 0.0 0.0 -1.0
  outer loop
    vertex 509.72009045310426 410.9037976626014 295.99814811789764
    vertex 511.0940984531042 423.1317946626014 295.99814811789764
    vertex 510.77808945310426 410.8517956626013 295.99814811789764
  endloop
endfacet
facet normal 0.0 0.0 -1.0
  outer loop
    vertex 510.77808945310426 410.8517956626013 295.99814811789764
    vertex 511.0940984531042 423.1317946626014 295.99814811789764
    vertex 511.82809245310415 410.6977736626014 295.99814811789764
  endloop
endfacet
facet normal 0.0 0.0 -1.0
  outer loop
    vertex 511.82809245310415 410.6977736626014 295.99814811789764
    vertex 511.0940984531042 423.1317946626014 295.99814811789764
    vertex 512.6640904531042 423.04579566260134 295.99814811789764
  endloop
endfacet
facet normal 0.0 0.0 -1.0
  outer loop
    vertex 511.82809245310415 410.6977736626014 295.99814811789764
    vertex 512.6640904531042 423.04579566260134 295.99814811789764
    vertex 512.8560924531042 410.4397776626014 295.99814811789764
  endloop
endfacet
facet normal 0.0 0.0 -1.0
  outer loop
    vertex 512.8560924531042 410.4397776626014 295.99814811789764
    vertex 512.6640904531042 423.04579566260134 295.99814811789764
    vertex 514.2261024531043 422.9017836626013 295.99814811789764
  endloop
endfacet
facet normal 0.0 0.0 -1.0
  outer loop
    vertex 512.8560924531042 410.4397776626014 295.99814811789764
    vertex 514.2261024531043 422.9017836626013 295.99814811789764
    vertex 513.8540934531043 410.08177666260127 295.99814811789764
  endloop
endfacet
facet normal 0.0 0.0 -1.0
  outer loop
    vertex 513.8540934531043 410.08177666260127 295.99814811789764
    vertex 514.2261024531043 422.9017836626013 295.99814811789764
    vertex 514.8121014531042 409.6297806626015 295.99814811789764
  endloop
endfacet
facet normal 0.0 0.0 -1.0
  outer loop
    vertex 514.8121014531042 409.6297806626015 295.99814811789764
    vertex 514.2261024531043 422.9017836626013 295.99814811789764
    vertex 515.7780894531041 422.7018016626013 295.99814811789764
  endloop
endfacet
facet normal 0.0 0.0 -1.0
  outer loop
    vertex 514.8121014531042 409.6297806626015 295.99814811789764
    vertex 515.7780894531041 422.7018016626013 295.99814811789764
    vertex 515.7220894531042 409.0837906626014 295.99814811789764
  endloop
endfacet
facet normal 0.0 0.0 -1.0
  outer loop
    vertex 515.7220894531042 409.0837906626014 295.99814811789764
    vertex 515.7780894531041 422.7018016626013 295.99814811789764
    vertex 516.5720954531042 408.4518016626013 295.99814811789776
  endloop
endfacet
facet normal 0.0 0.0 -1.0
  outer loop
    vertex 516.5720954531042 408.4518016626013 295.99814811789776
    vertex 515.7780894531041 422.7018016626013 295.99814811789764
    vertex 517.3141004531043 422.44377566260135 295.99814811789764
  endloop
endfacet
facet normal 0.0 0.0 -1.0
  outer loop
    vertex 516.5720954531042 408.4518016626013 295.99814811789776
    vertex 517.3141004531043 422.44377566260135 295.99814811789764
    vertex 517.3580914531042 407.7417796626014 295.99814811789776
  endloop
endfacet
facet normal 0.0 0.0 -1.0
  outer loop
    vertex 517.3580914531042 407.7417796626014 295.99814811789776
    vertex 517.3141004531043 422.44377566260135 295.99814811789764
    vertex 518.8320904531042 422.1297806626013 295.99814811789764
  endloop
endfacet
facet normal 0.0 0.0 -1.0
  outer loop
    vertex 517.3580914531042 407.7417796626014 295.99814811789776
    vertex 518.8320904531042 422.1297806626013 295.99814811789764
    vertex 518.0700964531042 406.9557996626013 295.99814811789776
  endloop
endfacet
facet normal 0.0 0.0 -1.0
  outer loop
    vertex 518.0700964531042 406.9557996626013 295.99814811789776
    vertex 518.8320904531042 422.1297806626013 295.99814811789764
    vertex 518.7021004531043 406.1037796626014 295.99814811789776
  endloop
endfacet
facet normal 0.0 0.0 -1.0
  outer loop
    vertex 518.7021004531043 406.1037796626014 295.99814811789776
    vertex 518.8320904531042 422.1297806626013 295.99814811789764
    vertex 519.2460914531042 405.19377566260135 295.99814811789764
  endloop
endfacet
facet normal 0.0 0.0 -1.0
  outer loop
    vertex 519.2460914531042 405.19377566260135 295.99814811789764
    vertex 518.8320904531042 422.1297806626013 295.99814811789764
    vertex 520.3280924531042 421.75978566260136 295.99814811789764
  endloop
endfacet
facet normal 0.0 0.0 -1.0
  outer loop
    vertex 519.2460914531042 405.19377566260135 295.99814811789764
    vertex 520.3280924531042 421.75978566260136 295.99814811789764
    vertex 519.7001014531043 404.2357986626014 295.99814811789764
  endloop
endfacet
facet normal 0.0 0.0 -1.0
  outer loop
    vertex 519.7001014531043 404.2357986626014 295.99814811789764
    vertex 520.3280924531042 421.75978566260136 295.99814811789764
    vertex 520.0581034531043 403.2377816626013 295.99814811789764
  endloop
endfacet
facet normal 0.0 0.0 -1.0
  outer loop
    vertex 520.0581034531043 403.2377816626013 295.99814811789764
    vertex 520.3280924531042 421.75978566260136 295.99814811789764
    vertex 520.3141004531043 402.2097976626013 295.99814811789764
  endloop
endfacet
facet normal 0.0 0.0 -1.0
  outer loop
    vertex 520.3141004531043 402.2097976626013 295.99814811789764
    vertex 520.3280924531042 421.75978566260136 295.99814811789764
    vertex 520.4700904531041 401.16179366260127 295.99814811789776
  endloop
endfacet
facet normal 0.0 0.0 -1.0
  outer loop
    vertex 520.4700904531041 401.16179366260127 295.99814811789776
    vertex 520.3280924531042 421.75978566260136 295.99814811789764
    vertex 521.7960944531042 421.3357736626014 295.99814811789764
  endloop
endfacet
facet normal 0.0 0.0 -1.0
  outer loop
    vertex 520.4700904531041 401.16179366260127 295.99814811789776
    vertex 521.7960944531042 421.3357736626014 295.99814811789764
    vertex 520.5220924531043 400.10179566260143 295.99814811789776
  endloop
endfacet
facet normal -0.2070607047390576 0.978327009431811 -0.001458481804511348
  outer loop
    vertex 514.4640934531043 379.3877756626013 322.10615011789764
    vertex 519.7821024531041 380.5117996626013 321.0861491178977
    vertex 514.5280894531043 379.39979966260137 321.08614911789766
  endloop
endfacet
facet normal 0.9703639775947572 -0.2416479898250381 0.0
  outer loop
    vertex 499.38209345310423 403.2377816626013 295.99814811789764
    vertex 499.12609645310425 402.2097976626013 298.2421481178977
    vertex 499.12609645310425 402.2097976626013 295.99814811789776
  endloop
endfacet
facet normal 0.9703639775947572 -0.2416479898250381 0.0
  outer loop
    vertex 499.12609645310425 402.2097976626013 298.2421481178977
    vertex 499.38209345310423 403.2377816626013 295.99814811789764
    vertex 499.38209345310423 403.2377816626013 298.24214811789767
  endloop
endfacet
facet normal 0.9987942944237689 0.04909131722133836 1.97215226305253e-31
  outer loop
    vertex 498.9180884531042 400.10179566260143 295.99814811789764
    vertex 498.9700904531042 399.04378166260165 298.24214811789767
    vertex 498.9700904531042 399.04378166260165 295.99814811789764
  endloop
endfacet
facet normal 0.9987942944237689 0.04909131722133836 1.97215226305253e-31
  outer loop
    vertex 498.9700904531042 399.04378166260165 298.24214811789767
    vertex 498.9180884531042 400.10179566260143 295.99814811789764
    vertex 498.9180884531042 400.10179566260143 298.24214811789767
  endloop
endfacet
facet normal -0.3359664767155846 0.9418739440728343 0.0
  outer loop
    vertex 512.8560924531042 389.76579766260136 298.24214811789767
    vertex 513.8540934531043 390.1217846626014 295.99814811789764
    vertex 512.8560924531042 389.76579766260136 295.99814811789764
  endloop
endfacet
facet normal -0.3359664767155846 0.9418739440728343 0.0
  outer loop
    vertex 513.8540934531043 390.1217846626014 295.99814811789764
    vertex 512.8560924531042 389.76579766260136 298.24214811789767
    vertex 513.8540934531043 390.1217846626014 298.24214811789767
  endloop
endfacet
facet normal -0.14696346070722704 0.9891419216760331 0.0
  outer loop
    vertex 510.77808945310426 389.3517956626013 298.2421481178977
    vertex 511.82809245310415 389.5078016626014 295.99814811789776
    vertex 510.77808945310426 389.3517956626013 295.99814811789776
  endloop
endfacet
facet normal -0.14696346070722704 0.9891419216760331 0.0
  outer loop
    vertex 511.82809245310415 389.5078016626014 295.99814811789776
    vertex 510.77808945310426 389.3517956626013 298.2421481178977
    vertex 511.82809245310415 389.5078016626014 298.2421481178977
  endloop
endfacet
facet normal 0.5131112065602867 0.8583221363230982 0.0
  outer loop
    vertex 503.7180914531043 391.11980166260145 298.24214811789767
    vertex 504.6280954531042 390.5757946626015 295.99814811789764
    vertex 503.7180914531043 391.11980166260145 295.99814811789764
  endloop
endfacet
facet normal 0.5131112065602867 0.8583221363230982 0.0
  outer loop
    vertex 504.6280954531042 390.5757946626015 295.99814811789764
    vertex 503.7180914531043 391.11980166260145 298.24214811789767
    vertex 504.6280954531042 390.5757946626015 298.24214811789767
  endloop
endfacet
facet normal -0.9891033344313779 -0.14722293916618515 -7.88860905221012e-31
  outer loop
    vertex 520.3141004531043 402.2097976626013 298.24214811789767
    vertex 520.4700904531041 401.16179366260127 295.99814811789776
    vertex 520.4700904531041 401.16179366260127 298.2421481178977
  endloop
endfacet
facet normal -0.9891033344313779 -0.14722293916618515 -7.88860905221012e-31
  outer loop
    vertex 520.4700904531041 401.16179366260127 295.99814811789776
    vertex 520.3141004531043 402.2097976626013 298.24214811789767
    vertex 520.3141004531043 402.2097976626013 295.99814811789764
  endloop
endfacet
facet normal -0.3484487636973561 0.9338264797896476 0.08094173658539126
  outer loop
    vertex 519.6300944531043 380.0157976626016 326.15415011789776
    vertex 524.6220984531043 382.3177996626014 321.0861491178977
    vertex 519.7821024531041 380.5117996626013 321.0861491178977
  endloop
endfacet
facet normal 0.9981632519968481 -0.05242549465834919 0.030359345725892387
  outer loop
    vertex 480.6181004531042 400.74379366260126 327.99814811789764
    vertex 480.4840984531042 398.4877816626013 328.5081501178977
    vertex 480.52409145310423 398.05977266260135 326.4541491178977
  endloop
endfacet
facet normal 0.9942652920569968 -0.09840940975295659 0.041858297658763303
  outer loop
    vertex 480.4880964531043 400.74379366260126 331.08614911789766
    vertex 480.39809945310424 399.17778466260125 329.5421511178976
    vertex 480.6181004531042 400.74379366260126 327.99814811789764
  endloop
endfacet
facet normal -0.8031611171017712 0.5957618819426392 0.0
  outer loop
    vertex 518.7021004531043 394.1017956626014 298.2421481178977
    vertex 518.0700964531042 393.24977566260145 295.99814811789776
    vertex 518.0700964531042 393.24977566260145 298.2421481178977
  endloop
endfacet
facet normal -0.8031611171017712 0.5957618819426392 0.0
  outer loop
    vertex 518.0700964531042 393.24977566260145 295.99814811789776
    vertex 518.7021004531043 394.1017956626014 298.2421481178977
    vertex 518.7021004531043 394.1017956626014 295.99814811789776
  endloop
endfacet
facet normal -0.18939784301205959 0.9777659187395621 0.09001258364117525
  outer loop
    vertex 519.6300944531043 380.0157976626016 326.15415011789776
    vertex 519.7821024531041 380.5117996626013 321.0861491178977
    vertex 514.4640934531043 379.3877756626013 322.10615011789764
  endloop
endfacet
facet normal 0.9855853225987085 0.16917911182530793 0.0
  outer loop
    vertex 511.3941014531043 380.66978866260166 327.6161501178977
    vertex 511.69209045310424 378.9337966626014 330.71615011789766
    vertex 511.69209045310424 378.9337966626014 327.6161501178977
  endloop
endfacet
facet normal 0.9855853225987085 0.16917911182530793 0.0
  outer loop
    vertex 511.69209045310424 378.9337966626014 330.71615011789766
    vertex 511.3941014531043 380.66978866260166 327.6161501178977
    vertex 511.3941014531043 380.66978866260166 330.7161501178977
  endloop
endfacet
facet normal -0.9412694442396963 0.3376563835331613 0.0
  outer loop
    vertex 520.0581034531043 396.96577866260134 298.24214811789767
    vertex 519.7001014531043 395.9677926626013 295.99814811789764
    vertex 519.7001014531043 395.9677926626013 298.24214811789767
  endloop
endfacet
facet normal -0.9412694442396963 0.3376563835331613 0.0
  outer loop
    vertex 519.7001014531043 395.9677926626013 295.99814811789764
    vertex 520.0581034531043 396.96577866260134 298.24214811789767
    vertex 520.0581034531043 396.96577866260134 295.99814811789764
  endloop
endfacet
facet normal -0.9036585567712285 0.4282536780625945 -7.888609052210118e-31
  outer loop
    vertex 519.7001014531043 395.9677926626013 298.24214811789767
    vertex 519.2460914531041 395.00978566260136 295.99814811789776
    vertex 519.2460914531041 395.00978566260136 298.2421481178977
  endloop
endfacet
facet normal -0.9036585567712285 0.4282536780625945 -7.888609052210118e-31
  outer loop
    vertex 519.2460914531041 395.00978566260136 295.99814811789776
    vertex 519.7001014531043 395.9677926626013 298.24214811789767
    vertex 519.7001014531043 395.9677926626013 295.99814811789764
  endloop
endfacet
facet normal -0.6713626053765226 0.7411290387658871 0.0
  outer loop
    vertex 516.5720954531042 391.75178966260137 298.24214811789767
    vertex 517.3580914531042 392.4637956626014 295.99814811789764
    vertex 516.5720954531042 391.75178966260137 295.99814811789764
  endloop
endfacet
facet normal -0.6713626053765226 0.7411290387658871 0.0
  outer loop
    vertex 517.3580914531042 392.4637956626014 295.99814811789764
    vertex 516.5720954531042 391.75178966260137 298.24214811789767
    vertex 517.3580914531042 392.4637956626014 298.24214811789767
  endloop
endfacet
facet normal -0.9987942944237667 0.04909131722138083 0.0
  outer loop
    vertex 520.5220924531043 400.10179566260143 298.2421481178977
    vertex 520.4700904531041 399.0437816626015 295.99814811789764
    vertex 520.4700904531041 399.0437816626015 298.24214811789767
  endloop
endfacet
facet normal -0.9987942944237667 0.04909131722138083 0.0
  outer loop
    vertex 520.4700904531041 399.0437816626015 295.99814811789764
    vertex 520.5220924531043 400.10179566260143 298.2421481178977
    vertex 520.5220924531043 400.10179566260143 295.99814811789776
  endloop
endfacet
facet normal -0.2434199749666219 0.9699209843009118 -1.577721810442024e-30
  outer loop
    vertex 511.82809245310415 389.5078016626014 295.99814811789776
    vertex 512.8560924531042 389.76579766260136 298.24214811789767
    vertex 512.8560924531042 389.76579766260136 295.99814811789764
  endloop
endfacet
facet normal -0.2434199749666219 0.9699209843009118 -1.577721810442024e-30
  outer loop
    vertex 512.8560924531042 389.76579766260136 298.24214811789767
    vertex 511.82809245310415 389.5078016626014 295.99814811789776
    vertex 511.82809245310415 389.5078016626014 298.2421481178977
  endloop
endfacet
facet normal -0.42825331302232206 0.9036587297677179 0.0
  outer loop
    vertex 513.8540934531043 390.1217846626014 298.24214811789767
    vertex 514.8121014531042 390.5757946626015 295.99814811789764
    vertex 513.8540934531043 390.1217846626014 295.99814811789764
  endloop
endfacet
facet normal -0.42825331302232206 0.9036587297677179 0.0
  outer loop
    vertex 514.8121014531042 390.5757946626015 295.99814811789764
    vertex 513.8540934531043 390.1217846626014 298.24214811789767
    vertex 514.8121014531042 390.5757946626015 298.24214811789767
  endloop
endfacet
facet normal -0.47470863256244544 -0.13885282579804545 0.8691211693075891
  outer loop
    vertex 514.6060924531043 379.14378766260165 333.95015111789763
    vertex 514.0520914531043 381.0378006626017 333.95015111789775
    vertex 509.8961004531042 380.46178066260165 331.58814811789773
  endloop
endfacet
facet normal -0.8583287827382534 -0.5131000884068025 0.0
  outer loop
    vertex 518.7021004531043 406.1037796626014 298.2421481178977
    vertex 519.2460914531042 405.19377566260135 295.99814811789764
    vertex 519.2460914531042 405.19377566260135 298.24214811789767
  endloop
endfacet
facet normal -0.8583287827382534 -0.5131000884068025 0.0
  outer loop
    vertex 519.2460914531042 405.19377566260135 295.99814811789764
    vertex 518.7021004531043 406.1037796626014 298.2421481178977
    vertex 518.7021004531043 406.1037796626014 295.99814811789776
  endloop
endfacet
facet normal -0.12419207582153365 0.9922581963900013 -1.5224430833957983e-18
  outer loop
    vertex 511.69209045310424 378.9337966626014 330.71615011789766
    vertex 513.2420934531042 379.12779666260127 329.16615111789764
    vertex 511.69209045310424 378.9337966626014 327.6161501178977
  endloop
endfacet
facet normal -0.49278539792780407 -0.08520788805427147 -0.8659689182658155
  outer loop
    vertex 516.7120954531043 381.4057816626013 330.7161501178977
    vertex 514.3520944531042 379.30177766260164 332.26615011789767
    vertex 514.0520914531043 381.0378006626017 332.2661501178977
  endloop
endfacet
facet normal -0.49278539792780407 -0.08520788805427147 -0.8659689182658155
  outer loop
    vertex 514.3520944531042 379.30177766260164 332.26615011789767
    vertex 516.7120954531043 381.4057816626013 330.7161501178977
    vertex 517.0120984531043 379.6717726626014 330.71615011789766
  endloop
endfacet
facet normal -0.04909201154632929 0.9987942602970521 0.0
  outer loop
    vertex 509.72009045310426 389.2997936626014 298.2421481178977
    vertex 510.77808945310426 389.3517956626013 295.99814811789776
    vertex 509.72009045310426 389.2997936626014 295.99814811789776
  endloop
endfacet
facet normal -0.04909201154632929 0.9987942602970521 0.0
  outer loop
    vertex 510.77808945310426 389.3517956626013 295.99814811789776
    vertex 509.72009045310426 389.2997936626014 298.2421481178977
    vertex 510.77808945310426 389.3517956626013 298.2421481178977
  endloop
endfacet
facet normal 0.0 0.0 1.0
  outer loop
    vertex 526.0460944531043 382.19179166260125 298.2421481178977
    vertex 526.7581004531042 399.4957776626015 298.2421481178977
    vertex 526.6940894531042 400.14580166260134 298.2421481178977
  endloop
endfacet
facet normal 0.0 0.0 1.0
  outer loop
    vertex 526.7581004531042 399.4957776626015 298.2421481178977
    vertex 526.0460944531043 382.19179166260125 298.2421481178977
    vertex 530.5540904531042 384.72377466260144 298.24214811789767
  endloop
endfacet
facet normal 0.0 0.0 1.0
  outer loop
    vertex 526.7581004531042 399.4957776626015 298.2421481178977
    vertex 530.5540904531042 384.72377466260144 298.24214811789767
    vertex 526.9481024531042 398.8698016626013 298.24214811789767
  endloop
endfacet
facet normal 0.0 0.0 1.0
  outer loop
    vertex 526.9481024531042 398.8698016626013 298.24214811789767
    vertex 530.5540904531042 384.72377466260144 298.24214811789767
    vertex 527.2581004531042 398.29179866260137 298.24214811789767
  endloop
endfacet
facet normal 0.0 0.0 1.0
  outer loop
    vertex 527.2581004531042 398.29179866260137 298.24214811789767
    vertex 530.5540904531042 384.72377466260144 298.24214811789767
    vertex 527.6741004531043 397.78578666260137 298.24214811789767
  endloop
endfacet
facet normal 0.0 0.0 1.0
  outer loop
    vertex 527.6741004531043 397.78578666260137 298.24214811789767
    vertex 530.5540904531042 384.72377466260144 298.24214811789767
    vertex 528.1820964531042 397.37178466260116 298.24214811789767
  endloop
endfacet
facet normal 0.0 0.0 1.0
  outer loop
    vertex 528.1820964531042 397.37178466260116 298.24214811789767
    vertex 530.5540904531042 384.72377466260144 298.24214811789767
    vertex 528.7600994531042 397.06380166260124 298.24214811789767
  endloop
endfacet
facet normal 0.0 0.0 1.0
  outer loop
    vertex 528.7600994531042 397.06380166260124 298.24214811789767
    vertex 530.5540904531042 384.72377466260144 298.24214811789767
    vertex 529.3880894531043 396.8737986626012 298.24214811789767
  endloop
endfacet
facet normal 0.0 0.0 1.0
  outer loop
    vertex 529.3880894531043 396.8737986626012 298.24214811789767
    vertex 530.5540904531042 384.72377466260144 298.24214811789767
    vertex 530.0400974531042 396.8097726626013 298.24214811789767
  endloop
endfacet
facet normal 0.0 0.0 1.0
  outer loop
    vertex 530.0400974531042 396.8097726626013 298.24214811789767
    vertex 530.5540904531042 384.72377466260144 298.24214811789767
    vertex 530.6941044531043 396.8737986626012 298.24214811789767
  endloop
endfacet
facet normal 0.0 0.0 1.0
  outer loop
    vertex 530.6941044531043 396.8737986626012 298.24214811789767
    vertex 530.5540904531042 384.72377466260144 298.24214811789767
    vertex 534.2521034531042 387.8057756626013 298.2421481178977
  endloop
endfacet
facet normal 0.0 0.0 1.0
  outer loop
    vertex 530.6941044531043 396.8737986626012 298.24214811789767
    vertex 534.2521034531042 387.8057756626013 298.2421481178977
    vertex 531.3200964531043 397.06380166260124 298.24214811789767
  endloop
endfacet
facet normal 0.0 0.0 1.0
  outer loop
    vertex 531.3200964531043 397.06380166260124 298.24214811789767
    vertex 534.2521034531042 387.8057756626013 298.2421481178977
    vertex 531.9000984531043 397.3737986626015 298.24214811789767
  endloop
endfacet
facet normal 0.0 0.0 1.0
  outer loop
    vertex 531.9000984531043 397.3737986626015 298.24214811789767
    vertex 534.2521034531042 387.8057756626013 298.2421481178977
    vertex 532.4060954531043 397.7897836626014 298.24214811789767
  endloop
endfacet
facet normal 0.0 0.0 1.0
  outer loop
    vertex 532.4060954531043 397.7897836626014 298.24214811789767
    vertex 534.2521034531042 387.8057756626013 298.2421481178977
    vertex 532.8220954531042 398.2957956626014 298.24214811789767
  endloop
endfacet
facet normal 0.0 0.0 1.0
  outer loop
    vertex 532.8220954531042 398.2957956626014 298.24214811789767
    vertex 534.2521034531042 387.8057756626013 298.2421481178977
    vertex 533.1300944531043 398.8737986626013 298.2421481178977
  endloop
endfacet
facet normal 0.0 0.0 1.0
  outer loop
    vertex 533.1300944531043 398.8737986626013 298.2421481178977
    vertex 534.2521034531042 387.8057756626013 298.2421481178977
    vertex 533.3200964531043 399.4997756626013 298.2421481178977
  endloop
endfacet
facet normal 0.0 0.0 1.0
  outer loop
    vertex 533.3200964531043 399.4997756626013 298.2421481178977
    vertex 534.2521034531042 387.8057756626013 298.2421481178977
    vertex 533.3860914531042 400.1517836626014 298.2421481178977
  endloop
endfacet
facet normal 0.0 0.0 1.0
  outer loop
    vertex 533.3860914531042 400.1517836626014 298.2421481178977
    vertex 534.2521034531042 387.8057756626013 298.2421481178977
    vertex 534.2400944531042 410.40178366260125 298.24214811789767
  endloop
endfacet
facet normal 0.0 0.0 1.0
  outer loop
    vertex 534.2400944531042 410.40178366260125 298.24214811789767
    vertex 534.2521034531042 387.8057756626013 298.2421481178977
    vertex 537.7001014531043 406.88777566260137 298.2421481178977
  endloop
endfacet
facet normal 0.0 0.0 1.0
  outer loop
    vertex 537.7001014531043 406.88777566260137 298.2421481178977
    vertex 534.2521034531042 387.8057756626013 298.2421481178977
    vertex 537.7100964531043 391.3237806626014 298.24214811789767
  endloop
endfacet
facet normal 0.0 0.0 1.0
  outer loop
    vertex 537.7001014531043 406.88777566260137 298.2421481178977
    vertex 537.7100964531043 391.3237806626014 298.24214811789767
    vertex 539.9300974531042 403.0737806626012 298.24214811789767
  endloop
endfacet
facet normal 0.0 0.0 1.0
  outer loop
    vertex 539.9300974531042 403.0737806626012 298.24214811789767
    vertex 537.7100964531043 391.3237806626014 298.24214811789767
    vertex 539.9360944531041 395.1397906626013 298.24214811789767
  endloop
endfacet
facet normal 0.0 0.0 1.0
  outer loop
    vertex 539.9300974531042 403.0737806626012 298.24214811789767
    vertex 539.9360944531041 395.1397906626013 298.24214811789767
    vertex 540.5041024531043 399.1057936626013 298.2421481178977
  endloop
endfacet
facet normal 0.0 0.0 1.0
  outer loop
    vertex 498.13409245310413 380.2997936626013 298.24214811789767
    vertex 498.9700904531042 399.04378166260165 298.24214811789767
    vertex 498.9180884531042 400.10179566260143 298.24214811789767
  endloop
endfacet
facet normal 0.0 0.0 1.0
  outer loop
    vertex 498.9700904531042 399.04378166260165 298.24214811789767
    vertex 498.13409245310413 380.2997936626013 298.24214811789767
    vertex 499.12609645310425 397.9957776626014 298.24214811789767
  endloop
endfacet
facet normal 0.0 0.0 1.0
  outer loop
    vertex 499.12609645310425 397.9957776626014 298.24214811789767
    vertex 498.13409245310413 380.2997936626013 298.24214811789767
    vertex 503.7160924531042 379.1457716626014 298.24214811789767
  endloop
endfacet
facet normal 0.0 0.0 1.0
  outer loop
    vertex 499.12609645310425 397.9957776626014 298.24214811789767
    vertex 503.7160924531042 379.1457716626014 298.24214811789767
    vertex 499.38209345310423 396.9657786626015 298.24214811789767
  endloop
endfacet
facet normal 0.0 0.0 1.0
  outer loop
    vertex 499.38209345310423 396.9657786626015 298.24214811789767
    vertex 503.7160924531042 379.1457716626014 298.24214811789767
    vertex 499.74009445310423 395.9677926626013 298.2421481178977
  endloop
endfacet
facet normal 0.0 0.0 1.0
  outer loop
    vertex 499.74009445310423 395.9677926626013 298.2421481178977
    vertex 503.7160924531042 379.1457716626014 298.24214811789767
    vertex 500.19209045310424 395.00978566260153 298.2421481178977
  endloop
endfacet
facet normal 0.0 0.0 1.0
  outer loop
    vertex 500.19209045310424 395.00978566260153 298.2421481178977
    vertex 503.7160924531042 379.1457716626014 298.24214811789767
    vertex 500.7380964531043 394.1017956626014 298.2421481178977
  endloop
endfacet
facet normal 0.0 0.0 1.0
  outer loop
    vertex 500.7380964531043 394.1017956626014 298.2421481178977
    vertex 503.7160924531042 379.1457716626014 298.24214811789767
    vertex 501.3700994531042 393.2497756626016 298.24214811789767
  endloop
endfacet
facet normal 0.0 0.0 1.0
  outer loop
    vertex 501.3700994531042 393.2497756626016 298.24214811789767
    vertex 503.7160924531042 379.1457716626014 298.24214811789767
    vertex 502.08209045310423 392.46379566260157 298.24214811789767
  endloop
endfacet
facet normal 0.0 0.0 1.0
  outer loop
    vertex 502.08209045310423 392.46379566260157 298.24214811789767
    vertex 503.7160924531042 379.1457716626014 298.24214811789767
    vertex 502.8661024531042 391.75178966260154 298.24214811789767
  endloop
endfacet
facet normal 0.0 0.0 1.0
  outer loop
    vertex 502.8661024531042 391.75178966260154 298.24214811789767
    vertex 503.7160924531042 379.1457716626014 298.24214811789767
    vertex 503.7180914531043 391.11980166260145 298.24214811789767
  endloop
endfacet
facet normal 0.0 0.0 1.0
  outer loop
    vertex 503.7180914531043 391.11980166260145 298.24214811789767
    vertex 503.7160924531042 379.1457716626014 298.24214811789767
    vertex 509.5200934531042 378.75777066260133 298.24214811789767
  endloop
endfacet
facet normal 0.0 0.0 1.0
  outer loop
    vertex 503.7180914531043 391.11980166260145 298.24214811789767
    vertex 509.5200934531042 378.75777066260133 298.24214811789767
    vertex 504.6280954531042 390.5757946626015 298.24214811789767
  endloop
endfacet
facet normal 0.0 0.0 1.0
  outer loop
    vertex 504.6280954531042 390.5757946626015 298.24214811789767
    vertex 509.5200934531042 378.75777066260133 298.24214811789767
    vertex 505.5861034531043 390.1217846626014 298.24214811789767
  endloop
endfacet
facet normal 0.0 0.0 1.0
  outer loop
    vertex 505.5861034531043 390.1217846626014 298.24214811789767
    vertex 509.5200934531042 378.75777066260133 298.24214811789767
    vertex 506.5840894531042 389.76579766260136 298.2421481178977
  endloop
endfacet
facet normal 0.0 0.0 1.0
  outer loop
    vertex 506.5840894531042 389.76579766260136 298.2421481178977
    vertex 509.5200934531042 378.75777066260133 298.24214811789767
    vertex 507.6120884531042 389.5078016626014 298.2421481178977
  endloop
endfacet
facet normal 0.0 0.0 1.0
  outer loop
    vertex 507.6120884531042 389.5078016626014 298.2421481178977
    vertex 509.5200934531042 378.75777066260133 298.24214811789767
    vertex 508.6620914531042 389.3517956626013 298.2421481178977
  endloop
endfacet
facet normal 0.0 0.0 1.0
  outer loop
    vertex 508.6620914531042 389.3517956626013 298.2421481178977
    vertex 509.5200934531042 378.75777066260133 298.24214811789767
    vertex 509.72009045310426 389.2997936626014 298.2421481178977
  endloop
endfacet
facet normal 0.0 0.0 1.0
  outer loop
    vertex 509.72009045310426 389.2997936626014 298.2421481178977
    vertex 509.5200934531042 378.75777066260133 298.24214811789767
    vertex 515.3240944531043 379.1517836626013 298.24214811789767
  endloop
endfacet
facet normal 0.0 0.0 1.0
  outer loop
    vertex 509.72009045310426 389.2997936626014 298.2421481178977
    vertex 515.3240944531043 379.1517836626013 298.24214811789767
    vertex 510.77808945310426 389.3517956626013 298.2421481178977
  endloop
endfacet
facet normal 0.0 0.0 1.0
  outer loop
    vertex 510.77808945310426 389.3517956626013 298.2421481178977
    vertex 515.3240944531043 379.1517836626013 298.24214811789767
    vertex 511.82809245310415 389.5078016626014 298.2421481178977
  endloop
endfacet
facet normal 0.0 0.0 1.0
  outer loop
    vertex 511.82809245310415 389.5078016626014 298.2421481178977
    vertex 515.3240944531043 379.1517836626013 298.24214811789767
    vertex 512.8560924531042 389.76579766260136 298.24214811789767
  endloop
endfacet
facet normal 0.0 0.0 1.0
  outer loop
    vertex 512.8560924531042 389.76579766260136 298.24214811789767
    vertex 515.3240944531043 379.1517836626013 298.24214811789767
    vertex 513.8540934531043 390.1217846626014 298.24214811789767
  endloop
endfacet
facet normal 0.0 0.0 1.0
  outer loop
    vertex 513.8540934531043 390.1217846626014 298.24214811789767
    vertex 515.3240944531043 379.1517836626013 298.24214811789767
    vertex 514.8121014531042 390.5757946626015 298.24214811789767
  endloop
endfacet
facet normal 0.0 0.0 1.0
  outer loop
    vertex 514.8121014531042 390.5757946626015 298.24214811789767
    vertex 515.3240944531043 379.1517836626013 298.24214811789767
    vertex 515.7220894531042 391.11980166260145 298.24214811789767
  endloop
endfacet
facet normal 0.0 0.0 1.0
  outer loop
    vertex 515.7220894531042 391.11980166260145 298.24214811789767
    vertex 515.3240944531043 379.1517836626013 298.24214811789767
    vertex 520.9040964531042 380.3097726626014 298.2421481178977
  endloop
endfacet
facet normal 0.0 0.0 1.0
  outer loop
    vertex 515.7220894531042 391.11980166260145 298.24214811789767
    vertex 520.9040964531042 380.3097726626014 298.2421481178977
    vertex 516.5720954531042 391.75178966260137 298.24214811789767
  endloop
endfacet
facet normal 0.0 0.0 1.0
  outer loop
    vertex 516.5720954531042 391.75178966260137 298.24214811789767
    vertex 520.9040964531042 380.3097726626014 298.2421481178977
    vertex 517.3580914531042 392.4637956626014 298.24214811789767
  endloop
endfacet
facet normal 0.0 0.0 1.0
  outer loop
    vertex 517.3580914531042 392.4637956626014 298.24214811789767
    vertex 520.9040964531042 380.3097726626014 298.2421481178977
    vertex 518.0700964531042 393.24977566260145 298.2421481178977
  endloop
endfacet
facet normal 0.0 0.0 1.0
  outer loop
    vertex 518.0700964531042 393.24977566260145 298.2421481178977
    vertex 520.9040964531042 380.3097726626014 298.2421481178977
    vertex 518.7021004531043 394.1017956626014 298.2421481178977
  endloop
endfacet
facet normal 0.0 0.0 1.0
  outer loop
    vertex 518.7021004531043 394.1017956626014 298.2421481178977
    vertex 520.9040964531042 380.3097726626014 298.2421481178977
    vertex 519.2460914531041 395.00978566260136 298.2421481178977
  endloop
endfacet
facet normal 0.0 0.0 1.0
  outer loop
    vertex 519.2460914531041 395.00978566260136 298.2421481178977
    vertex 520.9040964531042 380.3097726626014 298.2421481178977
    vertex 519.7001014531043 395.9677926626013 298.24214811789767
  endloop
endfacet
facet normal 0.0 0.0 1.0
  outer loop
    vertex 519.7001014531043 395.9677926626013 298.24214811789767
    vertex 520.9040964531042 380.3097726626014 298.2421481178977
    vertex 520.0581034531043 396.96577866260134 298.24214811789767
  endloop
endfacet
facet normal 0.0 0.0 1.0
  outer loop
    vertex 520.0581034531043 396.96577866260134 298.24214811789767
    vertex 520.9040964531042 380.3097726626014 298.2421481178977
    vertex 520.3141004531043 397.9957776626014 298.24214811789767
  endloop
endfacet
facet normal 0.0 0.0 1.0
  outer loop
    vertex 520.3141004531043 397.9957776626014 298.24214811789767
    vertex 520.9040964531042 380.3097726626014 298.2421481178977
    vertex 520.4700904531041 399.0437816626015 298.24214811789767
  endloop
endfacet
facet normal 0.0 0.0 1.0
  outer loop
    vertex 520.4700904531041 399.0437816626015 298.24214811789767
    vertex 520.9040964531042 380.3097726626014 298.2421481178977
    vertex 520.5220924531043 400.10179566260143 298.2421481178977
  endloop
endfacet
facet normal 0.0 0.0 1.0
  outer loop
    vertex 520.5220924531043 400.10179566260143 298.2421481178977
    vertex 520.9040964531042 380.3097726626014 298.2421481178977
    vertex 520.8820934531043 417.8837786626014 298.24214811789767
  endloop
endfacet
facet normal 0.0 0.0 1.0
  outer loop
    vertex 520.8820934531043 417.8837786626014 298.24214811789767
    vertex 520.9040964531042 380.3097726626014 298.2421481178977
    vertex 526.0281044531042 416.00780166260137 298.24214811789767
  endloop
endfacet
facet normal 0.0 0.0 1.0
  outer loop
    vertex 526.0281044531042 416.00780166260137 298.24214811789767
    vertex 520.9040964531042 380.3097726626014 298.2421481178977
    vertex 526.0460944531043 382.19179166260125 298.2421481178977
  endloop
endfacet
facet normal 0.0 0.0 1.0
  outer loop
    vertex 526.0281044531042 416.00780166260137 298.24214811789767
    vertex 526.0460944531043 382.19179166260125 298.2421481178977
    vertex 526.6940894531042 400.14580166260134 298.2421481178977
  endloop
endfacet
facet normal 0.0 0.0 1.0
  outer loop
    vertex 526.0281044531042 416.00780166260137 298.24214811789767
    vertex 526.6940894531042 400.14580166260134 298.2421481178977
    vertex 526.7581004531042 400.79777966260144 298.2421481178977
  endloop
endfacet
facet normal 0.0 0.0 1.0
  outer loop
    vertex 526.0281044531042 416.00780166260137 298.24214811789767
    vertex 526.7581004531042 400.79777966260144 298.2421481178977
    vertex 530.5380994531042 413.4818006626014 298.2421481178977
  endloop
endfacet
facet normal 0.0 0.0 1.0
  outer loop
    vertex 530.5380994531042 413.4818006626014 298.2421481178977
    vertex 526.7581004531042 400.79777966260144 298.2421481178977
    vertex 526.9481024531042 401.42378666260123 298.2421481178977
  endloop
endfacet
facet normal 0.0 0.0 1.0
  outer loop
    vertex 530.5380994531042 413.4818006626014 298.2421481178977
    vertex 526.9481024531042 401.42378666260123 298.2421481178977
    vertex 527.2561014531043 402.00178966260137 298.24214811789767
  endloop
endfacet
facet normal 0.0 0.0 1.0
  outer loop
    vertex 530.5380994531042 413.4818006626014 298.2421481178977
    vertex 527.2561014531043 402.00178966260137 298.24214811789767
    vertex 527.6721014531042 402.50780166260137 298.24214811789767
  endloop
endfacet
facet normal 0.0 0.0 1.0
  outer loop
    vertex 530.5380994531042 413.4818006626014 298.2421481178977
    vertex 527.6721014531042 402.50780166260137 298.24214811789767
    vertex 528.1780984531042 402.9237866626013 298.24214811789767
  endloop
endfacet
facet normal 0.0 0.0 1.0
  outer loop
    vertex 530.5380994531042 413.4818006626014 298.2421481178977
    vertex 528.1780984531042 402.9237866626013 298.24214811789767
    vertex 528.7581004531042 403.2337846626013 298.24214811789767
  endloop
endfacet
facet normal 0.0 0.0 1.0
  outer loop
    vertex 530.5380994531042 413.4818006626014 298.2421481178977
    vertex 528.7581004531042 403.2337846626013 298.24214811789767
    vertex 529.3840924531042 403.42378666260134 298.24214811789767
  endloop
endfacet
facet normal 0.0 0.0 1.0
  outer loop
    vertex 530.5380994531042 413.4818006626014 298.2421481178977
    vertex 529.3840924531042 403.42378666260134 298.24214811789767
    vertex 530.0380994531043 403.48778166260126 298.24214811789767
  endloop
endfacet
facet normal 0.0 0.0 1.0
  outer loop
    vertex 530.5380994531042 413.4818006626014 298.2421481178977
    vertex 530.0380994531043 403.48778166260126 298.24214811789767
    vertex 530.6900914531043 403.42378666260134 298.24214811789767
  endloop
endfacet
facet normal 0.0 0.0 1.0
  outer loop
    vertex 530.5380994531042 413.4818006626014 298.2421481178977
    vertex 530.6900914531043 403.42378666260134 298.24214811789767
    vertex 534.2400944531042 410.40178366260125 298.24214811789767
  endloop
endfacet
facet normal 0.0 0.0 1.0
  outer loop
    vertex 534.2400944531042 410.40178366260125 298.24214811789767
    vertex 530.6900914531043 403.42378666260134 298.24214811789767
    vertex 531.3180974531042 403.2337846626013 298.24214811789767
  endloop
endfacet
facet normal 0.0 0.0 1.0
  outer loop
    vertex 534.2400944531042 410.40178366260125 298.24214811789767
    vertex 531.3180974531042 403.2337846626013 298.24214811789767
    vertex 531.8961004531043 402.9258006626014 298.24214811789767
  endloop
endfacet
facet normal 0.0 0.0 1.0
  outer loop
    vertex 534.2400944531042 410.40178366260125 298.24214811789767
    vertex 531.8961004531043 402.9258006626014 298.24214811789767
    vertex 532.4040964531042 402.51179966260133 298.24214811789767
  endloop
endfacet
facet normal 0.0 0.0 1.0
  outer loop
    vertex 534.2400944531042 410.40178366260125 298.24214811789767
    vertex 532.4040964531042 402.51179966260133 298.24214811789767
    vertex 532.8200964531043 402.00578766260116 298.24214811789767
  endloop
endfacet
facet normal 0.0 0.0 1.0
  outer loop
    vertex 534.2400944531042 410.40178366260125 298.24214811789767
    vertex 532.8200964531043 402.00578766260116 298.24214811789767
    vertex 533.1300944531043 401.4277846626014 298.2421481178977
  endloop
endfacet
facet normal 0.0 0.0 1.0
  outer loop
    vertex 534.2400944531042 410.40178366260125 298.24214811789767
    vertex 533.1300944531043 401.4277846626014 298.2421481178977
    vertex 533.3200964531043 400.80177766260124 298.2421481178977
  endloop
endfacet
facet normal 0.0 0.0 1.0
  outer loop
    vertex 534.2400944531042 410.40178366260125 298.24214811789767
    vertex 533.3200964531043 400.80177766260124 298.2421481178977
    vertex 533.3860914531042 400.1517836626014 298.2421481178977
  endloop
endfacet
facet normal 0.0 0.0 1.0
  outer loop
    vertex 480.3300914531042 395.1097916626013 298.2421481178977
    vertex 480.3260934531042 403.0457956626012 298.2421481178977
    vertex 479.7581004531042 399.07777866260125 298.24214811789767
  endloop
endfacet
facet normal 0.0 0.0 1.0
  outer loop
    vertex 480.3260934531042 403.0457956626012 298.2421481178977
    vertex 480.3300914531042 395.1097916626013 298.2421481178977
    vertex 482.01809445310425 406.85979166260137 298.24214811789767
  endloop
endfacet
facet normal 0.0 0.0 1.0
  outer loop
    vertex 482.01809445310425 406.85979166260137 298.24214811789767
    vertex 480.3300914531042 395.1097916626013 298.2421481178977
    vertex 482.02609045310436 391.29579566260134 298.24214811789767
  endloop
endfacet
facet normal 0.0 0.0 1.0
  outer loop
    vertex 482.01809445310425 406.85979166260137 298.24214811789767
    vertex 482.02609045310436 391.29579566260134 298.24214811789767
    vertex 484.7640964531043 410.37779666260104 298.24214811789767
  endloop
endfacet
facet normal 0.0 0.0 1.0
  outer loop
    vertex 484.7640964531043 410.37779666260104 298.24214811789767
    vertex 482.02609045310436 391.29579566260134 298.24214811789767
    vertex 484.7780894531042 387.7817886626013 298.24214811789767
  endloop
endfacet
facet normal 0.0 0.0 1.0
  outer loop
    vertex 484.7640964531043 410.37779666260104 298.24214811789767
    vertex 484.7780894531042 387.7817886626013 298.24214811789767
    vertex 488.4620954531043 413.4597976626011 298.24214811789767
  endloop
endfacet
facet normal 0.0 0.0 1.0
  outer loop
    vertex 488.4620954531043 413.4597976626011 298.24214811789767
    vertex 484.7780894531042 387.7817886626013 298.24214811789767
    vertex 488.4781014531043 384.7017716626011 298.24214811789767
  endloop
endfacet
facet normal 0.0 0.0 1.0
  outer loop
    vertex 488.4620954531043 413.4597976626011 298.24214811789767
    vertex 488.4781014531043 384.7017716626011 298.24214811789767
    vertex 492.9700904531041 415.9917796626013 298.2421481178977
  endloop
endfacet
facet normal 0.0 0.0 1.0
  outer loop
    vertex 492.9700904531041 415.9917796626013 298.2421481178977
    vertex 488.4781014531043 384.7017716626011 298.24214811789767
    vertex 492.9880964531042 382.1758006626014 298.2421481178977
  endloop
endfacet
facet normal 0.0 0.0 1.0
  outer loop
    vertex 492.9700904531041 415.9917796626013 298.2421481178977
    vertex 492.9880964531042 382.1758006626014 298.2421481178977
    vertex 498.1120884531042 417.8737986626015 298.24214811789767
  endloop
endfacet
facet normal 0.0 0.0 1.0
  outer loop
    vertex 498.1120884531042 417.8737986626015 298.24214811789767
    vertex 492.9880964531042 382.1758006626014 298.2421481178977
    vertex 498.13409245310413 380.2997936626013 298.24214811789767
  endloop
endfacet
facet normal 0.0 0.0 1.0
  outer loop
    vertex 498.1120884531042 417.8737986626015 298.24214811789767
    vertex 498.13409245310413 380.2997936626013 298.24214811789767
    vertex 498.9180884531042 400.10179566260143 298.24214811789767
  endloop
endfacet
facet normal 0.0 0.0 1.0
  outer loop
    vertex 498.1120884531042 417.8737986626015 298.24214811789767
    vertex 498.9180884531042 400.10179566260143 298.24214811789767
    vertex 498.9700904531042 401.1617936626015 298.2421481178977
  endloop
endfacet
facet normal 0.0 0.0 1.0
  outer loop
    vertex 498.1120884531042 417.8737986626015 298.24214811789767
    vertex 498.9700904531042 401.1617936626015 298.2421481178977
    vertex 499.12609645310425 402.2097976626013 298.2421481178977
  endloop
endfacet
facet normal 0.0 0.0 1.0
  outer loop
    vertex 498.1120884531042 417.8737986626015 298.24214811789767
    vertex 499.12609645310425 402.2097976626013 298.2421481178977
    vertex 499.38209345310423 403.2377816626013 298.24214811789767
  endloop
endfacet
facet normal 0.0 0.0 1.0
  outer loop
    vertex 498.1120884531042 417.8737986626015 298.24214811789767
    vertex 499.38209345310423 403.2377816626013 298.24214811789767
    vertex 503.69209045310424 419.0317886626014 298.24214811789767
  endloop
endfacet
facet normal 0.0 0.0 1.0
  outer loop
    vertex 503.69209045310424 419.0317886626014 298.24214811789767
    vertex 499.38209345310423 403.2377816626013 298.24214811789767
    vertex 499.74009445310423 404.23579866260155 298.24214811789767
  endloop
endfacet
facet normal 0.0 0.0 1.0
  outer loop
    vertex 503.69209045310424 419.0317886626014 298.24214811789767
    vertex 499.74009445310423 404.23579866260155 298.24214811789767
    vertex 500.19209045310424 405.19377566260135 298.24214811789767
  endloop
endfacet
facet normal 0.0 0.0 1.0
  outer loop
    vertex 503.69209045310424 419.0317886626014 298.24214811789767
    vertex 500.19209045310424 405.19377566260135 298.24214811789767
    vertex 500.7380964531043 406.1037796626014 298.24214811789767
  endloop
endfacet
facet normal 0.0 0.0 1.0
  outer loop
    vertex 503.69209045310424 419.0317886626014 298.24214811789767
    vertex 500.7380964531043 406.1037796626014 298.24214811789767
    vertex 501.3700994531042 406.9557996626015 298.2421481178977
  endloop
endfacet
facet normal 0.0 0.0 1.0
  outer loop
    vertex 503.69209045310424 419.0317886626014 298.24214811789767
    vertex 501.3700994531042 406.9557996626015 298.2421481178977
    vertex 502.08209045310423 407.7417796626016 298.2421481178977
  endloop
endfacet
facet normal 0.0 0.0 1.0
  outer loop
    vertex 503.69209045310424 419.0317886626014 298.24214811789767
    vertex 502.08209045310423 407.7417796626016 298.2421481178977
    vertex 502.8661024531042 408.4518016626013 298.2421481178977
  endloop
endfacet
facet normal 0.0 0.0 1.0
  outer loop
    vertex 503.69209045310424 419.0317886626014 298.24214811789767
    vertex 502.8661024531042 408.4518016626013 298.2421481178977
    vertex 503.7180914531043 409.0837906626014 298.2421481178977
  endloop
endfacet
facet normal 0.0 0.0 1.0
  outer loop
    vertex 503.69209045310424 419.0317886626014 298.24214811789767
    vertex 503.7180914531043 409.0837906626014 298.2421481178977
    vertex 509.49609145310427 419.42580066260143 298.2421481178977
  endloop
endfacet
facet normal 0.0 0.0 1.0
  outer loop
    vertex 509.49609145310427 419.42580066260143 298.2421481178977
    vertex 503.7180914531043 409.0837906626014 298.2421481178977
    vertex 504.6280954531042 409.6297806626015 298.24214811789767
  endloop
endfacet
facet normal 0.0 0.0 1.0
  outer loop
    vertex 509.49609145310427 419.42580066260143 298.2421481178977
    vertex 504.6280954531042 409.6297806626015 298.24214811789767
    vertex 505.5861034531043 410.08177666260127 298.24214811789767
  endloop
endfacet
facet normal 0.0 0.0 1.0
  outer loop
    vertex 509.49609145310427 419.42580066260143 298.2421481178977
    vertex 505.5861034531043 410.08177666260127 298.24214811789767
    vertex 506.5840894531042 410.4397776626014 298.24214811789767
  endloop
endfacet
facet normal 0.0 0.0 1.0
  outer loop
    vertex 509.49609145310427 419.42580066260143 298.2421481178977
    vertex 506.5840894531042 410.4397776626014 298.24214811789767
    vertex 507.6120884531042 410.6977736626014 298.24214811789767
  endloop
endfacet
facet normal 0.0 0.0 1.0
  outer loop
    vertex 509.49609145310427 419.42580066260143 298.2421481178977
    vertex 507.6120884531042 410.6977736626014 298.24214811789767
    vertex 508.6620914531042 410.8517956626013 298.24214811789767
  endloop
endfacet
facet normal 0.0 0.0 1.0
  outer loop
    vertex 509.49609145310427 419.42580066260143 298.2421481178977
    vertex 508.6620914531042 410.8517956626013 298.24214811789767
    vertex 509.72009045310426 410.9037976626014 298.24214811789767
  endloop
endfacet
facet normal 0.0 0.0 1.0
  outer loop
    vertex 509.49609145310427 419.42580066260143 298.2421481178977
    vertex 509.72009045310426 410.9037976626014 298.24214811789767
    vertex 515.3000924531042 419.03780066260134 298.2421481178977
  endloop
endfacet
facet normal 0.0 0.0 1.0
  outer loop
    vertex 515.3000924531042 419.03780066260134 298.2421481178977
    vertex 509.72009045310426 410.9037976626014 298.24214811789767
    vertex 510.77808945310426 410.8517956626013 298.24214811789767
  endloop
endfacet
facet normal 0.0 0.0 1.0
  outer loop
    vertex 515.3000924531042 419.03780066260134 298.2421481178977
    vertex 510.77808945310426 410.8517956626013 298.24214811789767
    vertex 511.82809245310415 410.6977736626014 298.24214811789767
  endloop
endfacet
facet normal 0.0 0.0 1.0
  outer loop
    vertex 515.3000924531042 419.03780066260134 298.2421481178977
    vertex 511.82809245310415 410.6977736626014 298.24214811789767
    vertex 512.8560924531042 410.4397776626014 298.24214811789767
  endloop
endfacet
facet normal 0.0 0.0 1.0
  outer loop
    vertex 515.3000924531042 419.03780066260134 298.2421481178977
    vertex 512.8560924531042 410.4397776626014 298.24214811789767
    vertex 513.8540934531043 410.08177666260127 298.24214811789767
  endloop
endfacet
facet normal 0.0 0.0 1.0
  outer loop
    vertex 515.3000924531042 419.03780066260134 298.2421481178977
    vertex 513.8540934531043 410.08177666260127 298.24214811789767
    vertex 514.8121014531042 409.6297806626015 298.24214811789767
  endloop
endfacet
facet normal 0.0 0.0 1.0
  outer loop
    vertex 515.3000924531042 419.03780066260134 298.2421481178977
    vertex 514.8121014531042 409.6297806626015 298.24214811789767
    vertex 515.7220894531042 409.0837906626014 298.24214811789767
  endloop
endfacet
facet normal 0.0 0.0 1.0
  outer loop
    vertex 515.3000924531042 419.03780066260134 298.2421481178977
    vertex 515.7220894531042 409.0837906626014 298.24214811789767
    vertex 520.8820934531043 417.8837786626014 298.24214811789767
  endloop
endfacet
facet normal 0.0 0.0 1.0
  outer loop
    vertex 520.8820934531043 417.8837786626014 298.24214811789767
    vertex 515.7220894531042 409.0837906626014 298.24214811789767
    vertex 516.5720954531042 408.4518016626013 298.2421481178977
  endloop
endfacet
facet normal 0.0 0.0 1.0
  outer loop
    vertex 520.8820934531043 417.8837786626014 298.24214811789767
    vertex 516.5720954531042 408.4518016626013 298.2421481178977
    vertex 517.3580914531042 407.7417796626014 298.2421481178977
  endloop
endfacet
facet normal 0.0 0.0 1.0
  outer loop
    vertex 520.8820934531043 417.8837786626014 298.24214811789767
    vertex 517.3580914531042 407.7417796626014 298.2421481178977
    vertex 518.0700964531042 406.9557996626013 298.2421481178977
  endloop
endfacet
facet normal 0.0 0.0 1.0
  outer loop
    vertex 520.8820934531043 417.8837786626014 298.24214811789767
    vertex 518.0700964531042 406.9557996626013 298.2421481178977
    vertex 518.7021004531043 406.1037796626014 298.2421481178977
  endloop
endfacet
facet normal 0.0 0.0 1.0
  outer loop
    vertex 520.8820934531043 417.8837786626014 298.24214811789767
    vertex 518.7021004531043 406.1037796626014 298.2421481178977
    vertex 519.2460914531042 405.19377566260135 298.24214811789767
  endloop
endfacet
facet normal 0.0 0.0 1.0
  outer loop
    vertex 520.8820934531043 417.8837786626014 298.24214811789767
    vertex 519.2460914531042 405.19377566260135 298.24214811789767
    vertex 519.7001014531043 404.2357986626014 298.24214811789767
  endloop
endfacet
facet normal 0.0 0.0 1.0
  outer loop
    vertex 520.8820934531043 417.8837786626014 298.24214811789767
    vertex 519.7001014531043 404.2357986626014 298.24214811789767
    vertex 520.0581034531043 403.2377816626013 298.24214811789767
  endloop
endfacet
facet normal 0.0 0.0 1.0
  outer loop
    vertex 520.8820934531043 417.8837786626014 298.24214811789767
    vertex 520.0581034531043 403.2377816626013 298.24214811789767
    vertex 520.3141004531043 402.2097976626013 298.24214811789767
  endloop
endfacet
facet normal 0.0 0.0 1.0
  outer loop
    vertex 520.8820934531043 417.8837786626014 298.24214811789767
    vertex 520.3141004531043 402.2097976626013 298.24214811789767
    vertex 520.4700904531041 401.16179366260127 298.2421481178977
  endloop
endfacet
facet normal 0.0 0.0 1.0
  outer loop
    vertex 520.8820934531043 417.8837786626014 298.24214811789767
    vertex 520.4700904531041 401.16179366260127 298.2421481178977
    vertex 520.5220924531043 400.10179566260143 298.2421481178977
  endloop
endfacet
facet normal -0.9412727776072697 -0.33764709111066776 7.888609052210118e-31
  outer loop
    vertex 519.7001014531043 404.2357986626014 298.24214811789767
    vertex 520.0581034531043 403.2377816626013 295.99814811789764
    vertex 520.0581034531043 403.2377816626013 298.24214811789767
  endloop
endfacet
facet normal -0.9412727776072697 -0.33764709111066776 7.888609052210118e-31
  outer loop
    vertex 520.0581034531043 403.2377816626013 295.99814811789764
    vertex 519.7001014531043 404.2357986626014 298.24214811789767
    vertex 519.7001014531043 404.2357986626014 295.99814811789764
  endloop
endfacet
facet normal -0.34222674587309243 0.9386790042324958 0.04198310877250679
  outer loop
    vertex 520.1000954531042 380.0938006626016 333.95015111789775
    vertex 524.6220984531043 382.3177996626014 321.0861491178977
    vertex 519.6300944531043 380.00178966260165 332.17614911789775
  endloop
endfacet
facet normal 0.24342019772611154 0.9699209283951866 0.0
  outer loop
    vertex 506.5840894531042 389.76579766260136 298.2421481178977
    vertex 507.6120884531042 389.5078016626014 295.99814811789776
    vertex 506.5840894531042 389.76579766260136 295.99814811789776
  endloop
endfacet
facet normal 0.24342019772611154 0.9699209283951866 0.0
  outer loop
    vertex 507.6120884531042 389.5078016626014 295.99814811789776
    vertex 506.5840894531042 389.76579766260136 298.2421481178977
    vertex 507.6120884531042 389.5078016626014 298.2421481178977
  endloop
endfacet
facet normal -0.13723617626659787 0.9905383545784635 -5.71957571156519e-06
  outer loop
    vertex 509.8961004531042 380.4617806626013 326.74415011789773
    vertex 514.0520914531043 381.0378006626015 326.06614911789774
    vertex 514.0520914531043 381.03780066260134 324.32014911789776
  endloop
endfacet
facet normal -0.13723617626659787 0.9905383545784635 -5.71957571156519e-06
  outer loop
    vertex 514.0520914531043 381.0378006626015 326.06614911789774
    vertex 509.8961004531042 380.4617806626013 326.74415011789773
    vertex 511.3941014531043 380.66978866260166 327.6161501178977
  endloop
endfacet
facet normal -0.13723617626659787 0.9905383545784635 -5.71957571156519e-06
  outer loop
    vertex 511.3941014531043 380.66978866260166 327.6161501178977
    vertex 509.8961004531042 380.4617806626013 326.74415011789773
    vertex 509.8961004531042 380.46178066260165 331.58814811789773
  endloop
endfacet
facet normal -0.13723617626659787 0.9905383545784635 -5.71957571156519e-06
  outer loop
    vertex 511.3941014531043 380.66978866260166 327.6161501178977
    vertex 509.8961004531042 380.46178066260165 331.58814811789773
    vertex 511.3941014531043 380.66978866260166 330.7161501178977
  endloop
endfacet
facet normal -0.13723617626659787 0.9905383545784635 -5.71957571156519e-06
  outer loop
    vertex 511.3941014531043 380.66978866260166 330.7161501178977
    vertex 509.8961004531042 380.46178066260165 331.58814811789773
    vertex 514.0520914531043 381.0378006626017 332.2661501178977
  endloop
endfacet
facet normal -0.13723617626659787 0.9905383545784635 -5.71957571156519e-06
  outer loop
    vertex 514.0520914531043 381.0378006626017 332.2661501178977
    vertex 509.8961004531042 380.46178066260165 331.58814811789773
    vertex 514.0520914531043 381.0378006626017 333.95015111789775
  endloop
endfacet
facet normal -0.13723617626659787 0.9905383545784635 -5.71957571156519e-06
  outer loop
    vertex 514.0520914531043 381.0378006626015 326.06614911789774
    vertex 518.2080974531042 381.61378966260133 326.74415011789773
    vertex 514.0520914531043 381.03780066260134 324.32014911789776
  endloop
endfacet
facet normal -0.13723617626659787 0.9905383545784635 -5.71957571156519e-06
  outer loop
    vertex 518.2080974531042 381.61378966260133 326.74415011789773
    vertex 514.0520914531043 381.0378006626015 326.06614911789774
    vertex 516.7120954531043 381.4057816626013 327.6161501178977
  endloop
endfacet
facet normal -0.13723617626659787 0.9905383545784635 -5.71957571156519e-06
  outer loop
    vertex 518.2080974531042 381.61378966260133 326.74415011789773
    vertex 516.7120954531043 381.4057816626013 327.6161501178977
    vertex 518.2080974531042 381.6137896626017 331.58814811789773
  endloop
endfacet
facet normal -0.13723617626659787 0.9905383545784635 -5.71957571156519e-06
  outer loop
    vertex 518.2080974531042 381.6137896626017 331.58814811789773
    vertex 516.7120954531043 381.4057816626013 327.6161501178977
    vertex 516.7120954531043 381.4057816626013 330.7161501178977
  endloop
endfacet
facet normal -0.13723617626659787 0.9905383545784635 -5.71957571156519e-06
  outer loop
    vertex 518.2080974531042 381.6137896626017 331.58814811789773
    vertex 516.7120954531043 381.4057816626013 330.7161501178977
    vertex 514.0520914531043 381.0378006626017 332.2661501178977
  endloop
endfacet
facet normal -0.13723617626659787 0.9905383545784635 -5.71957571156519e-06
  outer loop
    vertex 518.2080974531042 381.6137896626017 331.58814811789773
    vertex 514.0520914531043 381.0378006626017 332.2661501178977
    vertex 514.0520914531043 381.0378006626017 333.95015111789775
  endloop
endfacet
facet normal -0.06901718502909918 0.9975878054658104 0.007429573108048579
  outer loop
    vertex 514.4640934531043 379.3877756626013 322.10615011789764
    vertex 514.5280894531043 379.39979966260137 321.08614911789766
    vertex 509.06410045310423 379.0217786626014 321.08614911789766
  endloop
endfacet
facet normal 0.14950991195564112 0.988664786784083 -0.013737743635707072
  outer loop
    vertex 516.0820904531043 422.1477856626013 323.67014911789767
    vertex 514.6100904531042 422.35179566260143 322.3321501178977
    vertex 514.8520944531042 422.3337906626013 323.67014911789767
  endloop
endfacet
facet normal 0.34308173426141503 0.5738850302525207 0.7436066807582106
  outer loop
    vertex 519.6300944531043 380.00178966260165 332.17614911789775
    vertex 518.2080974531042 381.6137896626017 331.58814811789773
    vertex 514.0520914531043 381.0378006626017 333.95015111789775
  endloop
endfacet
facet normal -0.9703639775947522 -0.24164798982505814 0.0
  outer loop
    vertex 520.0581034531043 403.2377816626013 298.24214811789767
    vertex 520.3141004531043 402.2097976626013 295.99814811789764
    vertex 520.3141004531043 402.2097976626013 298.24214811789767
  endloop
endfacet
facet normal -0.9703639775947522 -0.24164798982505814 0.0
  outer loop
    vertex 520.3141004531043 402.2097976626013 295.99814811789764
    vertex 520.0581034531043 403.2377816626013 298.24214811789767
    vertex 520.0581034531043 403.2377816626013 295.99814811789764
  endloop
endfacet
facet normal 0.03940705895789878 -0.9471621888581083 -0.31832510378825907
  outer loop
    vertex 518.9980904531042 415.8277786626016 326.68814911789764
    vertex 514.7400944531042 416.3617746626014 324.57214911789765
    vertex 514.7320994531043 417.5437816626014 321.0541501178977
  endloop
endfacet
facet normal -0.903653366670352 -0.4282646295286815 0.0
  outer loop
    vertex 519.2460914531042 405.19377566260135 298.24214811789767
    vertex 519.7001014531043 404.2357986626014 295.99814811789764
    vertex 519.7001014531043 404.2357986626014 298.24214811789767
  endloop
endfacet
facet normal -0.903653366670352 -0.4282646295286815 0.0
  outer loop
    vertex 519.7001014531043 404.2357986626014 295.99814811789764
    vertex 519.2460914531042 405.19377566260135 298.24214811789767
    vertex 519.2460914531042 405.19377566260135 295.99814811789764
  endloop
endfacet
facet normal 0.43294762166803413 0.6250679009034238 -0.6494970947988763
  outer loop
    vertex 519.6300944531043 380.0157976626016 326.15415011789776
    vertex 514.4640934531043 379.3877756626013 322.10615011789764
    vertex 518.2080974531042 381.61378966260133 326.74415011789773
  endloop
endfacet
facet normal -0.9853613843751711 -0.1704785681024061 0.0
  outer loop
    vertex 516.7120954531043 381.4057816626013 330.7161501178977
    vertex 517.0120984531043 379.6717726626014 327.6161501178977
    vertex 517.0120984531043 379.6717726626014 330.71615011789766
  endloop
endfacet
facet normal -0.9853613843751711 -0.1704785681024061 0.0
  outer loop
    vertex 517.0120984531043 379.6717726626014 327.6161501178977
    vertex 516.7120954531043 381.4057816626013 330.7161501178977
    vertex 516.7120954531043 381.4057816626013 327.6161501178977
  endloop
endfacet
facet normal -0.6703331176305641 -0.7420603152087358 1.5777218104420236e-30
  outer loop
    vertex 517.3580914531042 407.7417796626014 298.2421481178977
    vertex 516.5720954531042 408.4518016626013 295.99814811789776
    vertex 517.3580914531042 407.7417796626014 295.99814811789776
  endloop
endfacet
facet normal -0.6703331176305641 -0.7420603152087358 1.5777218104420236e-30
  outer loop
    vertex 516.5720954531042 408.4518016626013 295.99814811789776
    vertex 517.3580914531042 407.7417796626014 298.2421481178977
    vertex 516.5720954531042 408.4518016626013 298.2421481178977
  endloop
endfacet
facet normal -0.43739117842113606 0.6801506107191047 -0.5882891328061389
  outer loop
    vertex 509.8961004531042 380.4617806626013 326.74415011789773
    vertex 514.0520914531043 381.03780066260134 324.32014911789776
    vertex 514.4640934531043 379.3877756626013 322.10615011789764
  endloop
endfacet
facet normal -0.7411227078397542 -0.6713695941314816 1.5777218104420233e-30
  outer loop
    vertex 517.3580914531042 407.7417796626014 298.2421481178977
    vertex 518.0700964531042 406.9557996626013 295.99814811789776
    vertex 518.0700964531042 406.9557996626013 298.2421481178977
  endloop
endfacet
facet normal -0.7411227078397542 -0.6713695941314816 1.5777218104420233e-30
  outer loop
    vertex 518.0700964531042 406.9557996626013 295.99814811789776
    vertex 517.3580914531042 407.7417796626014 298.2421481178977
    vertex 517.3580914531042 407.7417796626014 295.99814811789776
  endloop
endfacet
facet normal -0.9987987955205976 -0.048999653739631326 1.9721522630525295e-31
  outer loop
    vertex 520.4700904531041 401.16179366260127 298.2421481178977
    vertex 520.5220924531043 400.10179566260143 295.99814811789776
    vertex 520.5220924531043 400.10179566260143 298.2421481178977
  endloop
endfacet
facet normal -0.9987987955205976 -0.048999653739631326 1.9721522630525295e-31
  outer loop
    vertex 520.5220924531043 400.10179566260143 295.99814811789776
    vertex 520.4700904531041 401.16179366260127 298.2421481178977
    vertex 520.4700904531041 401.16179366260127 295.99814811789776
  endloop
endfacet
facet normal -0.6920056189839859 -0.43936151460467127 -0.5727911336419932
  outer loop
    vertex 509.8901044531043 418.4377946626013 326.21814911789767
    vertex 514.7320994531043 417.5437816626014 321.0541501178977
    vertex 510.4801004531042 416.8958016626013 326.68814911789764
  endloop
endfacet
facet normal -0.8578274373702135 0.513937824736468 0.0
  outer loop
    vertex 519.2460914531041 395.00978566260136 298.2421481178977
    vertex 518.7021004531043 394.1017956626014 295.99814811789776
    vertex 518.7021004531043 394.1017956626014 298.2421481178977
  endloop
endfacet
facet normal -0.8578274373702135 0.513937824736468 0.0
  outer loop
    vertex 518.7021004531043 394.1017956626014 295.99814811789776
    vertex 519.2460914531041 395.00978566260136 298.2421481178977
    vertex 519.2460914531041 395.00978566260136 295.99814811789776
  endloop
endfacet
facet normal -0.8031611171017562 -0.5957618819426596 0.0
  outer loop
    vertex 518.0700964531042 406.9557996626013 298.2421481178977
    vertex 518.7021004531043 406.1037796626014 295.99814811789776
    vertex 518.7021004531043 406.1037796626014 298.2421481178977
  endloop
endfacet
facet normal -0.8031611171017562 -0.5957618819426596 0.0
  outer loop
    vertex 518.7021004531043 406.1037796626014 295.99814811789776
    vertex 518.0700964531042 406.9557996626013 298.2421481178977
    vertex 518.0700964531042 406.9557996626013 295.99814811789776
  endloop
endfacet
facet normal 0.09484984542128189 0.9915657731521924 0.08832227542728895
  outer loop
    vertex 503.6120884531042 378.8757826626014 328.58014911789763
    vertex 509.30009245310424 378.5477796626013 326.15415011789764
    vertex 509.06410045310423 379.0217786626014 321.08614911789766
  endloop
endfacet
facet normal -0.7411227078397735 0.6713695941314605 1.577721810442024e-30
  outer loop
    vertex 518.0700964531042 393.24977566260145 298.2421481178977
    vertex 517.3580914531042 392.4637956626014 295.99814811789764
    vertex 517.3580914531042 392.4637956626014 298.24214811789767
  endloop
endfacet
facet normal -0.7411227078397735 0.6713695941314605 1.577721810442024e-30
  outer loop
    vertex 517.3580914531042 392.4637956626014 295.99814811789764
    vertex 518.0700964531042 393.24977566260145 298.2421481178977
    vertex 518.0700964531042 393.24977566260145 295.99814811789776
  endloop
endfacet
facet normal 0.7470471567427027 0.6647710475063153 -1.5777218104420236e-30
  outer loop
    vertex 518.2080974531042 381.6137896626017 331.58814811789773
    vertex 519.6300944531043 380.0157976626016 326.15415011789776
    vertex 518.2080974531042 381.61378966260133 326.74415011789773
  endloop
endfacet
facet normal -0.970474739042716 0.24120277958591707 0.0
  outer loop
    vertex 520.3141004531043 397.9957776626014 298.24214811789767
    vertex 520.0581034531043 396.96577866260134 295.99814811789764
    vertex 520.0581034531043 396.96577866260134 298.24214811789767
  endloop
endfacet
facet normal -0.970474739042716 0.24120277958591707 0.0
  outer loop
    vertex 520.0581034531043 396.96577866260134 295.99814811789764
    vertex 520.3141004531043 397.9957776626014 298.24214811789767
    vertex 520.3141004531043 397.9957776626014 295.99814811789764
  endloop
endfacet
facet normal 0.4929934502069454 0.08490926034540532 0.8658798274360295
  outer loop
    vertex 511.69209045310424 378.9337966626014 327.6161501178977
    vertex 514.0520914531043 381.0378006626015 326.06614911789774
    vertex 511.3941014531043 380.66978866260166 327.6161501178977
  endloop
endfacet
facet normal 0.4929934502069454 0.08490926034540532 0.8658798274360295
  outer loop
    vertex 514.0520914531043 381.0378006626015 326.06614911789774
    vertex 511.69209045310424 378.9337966626014 327.6161501178977
    vertex 514.3520944531042 379.30177766260164 326.0661491178977
  endloop
endfacet
facet normal -0.5966615807769089 0.8024929644705929 3.1554436208840472e-30
  outer loop
    vertex 515.7220894531042 391.11980166260145 298.24214811789767
    vertex 516.5720954531042 391.75178966260137 295.99814811789764
    vertex 515.7220894531042 391.11980166260145 295.99814811789764
  endloop
endfacet
facet normal -0.5966615807769089 0.8024929644705929 3.1554436208840472e-30
  outer loop
    vertex 516.5720954531042 391.75178966260137 295.99814811789764
    vertex 515.7220894531042 391.11980166260145 298.24214811789767
    vertex 516.5720954531042 391.75178966260137 298.24214811789767
  endloop
endfacet
facet normal 0.21418265740623496 0.8018877626576553 -0.5577650090910179
  outer loop
    vertex 518.2080974531042 381.61378966260133 326.74415011789773
    vertex 514.4640934531043 379.3877756626013 322.10615011789764
    vertex 514.0520914531043 381.03780066260134 324.32014911789776
  endloop
endfacet
facet normal 0.20453983573340473 -0.978649631643531 -0.020207772814766867
  outer loop
    vertex 518.5000894531041 375.61577266260133 317.2601491178977
    vertex 517.6880924531042 375.4917796626017 315.04614811789776
    vertex 519.5041024531042 375.9258006626017 312.4081481178977
  endloop
endfacet
facet normal 0.9891011353733805 -0.14723771257082732 -1.9721522630525295e-31
  outer loop
    vertex 499.12609645310425 402.2097976626013 295.99814811789776
    vertex 498.9700904531042 401.1617936626015 298.2421481178977
    vertex 498.9700904531042 401.1617936626015 295.99814811789776
  endloop
endfacet
facet normal 0.9891011353733805 -0.14723771257082732 -1.9721522630525295e-31
  outer loop
    vertex 498.9700904531042 401.1617936626015 298.2421481178977
    vertex 499.12609645310425 402.2097976626013 295.99814811789776
    vertex 499.12609645310425 402.2097976626013 298.2421481178977
  endloop
endfacet
facet normal 0.7411292762452308 0.6713623432187871 0.0
  outer loop
    vertex 501.3700994531042 393.2497756626016 295.99814811789764
    vertex 502.08209045310423 392.46379566260157 298.24214811789767
    vertex 502.08209045310423 392.46379566260157 295.99814811789764
  endloop
endfacet
facet normal 0.7411292762452308 0.6713623432187871 0.0
  outer loop
    vertex 502.08209045310423 392.46379566260157 298.24214811789767
    vertex 501.3700994531042 393.2497756626016 295.99814811789764
    vertex 501.3700994531042 393.2497756626016 298.24214811789767
  endloop
endfacet
facet normal 0.6722941869331072 0.740284084805254 0.0
  outer loop
    vertex 502.08209045310423 392.46379566260157 298.24214811789767
    vertex 502.8661024531042 391.75178966260154 295.99814811789764
    vertex 502.08209045310423 392.46379566260157 295.99814811789764
  endloop
endfacet
facet normal 0.6722941869331072 0.740284084805254 0.0
  outer loop
    vertex 502.8661024531042 391.75178966260154 295.99814811789764
    vertex 502.08209045310423 392.46379566260157 298.24214811789767
    vertex 502.8661024531042 391.75178966260154 298.24214811789767
  endloop
endfacet
facet normal 0.7411292762452116 -0.6713623432188082 0.0
  outer loop
    vertex 502.08209045310423 407.7417796626016 295.99814811789776
    vertex 501.3700994531042 406.9557996626015 298.2421481178977
    vertex 501.3700994531042 406.9557996626015 295.99814811789776
  endloop
endfacet
facet normal 0.7411292762452116 -0.6713623432188082 0.0
  outer loop
    vertex 501.3700994531042 406.9557996626015 298.2421481178977
    vertex 502.08209045310423 407.7417796626016 295.99814811789776
    vertex 502.08209045310423 407.7417796626016 298.2421481178977
  endloop
endfacet
facet normal 0.6712656146180916 -0.7412168877133033 0.0
  outer loop
    vertex 502.8661024531042 408.4518016626013 298.2421481178977
    vertex 502.08209045310423 407.7417796626016 295.99814811789776
    vertex 502.8661024531042 408.4518016626013 295.99814811789776
  endloop
endfacet
facet normal 0.6712656146180916 -0.7412168877133033 0.0
  outer loop
    vertex 502.08209045310423 407.7417796626016 295.99814811789776
    vertex 502.8661024531042 408.4518016626013 298.2421481178977
    vertex 502.08209045310423 407.7417796626016 298.2421481178977
  endloop
endfacet
facet normal -0.1451340754530968 -0.989411997169215 0.0
  outer loop
    vertex 511.82809245310415 410.6977736626014 298.24214811789767
    vertex 510.77808945310426 410.8517956626013 295.99814811789764
    vertex 511.82809245310415 410.6977736626014 295.99814811789764
  endloop
endfacet
facet normal -0.1451340754530968 -0.989411997169215 0.0
  outer loop
    vertex 510.77808945310426 410.8517956626013 295.99814811789764
    vertex 511.82809245310415 410.6977736626014 298.24214811789767
    vertex 510.77808945310426 410.8517956626013 298.24214811789767
  endloop
endfacet
facet normal 0.970474739042721 0.2412027795858971 0.0
  outer loop
    vertex 499.12609645310425 397.9957776626014 295.99814811789764
    vertex 499.38209345310423 396.9657786626015 298.24214811789767
    vertex 499.38209345310423 396.9657786626015 295.99814811789764
  endloop
endfacet
facet normal 0.970474739042721 0.2412027795858971 0.0
  outer loop
    vertex 499.38209345310423 396.9657786626015 298.24214811789767
    vertex 499.12609645310425 397.9957776626014 295.99814811789764
    vertex 499.12609645310425 397.9957776626014 298.24214811789767
  endloop
endfacet
facet normal 0.8574914291241258 -0.5144982497333341 -7.888609052210116e-31
  outer loop
    vertex 500.7380964531043 406.1037796626014 295.99814811789764
    vertex 500.19209045310424 405.19377566260135 298.24214811789767
    vertex 500.19209045310424 405.19377566260135 295.99814811789764
  endloop
endfacet
facet normal 0.8574914291241258 -0.5144982497333341 -7.888609052210116e-31
  outer loop
    vertex 500.19209045310424 405.19377566260135 298.24214811789767
    vertex 500.7380964531043 406.1037796626014 295.99814811789764
    vertex 500.7380964531043 406.1037796626014 298.24214811789767
  endloop
endfacet
facet normal 0.8031615681555143 -0.5957612738656106 -1.5777218104420236e-30
  outer loop
    vertex 501.3700994531042 406.9557996626015 295.99814811789776
    vertex 500.7380964531043 406.1037796626014 298.24214811789767
    vertex 500.7380964531043 406.1037796626014 295.99814811789764
  endloop
endfacet
facet normal 0.8031615681555143 -0.5957612738656106 -1.5777218104420236e-30
  outer loop
    vertex 500.7380964531043 406.1037796626014 298.24214811789767
    vertex 501.3700994531042 406.9557996626015 295.99814811789776
    vertex 501.3700994531042 406.9557996626015 298.2421481178977
  endloop
endfacet
facet normal 0.3376555478962005 -0.9412697440027044 0.0
  outer loop
    vertex 506.5840894531042 410.4397776626014 298.24214811789767
    vertex 505.5861034531043 410.08177666260127 295.99814811789764
    vertex 506.5840894531042 410.4397776626014 295.99814811789764
  endloop
endfacet
facet normal 0.3376555478962005 -0.9412697440027044 0.0
  outer loop
    vertex 505.5861034531043 410.08177666260127 295.99814811789764
    vertex 506.5840894531042 410.4397776626014 298.24214811789767
    vertex 505.5861034531043 410.08177666260127 298.24214811789767
  endloop
endfacet
facet normal 0.3265364183262067 -0.9448480934531841 -0.025219988195399588
  outer loop
    vertex 523.2120954531042 377.04777966260144 308.1021491178977
    vertex 521.8200964531043 376.88979066260146 295.99814811789764
    vertex 523.5780924531042 377.28578666260137 303.9241491178977
  endloop
endfacet
facet normal 0.4665398268814209 -0.8840314915120407 -0.02879083097881682
  outer loop
    vertex 528.5740944531043 379.40977966260147 306.19814911789763
    vertex 527.4980904531043 378.9957776626014 301.4741481178977
    vertex 528.5641004531042 379.56779966260143 301.1841481178977
  endloop
endfacet
facet normal 0.4296881404644453 -0.9025450850592024 -0.02793691786301227
  outer loop
    vertex 527.4980904531043 378.9957776626014 301.4741481178977
    vertex 526.6080914531042 378.4258006626014 306.1981491178977
    vertex 526.3820934531042 378.47377466260144 301.1841481178977
  endloop
endfacet
facet normal 0.4296881404644453 -0.9025450850592024 -0.02793691786301227
  outer loop
    vertex 526.6080914531042 378.4258006626014 306.1981491178977
    vertex 527.4980904531043 378.9957776626014 301.4741481178977
    vertex 527.6240974531042 378.88579266260155 306.97614911789765
  endloop
endfacet
facet normal -0.42670009192644315 -0.9043931841571812 1.5777218104420236e-30
  outer loop
    vertex 514.8121014531042 409.6297806626015 298.24214811789767
    vertex 513.8540934531043 410.08177666260127 295.99814811789764
    vertex 514.8121014531042 409.6297806626015 295.99814811789764
  endloop
endfacet
facet normal -0.42670009192644315 -0.9043931841571812 1.5777218104420236e-30
  outer loop
    vertex 513.8540934531043 410.08177666260127 295.99814811789764
    vertex 514.8121014531042 409.6297806626015 298.24214811789767
    vertex 513.8540934531043 410.08177666260127 298.24214811789767
  endloop
endfacet
facet normal 0.04909201154632929 0.9987942602970521 0.0
  outer loop
    vertex 508.6620914531042 389.3517956626013 298.2421481178977
    vertex 509.72009045310426 389.2997936626014 295.99814811789776
    vertex 508.6620914531042 389.3517956626013 295.99814811789776
  endloop
endfacet
facet normal 0.04909201154632929 0.9987942602970521 0.0
  outer loop
    vertex 509.72009045310426 389.2997936626014 295.99814811789776
    vertex 508.6620914531042 389.3517956626013 298.2421481178977
    vertex 509.72009045310426 389.2997936626014 298.2421481178977
  endloop
endfacet
facet normal 0.5957661355134934 0.8031579619074433 -1.5777218104420236e-30
  outer loop
    vertex 502.8661024531042 391.75178966260154 298.24214811789767
    vertex 503.7180914531043 391.11980166260145 295.99814811789764
    vertex 502.8661024531042 391.75178966260154 295.99814811789764
  endloop
endfacet
facet normal 0.5957661355134934 0.8031579619074433 -1.5777218104420236e-30
  outer loop
    vertex 503.7180914531043 391.11980166260145 295.99814811789764
    vertex 502.8661024531042 391.75178966260154 298.24214811789767
    vertex 503.7180914531043 391.11980166260145 298.24214811789767
  endloop
endfacet
facet normal 0.24342019772615162 -0.9699209283951766 0.0
  outer loop
    vertex 507.6120884531042 410.6977736626014 298.24214811789767
    vertex 506.5840894531042 410.4397776626014 295.99814811789764
    vertex 507.6120884531042 410.6977736626014 295.99814811789764
  endloop
endfacet
facet normal 0.24342019772615162 -0.9699209283951766 0.0
  outer loop
    vertex 506.5840894531042 410.4397776626014 295.99814811789764
    vertex 507.6120884531042 410.6977736626014 298.24214811789767
    vertex 506.5840894531042 410.4397776626014 298.24214811789767
  endloop
endfacet
facet normal 0.37178711154429994 -0.9281059037883191 -0.019843765842539482
  outer loop
    vertex 526.2420934531043 378.0697826626017 314.67014911789767
    vertex 524.9260994531041 377.6517836626015 309.56414911789767
    vertex 525.4140904531042 377.90379766260133 306.92014911789767
  endloop
endfacet
facet normal 0.26838322102767276 -0.9631721995540159 -0.016424392746483007
  outer loop
    vertex 522.0680974531043 376.47377466260133 318.84814811789767
    vertex 520.8580914531043 376.22978666260167 313.3841501178977
    vertex 522.0081004531042 376.56377066260177 312.5901491178977
  endloop
endfacet
facet normal 0.26658803329198105 -0.9636776866134157 -0.016004275332830553
  outer loop
    vertex 520.7740914531043 376.1157726626014 318.85014911789773
    vertex 520.8580914531043 376.22978666260167 313.3841501178977
    vertex 522.0680974531043 376.47377466260133 318.84814811789767
  endloop
endfacet
facet normal 0.21817921072986904 -0.975757127466463 -0.017200587306492363
  outer loop
    vertex 518.5000894531041 375.61577266260133 317.2601491178977
    vertex 519.5041024531042 375.9258006626017 312.4081481178977
    vertex 519.9660924531042 375.9877816626017 314.7521501178977
  endloop
endfacet
facet normal 0.9043930122736622 0.42670045623431374 7.888609052210118e-31
  outer loop
    vertex 499.74009445310423 395.9677926626013 295.99814811789776
    vertex 500.19209045310424 395.00978566260153 298.2421481178977
    vertex 500.19209045310424 395.00978566260153 295.99814811789776
  endloop
endfacet
facet normal 0.9043930122736622 0.42670045623431374 7.888609052210118e-31
  outer loop
    vertex 500.19209045310424 395.00978566260153 298.2421481178977
    vertex 499.74009445310423 395.9677926626013 295.99814811789776
    vertex 499.74009445310423 395.9677926626013 298.2421481178977
  endloop
endfacet
facet normal -0.5144938153687861 -0.8574940897448037 1.5777218104420236e-30
  outer loop
    vertex 515.7220894531042 409.0837906626014 298.24214811789767
    vertex 514.8121014531042 409.6297806626015 295.99814811789764
    vertex 515.7220894531042 409.0837906626014 295.99814811789764
  endloop
endfacet
facet normal -0.5144938153687861 -0.8574940897448037 1.5777218104420236e-30
  outer loop
    vertex 514.8121014531042 409.6297806626015 295.99814811789764
    vertex 515.7220894531042 409.0837906626014 298.24214811789767
    vertex 514.8121014531042 409.6297806626015 298.24214811789767
  endloop
endfacet
facet normal 0.9987987955205997 -0.04899965373958891 -6.162975822039156e-33
  outer loop
    vertex 498.9700904531042 401.1617936626015 295.99814811789776
    vertex 498.9180884531042 400.10179566260143 298.24214811789767
    vertex 498.9180884531042 400.10179566260143 295.99814811789764
  endloop
endfacet
facet normal 0.9987987955205997 -0.04899965373958891 -6.162975822039156e-33
  outer loop
    vertex 498.9180884531042 400.10179566260143 298.24214811789767
    vertex 498.9700904531042 401.1617936626015 295.99814811789776
    vertex 498.9700904531042 401.1617936626015 298.2421481178977
  endloop
endfacet
facet normal 0.8031615681555294 0.5957612738655903 1.5777218104420236e-30
  outer loop
    vertex 500.7380964531043 394.1017956626014 295.99814811789776
    vertex 501.3700994531042 393.2497756626016 298.24214811789767
    vertex 501.3700994531042 393.2497756626016 295.99814811789764
  endloop
endfacet
facet normal 0.8031615681555294 0.5957612738655903 1.5777218104420236e-30
  outer loop
    vertex 501.3700994531042 393.2497756626016 298.24214811789767
    vertex 500.7380964531043 394.1017956626014 295.99814811789776
    vertex 500.7380964531043 394.1017956626014 298.2421481178977
  endloop
endfacet
facet normal 0.39521590278843405 -0.9184649429559737 -0.01505120407154964
  outer loop
    vertex 527.8840924531042 378.6897776626012 319.95214811789765
    vertex 525.5120984531043 377.7157786626012 317.10414911789763
    vertex 526.2420934531043 378.0697826626017 314.67014911789767
  endloop
endfacet
facet normal 0.2374087259902872 -0.9712691734919856 -0.016531468412206332
  outer loop
    vertex 520.7740914531043 376.1157726626014 318.85014911789773
    vertex 519.9660924531042 375.9877816626017 314.7521501178977
    vertex 520.8580914531043 376.22978666260167 313.3841501178977
  endloop
endfacet
facet normal 0.2374087259902872 -0.9712691734919856 -0.016531468412206332
  outer loop
    vertex 519.9660924531042 375.9877816626017 314.7521501178977
    vertex 520.7740914531043 376.1157726626014 318.85014911789773
    vertex 519.5500924531042 375.8237806626013 318.45414911789777
  endloop
endfacet
facet normal 0.3734225775927167 -0.9274387744493431 -0.020319896454267412
  outer loop
    vertex 526.2420934531043 378.0697826626017 314.67014911789767
    vertex 524.4280984531042 377.3897906626017 312.37015011789765
    vertex 524.9260994531041 377.6517836626015 309.56414911789767
  endloop
endfacet
facet normal 0.04909201154624429 -0.9987942602970561 0.0
  outer loop
    vertex 509.72009045310426 410.9037976626014 298.24214811789767
    vertex 508.6620914531042 410.8517956626013 295.99814811789764
    vertex 509.72009045310426 410.9037976626014 295.99814811789764
  endloop
endfacet
facet normal 0.04909201154624429 -0.9987942602970561 0.0
  outer loop
    vertex 508.6620914531042 410.8517956626013 295.99814811789764
    vertex 509.72009045310426 410.9037976626014 298.24214811789767
    vertex 508.6620914531042 410.8517956626013 298.24214811789767
  endloop
endfacet
facet normal 0.3537991428204784 -0.935011093364517 -0.024091945226263324
  outer loop
    vertex 525.2980934531042 378.0097856626014 301.0401481178977
    vertex 523.2581004531042 377.3677866626012 295.99814811789764
    vertex 524.6640904531042 377.8997996626013 295.99814811789764
  endloop
endfacet
facet normal 0.35741450933067204 -0.9337811336159959 -0.017540325616719088
  outer loop
    vertex 525.5120984531043 377.7157786626012 317.10414911789763
    vertex 524.0321024531042 377.1937756626016 314.73614911789764
    vertex 524.4280984531042 377.3897906626017 312.37015011789765
  endloop
endfacet
facet normal 0.31538056708597473 -0.948791448028682 -0.01816276554289211
  outer loop
    vertex 524.3180974531043 377.6097916626013 301.76214811789765
    vertex 521.8200964531043 376.88979066260146 295.99814811789764
    vertex 523.2581004531042 377.3677866626012 295.99814811789764
  endloop
endfacet
facet normal 0.9043878555641168 -0.42671138572592376 0.0
  outer loop
    vertex 500.19209045310424 405.19377566260135 295.99814811789764
    vertex 499.74009445310423 404.23579866260155 298.24214811789767
    vertex 499.74009445310423 404.23579866260155 295.99814811789764
  endloop
endfacet
facet normal 0.9043878555641168 -0.42671138572592376 0.0
  outer loop
    vertex 499.74009445310423 404.23579866260155 298.24214811789767
    vertex 500.19209045310424 405.19377566260135 295.99814811789764
    vertex 500.19209045310424 405.19377566260135 298.24214811789767
  endloop
endfacet
facet normal 0.3060221020852322 -0.9517520528096253 -0.02277066112347647
  outer loop
    vertex 523.2120954531042 377.04777966260144 308.1021491178977
    vertex 521.9360944531043 376.68578066260164 306.08414811789766
    vertex 521.8200964531043 376.88979066260146 295.99814811789764
  endloop
endfacet
facet normal 0.9891011353733805 0.14723771257082732 0.0
  outer loop
    vertex 498.9700904531042 399.04378166260165 295.99814811789764
    vertex 499.12609645310425 397.9957776626014 298.24214811789767
    vertex 499.12609645310425 397.9957776626014 295.99814811789764
  endloop
endfacet
facet normal 0.9891011353733805 0.14723771257082732 0.0
  outer loop
    vertex 499.12609645310425 397.9957776626014 298.24214811789767
    vertex 498.9700904531042 399.04378166260165 295.99814811789764
    vertex 498.9700904531042 399.04378166260165 298.24214811789767
  endloop
endfacet
facet normal 0.14696346070722704 0.9891419216760331 0.0
  outer loop
    vertex 507.6120884531042 389.5078016626014 298.2421481178977
    vertex 508.6620914531042 389.3517956626013 295.99814811789776
    vertex 507.6120884531042 389.5078016626014 295.99814811789776
  endloop
endfacet
facet normal 0.14696346070722704 0.9891419216760331 0.0
  outer loop
    vertex 508.6620914531042 389.3517956626013 295.99814811789776
    vertex 507.6120884531042 389.5078016626014 298.2421481178977
    vertex 508.6620914531042 389.3517956626013 298.2421481178977
  endloop
endfacet
facet normal 0.8569878419427467 0.5153366266454521 0.0
  outer loop
    vertex 500.19209045310424 395.00978566260153 295.99814811789776
    vertex 500.7380964531043 394.1017956626014 298.2421481178977
    vertex 500.7380964531043 394.1017956626014 295.99814811789776
  endloop
endfacet
facet normal 0.8569878419427467 0.5153366266454521 0.0
  outer loop
    vertex 500.7380964531043 394.1017956626014 298.2421481178977
    vertex 500.19209045310424 395.00978566260153 295.99814811789776
    vertex 500.19209045310424 395.00978566260153 298.2421481178977
  endloop
endfacet
facet normal 0.3715843881788215 -0.9282704580586976 -0.015459597577782883
  outer loop
    vertex 525.1100904531042 377.46178066260126 323.13415011789766
    vertex 524.5041024531043 377.2977796626012 318.4161491178977
    vertex 526.3560924531042 377.97777266260135 322.1001491178977
  endloop
endfacet
facet normal 0.9412697440027112 0.3376555478961817 -7.888609052210118e-31
  outer loop
    vertex 499.38209345310423 396.9657786626015 295.99814811789764
    vertex 499.74009445310423 395.9677926626013 298.2421481178977
    vertex 499.74009445310423 395.9677926626013 295.99814811789776
  endloop
endfacet
facet normal 0.9412697440027112 0.3376555478961817 -7.888609052210118e-31
  outer loop
    vertex 499.74009445310423 395.9677926626013 298.2421481178977
    vertex 499.38209345310423 396.9657786626015 295.99814811789764
    vertex 499.38209345310423 396.9657786626015 298.24214811789767
  endloop
endfacet
facet normal -0.24341997496666198 -0.9699209843009017 0.0
  outer loop
    vertex 512.8560924531042 410.4397776626014 298.24214811789767
    vertex 511.82809245310415 410.6977736626014 295.99814811789764
    vertex 512.8560924531042 410.4397776626014 295.99814811789764
  endloop
endfacet
facet normal -0.24341997496666198 -0.9699209843009017 0.0
  outer loop
    vertex 511.82809245310415 410.6977736626014 295.99814811789764
    vertex 512.8560924531042 410.4397776626014 298.24214811789767
    vertex 511.82809245310415 410.6977736626014 298.24214811789767
  endloop
endfacet
facet normal 0.1451340754530968 -0.989411997169215 1.5777218104420236e-30
  outer loop
    vertex 508.6620914531042 410.8517956626013 298.24214811789767
    vertex 507.6120884531042 410.6977736626014 295.99814811789764
    vertex 508.6620914531042 410.8517956626013 295.99814811789764
  endloop
endfacet
facet normal 0.1451340754530968 -0.989411997169215 1.5777218104420236e-30
  outer loop
    vertex 507.6120884531042 410.6977736626014 295.99814811789764
    vertex 508.6620914531042 410.8517956626013 298.24214811789767
    vertex 507.6120884531042 410.6977736626014 298.24214811789767
  endloop
endfacet
facet normal -0.04909201154624429 -0.9987942602970561 0.0
  outer loop
    vertex 510.77808945310426 410.8517956626013 298.24214811789767
    vertex 509.72009045310426 410.9037976626014 295.99814811789764
    vertex 510.77808945310426 410.8517956626013 295.99814811789764
  endloop
endfacet
facet normal -0.04909201154624429 -0.9987942602970561 0.0
  outer loop
    vertex 509.72009045310426 410.9037976626014 295.99814811789764
    vertex 510.77808945310426 410.8517956626013 298.24214811789767
    vertex 509.72009045310426 410.9037976626014 298.24214811789767
  endloop
endfacet
facet normal -0.33765105151123537 -0.9412713569493959 -1.5777218104420236e-30
  outer loop
    vertex 513.8540934531043 410.08177666260127 298.24214811789767
    vertex 512.8560924531042 410.4397776626014 295.99814811789764
    vertex 513.8540934531043 410.08177666260127 295.99814811789764
  endloop
endfacet
facet normal -0.33765105151123537 -0.9412713569493959 -1.5777218104420236e-30
  outer loop
    vertex 512.8560924531042 410.4397776626014 295.99814811789764
    vertex 513.8540934531043 410.08177666260127 298.24214811789767
    vertex 512.8560924531042 410.4397776626014 298.24214811789767
  endloop
endfacet
facet normal 0.2607243566406415 -0.9651505724574521 -0.02252070912241277
  outer loop
    vertex 520.6741004531042 376.2977796626016 308.1021491178977
    vertex 521.8200964531043 376.88979066260146 295.99814811789764
    vertex 521.9360944531043 376.68578066260164 306.08414811789766
  endloop
endfacet
facet normal 0.18839317981827064 -0.9819924831060862 -0.01409868508422056
  outer loop
    vertex 516.3020914531043 375.1417736626014 320.90415011789776
    vertex 517.6880924531042 375.4917796626017 315.04614811789776
    vertex 518.5000894531041 375.61577266260133 317.2601491178977
  endloop
endfacet
facet normal 0.36053838934823174 -0.9323489334021144 -0.027157617533996987
  outer loop
    vertex 524.3180974531043 377.6097916626013 301.76214811789765
    vertex 523.2581004531042 377.3677866626012 295.99814811789764
    vertex 525.2980934531042 378.0097856626014 301.0401481178977
  endloop
endfacet
facet normal 0.42670009192642677 -0.9043931841571891 0.0
  outer loop
    vertex 505.5861034531043 410.08177666260127 298.24214811789767
    vertex 504.6280954531042 409.6297806626015 295.99814811789764
    vertex 505.5861034531043 410.08177666260127 295.99814811789764
  endloop
endfacet
facet normal 0.42670009192642677 -0.9043931841571891 0.0
  outer loop
    vertex 504.6280954531042 409.6297806626015 295.99814811789764
    vertex 505.5861034531043 410.08177666260127 298.24214811789767
    vertex 504.6280954531042 409.6297806626015 298.24214811789767
  endloop
endfacet
facet normal 0.34931127389334815 -0.9367752527728604 -0.020826899033460366
  outer loop
    vertex 525.4140904531042 377.90379766260133 306.92014911789767
    vertex 523.5780924531042 377.28578666260137 303.9241491178977
    vertex 524.3180974531043 377.6097916626013 301.76214811789765
  endloop
endfacet
facet normal 0.39638654554465985 -0.9176869387203335 -0.02698868305927816
  outer loop
    vertex 525.7781044531042 378.1077776626013 304.7581481178977
    vertex 525.2980934531042 378.0097856626014 301.0401481178977
    vertex 526.3820934531042 378.47377466260144 301.1841481178977
  endloop
endfacet
facet normal 0.39773381290233223 -0.9171122120357181 -0.026702146152036362
  outer loop
    vertex 526.6080914531042 378.4258006626014 306.1981491178977
    vertex 525.7781044531042 378.1077776626013 304.7581481178977
    vertex 526.3820934531042 378.47377466260144 301.1841481178977
  endloop
endfacet
facet normal 0.5957667436044349 -0.8031575108376734 0.0
  outer loop
    vertex 503.7180914531043 409.0837906626014 298.2421481178977
    vertex 502.8661024531042 408.4518016626013 295.99814811789776
    vertex 503.7180914531043 409.0837906626014 295.99814811789776
  endloop
endfacet
facet normal 0.5957667436044349 -0.8031575108376734 0.0
  outer loop
    vertex 502.8661024531042 408.4518016626013 295.99814811789776
    vertex 503.7180914531043 409.0837906626014 298.2421481178977
    vertex 502.8661024531042 408.4518016626013 298.2421481178977
  endloop
endfacet
facet normal 0.5144871638297736 -0.8574980806126599 -1.5777218104420236e-30
  outer loop
    vertex 504.6280954531042 409.6297806626015 298.24214811789767
    vertex 503.7180914531043 409.0837906626014 295.99814811789776
    vertex 504.6280954531042 409.6297806626015 295.99814811789764
  endloop
endfacet
facet normal 0.5144871638297736 -0.8574980806126599 -1.5777218104420236e-30
  outer loop
    vertex 503.7180914531043 409.0837906626014 295.99814811789776
    vertex 504.6280954531042 409.6297806626015 298.24214811789767
    vertex 503.7180914531043 409.0837906626014 298.2421481178977
  endloop
endfacet
facet normal 0.46488521262809307 -0.8849173929599301 -0.028336314452197343
  outer loop
    vertex 527.6240974531042 378.88579266260155 306.97614911789765
    vertex 527.4980904531043 378.9957776626014 301.4741481178977
    vertex 528.5740944531043 379.40977966260147 306.19814911789763
  endloop
endfacet
facet normal 0.396491563981249 -0.9176104875241575 -0.028025575415702834
  outer loop
    vertex 526.3820934531042 378.47377466260144 301.1841481178977
    vertex 525.2980934531042 378.0097856626014 301.0401481178977
    vertex 526.0341014531043 378.4818006626014 295.99814811789764
  endloop
endfacet
facet normal 0.43002719652469507 -0.902308192388378 -0.030274348844018154
  outer loop
    vertex 527.4980904531043 378.9957776626014 301.4741481178977
    vertex 526.0341014531043 378.4818006626014 295.99814811789764
    vertex 527.3641034531042 379.1157726626013 295.99814811789764
  endloop
endfacet
facet normal 0.43002719652469507 -0.902308192388378 -0.030274348844018154
  outer loop
    vertex 526.0341014531043 378.4818006626014 295.99814811789764
    vertex 527.4980904531043 378.9957776626014 301.4741481178977
    vertex 526.3820934531042 378.47377466260144 301.1841481178977
  endloop
endfacet
facet normal 0.2151250731020376 -0.9764000773164155 -0.019081193341640247
  outer loop
    vertex 519.5500924531042 375.8237806626013 318.45414911789777
    vertex 518.5000894531041 375.61577266260133 317.2601491178977
    vertex 519.9660924531042 375.9877816626017 314.7521501178977
  endloop
endfacet
facet normal 0.19365052333017954 -0.9808878950128752 -0.01893177834114854
  outer loop
    vertex 516.9700904531041 375.4837846626017 307.1021481178977
    vertex 517.0760934531041 375.60777766260134 301.7621481178977
    vertex 517.8540934531042 375.69578966260144 305.16014911789773
  endloop
endfacet
facet normal 0.3337957916462786 -0.9422598145256499 -0.026959440078055313
  outer loop
    vertex 523.5780924531042 377.28578666260137 303.9241491178977
    vertex 521.8200964531043 376.88979066260146 295.99814811789764
    vertex 524.3180974531043 377.6097916626013 301.76214811789765
  endloop
endfacet
facet normal 0.33196806327458095 -0.9431449446051394 -0.016577648551358327
  outer loop
    vertex 523.3341044531041 376.87578266260135 318.8501491178977
    vertex 523.1520974531041 376.9077956626016 313.38415011789766
    vertex 524.0321024531042 377.1937756626016 314.73614911789764
  endloop
endfacet
facet normal 0.4282533130223055 0.9036587297677254 1.5777218104420233e-30
  outer loop
    vertex 504.6280954531042 390.5757946626015 298.24214811789767
    vertex 505.5861034531043 390.1217846626014 295.99814811789764
    vertex 504.6280954531042 390.5757946626015 295.99814811789764
  endloop
endfacet
facet normal 0.4282533130223055 0.9036587297677254 1.5777218104420233e-30
  outer loop
    vertex 505.5861034531043 390.1217846626014 295.99814811789764
    vertex 504.6280954531042 390.5757946626015 298.24214811789767
    vertex 505.5861034531043 390.1217846626014 298.24214811789767
  endloop
endfacet
facet normal 0.3359709563978921 0.9418723461579526 1.577721810442024e-30
  outer loop
    vertex 505.5861034531043 390.1217846626014 298.24214811789767
    vertex 506.5840894531042 389.76579766260136 295.99814811789776
    vertex 505.5861034531043 390.1217846626014 295.99814811789764
  endloop
endfacet
facet normal 0.3359709563978921 0.9418723461579526 1.577721810442024e-30
  outer loop
    vertex 506.5840894531042 389.76579766260136 295.99814811789776
    vertex 505.5861034531043 390.1217846626014 298.24214811789767
    vertex 506.5840894531042 389.76579766260136 298.2421481178977
  endloop
endfacet
facet normal 0.4242064580120913 -0.905282011794087 -0.022657451376683804
  outer loop
    vertex 527.7360974531042 378.7957956626017 312.53414911789764
    vertex 526.5841044531041 378.2977796626015 310.8641491178976
    vertex 526.6080914531042 378.4258006626014 306.1981491178977
  endloop
endfacet
facet normal 0.22311945931837998 -0.974547168740568 -0.02180648465977698
  outer loop
    vertex 519.5041024531042 375.9258006626017 312.4081481178977
    vertex 518.9120914531042 375.8517956626017 309.6581491178977
    vertex 520.1860944531043 376.27177866260166 303.9241491178977
  endloop
endfacet
facet normal 0.36918294288375103 0.9293563240539383 0.0008818302808872267
  outer loop
    vertex 525.0901014531042 419.81578466260123 323.1341501178977
    vertex 526.3361034531042 419.3217966626014 322.10014911789773
    vertex 524.4820994531042 420.0617876626013 318.4161491178977
  endloop
endfacet
facet normal 0.40372287470868234 0.9148780616159443 -0.002443933470879407
  outer loop
    vertex 526.3361034531042 419.3217966626014 322.10014911789773
    vertex 527.8641034531042 418.64177366260145 319.9521481178977
    vertex 525.4900944531042 419.6817826626013 317.10414911789775
  endloop
endfacet
facet normal 0.3033881336506848 0.9527067354251839 0.01747903416791324
  outer loop
    vertex 523.1900914531042 420.6697886626014 308.1021491178977
    vertex 521.7960944531042 421.3357736626014 295.99814811789764
    vertex 521.9120914531042 421.11378966260156 306.0841481178977
  endloop
endfacet
facet normal 0.6526109161380047 -0.7565872135261145 -0.04092408174051056
  outer loop
    vertex 535.5301034531043 384.4077956626013 305.40814911789766
    vertex 535.4820994531042 384.5817766626013 301.42614811789764
    vertex 536.0720954531042 385.04579566260134 302.2561481178976
  endloop
endfacet
facet normal 0.36415552363169057 0.9311985368328793 0.016125743667626334
  outer loop
    vertex 526.2221044531042 419.4137766626017 314.6701491178977
    vertex 525.3941014531042 419.8717846626015 306.9201491178977
    vertex 524.4060954531043 420.1637766626018 312.3701501178977
  endloop
endfacet
facet normal 0.6023168723273832 -0.7975235640652858 -0.034213302535167224
  outer loop
    vertex 533.6260964531043 382.4077956626016 313.38415011789766
    vertex 532.7521034531043 381.78178866260157 312.59014911789774
    vertex 532.5440954531042 381.9037976626015 306.0841481178977
  endloop
endfacet
facet normal 0.6590918634558832 -0.7511427206174079 -0.037182372029366875
  outer loop
    vertex 536.3440984531043 384.5677996626017 316.69014911789765
    vertex 534.9380924531042 383.6617936626015 310.07014911789764
    vertex 535.2340984531041 384.0537916626014 307.3981491178977
  endloop
endfacet
facet normal 0.4771229740162617 -0.8785903092877811 -0.02080230976307022
  outer loop
    vertex 527.8840924531042 378.6897776626012 319.95214811789765
    vertex 529.2301004531043 379.5457956626017 314.6701491178977
    vertex 529.9880964531043 379.89979966260125 317.10414911789775
  endloop
endfacet
facet normal 0.5288723598326309 -0.8481334056879966 -0.031044374065920796
  outer loop
    vertex 531.1920904531042 380.68379666260176 314.73614911789775
    vertex 530.7581004531042 380.4997756626016 312.3701501178977
    vertex 531.6141034531042 381.18977766260156 308.10214911789774
  endloop
endfacet
facet normal 0.5542055489192305 -0.8316521462734225 -0.03479823481075742
  outer loop
    vertex 531.1280954531043 381.04777966260144 303.92414911789774
    vertex 530.4221014531042 380.66777466260135 301.7621481178977
    vertex 532.2241034531042 382.10979166260137 295.99814811789776
  endloop
endfacet
facet normal 0.6523474920536745 -0.7569273440794565 -0.038778156172015806
  outer loop
    vertex 534.9380924531042 383.6617936626015 310.07014911789764
    vertex 533.7140934531043 382.92177266260137 303.9241491178977
    vertex 535.2340984531041 384.0537916626014 307.3981491178977
  endloop
endfacet
facet normal 0.2052233167282004 0.9785328447036863 0.01889079424450862
  outer loop
    vertex 516.2760904531042 422.14580166260134 320.9041501178977
    vertex 517.6640904531042 421.9677926626017 315.04614811789764
    vertex 517.1520974531043 422.14177366260174 311.59614911789765
  endloop
endfacet
facet normal 0.17304130203214002 0.9846814097018786 0.021429633187321887
  outer loop
    vertex 515.9280984531042 422.28178866260174 315.04614811789764
    vertex 517.1520974531043 422.14177366260174 311.59614911789765
    vertex 516.9461034531042 422.27577666260163 307.1021481178977
  endloop
endfacet
facet normal 0.2378689933836153 0.9710039051411957 0.02386960802387339
  outer loop
    vertex 518.2920964531043 421.99977566260156 307.1021481178977
    vertex 520.1620914531043 421.6198016626015 303.9241491178977
    vertex 519.3341044531041 421.8757826626016 301.76214811789765
  endloop
endfacet
facet normal 0.5255340138025444 -0.8501924338730559 -0.031413782351012644
  outer loop
    vertex 531.1920904531042 380.68379666260176 314.73614911789775
    vertex 531.6141034531042 381.18977766260156 308.10214911789774
    vertex 531.8780954531043 381.1577956626017 313.3841501178977
  endloop
endfacet
facet normal 0.5027886953025726 -0.8640448419280415 -0.025100577951161964
  outer loop
    vertex 528.7760904531042 379.3917736626015 310.8641491178976
    vertex 528.5740944531043 379.40977966260147 306.19814911789763
    vertex 529.2720924531043 379.85777766260145 304.75814811789775
  endloop
endfacet
facet normal 0.5056319194128327 -0.8622817788285665 -0.028398872708927252
  outer loop
    vertex 530.9280984531042 380.4077956626013 318.4161491178977
    vertex 529.9880964531043 379.89979966260125 317.10414911789775
    vertex 531.1920904531042 380.68379666260176 314.73614911789775
  endloop
endfacet
facet normal 0.5316078639553945 -0.8464745854770925 -0.02956104061373924
  outer loop
    vertex 530.2060984531042 380.27177866260143 309.5641491178977
    vertex 529.6800974531043 380.03377166260134 306.9201491178977
    vertex 531.1280954531043 381.04777966260144 303.92414911789774
  endloop
endfacet
facet normal 0.49961929202841193 -0.8657331939367097 -0.029775828270125537
  outer loop
    vertex 528.5641004531042 379.56779966260143 301.1841481178977
    vertex 528.6500984531043 379.7957956626013 295.99814811789776
    vertex 529.5500924531043 380.14177366260134 301.04014811789773
  endloop
endfacet
facet normal 0.4997454711112069 -0.8656947527850428 -0.028758635299362012
  outer loop
    vertex 529.2720924531043 379.85777766260145 304.75814811789775
    vertex 528.5641004531042 379.56779966260143 301.1841481178977
    vertex 529.5500924531043 380.14177366260134 301.04014811789773
  endloop
endfacet
facet normal 0.5189631040314174 -0.8541714392173846 -0.032687139357524236
  outer loop
    vertex 530.7581004531042 380.4997756626016 312.3701501178977
    vertex 530.2060984531042 380.27177866260143 309.5641491178977
    vertex 531.1280954531043 381.04777966260144 303.92414911789774
  endloop
endfacet
facet normal 0.22194070613685102 0.9748237589226778 0.02147002560168721
  outer loop
    vertex 517.6640904531042 421.9677926626017 315.04614811789764
    vertex 518.8880894531043 421.80778966260164 309.65814911789766
    vertex 518.2920964531043 421.99977566260156 307.1021481178977
  endloop
endfacet
facet normal 0.3598970205446462 0.9329708904751914 0.006281092979318078
  outer loop
    vertex 526.3361034531042 419.3217966626014 322.10014911789773
    vertex 525.4900944531042 419.6817826626013 317.10414911789775
    vertex 524.4820994531042 420.0617876626013 318.4161491178977
  endloop
endfacet
facet normal 0.2537735595979642 0.9671749152158687 0.013102054272359054
  outer loop
    vertex 520.7500894531042 421.2318006626015 318.85014911789773
    vertex 522.0460944531043 420.8917736626013 318.8481481178977
    vertex 520.8341044531043 421.2838026626017 313.38415011789766
  endloop
endfacet
facet normal 0.3384482485428502 0.9409234527302958 0.010762860232116983
  outer loop
    vertex 523.3121014531042 420.4818006626015 318.85014911789773
    vertex 524.0100994531042 420.27779066260166 314.73614911789775
    vertex 523.1300944531042 420.60979166260165 313.3841501178977
  endloop
endfacet
facet normal 0.3333784996626575 0.9426816463877361 0.014494465370713642
  outer loop
    vertex 524.0100994531042 420.27779066260166 314.73614911789775
    vertex 523.1900914531042 420.6697886626014 308.1021491178977
    vertex 523.1300944531042 420.60979166260165 313.3841501178977
  endloop
endfacet
facet normal 0.35392512370919577 0.9351663819851028 0.01417197277458301
  outer loop
    vertex 525.4900944531042 419.6817826626013 317.10414911789775
    vertex 524.4060954531043 420.1637766626018 312.3701501178977
    vertex 524.0100994531042 420.27779066260166 314.73614911789775
  endloop
endfacet
facet normal 0.49791445690074815 -0.8667639728195442 -0.028309168679312845
  outer loop
    vertex 528.5740944531043 379.40977966260147 306.19814911789763
    vertex 528.5641004531042 379.56779966260143 301.1841481178977
    vertex 529.2720924531043 379.85777766260145 304.75814811789775
  endloop
endfacet
facet normal 0.3415798808423982 0.9397842023898941 0.01135068024761653
  outer loop
    vertex 523.3121014531042 420.4818006626015 318.85014911789773
    vertex 524.4820994531042 420.0617876626013 318.4161491178977
    vertex 524.0100994531042 420.27779066260166 314.73614911789775
  endloop
endfacet
facet normal 0.30789532685098053 0.9513447874580118 0.011981781161349967
  outer loop
    vertex 522.0460944531043 420.8917736626013 318.8481481178977
    vertex 523.1300944531042 420.60979166260165 313.3841501178977
    vertex 521.9860974531042 420.9897966626017 312.59014911789774
  endloop
endfacet
facet normal 0.30789532685098053 0.9513447874580118 0.011981781161349967
  outer loop
    vertex 523.1300944531042 420.60979166260165 313.3841501178977
    vertex 522.0460944531043 420.8917736626013 318.8481481178977
    vertex 523.3121014531042 420.4818006626015 318.85014911789773
  endloop
endfacet
facet normal 0.30602379052989803 0.9519109741621979 0.014660726424313835
  outer loop
    vertex 523.1300944531042 420.60979166260165 313.3841501178977
    vertex 521.9120914531042 421.11378966260156 306.0841481178977
    vertex 521.9860974531042 420.9897966626017 312.59014911789774
  endloop
endfacet
facet normal 0.5619429780467289 -0.8264987148559092 -0.033465859700664326
  outer loop
    vertex 532.7521034531043 381.78178866260157 312.59014911789774
    vertex 531.6141034531042 381.18977766260156 308.10214911789774
    vertex 532.5440954531042 381.9037976626015 306.0841481178977
  endloop
endfacet
facet normal 0.5606866199233634 -0.827368943224077 -0.033032499560098995
  outer loop
    vertex 531.8780954531043 381.1577956626017 313.3841501178977
    vertex 531.6141034531042 381.18977766260156 308.10214911789774
    vertex 532.7521034531043 381.78178866260157 312.59014911789774
  endloop
endfacet
facet normal 0.6432988420445096 -0.7646424945497975 -0.03858050482894135
  outer loop
    vertex 536.8440984531043 385.29979366260164 309.86614911789763
    vertex 536.1220984531043 384.8157846626014 307.42014911789767
    vertex 536.6620914531043 385.4357806626013 304.1361481178976
  endloop
endfacet
facet normal 0.3620657392387845 0.932007770611558 0.016429120157394714
  outer loop
    vertex 525.7561014531042 419.7557876626013 304.7581481178977
    vertex 525.2760904531043 420.0078016626013 301.04014811789773
    vertex 524.2960944531043 420.37578266260135 301.7621481178977
  endloop
endfacet
facet normal 0.20848670713141865 0.9779173898831153 0.014521415691775492
  outer loop
    vertex 518.4761024531042 421.7617996626013 317.26014911789764
    vertex 519.4801004531042 421.61980166260173 312.40814811789767
    vertex 517.6640904531042 421.9677926626017 315.04614811789764
  endloop
endfacet
facet normal 0.6068037289397848 -0.7940652979018011 -0.03534879365545741
  outer loop
    vertex 533.5440954531042 382.5777786626014 308.1021491178977
    vertex 532.5440954531042 381.9037976626015 306.0841481178977
    vertex 532.2241034531042 382.10979166260137 295.99814811789776
  endloop
endfacet
facet normal 0.6068037289397848 -0.7940652979018011 -0.03534879365545741
  outer loop
    vertex 532.5440954531042 381.9037976626015 306.0841481178977
    vertex 533.5440954531042 382.5777786626014 308.1021491178977
    vertex 533.6260964531043 382.4077956626016 313.38415011789766
  endloop
endfacet
facet normal 0.19346623291532786 0.9808952296972817 0.020380507321193373
  outer loop
    vertex 517.1520974531043 422.14177366260174 311.59614911789765
    vertex 517.8300914531043 422.1417736626015 305.1601491178977
    vertex 516.9461034531042 422.27577666260163 307.1021481178977
  endloop
endfacet
facet normal 0.277380082257356 0.960337244026045 0.02850732718728828
  outer loop
    vertex 519.3341044531041 421.8757826626016 301.76214811789765
    vertex 521.7960944531042 421.3357736626014 295.99814811789764
    vertex 520.3280924531042 421.75978566260136 295.99814811789764
  endloop
endfacet
facet normal 0.19985175958870421 0.9796272161014218 0.019743142168282417
  outer loop
    vertex 517.6640904531042 421.9677926626017 315.04614811789764
    vertex 518.2920964531043 421.99977566260156 307.1021481178977
    vertex 517.1520974531043 422.14177366260174 311.59614911789765
  endloop
endfacet
facet normal 0.5434133011044882 -0.8390508090553817 -0.026376580639506868
  outer loop
    vertex 529.5500924531043 380.14177366260134 301.04014811789773
    vertex 529.8921024531043 380.5217786626014 295.99814811789776
    vertex 531.0841044531043 381.29378166260136 295.99814811789776
  endloop
endfacet
facet normal 0.637457587880736 -0.7694232527069178 -0.04044356372997102
  outer loop
    vertex 536.1220984531043 384.8157846626014 307.42014911789767
    vertex 536.0720954531042 385.04579566260134 302.2561481178976
    vertex 536.6620914531043 385.4357806626013 304.1361481178976
  endloop
endfacet
facet normal 0.5819186159196938 -0.8129638610186591 -0.021458917114853523
  outer loop
    vertex 530.4221014531042 380.66777466260135 301.7621481178977
    vertex 531.0841044531043 381.29378166260136 295.99814811789776
    vertex 532.2241034531042 382.10979166260137 295.99814811789776
  endloop
endfacet
facet normal 0.6000871105515172 -0.7994484791238501 -0.027885282435262178
  outer loop
    vertex 533.8800944531043 382.4077956626014 318.85014911789773
    vertex 532.9340954531043 381.69777366260126 318.8481481178977
    vertex 533.6260964531043 382.4077956626016 313.38415011789766
  endloop
endfacet
facet normal 0.47596649841347144 -0.8792079248212016 -0.02119710639723238
  outer loop
    vertex 527.8840924531042 378.6897776626012 319.95214811789765
    vertex 528.7760904531042 379.3917736626015 310.8641491178976
    vertex 529.2301004531043 379.5457956626017 314.6701491178977
  endloop
endfacet
facet normal 0.22315334307659046 0.9746807807605382 0.014140759872426547
  outer loop
    vertex 520.7500894531042 421.2318006626015 318.85014911789773
    vertex 519.9440894531042 421.47578866260164 314.75215011789766
    vertex 519.5260904531042 421.51778066260147 318.45414911789766
  endloop
endfacet
facet normal 0.6280364984842879 -0.7772339330102898 -0.038439172063814725
  outer loop
    vertex 533.5440954531042 382.5777786626014 308.1021491178977
    vertex 532.2241034531042 382.10979166260137 295.99814811789776
    vertex 533.7140934531043 382.92177266260137 303.9241491178977
  endloop
endfacet
facet normal 0.2615986728328774 0.965004554475338 0.018230310308158436
  outer loop
    vertex 520.6500984531043 421.41777466260163 308.1021491178977
    vertex 521.9120914531042 421.11378966260156 306.0841481178977
    vertex 521.7960944531042 421.3357736626014 295.99814811789764
  endloop
endfacet
facet normal 0.15798567038761427 0.9872318166961442 0.020343747319683872
  outer loop
    vertex 515.7500894531042 422.53578666260137 303.7781481178977
    vertex 516.9461034531042 422.27577666260163 307.1021481178977
    vertex 517.0520914531043 422.36980166260133 301.76214811789765
  endloop
endfacet
facet normal 0.15798567038761427 0.9872318166961442 0.020343747319683872
  outer loop
    vertex 516.9461034531042 422.27577666260163 307.1021481178977
    vertex 515.7500894531042 422.53578666260137 303.7781481178977
    vertex 515.7900974531042 422.4097796626016 309.62214911789766
  endloop
endfacet
facet normal 0.1565786586194785 0.9874765534517012 0.019317868621419296
  outer loop
    vertex 515.9280984531042 422.28178866260174 315.04614811789764
    vertex 516.9461034531042 422.27577666260163 307.1021481178977
    vertex 515.7900974531042 422.4097796626016 309.62214911789766
  endloop
endfacet
facet normal 0.629115832505185 -0.776761843748073 -0.02922853722652395
  outer loop
    vertex 534.3300914531042 382.92177266260177 314.8761481178976
    vertex 533.8800944531043 382.4077956626014 318.85014911789773
    vertex 533.6260964531043 382.4077956626016 313.38415011789766
  endloop
endfacet
facet normal 0.629115832505185 -0.776761843748073 -0.02922853722652395
  outer loop
    vertex 533.8800944531043 382.4077956626014 318.85014911789773
    vertex 534.3300914531042 382.92177266260177 314.8761481178976
    vertex 534.7980934531042 383.1557816626013 318.7321491178977
  endloop
endfacet
facet normal 0.34589316623613925 0.9381881917368647 0.012682051752410994
  outer loop
    vertex 524.0100994531042 420.27779066260166 314.73614911789775
    vertex 524.4060954531043 420.1637766626018 312.3701501178977
    vertex 523.1900914531042 420.6697886626014 308.1021491178977
  endloop
endfacet
facet normal 0.655844701323172 -0.7540323045536367 -0.03609724969926246
  outer loop
    vertex 536.3440984531043 384.5677996626017 316.69014911789765
    vertex 534.6060924531042 383.2477916626016 312.6861501178977
    vertex 534.9380924531042 383.6617936626015 310.07014911789764
  endloop
endfacet
facet normal 0.5345690092622085 -0.8445803778813106 -0.03033083635977261
  outer loop
    vertex 530.4221014531042 380.66777466260135 301.7621481178977
    vertex 529.5500924531043 380.14177366260134 301.04014811789773
    vertex 531.0841044531043 381.29378166260136 295.99814811789776
  endloop
endfacet
facet normal 0.6554817082624026 -0.7541542858639646 -0.03993799251860417
  outer loop
    vertex 536.1220984531043 384.8157846626014 307.42014911789767
    vertex 535.5301034531043 384.4077956626013 305.40814911789766
    vertex 536.0720954531042 385.04579566260134 302.2561481178976
  endloop
endfacet
facet normal 0.5324860102895642 -0.8460262003712241 -0.02642569074464867
  outer loop
    vertex 531.9300974531042 381.0197946626012 318.85014911789773
    vertex 531.1920904531042 380.68379666260176 314.73614911789775
    vertex 531.8780954531043 381.1577956626017 313.3841501178977
  endloop
endfacet
facet normal 0.525085732177612 -0.8504408402822691 -0.03217687125078465
  outer loop
    vertex 530.7581004531042 380.4997756626016 312.3701501178977
    vertex 531.1280954531043 381.04777966260144 303.92414911789774
    vertex 531.6141034531042 381.18977766260156 308.10214911789774
  endloop
endfacet
facet normal 0.5358359616730819 -0.8439015202824501 -0.02664669290649478
  outer loop
    vertex 529.6800974531043 380.03377166260134 306.9201491178977
    vertex 530.4221014531042 380.66777466260135 301.7621481178977
    vertex 531.1280954531043 381.04777966260144 303.92414911789774
  endloop
endfacet
facet normal 0.4680212457834515 -0.8833991415442676 -0.023708020038739612
  outer loop
    vertex 528.7760904531042 379.3917736626015 310.8641491178976
    vertex 527.6240974531042 378.88579266260155 306.97614911789765
    vertex 528.5740944531043 379.40977966260147 306.19814911789763
  endloop
endfacet
facet normal 0.4680212457834515 -0.8833991415442676 -0.023708020038739612
  outer loop
    vertex 527.6240974531042 378.88579266260155 306.97614911789765
    vertex 528.7760904531042 379.3917736626015 310.8641491178976
    vertex 527.7360974531042 378.7957956626017 312.53414911789764
  endloop
endfacet
facet normal 0.6321323234967142 -0.7741400567018963 -0.033405062494033966
  outer loop
    vertex 537.0660984531042 385.2277726626017 315.73614911789764
    vertex 536.1220984531043 384.8157846626014 307.42014911789767
    vertex 536.8440984531043 385.29979366260164 309.86614911789763
  endloop
endfacet
facet normal 0.6185872046801532 -0.7851819545029335 -0.02896840570255957
  outer loop
    vertex 534.3780954531043 383.57979266260145 302.15014811789763
    vertex 532.2241034531042 382.10979166260137 295.99814811789776
    vertex 533.3081034531043 382.96379566260117 295.99814811789764
  endloop
endfacet
facet normal 0.5291402053576785 -0.848146568582497 -0.025652315212656124
  outer loop
    vertex 531.9300974531042 381.0197946626012 318.85014911789773
    vertex 530.9280984531042 380.4077956626013 318.4161491178977
    vertex 531.1920904531042 380.68379666260176 314.73614911789775
  endloop
endfacet
facet normal 0.6566940440400227 -0.7530516288764515 -0.040818828607443944
  outer loop
    vertex 535.5301034531043 384.4077956626013 305.40814911789766
    vertex 534.3780954531043 383.57979266260145 302.15014811789763
    vertex 535.4820994531042 384.5817766626013 301.42614811789764
  endloop
endfacet
facet normal 0.47026830218074045 -0.8822494575070742 -0.021991332213339487
  outer loop
    vertex 527.8840924531042 378.6897776626012 319.95214811789765
    vertex 527.7360974531042 378.7957956626017 312.53414911789764
    vertex 528.7760904531042 379.3917736626015 310.8641491178976
  endloop
endfacet
facet normal 0.37142621924939173 0.9284141042918257 0.009477056827416255
  outer loop
    vertex 525.4900944531042 419.6817826626013 317.10414911789775
    vertex 526.2221044531042 419.4137766626017 314.6701491178977
    vertex 524.4060954531043 420.1637766626018 312.3701501178977
  endloop
endfacet
facet normal 0.17900174549806241 0.9838389463703239 0.0043934853565109145
  outer loop
    vertex 517.6920904531042 421.8817946626013 322.3321501178977
    vertex 518.4761024531042 421.7617996626013 317.26014911789764
    vertex 516.2760904531042 422.14580166260134 320.9041501178977
  endloop
endfacet
facet normal 0.48868363971054585 0.8724135972450955 0.009100308847826189
  outer loop
    vertex 527.8641034531042 418.64177366260145 319.9521481178977
    vertex 529.2120954531042 417.9417916626016 314.67014911789767
    vertex 528.7581004531042 418.2357986626016 310.86414911789774
  endloop
endfacet
facet normal 0.15932423880824337 0.9869892284555699 0.02163445956923882
  outer loop
    vertex 515.7500894531042 422.53578666260137 303.7781481178977
    vertex 517.0520914531043 422.36980166260133 301.76214811789765
    vertex 515.7780894531041 422.7018016626013 295.99814811789764
  endloop
endfacet
facet normal 0.4776384993112992 0.8785523777512004 -0.0026802095742949708
  outer loop
    vertex 530.1681034531042 417.4277846626016 316.5521491178976
    vertex 530.8661024531043 417.0357866626017 312.44814911789763
    vertex 529.2120954531042 417.9417916626016 314.67014911789767
  endloop
endfacet
facet normal 0.5358459236978683 0.8443074532673793 0.003751054988993927
  outer loop
    vertex 531.1340924531042 416.8897906626012 317.62814911789764
    vertex 532.3580914531043 416.1177866626016 316.5441491178977
    vertex 531.3800944531042 416.7477916626016 314.44814911789763
  endloop
endfacet
facet normal 0.5005306797062274 0.8656891259914092 0.007167692310064349
  outer loop
    vertex 529.2120954531042 417.9417916626016 314.67014911789767
    vertex 529.6620914531043 417.74577766260165 306.92014911789767
    vertex 528.7581004531042 418.2357986626016 310.86414911789774
  endloop
endfacet
facet normal 0.47465769369111777 0.8801349205788767 -0.007911725313941124
  outer loop
    vertex 530.6961034531042 417.16179366260127 321.61014911789766
    vertex 531.1340924531042 416.8897906626012 317.62814911789764
    vertex 529.5041024531042 417.7957956626013 320.6261481178976
  endloop
endfacet
facet normal 0.5078012690534216 0.8614233475221078 0.009364159948468155
  outer loop
    vertex 528.7581004531042 418.2357986626016 310.86414911789774
    vertex 529.6620914531043 417.74577766260165 306.92014911789767
    vertex 529.2541024531042 418.00978566260136 304.7581481178977
  endloop
endfacet
facet normal 0.5455381053160543 0.8380781339465835 -0.003635525929227771
  outer loop
    vertex 531.1280954531043 416.86378966260145 303.9001481178977
    vertex 532.2060984531042 416.1277966626013 295.99814811789764
    vertex 530.4040964531042 417.32579466260137 301.76214811789765
  endloop
endfacet
facet normal 0.2554734994887616 0.9667327305145126 0.012693258483170364
  outer loop
    vertex 522.0460944531043 420.8917736626013 318.8481481178977
    vertex 521.9860974531042 420.9897966626017 312.59014911789774
    vertex 520.8341044531043 421.2838026626017 313.38415011789766
  endloop
endfacet
facet normal 0.4652764044851667 0.8851435287074569 0.006229046208468988
  outer loop
    vertex 527.8641034531042 418.64177366260145 319.9521481178977
    vertex 528.7581004531042 418.2357986626016 310.86414911789774
    vertex 527.7160924531042 418.7717786626017 312.53414911789775
  endloop
endfacet
facet normal 0.38983551554382656 0.9208363238364757 0.009419953503297142
  outer loop
    vertex 525.2760904531043 420.0078016626013 301.04014811789773
    vertex 526.0120984531043 419.7477916626013 295.99814811789776
    vertex 524.6421024531043 420.3277786626015 295.99814811789776
  endloop
endfacet
facet normal 0.22846280909630418 0.9732331862856094 0.02493812286813642
  outer loop
    vertex 517.8300914531043 422.1417736626015 305.1601491178977
    vertex 519.3341044531041 421.8757826626016 301.76214811789765
    vertex 518.2640964531042 422.1417736626015 301.1841481178977
  endloop
endfacet
facet normal 0.257411654395593 0.9661774021097246 0.015507025305571877
  outer loop
    vertex 520.6500984531043 421.41777466260163 308.1021491178977
    vertex 521.9860974531042 420.9897966626017 312.59014911789774
    vertex 521.9120914531042 421.11378966260156 306.0841481178977
  endloop
endfacet
facet normal 0.257411654395593 0.9661774021097246 0.015507025305571877
  outer loop
    vertex 521.9860974531042 420.9897966626017 312.59014911789774
    vertex 520.6500984531043 421.41777466260163 308.1021491178977
    vertex 520.8341044531043 421.2838026626017 313.38415011789766
  endloop
endfacet
facet normal 0.2082986892211161 0.9778190834944002 0.02194301763514413
  outer loop
    vertex 517.1520974531043 422.14177366260174 311.59614911789765
    vertex 518.2920964531043 421.99977566260156 307.1021481178977
    vertex 517.8300914531043 422.1417736626015 305.1601491178977
  endloop
endfacet
facet normal 0.36976195274882556 0.929048172243669 0.012066148933011018
  outer loop
    vertex 525.3941014531042 419.8717846626015 306.9201491178977
    vertex 525.7561014531042 419.7557876626013 304.7581481178977
    vertex 524.2960944531043 420.37578266260135 301.7621481178977
  endloop
endfacet
facet normal 0.2252277955769202 0.9741378992845822 0.01810506219216871
  outer loop
    vertex 519.4801004531042 421.61980166260173 312.40814811789767
    vertex 520.1620914531043 421.6198016626015 303.9241491178977
    vertex 518.8880894531043 421.80778966260164 309.65814911789766
  endloop
endfacet
facet normal 0.49784070722592844 0.8672283850075301 0.008340171821909933
  outer loop
    vertex 528.7581004531042 418.2357986626016 310.86414911789774
    vertex 529.2541024531042 418.00978566260136 304.7581481178977
    vertex 528.5540904531043 418.3977856626014 306.19814911789774
  endloop
endfacet
facet normal 0.4657548476515533 0.8848810398967308 0.007613614145646287
  outer loop
    vertex 527.4761024531042 419.0057876626013 301.4741481178977
    vertex 528.5540904531043 418.3977856626014 306.19814911789774
    vertex 528.5440954531042 418.4457896626013 301.18414811789773
  endloop
endfacet
facet normal 0.4657548476515533 0.8848810398967308 0.007613614145646287
  outer loop
    vertex 528.5540904531043 418.3977856626014 306.19814911789774
    vertex 527.4761024531042 419.0057876626013 301.4741481178977
    vertex 527.6020944531042 418.89177366260157 306.9761491178977
  endloop
endfacet
facet normal 0.20603724658922928 0.9785281884098791 0.005589052263991785
  outer loop
    vertex 518.9700904531043 421.60777766260134 323.1941491178977
    vertex 519.5260904531042 421.51778066260147 318.45414911789766
    vertex 517.6920904531042 421.8817946626013 322.3321501178977
  endloop
endfacet
facet normal 0.22478025223558376 0.9742883390856324 0.015364586771771958
  outer loop
    vertex 519.9440894531042 421.47578866260164 314.75215011789766
    vertex 520.6500984531043 421.41777466260163 308.1021491178977
    vertex 519.4801004531042 421.61980166260173 312.40814811789767
  endloop
endfacet
facet normal 0.3621414547657742 0.9320865370525657 0.008261609134113
  outer loop
    vertex 524.4820994531042 420.0617876626013 318.4161491178977
    vertex 525.4900944531042 419.6817826626013 317.10414911789775
    vertex 524.0100994531042 420.27779066260166 314.73614911789775
  endloop
endfacet
facet normal 0.3371025481871248 0.9413393395264524 0.015560201337047545
  outer loop
    vertex 524.4060954531043 420.1637766626018 312.3701501178977
    vertex 523.5561044531042 420.6077776626014 303.9241491178977
    vertex 523.1900914531042 420.6697886626014 308.1021491178977
  endloop
endfacet
facet normal 0.24001918165793956 0.9704703463522611 0.024043695372703934
  outer loop
    vertex 518.2640964531042 422.1417736626015 301.1841481178977
    vertex 520.3280924531042 421.75978566260136 295.99814811789764
    vertex 518.8320904531042 422.1297806626013 295.99814811789764
  endloop
endfacet
facet normal 0.2163264285065044 0.9761130049397861 0.020156336895408328
  outer loop
    vertex 517.6640904531042 421.9677926626017 315.04614811789764
    vertex 519.4801004531042 421.61980166260173 312.40814811789767
    vertex 518.8880894531043 421.80778966260164 309.65814911789766
  endloop
endfacet
facet normal 0.46668064220497835 0.8843746498829993 0.009521388316407784
  outer loop
    vertex 527.7160924531042 418.7717786626017 312.53414911789775
    vertex 528.5540904531043 418.3977856626014 306.19814911789774
    vertex 527.6020944531042 418.89177366260157 306.9761491178977
  endloop
endfacet
facet normal 0.2522133468093151 0.9675165541380993 0.017324697976662053
  outer loop
    vertex 520.6500984531043 421.41777466260163 308.1021491178977
    vertex 521.7960944531042 421.3357736626014 295.99814811789764
    vertex 520.1620914531043 421.6198016626015 303.9241491178977
  endloop
endfacet
facet normal 0.42892540177339367 0.9033069194548893 0.007720685102459947
  outer loop
    vertex 526.3621044531043 419.5378006626014 301.18414811789773
    vertex 527.3440984531043 419.11577266260116 295.99814811789776
    vertex 526.0120984531043 419.7477916626013 295.99814811789776
  endloop
endfacet
facet normal 0.42892540177339367 0.9033069194548893 0.007720685102459947
  outer loop
    vertex 527.3440984531043 419.11577266260116 295.99814811789776
    vertex 526.3621044531043 419.5378006626014 301.18414811789773
    vertex 527.4761024531042 419.0057876626013 301.4741481178977
  endloop
endfacet
facet normal 0.42895738445118814 0.9032807250161572 0.008915948579981885
  outer loop
    vertex 526.5861034531042 419.3817946626015 306.19814911789774
    vertex 527.4761024531042 419.0057876626013 301.4741481178977
    vertex 526.3621044531043 419.5378006626014 301.18414811789773
  endloop
endfacet
facet normal 0.42895738445118814 0.9032807250161572 0.008915948579981885
  outer loop
    vertex 527.4761024531042 419.0057876626013 301.4741481178977
    vertex 526.5861034531042 419.3817946626015 306.19814911789774
    vertex 527.6020944531042 418.89177366260157 306.9761491178977
  endloop
endfacet
facet normal 0.49861755190908136 0.8667950865398807 0.006842139907627836
  outer loop
    vertex 528.5440954531042 418.4457896626013 301.18414811789773
    vertex 529.5301034531042 417.8797806626014 301.0401481178977
    vertex 528.6300944531042 418.4377946626013 295.99814811789776
  endloop
endfacet
facet normal 0.49861755190908136 0.8667950865398807 0.006842139907627836
  outer loop
    vertex 529.5301034531042 417.8797806626014 301.0401481178977
    vertex 528.5440954531042 418.4457896626013 301.18414811789773
    vertex 529.2541024531042 418.00978566260136 304.7581481178977
  endloop
endfacet
facet normal 0.38807109403123635 0.9215223586926475 0.014048786671417193
  outer loop
    vertex 527.8641034531042 418.64177366260145 319.9521481178977
    vertex 526.5641004531042 419.32777866260136 310.86414911789774
    vertex 526.2221044531042 419.4137766626017 314.6701491178977
  endloop
endfacet
facet normal 0.6211785244162176 0.7836674356023473 0.0016097144254648315
  outer loop
    vertex 532.2021004531043 416.2057996626016 312.2221491178977
    vertex 533.8320904531042 414.9157916626014 311.24214811789767
    vertex 533.4201024531043 415.24977566260134 307.6301491178977
  endloop
endfacet
facet normal 0.3926788961028649 0.919590724349578 0.012497369549385384
  outer loop
    vertex 526.5641004531042 419.32777866260136 310.86414911789774
    vertex 526.5861034531042 419.3817946626015 306.19814911789774
    vertex 525.7561014531042 419.7557876626013 304.7581481178977
  endloop
endfacet
facet normal 0.5325436342443544 0.8463890755516672 0.004776024770636873
  outer loop
    vertex 530.4040964531042 417.32579466260137 301.76214811789765
    vertex 531.0660984531042 416.9417916626013 295.99814811789764
    vertex 529.5301034531042 417.8797806626014 301.0401481178977
  endloop
endfacet
facet normal 0.3835253069551217 0.9234302653270299 0.013597205706722883
  outer loop
    vertex 526.2221044531042 419.4137766626017 314.6701491178977
    vertex 526.5641004531042 419.32777866260136 310.86414911789774
    vertex 525.3941014531042 419.8717846626015 306.9201491178977
  endloop
endfacet
facet normal 0.25322682629292886 0.9672478526034071 0.0175432630861238
  outer loop
    vertex 520.1620914531043 421.6198016626015 303.9241491178977
    vertex 521.7960944531042 421.3357736626014 295.99814811789764
    vertex 519.3341044531041 421.8757826626016 301.76214811789765
  endloop
endfacet
facet normal 0.31496590302755023 0.9488611730168403 0.021423218038984462
  outer loop
    vertex 524.2960944531043 420.37578266260135 301.7621481178977
    vertex 523.2360974531043 420.85777766260134 295.99814811789776
    vertex 521.7960944531042 421.3357736626014 295.99814811789764
  endloop
endfacet
facet normal 0.16562958196363314 0.9859814895457492 0.020182761250586226
  outer loop
    vertex 517.0520914531043 422.36980166260133 301.76214811789765
    vertex 517.3141004531043 422.44377566260135 295.99814811789764
    vertex 515.7780894531041 422.7018016626013 295.99814811789764
  endloop
endfacet
facet normal 0.6452928522450663 -0.7632601679817187 -0.03210997997423826
  outer loop
    vertex 535.7221044531043 383.9517716626013 318.37214911789766
    vertex 534.3300914531042 382.92177266260177 314.8761481178976
    vertex 534.6060924531042 383.2477916626016 312.6861501178977
  endloop
endfacet
facet normal 0.6452928522450663 -0.7632601679817187 -0.03210997997423826
  outer loop
    vertex 534.3300914531042 382.92177266260177 314.8761481178976
    vertex 535.7221044531043 383.9517716626013 318.37214911789766
    vertex 534.7980934531042 383.1557816626013 318.7321491178977
  endloop
endfacet
facet normal 0.19508310105970775 0.980555345563872 0.021302534286876867
  outer loop
    vertex 517.0520914531043 422.36980166260133 301.76214811789765
    vertex 518.2640964531042 422.1417736626015 301.1841481178977
    vertex 517.3141004531043 422.44377566260135 295.99814811789764
  endloop
endfacet
facet normal 0.19508310105970775 0.980555345563872 0.021302534286876867
  outer loop
    vertex 518.2640964531042 422.1417736626015 301.1841481178977
    vertex 517.0520914531043 422.36980166260133 301.76214811789765
    vertex 517.8300914531043 422.1417736626015 305.1601491178977
  endloop
endfacet
facet normal 0.19508310105970775 0.980555345563872 0.021302534286876867
  outer loop
    vertex 517.8300914531043 422.1417736626015 305.1601491178977
    vertex 517.0520914531043 422.36980166260133 301.76214811789765
    vertex 516.9461034531042 422.27577666260163 307.1021481178977
  endloop
endfacet
facet normal 0.3463791866073128 0.9379235874869601 0.017910977663081473
  outer loop
    vertex 525.3941014531042 419.8717846626015 306.9201491178977
    vertex 524.2960944531043 420.37578266260135 301.7621481178977
    vertex 523.5561044531042 420.6077776626014 303.9241491178977
  endloop
endfacet
facet normal 0.352325242277499 0.9357768171562653 0.013735797282696124
  outer loop
    vertex 524.4060954531043 420.1637766626018 312.3701501178977
    vertex 525.3941014531042 419.8717846626015 306.9201491178977
    vertex 523.5561044531042 420.6077776626014 303.9241491178977
  endloop
endfacet
facet normal 0.3257163586428431 0.9453562894143933 0.014503095431549182
  outer loop
    vertex 523.1900914531042 420.6697886626014 308.1021491178977
    vertex 523.5561044531042 420.6077776626014 303.9241491178977
    vertex 521.7960944531042 421.3357736626014 295.99814811789764
  endloop
endfacet
facet normal 0.21240913593531002 0.9770956674093044 0.012900220974116904
  outer loop
    vertex 519.5260904531042 421.51778066260147 318.45414911789766
    vertex 519.9440894531042 421.47578866260164 314.75215011789766
    vertex 518.4761024531042 421.7617996626013 317.26014911789764
  endloop
endfacet
facet normal 0.2185838868240651 0.9756756545596547 0.01667637611934311
  outer loop
    vertex 518.4761024531042 421.7617996626013 317.26014911789764
    vertex 519.9440894531042 421.47578866260164 314.75215011789766
    vertex 519.4801004531042 421.61980166260173 312.40814811789767
  endloop
endfacet
facet normal 0.15222169845133268 0.9882486469212635 0.01389843080651636
  outer loop
    vertex 516.2760904531042 422.14580166260134 320.9041501178977
    vertex 517.1520974531043 422.14177366260174 311.59614911789765
    vertex 515.9280984531042 422.28178866260174 315.04614811789764
  endloop
endfacet
facet normal 0.3864090772246764 0.9222108928692959 0.014666087126099195
  outer loop
    vertex 527.8641034531042 418.64177366260145 319.9521481178977
    vertex 526.2221044531042 419.4137766626017 314.6701491178977
    vertex 525.4900944531042 419.6817826626013 317.10414911789775
  endloop
endfacet
facet normal 0.3526859549747819 0.9356210410290736 0.015029462638398952
  outer loop
    vertex 525.2760904531043 420.0078016626013 301.04014811789773
    vertex 524.6421024531043 420.3277786626015 295.99814811789776
    vertex 523.2360974531043 420.85777766260134 295.99814811789776
  endloop
endfacet
facet normal 0.2002771348430619 0.9795796231683953 0.01768703288623377
  outer loop
    vertex 516.2760904531042 422.14580166260134 320.9041501178977
    vertex 518.4761024531042 421.7617996626013 317.26014911789764
    vertex 517.6640904531042 421.9677926626017 315.04614811789764
  endloop
endfacet
facet normal 0.20252094665355308 0.9790753732087253 0.01991682059827846
  outer loop
    vertex 518.2640964531042 422.1417736626015 301.1841481178977
    vertex 518.8320904531042 422.1297806626013 295.99814811789764
    vertex 517.3141004531043 422.44377566260135 295.99814811789764
  endloop
endfacet
facet normal 0.21535270705999585 0.9764832033952302 0.010186513089429352
  outer loop
    vertex 517.6920904531042 421.8817946626013 322.3321501178977
    vertex 519.5260904531042 421.51778066260147 318.45414911789766
    vertex 518.4761024531042 421.7617996626013 317.26014911789764
  endloop
endfacet
facet normal 0.22958613658988833 0.9732043372477297 0.012787644346648908
  outer loop
    vertex 520.7500894531042 421.2318006626015 318.85014911789773
    vertex 520.8341044531043 421.2838026626017 313.38415011789766
    vertex 519.9440894531042 421.47578866260164 314.75215011789766
  endloop
endfacet
facet normal 0.2349508598164052 0.9718677797480455 0.016465483871928602
  outer loop
    vertex 519.9440894531042 421.47578866260164 314.75215011789766
    vertex 520.8341044531043 421.2838026626017 313.38415011789766
    vertex 520.6500984531043 421.41777466260163 308.1021491178977
  endloop
endfacet
facet normal 0.30791620636042016 0.9513059592674363 0.014303206733805057
  outer loop
    vertex 523.1300944531042 420.60979166260165 313.3841501178977
    vertex 523.1900914531042 420.6697886626014 308.1021491178977
    vertex 521.9120914531042 421.11378966260156 306.0841481178977
  endloop
endfacet
facet normal 0.21712308411318731 0.9759452923139581 0.01970666779039548
  outer loop
    vertex 518.2920964531043 421.99977566260156 307.1021481178977
    vertex 519.3341044531041 421.8757826626016 301.76214811789765
    vertex 517.8300914531043 422.1417736626015 305.1601491178977
  endloop
endfacet
facet normal 0.4661025415701681 0.8847071627952908 0.00645421107002349
  outer loop
    vertex 527.4761024531042 419.0057876626013 301.4741481178977
    vertex 528.6300944531042 418.4377946626013 295.99814811789776
    vertex 527.3440984531043 419.11577266260116 295.99814811789776
  endloop
endfacet
facet normal 0.4661025415701681 0.8847071627952908 0.00645421107002349
  outer loop
    vertex 528.6300944531042 418.4377946626013 295.99814811789776
    vertex 527.4761024531042 419.0057876626013 301.4741481178977
    vertex 528.5440954531042 418.4457896626013 301.18414811789773
  endloop
endfacet
facet normal 0.509152857349574 0.8606482990623825 -0.006919044283154626
  outer loop
    vertex 531.3800944531042 416.7477916626016 314.44814911789763
    vertex 531.7740914531042 416.46577866260145 308.3621481178977
    vertex 530.8661024531043 417.0357866626017 312.44814911789763
  endloop
endfacet
facet normal 0.4701184473844384 0.8825457256302368 0.010084027005303146
  outer loop
    vertex 527.7160924531042 418.7717786626017 312.53414911789775
    vertex 528.7581004531042 418.2357986626016 310.86414911789774
    vertex 528.5540904531043 418.3977856626014 306.19814911789774
  endloop
endfacet
facet normal 0.5758615513486596 0.8174999426795388 -0.008793031176237387
  outer loop
    vertex 532.2021004531043 416.2057996626016 312.2221491178977
    vertex 532.9820994531043 415.56178766260143 303.43014811789766
    vertex 531.7740914531042 416.46577866260145 308.3621481178977
  endloop
endfacet
facet normal 0.23052197844588393 0.972875248520788 0.01932273968697331
  outer loop
    vertex 518.8880894531043 421.80778966260164 309.65814911789766
    vertex 520.1620914531043 421.6198016626015 303.9241491178977
    vertex 518.2920964531043 421.99977566260156 307.1021481178977
  endloop
endfacet
facet normal 0.5122556272235548 0.858795555631416 0.00802284273374832
  outer loop
    vertex 529.2120954531042 417.9417916626016 314.67014911789767
    vertex 530.1941044531042 417.4037976626014 309.55814811789764
    vertex 529.6620914531043 417.74577766260165 306.92014911789767
  endloop
endfacet
facet normal 0.23812079884120546 0.9710469036832741 0.0191414734634587
  outer loop
    vertex 519.4801004531042 421.61980166260173 312.40814811789767
    vertex 520.6500984531043 421.41777466260163 308.1021491178977
    vertex 520.1620914531043 421.6198016626015 303.9241491178977
  endloop
endfacet
facet normal 0.2308859535962562 0.9727702947880043 0.020239318417540998
  outer loop
    vertex 519.3341044531041 421.8757826626016 301.76214811789765
    vertex 520.3280924531042 421.75978566260136 295.99814811789764
    vertex 518.2640964531042 422.1417736626015 301.1841481178977
  endloop
endfacet
facet normal 0.05468273464526101 0.9982843513434423 0.020932090065710535
  outer loop
    vertex 512.0120984531043 422.9757886626013 301.0401481178977
    vertex 512.6640904531042 423.04579566260134 295.99814811789764
    vertex 511.0940984531042 423.1317946626014 295.99814811789764
  endloop
endfacet
facet normal 0.3327647669179354 0.9429241483912687 0.012714569542577485
  outer loop
    vertex 523.5561044531042 420.6077776626014 303.9241491178977
    vertex 524.2960944531043 420.37578266260135 301.7621481178977
    vertex 521.7960944531042 421.3357736626014 295.99814811789764
  endloop
endfacet
facet normal 0.017611622004362084 0.9996354584406316 0.02046413933112735
  outer loop
    vertex 509.44810245310424 423.05177766260164 301.4741481178977
    vertex 511.0940984531042 423.1317946626014 295.99814811789764
    vertex 509.5200934531042 423.1597796626014 295.99814811789764
  endloop
endfacet
facet normal 0.017611622004362084 0.9996354584406316 0.02046413933112735
  outer loop
    vertex 511.0940984531042 423.1317946626014 295.99814811789764
    vertex 509.44810245310424 423.05177766260164 301.4741481178977
    vertex 510.76409645310423 423.0338026626013 301.1841481178977
  endloop
endfacet
facet normal 0.017611622004362084 0.9996354584406316 0.02046413933112735
  outer loop
    vertex 510.76409645310423 423.0338026626013 301.1841481178977
    vertex 509.44810245310424 423.05177766260164 301.4741481178977
    vertex 510.5820904531043 422.9317826626016 306.29414811789763
  endloop
endfacet
facet normal 0.017611622004362084 0.9996354584406316 0.02046413933112735
  outer loop
    vertex 510.5820904531043 422.9317826626016 306.29414811789763
    vertex 509.44810245310424 423.05177766260164 301.4741481178977
    vertex 509.3840924531043 422.8117876626018 313.1021481178976
  endloop
endfacet
facet normal 0.06286159294202841 0.9977469658223476 0.023439546179266694
  outer loop
    vertex 510.6981024531043 422.8177996626017 311.2441481178977
    vertex 511.9580974531043 422.83778866260155 307.01414911789766
    vertex 511.51409645310423 422.9177746626013 304.80014811789766
  endloop
endfacet
facet normal 0.4962554260181395 0.8681456876472842 0.007322374408539117
  outer loop
    vertex 528.5540904531043 418.3977856626014 306.19814911789774
    vertex 529.2541024531042 418.00978566260136 304.7581481178977
    vertex 528.5440954531042 418.4457896626013 301.18414811789773
  endloop
endfacet
facet normal 0.12773978403249592 0.9913416417539995 0.03040225155833545
  outer loop
    vertex 513.1181004531043 422.8677866626013 301.76214811789765
    vertex 515.7780894531041 422.7018016626013 295.99814811789764
    vertex 514.2261024531043 422.9017836626013 295.99814811789764
  endloop
endfacet
facet normal 0.5434249933509969 0.8394494939861891 -0.00371801664873513
  outer loop
    vertex 531.3800944531042 416.7477916626016 314.44814911789763
    vertex 532.2021004531043 416.2057996626016 312.2221491178977
    vertex 531.7740914531042 416.46577866260145 308.3621481178977
  endloop
endfacet
facet normal 0.04949090823386737 0.998535736033515 0.021841104967315235
  outer loop
    vertex 510.76409645310423 423.0338026626013 301.1841481178977
    vertex 512.0120984531043 422.9757886626013 301.0401481178977
    vertex 511.0940984531042 423.1317946626014 295.99814811789764
  endloop
endfacet
facet normal 0.04949090823386737 0.998535736033515 0.021841104967315235
  outer loop
    vertex 512.0120984531043 422.9757886626013 301.0401481178977
    vertex 510.76409645310423 423.0338026626013 301.1841481178977
    vertex 511.51409645310423 422.9177746626013 304.80014811789766
  endloop
endfacet
facet normal 0.04949090823386737 0.998535736033515 0.021841104967315235
  outer loop
    vertex 511.51409645310423 422.9177746626013 304.80014811789766
    vertex 510.76409645310423 423.0338026626013 301.1841481178977
    vertex 510.5820904531043 422.9317826626016 306.29414811789763
  endloop
endfacet
facet normal 0.04949090823386737 0.998535736033515 0.021841104967315235
  outer loop
    vertex 511.51409645310423 422.9177746626013 304.80014811789766
    vertex 510.5820904531043 422.9317826626016 306.29414811789763
    vertex 510.6981024531043 422.8177996626017 311.2441481178977
  endloop
endfacet
facet normal 0.5230571702593415 0.8522829311423272 0.005000192369636479
  outer loop
    vertex 530.1941044531042 417.4037976626014 309.55814811789764
    vertex 531.1280954531043 416.86378966260145 303.9001481178977
    vertex 529.6620914531043 417.74577766260165 306.92014911789767
  endloop
endfacet
facet normal 0.42598348512080936 0.9047010348251024 0.007355813396070861
  outer loop
    vertex 527.8641034531042 418.64177366260145 319.9521481178977
    vertex 527.7160924531042 418.7717786626017 312.53414911789775
    vertex 526.5641004531042 419.32777866260136 310.86414911789774
  endloop
endfacet
facet normal -0.0846497408888695 0.9962105502866487 0.01997400473164482
  outer loop
    vertex 505.7740914531043 422.8637896626015 301.76214811789765
    vertex 506.89809945310424 422.9737746626014 301.0401481178977
    vertex 504.81410045310423 422.8977856626013 295.99814811789764
  endloop
endfacet
facet normal -0.10829668372318788 0.9940875159100282 0.007863778124379809
  outer loop
    vertex 504.4481024531043 422.41579166260135 323.09614911789765
    vertex 504.09209945310425 422.4197886626013 317.68814911789764
    vertex 502.61009045310425 422.2157786626014 323.0681501178977
  endloop
endfacet
facet normal 0.0776938233252066 0.9967056442127182 0.023270767319154898
  outer loop
    vertex 511.1880924531043 422.7057996626017 315.2381501178977
    vertex 512.5480934531042 422.72978666260155 309.67014911789767
    vertex 511.9580974531043 422.83778866260155 307.01414911789766
  endloop
endfacet
facet normal -0.12901512608734741 0.9912658355502563 0.02733387114037047
  outer loop
    vertex 505.7740914531043 422.8637896626015 301.76214811789765
    vertex 504.81410045310423 422.8977856626013 295.99814811789764
    vertex 503.2620984531043 422.69578966260144 295.99814811789764
  endloop
endfacet
facet normal 0.5962274176700546 0.8028148151324829 -0.0011131137837868403
  outer loop
    vertex 531.7740914531042 416.46577866260145 308.3621481178977
    vertex 532.9820994531043 415.56178766260143 303.43014811789766
    vertex 532.2060984531042 416.1277966626013 295.99814811789764
  endloop
endfacet
facet normal -0.09303637208865859 0.9953864561833922 0.023452853030046628
  outer loop
    vertex 506.89809945310424 422.9737746626014 301.0401481178977
    vertex 506.37609645310425 423.0437816626014 295.99814811789764
    vertex 504.81410045310423 422.8977856626013 295.99814811789764
  endloop
endfacet
facet normal 0.5419402866668457 0.8403713589158257 0.008758127735178867
  outer loop
    vertex 529.5301034531042 417.8797806626014 301.0401481178977
    vertex 531.0660984531042 416.9417916626013 295.99814811789764
    vertex 529.8720984531042 417.7117806626013 295.99814811789764
  endloop
endfacet
facet normal 0.4891509841226562 0.8721991179916044 -0.00011535382256876716
  outer loop
    vertex 530.1681034531042 417.4277846626016 316.5521491178976
    vertex 531.3800944531042 416.7477916626016 314.44814911789763
    vertex 530.8661024531043 417.0357866626017 312.44814911789763
  endloop
endfacet
facet normal 0.48763612247862737 0.8730460584455081 -0.001261699953214856
  outer loop
    vertex 531.1340924531042 416.8897906626012 317.62814911789764
    vertex 531.3800944531042 416.7477916626016 314.44814911789763
    vertex 530.1681034531042 417.4277846626016 316.5521491178976
  endloop
endfacet
facet normal 0.12221029107615855 0.9923311575126706 0.01853425435899092
  outer loop
    vertex 514.6340924531041 422.3997996626013 317.26014911789764
    vertex 515.9280984531042 422.28178866260174 315.04614811789764
    vertex 514.5960974531042 422.49779166260174 312.26414911789766
  endloop
endfacet
facet normal 0.3815436306997851 0.9242402606304423 0.014296800418207627
  outer loop
    vertex 526.5641004531042 419.32777866260136 310.86414911789774
    vertex 525.7561014531042 419.7557876626013 304.7581481178977
    vertex 525.3941014531042 419.8717846626015 306.9201491178977
  endloop
endfacet
facet normal 0.5455062945456414 0.8381026251724071 -0.002621505331608324
  outer loop
    vertex 532.3580914531043 416.1177866626016 316.5441491178977
    vertex 532.2021004531043 416.2057996626016 312.2221491178977
    vertex 531.3800944531042 416.7477916626016 314.44814911789763
  endloop
endfacet
facet normal 0.4601235388484727 0.8878396357641557 -0.005206742141628368
  outer loop
    vertex 529.5041024531042 417.7957956626013 320.6261481178976
    vertex 530.1681034531042 417.4277846626016 316.5521491178976
    vertex 527.8641034531042 418.64177366260145 319.9521481178977
  endloop
endfacet
facet normal 0.05981951729086046 0.9980226920801767 0.01929589189764236
  outer loop
    vertex 509.5000894531043 422.6777846626013 321.92014911789767
    vertex 512.1320934531043 422.60579366260134 317.4841501178977
    vertex 511.1880924531043 422.7057996626017 315.2381501178977
  endloop
endfacet
facet normal -0.05010829161350348 0.9985239321105606 0.020955097566958437
  outer loop
    vertex 506.89809945310424 422.9737746626014 301.0401481178977
    vertex 508.14210245310426 423.0338026626013 301.1841481178977
    vertex 507.9461034531043 423.1317946626014 295.99814811789764
  endloop
endfacet
facet normal -0.05010829161350348 0.9985239321105606 0.020955097566958437
  outer loop
    vertex 508.14210245310426 423.0338026626013 301.1841481178977
    vertex 506.89809945310424 422.9737746626014 301.0401481178977
    vertex 507.3101024531042 422.9157916626014 304.80014811789766
  endloop
endfacet
facet normal -0.05010829161350348 0.9985239321105606 0.020955097566958437
  outer loop
    vertex 508.14210245310426 423.0338026626013 301.1841481178977
    vertex 507.3101024531042 422.9157916626014 304.80014811789766
    vertex 508.21809145310425 422.9297986626017 306.29414811789763
  endloop
endfacet
facet normal -0.05010829161350348 0.9985239321105606 0.020955097566958437
  outer loop
    vertex 508.21809145310425 422.9297986626017 306.29414811789763
    vertex 507.3101024531042 422.9157916626014 304.80014811789766
    vertex 508.0621014531043 422.8177996626017 311.2441481178977
  endloop
endfacet
facet normal 0.6073082430655263 0.7944545787658632 -0.004315110962484202
  outer loop
    vertex 532.2021004531043 416.2057996626016 312.2221491178977
    vertex 533.4201024531043 415.24977566260134 307.6301491178977
    vertex 532.9820994531043 415.56178766260143 303.43014811789766
  endloop
endfacet
facet normal 0.11826756348911298 0.9927699102240081 0.020510699163215674
  outer loop
    vertex 514.5960974531042 422.49779166260174 312.26414911789766
    vertex 515.7900974531042 422.4097796626016 309.62214911789766
    vertex 515.7500894531042 422.53578666260137 303.7781481178977
  endloop
endfacet
facet normal 0.11826756348911298 0.9927699102240081 0.020510699163215674
  outer loop
    vertex 515.7900974531042 422.4097796626016 309.62214911789766
    vertex 514.5960974531042 422.49779166260174 312.26414911789766
    vertex 515.9280984531042 422.28178866260174 315.04614811789764
  endloop
endfacet
facet normal 0.027070152280651596 0.9993830206253054 0.02237822471383836
  outer loop
    vertex 509.3840924531043 422.8117876626018 313.1021481178976
    vertex 510.6981024531043 422.8177996626017 311.2441481178977
    vertex 510.5820904531043 422.9317826626016 306.29414811789763
  endloop
endfacet
facet normal -0.017903590163691856 0.9996491426166908 0.01952058208572394
  outer loop
    vertex 508.14210245310426 423.0338026626013 301.1841481178977
    vertex 509.5200934531042 423.1597796626014 295.99814811789764
    vertex 507.9461034531043 423.1317946626014 295.99814811789764
  endloop
endfacet
facet normal -0.017903590163691856 0.9996491426166908 0.01952058208572394
  outer loop
    vertex 509.5200934531042 423.1597796626014 295.99814811789764
    vertex 508.14210245310426 423.0338026626013 301.1841481178977
    vertex 509.44810245310424 423.05177766260164 301.4741481178977
  endloop
endfacet
facet normal -0.018521517622320408 0.9996173916048271 0.02054321752131047
  outer loop
    vertex 508.21809145310425 422.9297986626017 306.29414811789763
    vertex 509.44810245310424 423.05177766260164 301.4741481178977
    vertex 508.14210245310426 423.0338026626013 301.1841481178977
  endloop
endfacet
facet normal -0.018521517622320408 0.9996173916048271 0.02054321752131047
  outer loop
    vertex 509.44810245310424 423.05177766260164 301.4741481178977
    vertex 508.21809145310425 422.9297986626017 306.29414811789763
    vertex 509.3840924531043 422.8117876626018 313.1021481178976
  endloop
endfacet
facet normal 0.07368715964080522 0.9971436017872738 0.016578296618564373
  outer loop
    vertex 513.3440984531043 422.5057876626014 318.1121481178977
    vertex 513.6920904531042 422.5437816626017 314.2801491178977
    vertex 512.1320934531043 422.60579366260134 317.4841501178977
  endloop
endfacet
facet normal 0.06544855884605656 0.9977125483134085 0.01691617814221672
  outer loop
    vertex 512.1320934531043 422.60579366260134 317.4841501178977
    vertex 513.1620914531042 422.6257826626016 312.3201491178977
    vertex 511.1880924531043 422.7057996626017 315.2381501178977
  endloop
endfacet
facet normal -0.10660593761667869 0.994266402973496 0.00833630511766096
  outer loop
    vertex 502.61009045310425 422.2157786626014 323.0681501178977
    vertex 504.09209945310425 422.4197886626013 317.68814911789764
    vertex 502.7980934531043 422.2977796626018 315.6921481178977
  endloop
endfacet
facet normal -0.11651789366149025 0.993077795013147 0.014834874738796857
  outer loop
    vertex 504.09209945310425 422.4197886626013 317.68814911789764
    vertex 504.0800914531042 422.49779166260174 312.37214911789766
    vertex 502.7980934531043 422.2977796626018 315.6921481178977
  endloop
endfacet
facet normal 0.0926199673387465 0.9955236197149977 0.018821908503613094
  outer loop
    vertex 514.6340924531041 422.3997996626013 317.26014911789764
    vertex 514.5960974531042 422.49779166260174 312.26414911789766
    vertex 513.6920904531042 422.5437816626017 314.2801491178977
  endloop
endfacet
facet normal 0.09393695583877387 0.995408101093925 0.01840001642203522
  outer loop
    vertex 513.3440984531043 422.5057876626014 318.1121481178977
    vertex 514.6340924531041 422.3997996626013 317.26014911789764
    vertex 513.6920904531042 422.5437816626017 314.2801491178977
  endloop
endfacet
facet normal 0.4862871305006468 0.8737990160984617 0.00032584475994558285
  outer loop
    vertex 529.5041024531042 417.7957956626013 320.6261481178976
    vertex 531.1340924531042 416.8897906626012 317.62814911789764
    vertex 530.1681034531042 417.4277846626016 316.5521491178976
  endloop
endfacet
facet normal 0.6182372891989923 0.7859661954314026 -0.00630823929222038
  outer loop
    vertex 532.3580914531043 416.1177866626016 316.5441491178977
    vertex 533.8320904531042 414.9157916626014 311.24214811789767
    vertex 532.2021004531043 416.2057996626016 312.2221491178977
  endloop
endfacet
facet normal 0.5220069488085249 0.8529225493893974 0.005645364355392422
  outer loop
    vertex 529.6620914531043 417.74577766260165 306.92014911789767
    vertex 530.4040964531042 417.32579466260137 301.76214811789765
    vertex 529.2541024531042 418.00978566260136 304.7581481178977
  endloop
endfacet
facet normal 0.41989219420059987 0.9074881020042658 0.01248559049868694
  outer loop
    vertex 527.7160924531042 418.7717786626017 312.53414911789775
    vertex 526.5861034531042 419.3817946626015 306.19814911789774
    vertex 526.5641004531042 419.32777866260136 310.86414911789774
  endloop
endfacet
facet normal 0.4803918817037556 0.8770539547859911 -1.9681919302164e-05
  outer loop
    vertex 529.2120954531042 417.9417916626016 314.67014911789767
    vertex 530.8661024531043 417.0357866626017 312.44814911789763
    vertex 530.1941044531042 417.4037976626014 309.55814811789764
  endloop
endfacet
facet normal 0.5810552099399241 0.8137678233053739 0.01252089271996941
  outer loop
    vertex 530.4040964531042 417.32579466260137 301.76214811789765
    vertex 532.2060984531042 416.1277966626013 295.99814811789764
    vertex 531.0660984531042 416.9417916626013 295.99814811789764
  endloop
endfacet
facet normal 0.5248542194486543 0.8511695700218046 0.006197692783608871
  outer loop
    vertex 529.6620914531043 417.74577766260165 306.92014911789767
    vertex 531.1280954531043 416.86378966260145 303.9001481178977
    vertex 530.4040964531042 417.32579466260137 301.76214811789765
  endloop
endfacet
facet normal 0.4277103107623758 0.9038520435485453 0.010741202943376155
  outer loop
    vertex 527.7160924531042 418.7717786626017 312.53414911789775
    vertex 527.6020944531042 418.89177366260157 306.9761491178977
    vertex 526.5861034531042 419.3817946626015 306.19814911789774
  endloop
endfacet
facet normal 0.39604519877727856 0.918168572521211 0.010708546111762399
  outer loop
    vertex 525.2760904531043 420.0078016626013 301.04014811789773
    vertex 526.3621044531043 419.5378006626014 301.18414811789773
    vertex 526.0120984531043 419.7477916626013 295.99814811789776
  endloop
endfacet
facet normal 0.39604519877727856 0.918168572521211 0.010708546111762399
  outer loop
    vertex 526.3621044531043 419.5378006626014 301.18414811789773
    vertex 525.2760904531043 420.0078016626013 301.04014811789773
    vertex 525.7561014531042 419.7557876626013 304.7581481178977
  endloop
endfacet
facet normal 0.39495393261362743 0.9186358092816919 0.01093805368433379
  outer loop
    vertex 526.5861034531042 419.3817946626015 306.19814911789774
    vertex 526.3621044531043 419.5378006626014 301.18414811789773
    vertex 525.7561014531042 419.7557876626013 304.7581481178977
  endloop
endfacet
facet normal 0.1050563629577085 0.9942604554462976 0.020231345427808908
  outer loop
    vertex 514.4100934531042 422.61177466260165 307.52614911789766
    vertex 515.7780894531041 422.7018016626013 295.99814811789764
    vertex 513.9580974531042 422.7357986626013 303.7781481178977
  endloop
endfacet
facet normal 0.10671165069302055 0.9940761866953394 0.020619375636124128
  outer loop
    vertex 513.9580974531042 422.7357986626013 303.7781481178977
    vertex 515.7780894531041 422.7018016626013 295.99814811789764
    vertex 513.1181004531043 422.8677866626013 301.76214811789765
  endloop
endfacet
facet normal 0.5046472739754606 0.8633083285813022 0.0054643088579099525
  outer loop
    vertex 529.5301034531042 417.8797806626014 301.0401481178977
    vertex 529.8720984531042 417.7117806626013 295.99814811789764
    vertex 528.6300944531042 418.4377946626013 295.99814811789776
  endloop
endfacet
facet normal -0.07684685820327875 0.9967972490978492 0.022131528985711767
  outer loop
    vertex 507.5601024531043 422.7077836626016 315.2381501178977
    vertex 506.8260934531043 422.8337906626017 307.01414911789766
    vertex 506.19009145310423 422.72578866260176 309.67014911789767
  endloop
endfacet
facet normal 0.46933440275908417 0.883016203808719 0.002757208373120923
  outer loop
    vertex 527.8641034531042 418.64177366260145 319.9521481178977
    vertex 530.1681034531042 417.4277846626016 316.5521491178976
    vertex 529.2120954531042 417.9417916626016 314.67014911789767
  endloop
endfacet
facet normal 0.5440630473532224 0.8390351529425049 -0.003925892442891655
  outer loop
    vertex 531.7740914531042 416.46577866260145 308.3621481178977
    vertex 532.2060984531042 416.1277966626013 295.99814811789764
    vertex 531.1280954531043 416.86378966260145 303.9001481178977
  endloop
endfacet
facet normal 0.09050147812686757 0.9958539234911988 0.009189424575968512
  outer loop
    vertex 513.1480994531042 422.47978666260127 322.86014911789766
    vertex 514.6100904531042 422.35179566260143 322.3321501178977
    vertex 513.3440984531043 422.5057876626014 318.1121481178977
  endloop
endfacet
facet normal 0.5296376017305598 0.8481690300168243 0.009659573148979778
  outer loop
    vertex 529.2541024531042 418.00978566260136 304.7581481178977
    vertex 530.4040964531042 417.32579466260137 301.76214811789765
    vertex 529.5301034531042 417.8797806626014 301.0401481178977
  endloop
endfacet
facet normal 0.5288838606212604 0.8486937673462842 -0.0008667421314700753
  outer loop
    vertex 530.8661024531043 417.0357866626017 312.44814911789763
    vertex 531.7740914531042 416.46577866260145 308.3621481178977
    vertex 531.1280954531043 416.86378966260145 303.9001481178977
  endloop
endfacet
facet normal 0.3592212787893916 0.9331756102697975 0.01197302227949724
  outer loop
    vertex 524.2960944531043 420.37578266260135 301.7621481178977
    vertex 525.2760904531043 420.0078016626013 301.04014811789773
    vertex 523.2360974531043 420.85777766260134 295.99814811789776
  endloop
endfacet
facet normal 0.48881075027371784 0.8723860595163856 -0.00257168783464277
  outer loop
    vertex 530.8661024531043 417.0357866626017 312.44814911789763
    vertex 531.1280954531043 416.86378966260145 303.9001481178977
    vertex 530.1941044531042 417.4037976626014 309.55814811789764
  endloop
endfacet
facet normal 0.11799225815189913 0.9928849698223575 0.016039442542434487
  outer loop
    vertex 516.2760904531042 422.14580166260134 320.9041501178977
    vertex 515.9280984531042 422.28178866260174 315.04614811789764
    vertex 514.6340924531041 422.3997996626013 317.26014911789764
  endloop
endfacet
facet normal -0.11683485124807805 0.9929776201114129 0.018575884681875213
  outer loop
    vertex 504.3300914531043 422.60579366260157 307.52614911789766
    vertex 503.2620984531043 422.69578966260144 295.99814811789764
    vertex 503.0881024531043 422.5297746626016 303.7781481178977
  endloop
endfacet
facet normal 0.09177681262684724 0.9954481754636856 0.025689426425598978
  outer loop
    vertex 512.0120984531043 422.9757886626013 301.0401481178977
    vertex 514.2261024531043 422.9017836626013 295.99814811789764
    vertex 512.6640904531042 423.04579566260134 295.99814811789764
  endloop
endfacet
facet normal -0.08186196950703581 0.9963465458663404 0.02433471776375641
  outer loop
    vertex 507.3101024531042 422.9157916626014 304.80014811789766
    vertex 506.89809945310424 422.9737746626014 301.0401481178977
    vertex 505.7740914531043 422.8637896626015 301.76214811789765
  endloop
endfacet
facet normal 0.0768013247904627 0.9969906647924239 0.01054375773576941
  outer loop
    vertex 511.6640904531043 422.58577366260135 322.78615011789765
    vertex 513.3440984531043 422.5057876626014 318.1121481178977
    vertex 512.1320934531043 422.60579366260134 317.4841501178977
  endloop
endfacet
facet normal 0.131145619500588 0.9913126491853742 0.010002902122995202
  outer loop
    vertex 514.6100904531042 422.35179566260143 322.3321501178977
    vertex 516.2760904531042 422.14580166260134 320.9041501178977
    vertex 514.6340924531041 422.3997996626013 317.26014911789764
  endloop
endfacet
facet normal 0.07197161595146406 0.9971729428557418 0.021591862674507852
  outer loop
    vertex 511.9580974531043 422.83778866260155 307.01414911789766
    vertex 513.1181004531043 422.8677866626013 301.76214811789765
    vertex 511.51409645310423 422.9177746626013 304.80014811789766
  endloop
endfacet
facet normal 0.08557553289278927 0.996099784039182 0.021495311284328963
  outer loop
    vertex 512.5480934531042 422.72978666260155 309.67014911789767
    vertex 513.9580974531042 422.7357986626013 303.7781481178977
    vertex 511.9580974531043 422.83778866260155 307.01414911789766
  endloop
endfacet
facet normal 0.09329250992373865 0.9952915809241284 0.02629023647057061
  outer loop
    vertex 511.9580974531043 422.83778866260155 307.01414911789766
    vertex 513.9580974531042 422.7357986626013 303.7781481178977
    vertex 513.1181004531043 422.8677866626013 301.76214811789765
  endloop
endfacet
facet normal 0.09564833304093041 0.9952104705010955 0.020187020371510715
  outer loop
    vertex 513.6920904531042 422.5437816626017 314.2801491178977
    vertex 514.5960974531042 422.49779166260174 312.26414911789766
    vertex 514.4100934531042 422.61177466260165 307.52614911789766
  endloop
endfacet
facet normal -0.46578210514435353 0.8848775993447515 -0.006218094978700145
  outer loop
    vertex 490.5520914531042 418.62178466260104 319.95214811789765
    vertex 490.8980994531043 418.7517896626013 312.53414911789764
    vertex 489.90209745310415 418.2157786626012 310.8641491178976
  endloop
endfacet
facet normal -0.34056017606753414 0.9401961061643684 -0.007074491515997884
  outer loop
    vertex 494.54409545310415 420.29179866260125 323.6701491178977
    vertex 495.1300944531043 420.46779266260114 318.85014911789773
    vertex 493.97408845310423 420.04579566260094 318.4161491178977
  endloop
endfacet
facet normal -0.09240393298189402 0.9954276097657399 0.024194769797290825
  outer loop
    vertex 506.8260934531043 422.8337906626017 307.01414911789766
    vertex 505.7740914531043 422.8637896626015 301.76214811789765
    vertex 504.8800944531042 422.7318006626015 303.7781481178977
  endloop
endfacet
facet normal -0.06495178842132286 0.9976290323209384 0.022750363761050926
  outer loop
    vertex 508.0621014531043 422.8177996626017 311.2441481178977
    vertex 507.3101024531042 422.9157916626014 304.80014811789766
    vertex 506.8260934531043 422.8337906626017 307.01414911789766
  endloop
endfacet
facet normal -0.3727359808353787 0.9279372203369882 -0.0006353770158993606
  outer loop
    vertex 493.00208845310425 419.66579166260107 317.10414911789763
    vertex 494.21009645310426 420.1477856626014 312.3701501178977
    vertex 492.3340894531042 419.39580166260146 314.67014911789767
  endloop
endfacet
facet normal -0.3081042192186082 0.9513266140337615 -0.0070330314054993515
  outer loop
    vertex 496.2180914531042 420.85579366260123 323.6701491178977
    vertex 496.3961004531042 420.877796662601 318.8481481178977
    vertex 495.1300944531043 420.46779266260114 318.85014911789773
  endloop
endfacet
facet normal -0.3629220404513166 0.9318189511076178 -0.001017305928384972
  outer loop
    vertex 493.97408845310423 420.04579566260094 318.4161491178977
    vertex 494.54409545310415 420.2637826626014 314.73614911789775
    vertex 493.00208845310425 419.66579166260107 317.10414911789763
  endloop
endfacet
facet normal 0.06340665008257794 0.9977832999132848 0.020201067780228094
  outer loop
    vertex 509.5000894531043 422.6777846626013 321.92014911789767
    vertex 511.1880924531043 422.7057996626017 315.2381501178977
    vertex 510.6981024531043 422.8177996626017 311.2441481178977
  endloop
endfacet
facet normal -0.01712246363512328 0.9997345221443444 0.01541773238461005
  outer loop
    vertex 509.5000894531043 422.6777846626013 321.92014911789767
    vertex 509.3840924531043 422.8117876626018 313.1021481178976
    vertex 508.0621014531043 422.8177996626017 311.2441481178977
  endloop
endfacet
facet normal 0.07319346391767015 0.9970712460833796 0.022173116007214166
  outer loop
    vertex 511.1880924531043 422.7057996626017 315.2381501178977
    vertex 513.1620914531042 422.6257826626016 312.3201491178977
    vertex 512.5480934531042 422.72978666260155 309.67014911789767
  endloop
endfacet
facet normal 0.07081939086600163 0.9974539056284848 0.008385703539370026
  outer loop
    vertex 513.1480994531042 422.47978666260127 322.86014911789766
    vertex 513.3440984531043 422.5057876626014 318.1121481178977
    vertex 511.6640904531043 422.58577366260135 322.78615011789765
  endloop
endfacet
facet normal -0.02608134841779077 0.9994222890793445 0.021791084326233664
  outer loop
    vertex 509.3840924531043 422.8117876626018 313.1021481178976
    vertex 508.21809145310425 422.9297986626017 306.29414811789763
    vertex 508.0621014531043 422.8177996626017 311.2441481178977
  endloop
endfacet
facet normal -0.08655719238527464 0.9961367650250392 0.014812083304807397
  outer loop
    vertex 504.09209945310425 422.4197886626013 317.68814911789764
    vertex 504.99009445310423 422.5477796626017 314.3281481178977
    vertex 504.0800914531042 422.49779166260174 312.37214911789766
  endloop
endfacet
facet normal -0.05596029579844833 0.998239534224169 0.01965394632292283
  outer loop
    vertex 506.89809945310424 422.9737746626014 301.0401481178977
    vertex 507.9461034531043 423.1317946626014 295.99814811789764
    vertex 506.37609645310425 423.0437816626014 295.99814811789764
  endloop
endfacet
facet normal -0.5010206079930002 0.8654140168851331 -0.006076984866115261
  outer loop
    vertex 489.3480964531043 417.92177266260137 314.67014911789767
    vertex 489.90209745310415 418.2157786626012 310.8641491178976
    vertex 489.10009545310425 417.72377466260133 306.92014911789767
  endloop
endfacet
facet normal 0.05534509528979139 0.9982421328813943 0.021202937715532517
  outer loop
    vertex 511.1880924531043 422.7057996626017 315.2381501178977
    vertex 511.9580974531043 422.83778866260155 307.01414911789766
    vertex 510.6981024531043 422.8177996626017 311.2441481178977
  endloop
endfacet
facet normal -0.08551408656258253 0.9961356197033404 0.02002918264955208
  outer loop
    vertex 506.19009145310423 422.72578866260176 309.67014911789767
    vertex 506.8260934531043 422.8337906626017 307.01414911789766
    vertex 504.8800944531042 422.7318006626015 303.7781481178977
  endloop
endfacet
facet normal 0.0805243224212843 0.9965536013289777 0.019918664032456786
  outer loop
    vertex 512.1320934531043 422.60579366260134 317.4841501178977
    vertex 513.6920904531042 422.5437816626017 314.2801491178977
    vertex 513.1620914531042 422.6257826626016 312.3201491178977
  endloop
endfacet
facet normal -0.3484947727332644 0.9372152203724229 -0.013379988036663636
  outer loop
    vertex 494.54409545310415 420.29179866260125 323.6701491178977
    vertex 493.23609745310426 419.7977796626011 323.1341501178977
    vertex 493.9201024531043 420.05977266260123 323.6701491178977
  endloop
endfacet
facet normal -0.371688426790425 0.9283555224978419 0.0019331936834862968
  outer loop
    vertex 493.3661024531042 419.8557936626013 306.9201491178977
    vertex 494.5980964531042 420.35979166260137 301.7621481178977
    vertex 493.06010245310415 419.7377816626014 304.75814811789775
  endloop
endfacet
facet normal -0.3910001113604783 0.9203905106061355 -0.00047000241564935463
  outer loop
    vertex 493.63808945310427 419.98979666260124 301.04014811789773
    vertex 494.4020974531042 420.31178766260126 295.99814811789776
    vertex 493.0321024531043 419.7297866626013 295.99814811789764
  endloop
endfacet
facet normal -0.36931191912429734 0.929262701910135 -0.00891836483915075
  outer loop
    vertex 493.23609745310426 419.7977796626011 323.1341501178977
    vertex 493.97408845310423 420.04579566260094 318.4161491178977
    vertex 492.01809445310425 419.3037916626013 322.1001491178977
  endloop
endfacet
facet normal -0.3650224036089132 0.9309749888019668 0.006649442739786735
  outer loop
    vertex 492.3340894531042 419.39580166260146 314.67014911789767
    vertex 494.21009645310426 420.1477856626014 312.3701501178977
    vertex 493.3661024531042 419.8557936626013 306.9201491178977
  endloop
endfacet
facet normal 0.08833877335518556 0.9960418341373553 0.009845088643315916
  outer loop
    vertex 514.6100904531042 422.35179566260143 322.3321501178977
    vertex 514.6340924531041 422.3997996626013 317.26014911789764
    vertex 513.3440984531043 422.5057876626014 318.1121481178977
  endloop
endfacet
facet normal -0.0794932314232386 0.9968175303955926 0.005969694625629951
  outer loop
    vertex 504.4481024531043 422.41579166260135 323.09614911789765
    vertex 505.3860914531042 422.5197946626013 318.2201481178977
    vertex 504.09209945310425 422.4197886626013 317.68814911789764
  endloop
endfacet
facet normal -0.05676551488318657 0.9981799085906244 0.020360412718297506
  outer loop
    vertex 507.5601024531043 422.7077836626016 315.2381501178977
    vertex 508.0621014531043 422.8177996626017 311.2441481178977
    vertex 506.8260934531043 422.8337906626017 307.01414911789766
  endloop
endfacet
facet normal -0.055323484093439165 0.998257113663322 0.020543785637915542
  outer loop
    vertex 509.5000894531043 422.6777846626013 321.92014911789767
    vertex 508.0621014531043 422.8177996626017 311.2441481178977
    vertex 507.5601024531043 422.7077836626016 315.2381501178977
  endloop
endfacet
facet normal -0.3512684992287382 0.9362572444644882 -0.0057283188942041565
  outer loop
    vertex 494.54409545310415 420.29179866260125 323.6701491178977
    vertex 493.97408845310423 420.04579566260094 318.4161491178977
    vertex 493.23609745310426 419.7977796626011 323.1341501178977
  endloop
endfacet
facet normal -0.4896907365902184 0.8718873523679369 -0.003927757446522623
  outer loop
    vertex 490.5520914531042 418.62178466260104 319.95214811789765
    vertex 489.90209745310415 418.2157786626012 310.8641491178976
    vertex 489.3480964531043 417.92177266260137 314.67014911789767
  endloop
endfacet
facet normal -0.4997568909372238 0.8661521862298504 -0.00484151319428146
  outer loop
    vertex 489.90209745310415 418.2157786626012 310.8641491178976
    vertex 490.2281014531042 418.3777966626014 306.1981491178977
    vertex 489.5660984531042 417.9877816626014 304.7581481178977
  endloop
endfacet
facet normal -0.33747333022973935 0.9413099850238162 0.0068748438609247805
  outer loop
    vertex 494.21009645310426 420.1477856626014 312.3701501178977
    vertex 495.5400974531043 420.65578166260127 308.10214911789774
    vertex 495.28210245310424 420.59380066260127 303.92414911789774
  endloop
endfacet
facet normal 0.11101576783907526 0.9936264227877758 0.019545619178454172
  outer loop
    vertex 514.5960974531042 422.49779166260174 312.26414911789766
    vertex 515.7500894531042 422.53578666260137 303.7781481178977
    vertex 514.4100934531042 422.61177466260165 307.52614911789766
  endloop
endfacet
facet normal -0.3538917502054691 0.9352664768330189 0.006102986880399087
  outer loop
    vertex 493.63808945310427 419.98979666260124 301.04014811789773
    vertex 495.8081034531042 420.8438006626012 295.99814811789776
    vertex 494.4020974531042 420.31178766260126 295.99814811789776
  endloop
endfacet
facet normal -0.34776095348825825 0.9375442830065479 0.008546147124615064
  outer loop
    vertex 493.3661024531042 419.8557936626013 306.9201491178977
    vertex 495.28210245310424 420.59380066260127 303.92414911789774
    vertex 494.5980964531042 420.35979166260137 301.7621481178977
  endloop
endfacet
facet normal -0.3854120981486022 0.9227381230942321 0.003445401170545359
  outer loop
    vertex 492.3340894531042 419.39580166260146 314.67014911789767
    vertex 493.3661024531042 419.8557936626013 306.9201491178977
    vertex 492.0940984531042 419.30977266260123 310.8641491178976
  endloop
endfacet
facet normal -0.3080866625104652 0.9513512017914281 0.0036741302601110575
  outer loop
    vertex 495.46009645310426 420.5957836626014 313.3841501178977
    vertex 496.3961004531042 420.877796662601 318.8481481178977
    vertex 496.6240974531042 420.9757886626014 312.59014911789774
  endloop
endfacet
facet normal -0.3080866625104652 0.9513512017914281 0.0036741302601110575
  outer loop
    vertex 496.3961004531042 420.877796662601 318.8481481178977
    vertex 495.46009645310426 420.5957836626014 313.3841501178977
    vertex 495.1300944531043 420.46779266260114 318.85014911789773
  endloop
endfacet
facet normal 0.09409913852676328 0.9953287427262753 0.02158809930154085
  outer loop
    vertex 513.1620914531042 422.6257826626016 312.3201491178977
    vertex 514.4100934531042 422.61177466260165 307.52614911789766
    vertex 513.9580974531042 422.7357986626013 303.7781481178977
  endloop
endfacet
facet normal -0.39231950080828704 0.91982585541145 0.002409357202862705
  outer loop
    vertex 492.0940984531042 419.30977266260123 310.8641491178976
    vertex 493.06010245310415 419.7377816626014 304.75814811789775
    vertex 492.19209045310424 419.3637896626014 306.19814911789763
  endloop
endfacet
facet normal -0.3060439164625781 0.9519919532552548 0.006960038325422199
  outer loop
    vertex 495.46009645310426 420.5957836626014 313.3841501178977
    vertex 496.6240974531042 420.9757886626014 312.59014911789774
    vertex 496.8681004531042 421.1017956626013 306.0841481178977
  endloop
endfacet
facet normal 0.016599481120747033 0.9997500814873104 0.014974371193427236
  outer loop
    vertex 509.5000894531043 422.6777846626013 321.92014911789767
    vertex 510.6981024531043 422.8177996626017 311.2441481178977
    vertex 509.3840924531043 422.8117876626018 313.1021481178976
  endloop
endfacet
facet normal -0.07455326811741841 0.9970036548536808 0.02062819481717074
  outer loop
    vertex 506.8260934531043 422.8337906626017 307.01414911789766
    vertex 507.3101024531042 422.9157916626014 304.80014811789766
    vertex 505.7740914531043 422.8637896626015 301.76214811789765
  endloop
endfacet
facet normal -0.07639279347252374 0.9970561470117418 0.006571210814179215
  outer loop
    vertex 504.4481024531043 422.41579166260135 323.09614911789765
    vertex 505.90609545310423 422.5277906626013 323.05214911789767
    vertex 505.3860914531042 422.5197946626013 318.2201481178977
  endloop
endfacet
facet normal -0.08344181230895573 0.9963896856888887 0.015654335226851664
  outer loop
    vertex 505.3860914531042 422.5197946626013 318.2201481178977
    vertex 504.99009445310423 422.5477796626017 314.3281481178977
    vertex 504.09209945310425 422.4197886626013 317.68814911789764
  endloop
endfacet
facet normal 0.08087642339216855 0.9965159398250082 0.0203712006021127
  outer loop
    vertex 513.1620914531042 422.6257826626016 312.3201491178977
    vertex 513.9580974531042 422.7357986626013 303.7781481178977
    vertex 512.5480934531042 422.72978666260155 309.67014911789767
  endloop
endfacet
facet normal -0.11337473646449325 0.993422339862528 0.016069343286724186
  outer loop
    vertex 502.7980934531043 422.2977796626018 315.6921481178977
    vertex 504.0800914531042 422.49779166260174 312.37214911789766
    vertex 502.94209045310424 422.4097796626016 309.78414811789764
  endloop
endfacet
facet normal 0.0840212395483695 0.9962835351973058 0.018961772056282734
  outer loop
    vertex 513.6920904531042 422.5437816626017 314.2801491178977
    vertex 514.4100934531042 422.61177466260165 307.52614911789766
    vertex 513.1620914531042 422.6257826626016 312.3201491178977
  endloop
endfacet
facet normal 0.08032116294652095 0.9964295565285304 0.026012490447379445
  outer loop
    vertex 511.51409645310423 422.9177746626013 304.80014811789766
    vertex 513.1181004531043 422.8677866626013 301.76214811789765
    vertex 512.0120984531043 422.9757886626013 301.0401481178977
  endloop
endfacet
facet normal -0.4291861079579184 0.9032093627519573 -0.003483069499341132
  outer loop
    vertex 492.5480934531043 419.51979466260127 301.1841481178977
    vertex 493.0321024531043 419.7297866626013 295.99814811789764
    vertex 491.70210045310426 419.09779766260107 295.99814811789764
  endloop
endfacet
facet normal -0.5810983425925439 0.8138282305855744 -0.0028857127631778555
  outer loop
    vertex 488.49409245310426 417.3037916626012 301.76214811789765
    vertex 487.9820994531042 416.91777466260106 295.99814811789764
    vertex 486.8420994531042 416.10377966260114 295.99814811789776
  endloop
endfacet
facet normal -0.31002401418070374 0.9507091345730264 0.006103447443043912
  outer loop
    vertex 495.46009645310426 420.5957836626014 313.3841501178977
    vertex 496.8681004531042 421.1017956626013 306.0841481178977
    vertex 495.5400974531043 420.65578166260127 308.10214911789774
  endloop
endfacet
facet normal 0.11674439989956312 0.9929269071601566 0.021607918212002183
  outer loop
    vertex 514.4100934531042 422.61177466260165 307.52614911789766
    vertex 515.7500894531042 422.53578666260137 303.7781481178977
    vertex 515.7780894531041 422.7018016626013 295.99814811789764
  endloop
endfacet
facet normal -0.4667968763465926 0.8843502721912734 -0.005027157077764143
  outer loop
    vertex 490.36810045310426 418.42580066260126 301.1841481178977
    vertex 491.70210045310426 419.09779766260107 295.99814811789764
    vertex 490.4140904531042 418.41777466260106 295.99814811789764
  endloop
endfacet
facet normal -0.4667968763465926 0.8843502721912734 -0.005027157077764143
  outer loop
    vertex 491.70210045310426 419.09779766260107 295.99814811789764
    vertex 490.36810045310426 418.42580066260126 301.1841481178977
    vertex 491.15609545310423 418.8717846626013 306.97614911789765
  endloop
endfacet
facet normal -0.4667968763465926 0.8843502721912734 -0.005027157077764143
  outer loop
    vertex 491.15609545310423 418.8717846626013 306.97614911789765
    vertex 490.36810045310426 418.42580066260126 301.1841481178977
    vertex 490.2281014531042 418.3777966626014 306.1981491178977
  endloop
endfacet
facet normal -0.5553474401936906 0.831501500005709 -0.013945470898150448
  outer loop
    vertex 487.73010045310417 416.8297926626013 303.9241491178977
    vertex 488.49409245310426 417.3037916626012 301.76214811789765
    vertex 486.8420994531042 416.10377966260114 295.99814811789776
  endloop
endfacet
facet normal 0.08303440185286867 0.9963073790517333 0.0218379155599177
  outer loop
    vertex 513.1181004531043 422.8677866626013 301.76214811789765
    vertex 514.2261024531043 422.9017836626013 295.99814811789764
    vertex 512.0120984531043 422.9757886626013 301.0401481178977
  endloop
endfacet
facet normal -0.3959714970309447 0.918262711118217 0.0004085448500367305
  outer loop
    vertex 492.5480934531043 419.51979466260127 301.1841481178977
    vertex 493.63808945310427 419.98979666260124 301.04014811789773
    vertex 493.0321024531043 419.7297866626013 295.99814811789764
  endloop
endfacet
facet normal -0.3959714970309447 0.918262711118217 0.0004085448500367305
  outer loop
    vertex 493.63808945310427 419.98979666260124 301.04014811789773
    vertex 492.5480934531043 419.51979466260127 301.1841481178977
    vertex 493.06010245310415 419.7377816626014 304.75814811789775
  endloop
endfacet
facet normal -0.3949336911996272 0.9187094666090125 0.0005436160603433282
  outer loop
    vertex 492.19209045310424 419.3637896626014 306.19814911789763
    vertex 493.06010245310415 419.7377816626014 304.75814811789775
    vertex 492.5480934531043 419.51979466260127 301.1841481178977
  endloop
endfacet
facet normal -0.36018906509407295 0.9328733205159181 -0.003347425318531813
  outer loop
    vertex 492.01809445310425 419.3037916626013 322.1001491178977
    vertex 493.97408845310423 420.04579566260094 318.4161491178977
    vertex 493.00208845310425 419.66579166260107 317.10414911789763
  endloop
endfacet
facet normal 0.03957663769554802 0.999190117569056 0.007266271468343181
  outer loop
    vertex 511.6640904531043 422.58577366260135 322.78615011789765
    vertex 512.1320934531043 422.60579366260134 317.4841501178977
    vertex 509.5000894531043 422.6777846626013 321.92014911789767
  endloop
endfacet
facet normal -0.3556915397660586 0.9345930889999833 0.004391643464590578
  outer loop
    vertex 493.00208845310425 419.66579166260107 317.10414911789763
    vertex 494.54409545310415 420.2637826626014 314.73614911789775
    vertex 494.21009645310426 420.1477856626014 312.3701501178977
  endloop
endfacet
facet normal -0.3878692393862463 0.9217047986197513 0.004209196984987082
  outer loop
    vertex 490.5520914531042 418.62178466260104 319.95214811789765
    vertex 493.00208845310425 419.66579166260107 317.10414911789763
    vertex 492.3340894531042 419.39580166260146 314.67014911789767
  endloop
endfacet
facet normal -0.43095651504435645 0.9023683624286707 -0.0027965386860856448
  outer loop
    vertex 491.15609545310423 418.8717846626013 306.97614911789765
    vertex 492.5480934531043 419.51979466260127 301.1841481178977
    vertex 491.70210045310426 419.09779766260107 295.99814811789764
  endloop
endfacet
facet normal -0.43095651504435645 0.9023683624286707 -0.0027965386860856448
  outer loop
    vertex 492.5480934531043 419.51979466260127 301.1841481178977
    vertex 491.15609545310423 418.8717846626013 306.97614911789765
    vertex 492.19209045310424 419.3637896626014 306.19814911789763
  endloop
endfacet
facet normal -0.33868654963636746 0.9408979282633143 0.0015841986036264502
  outer loop
    vertex 495.1300944531043 420.46779266260114 318.85014911789773
    vertex 495.46009645310426 420.5957836626014 313.3841501178977
    vertex 494.54409545310415 420.2637826626014 314.73614911789775
  endloop
endfacet
facet normal -0.21261309771259448 0.9771097874817658 0.007220380072630525
  outer loop
    vertex 498.95010145310425 421.5097856626014 318.5621491178977
    vertex 500.10609245310417 421.7677806626014 317.6881491178977
    vertex 498.6200994531043 421.46577866260174 314.8001481178977
  endloop
endfacet
facet normal -0.26192594692050386 0.9650203670548623 0.011423200037496044
  outer loop
    vertex 498.0760934531043 421.4057816626016 308.1021491178977
    vertex 497.2460914531042 421.3237806626012 295.99814811789776
    vertex 496.8681004531042 421.1017956626013 306.0841481178977
  endloop
endfacet
facet normal -0.36390871028952626 0.9314115089584125 0.006561368395910265
  outer loop
    vertex 493.06010245310415 419.7377816626014 304.75814811789775
    vertex 494.5980964531042 420.35979166260137 301.7621481178977
    vertex 493.63808945310427 419.98979666260124 301.04014811789773
  endloop
endfacet
facet normal -0.23468008876048957 0.9720175185216632 0.01035372524055199
  outer loop
    vertex 498.6200994531043 421.46577866260174 314.8001481178977
    vertex 498.0760934531043 421.4057816626016 308.1021491178977
    vertex 497.7541024531043 421.2717786626017 313.3841501178977
  endloop
endfacet
facet normal -0.17076982543801802 0.9851739759244699 0.016428751658027794
  outer loop
    vertex 502.7980934531043 422.2977796626018 315.6921481178977
    vertex 501.8320904531043 422.27177866260183 307.2101491178977
    vertex 501.5800914531043 422.1477856626016 312.0261481178977
  endloop
endfacet
facet normal -0.20402125159703505 0.9788544224412721 0.014810420788857302
  outer loop
    vertex 500.6441014531042 422.13179466260164 301.18414811789773
    vertex 501.7261024531042 422.43578066260136 295.99814811789764
    vertex 500.21009645310426 422.1198016626014 295.99814811789776
  endloop
endfacet
facet normal -0.42925189063295033 0.9031847169463316 -0.0004259842867574136
  outer loop
    vertex 490.8980994531043 418.7517896626013 312.53414911789764
    vertex 492.19209045310424 419.3637896626014 306.19814911789763
    vertex 491.15609545310423 418.8717846626013 306.97614911789765
  endloop
endfacet
facet normal -0.5062766408505224 0.862335932549487 -0.007791172127324355
  outer loop
    vertex 489.38609145310426 417.85979166260137 301.0401481178977
    vertex 490.4140904531042 418.41777466260106 295.99814811789764
    vertex 489.17410045310424 417.689777662601 295.99814811789764
  endloop
endfacet
facet normal -0.5077091647002936 0.8615181389287723 -0.004230883599785587
  outer loop
    vertex 489.90209745310415 418.2157786626012 310.8641491178976
    vertex 489.5660984531042 417.9877816626014 304.7581481178977
    vertex 489.10009545310425 417.72377466260133 306.92014911789767
  endloop
endfacet
facet normal -0.11046265786510366 0.9937441519368256 0.01644876009723319
  outer loop
    vertex 504.0800914531042 422.49779166260174 312.37214911789766
    vertex 504.3300914531043 422.60579366260157 307.52614911789766
    vertex 503.0881024531043 422.5297746626016 303.7781481178977
  endloop
endfacet
facet normal -0.20007081138562272 0.9796796560131016 0.014122394469415203
  outer loop
    vertex 501.0260904531042 421.98180066260164 315.6921481178977
    vertex 501.5800914531043 422.1477856626016 312.0261481178977
    vertex 500.48609745310426 421.99379366260166 307.21014911789774
  endloop
endfacet
facet normal -0.36123801287201135 0.9324703795629331 0.002467649496996478
  outer loop
    vertex 494.5980964531042 420.35979166260137 301.7621481178977
    vertex 495.8081034531042 420.8438006626012 295.99814811789776
    vertex 493.63808945310427 419.98979666260124 301.04014811789773
  endloop
endfacet
facet normal -0.22285936231870196 0.9748165710606013 0.008146005926422412
  outer loop
    vertex 497.69209045310424 421.2197766626014 318.85014911789773
    vertex 498.95010145310425 421.5097856626014 318.5621491178977
    vertex 498.6200994531043 421.46577866260174 314.8001481178977
  endloop
endfacet
facet normal -0.06679030307872848 0.9976692407530356 0.013969304560825969
  outer loop
    vertex 505.3860914531042 422.5197946626013 318.2201481178977
    vertex 506.6060924531042 422.6117746626015 317.4841501178977
    vertex 504.99009445310423 422.5477796626017 314.3281481178977
  endloop
endfacet
facet normal -0.21578667998536538 0.9764405275909387 6.941774460155238e-05
  outer loop
    vertex 498.83408945310424 421.48378466260147 323.6701491178977
    vertex 499.3860914531042 421.60579366260157 323.3841501178977
    vertex 498.95010145310425 421.5097856626014 318.5621491178977
  endloop
endfacet
facet normal -0.42748011059798025 0.9040154737904139 -0.004096118971921126
  outer loop
    vertex 490.5520914531042 418.62178466260104 319.95214811789765
    vertex 492.0940984531042 419.30977266260123 310.8641491178976
    vertex 490.8980994531043 418.7517896626013 312.53414911789764
  endloop
endfacet
facet normal -0.1591206523440949 0.987130291251857 0.01595011255802822
  outer loop
    vertex 501.8320904531043 422.27177866260183 307.2101491178977
    vertex 503.0881024531043 422.5297746626016 303.7781481178977
    vertex 501.8401014531043 422.3617746626017 301.76214811789765
  endloop
endfacet
facet normal -0.1591206523440949 0.987130291251857 0.01595011255802822
  outer loop
    vertex 503.0881024531043 422.5297746626016 303.7781481178977
    vertex 501.8320904531043 422.27177866260183 307.2101491178977
    vertex 502.94209045310424 422.4097796626016 309.78414811789764
  endloop
endfacet
facet normal -0.20300682824742985 0.9791766575942835 -0.0011405732795776483
  outer loop
    vertex 499.3860914531042 421.60579366260157 323.3841501178977
    vertex 500.7960944531043 421.8977856626015 323.09614911789765
    vertex 498.95010145310425 421.5097856626014 318.5621491178977
  endloop
endfacet
facet normal -0.49854994076051573 0.8668422698105724 -0.005695246907844155
  outer loop
    vertex 489.38609145310426 417.85979166260137 301.0401481178977
    vertex 490.36810045310426 418.42580066260126 301.1841481178977
    vertex 490.4140904531042 418.41777466260106 295.99814811789764
  endloop
endfacet
facet normal -0.49854994076051573 0.8668422698105724 -0.005695246907844155
  outer loop
    vertex 490.36810045310426 418.42580066260126 301.1841481178977
    vertex 489.38609145310426 417.85979166260137 301.0401481178977
    vertex 489.5660984531042 417.9877816626014 304.7581481178977
  endloop
endfacet
facet normal -0.49854994076051573 0.8668422698105724 -0.005695246907844155
  outer loop
    vertex 490.36810045310426 418.42580066260126 301.1841481178977
    vertex 489.5660984531042 417.9877816626014 304.7581481178977
    vertex 490.2281014531042 418.3777966626014 306.1981491178977
  endloop
endfacet
facet normal -0.19643809472046256 0.9803832377459512 0.016148748848155453
  outer loop
    vertex 500.6441014531042 422.13179466260164 301.18414811789773
    vertex 501.8401014531043 422.3617746626017 301.76214811789765
    vertex 501.7261024531042 422.43578066260136 295.99814811789764
  endloop
endfacet
facet normal -0.19643809472046256 0.9803832377459512 0.016148748848155453
  outer loop
    vertex 501.8401014531043 422.3617746626017 301.76214811789765
    vertex 500.6441014531042 422.13179466260164 301.18414811789773
    vertex 500.9840984531042 422.1357926626016 305.20814811789774
  endloop
endfacet
facet normal -0.19483896822707664 0.9807061360226064 0.01591386903985172
  outer loop
    vertex 501.8320904531043 422.27177866260183 307.2101491178977
    vertex 501.8401014531043 422.3617746626017 301.76214811789765
    vertex 500.9840984531042 422.1357926626016 305.20814811789774
  endloop
endfacet
facet normal -0.23938095053438016 0.9707595297101751 0.017963741206564212
  outer loop
    vertex 500.48609745310426 421.99379366260166 307.21014911789774
    vertex 499.55810345310425 421.8657726626016 301.7621481178977
    vertex 498.6741004531043 421.6077776626017 303.92414911789774
  endloop
endfacet
facet normal -0.14393198810037405 0.9895604154004035 0.007332603497722865
  outer loop
    vertex 502.61009045310425 422.2157786626014 323.0681501178977
    vertex 502.7980934531043 422.2977796626018 315.6921481178977
    vertex 501.5800914531043 422.1477856626016 312.0261481178977
  endloop
endfacet
facet normal -0.15728277984749983 0.9874414112798351 0.014885780232512146
  outer loop
    vertex 502.7980934531043 422.2977796626018 315.6921481178977
    vertex 502.94209045310424 422.4097796626016 309.78414811789764
    vertex 501.8320904531043 422.27177866260183 307.2101491178977
  endloop
endfacet
facet normal -0.07479208848872608 0.9970352446687483 0.018079391245941972
  outer loop
    vertex 506.6060924531042 422.6117746626015 317.4841501178977
    vertex 505.51809445310425 422.62379866260164 312.3201491178977
    vertex 504.99009445310423 422.5477796626017 314.3281481178977
  endloop
endfacet
facet normal -0.08119455069683364 0.9965636985724224 0.016378022615490713
  outer loop
    vertex 504.99009445310423 422.5477796626017 314.3281481178977
    vertex 505.51809445310425 422.62379866260164 312.3201491178977
    vertex 504.3300914531043 422.60579366260157 307.52614911789766
  endloop
endfacet
facet normal -0.1155465511538869 0.9931560088729814 0.017033395314291648
  outer loop
    vertex 504.0800914531042 422.49779166260174 312.37214911789766
    vertex 503.0881024531043 422.5297746626016 303.7781481178977
    vertex 502.94209045310424 422.4097796626016 309.78414811789764
  endloop
endfacet
facet normal -0.23190991266806582 0.9726418713469185 0.013622867137818916
  outer loop
    vertex 499.8340894531043 421.8017776626017 309.8201491178977
    vertex 500.48609745310426 421.99379366260166 307.21014911789774
    vertex 498.6741004531043 421.6077776626017 303.92414911789774
  endloop
endfacet
facet normal -0.21978236384342445 0.9754409343264322 0.014515377493329797
  outer loop
    vertex 500.48609745310426 421.99379366260166 307.21014911789774
    vertex 500.9840984531042 422.1357926626016 305.20814811789774
    vertex 499.55810345310425 421.8657726626016 301.7621481178977
  endloop
endfacet
facet normal -0.07846824334366469 0.9967456257705632 0.018463268773641975
  outer loop
    vertex 505.51809445310425 422.62379866260164 312.3201491178977
    vertex 506.19009145310423 422.72578866260176 309.67014911789767
    vertex 504.8800944531042 422.7318006626015 303.7781481178977
  endloop
endfacet
facet normal -0.22353467632187504 0.9746232104717633 0.011909915675098175
  outer loop
    vertex 499.1580944531043 421.6137896626018 312.5161501178977
    vertex 499.8340894531043 421.8017776626017 309.8201491178977
    vertex 498.6741004531043 421.6077776626017 303.92414911789774
  endloop
endfacet
facet normal -0.25513172750446156 0.9668933430878389 -0.0050064671188227074
  outer loop
    vertex 496.2180914531042 420.85579366260123 323.6701491178977
    vertex 497.69209045310424 421.2197766626014 318.85014911789773
    vertex 496.3961004531042 420.877796662601 318.8481481178977
  endloop
endfacet
facet normal -0.5185425342725518 0.8550357102104723 -0.005251134646215305
  outer loop
    vertex 489.3480964531043 417.92177266260137 314.67014911789767
    vertex 489.10009545310425 417.72377466260133 306.92014911789767
    vertex 488.5061014531041 417.3797806626013 309.56414911789767
  endloop
endfacet
facet normal -0.35319891975043327 0.9355370657543752 0.0045740230455258105
  outer loop
    vertex 494.21009645310426 420.1477856626014 312.3701501178977
    vertex 495.28210245310424 420.59380066260127 303.92414911789774
    vertex 493.3661024531042 419.8557936626013 306.9201491178977
  endloop
endfacet
facet normal -0.22677627128572814 0.9738986246225194 0.0096949337340277
  outer loop
    vertex 498.6200994531043 421.46577866260174 314.8001481178977
    vertex 499.1580944531043 421.6137896626018 312.5161501178977
    vertex 498.0760934531043 421.4057816626016 308.1021491178977
  endloop
endfacet
facet normal -0.40531774797448694 0.9140747343144845 -0.01359791398689636
  outer loop
    vertex 492.01809445310425 419.3037916626013 322.1001491178977
    vertex 493.00208845310425 419.66579166260107 317.10414911789763
    vertex 490.5520914531042 418.62178466260104 319.95214811789765
  endloop
endfacet
facet normal -0.05867555507315619 0.9982662169879143 0.004662537666935566
  outer loop
    vertex 505.90609545310423 422.5277906626013 323.05214911789767
    vertex 507.41608945310423 422.61778666260136 322.78615011789765
    vertex 505.3860914531042 422.5197946626013 318.2201481178977
  endloop
endfacet
facet normal -0.09428769765551673 0.9953514973916622 0.019627193151288736
  outer loop
    vertex 505.51809445310425 422.62379866260164 312.3201491178977
    vertex 504.8800944531042 422.7318006626015 303.7781481178977
    vertex 504.3300914531043 422.60579366260157 307.52614911789766
  endloop
endfacet
facet normal -0.30534082937365786 0.9521956016957226 0.009513886100196984
  outer loop
    vertex 495.5400974531043 420.65578166260127 308.10214911789774
    vertex 496.8681004531042 421.1017956626013 306.0841481178977
    vertex 497.2460914531042 421.3237806626012 295.99814811789776
  endloop
endfacet
facet normal -0.22865646332930703 0.9733341674301857 0.018352664403862535
  outer loop
    vertex 500.9840984531042 422.1357926626016 305.20814811789774
    vertex 500.6441014531042 422.13179466260164 301.18414811789773
    vertex 499.55810345310425 421.8657726626016 301.7621481178977
  endloop
endfacet
facet normal -0.25195745716947526 0.9676789170708048 0.01072162456751793
  outer loop
    vertex 498.0760934531043 421.4057816626016 308.1021491178977
    vertex 498.6741004531043 421.6077776626017 303.92414911789774
    vertex 497.2460914531042 421.3237806626012 295.99814811789776
  endloop
endfacet
facet normal -0.22428608389831595 0.9743975702573117 0.015656552819997133
  outer loop
    vertex 501.0260904531042 421.98180066260164 315.6921481178977
    vertex 500.48609745310426 421.99379366260166 307.21014911789774
    vertex 499.8340894531043 421.8017776626017 309.8201491178977
  endloop
endfacet
facet normal -0.31658650394888516 0.9484720064179982 0.013184785126774309
  outer loop
    vertex 494.5980964531042 420.35979166260137 301.7621481178977
    vertex 497.2460914531042 421.3237806626012 295.99814811789776
    vertex 495.8081034531042 420.8438006626012 295.99814811789776
  endloop
endfacet
facet normal -0.23876380918728052 0.9709936983555623 0.012770324043172344
  outer loop
    vertex 499.1580944531043 421.6137896626018 312.5161501178977
    vertex 498.6741004531043 421.6077776626017 303.92414911789774
    vertex 498.0760934531043 421.4057816626016 308.1021491178977
  endloop
endfacet
facet normal -0.2202462419401486 0.9753785147706655 0.011328982081921249
  outer loop
    vertex 500.10609245310417 421.7677806626014 317.6881491178977
    vertex 499.1580944531043 421.6137896626018 312.5161501178977
    vertex 498.6200994531043 421.46577866260174 314.8001481178977
  endloop
endfacet
facet normal -0.4208845185184354 0.9071127046303971 0.00166227844564178
  outer loop
    vertex 490.8980994531043 418.7517896626013 312.53414911789764
    vertex 492.0940984531042 419.30977266260123 310.8641491178976
    vertex 492.19209045310424 419.3637896626014 306.19814911789763
  endloop
endfacet
facet normal -0.10705626161857734 0.9940958297646806 0.01767591844081133
  outer loop
    vertex 503.2620984531043 422.69578966260144 295.99814811789764
    vertex 504.8800944531042 422.7318006626015 303.7781481178977
    vertex 505.7740914531043 422.8637896626015 301.76214811789765
  endloop
endfacet
facet normal -0.10705626161857734 0.9940958297646806 0.01767591844081133
  outer loop
    vertex 504.8800944531042 422.7318006626015 303.7781481178977
    vertex 503.2620984531043 422.69578966260144 295.99814811789764
    vertex 504.3300914531043 422.60579366260157 307.52614911789766
  endloop
endfacet
facet normal -0.3479531646970423 0.9375066038556228 0.0031564068827552934
  outer loop
    vertex 494.54409545310415 420.2637826626014 314.73614911789775
    vertex 495.5400974531043 420.65578166260127 308.10214911789774
    vertex 494.21009645310426 420.1477856626014 312.3701501178977
  endloop
endfacet
facet normal -0.38911115650787453 0.9211833235703423 0.003713792805579708
  outer loop
    vertex 490.5520914531042 418.62178466260104 319.95214811789765
    vertex 492.3340894531042 419.39580166260146 314.67014911789767
    vertex 492.0940984531042 419.30977266260123 310.8641491178976
  endloop
endfacet
facet normal -0.33335445530037255 0.9427845834175818 0.005660070806000766
  outer loop
    vertex 494.54409545310415 420.2637826626014 314.73614911789775
    vertex 495.46009645310426 420.5957836626014 313.3841501178977
    vertex 495.5400974531043 420.65578166260127 308.10214911789774
  endloop
endfacet
facet normal -0.33462740111353134 0.9423425665648183 0.003871648748890129
  outer loop
    vertex 495.28210245310424 420.59380066260127 303.92414911789774
    vertex 497.2460914531042 421.3237806626012 295.99814811789776
    vertex 494.5980964531042 420.35979166260137 301.7621481178977
  endloop
endfacet
facet normal -0.2159985754532842 0.9762945041616709 0.013916053530700441
  outer loop
    vertex 501.0260904531042 421.98180066260164 315.6921481178977
    vertex 499.8340894531043 421.8017776626017 309.8201491178977
    vertex 499.1580944531043 421.6137896626018 312.5161501178977
  endloop
endfacet
facet normal -0.46815426773868174 0.8836427669154955 -0.0026536910117879436
  outer loop
    vertex 490.8980994531043 418.7517896626013 312.53414911789764
    vertex 491.15609545310423 418.8717846626013 306.97614911789765
    vertex 490.2281014531042 418.3777966626014 306.1981491178977
  endloop
endfacet
facet normal -0.319278397087405 0.9476515919657946 -0.004214901895932852
  outer loop
    vertex 496.2180914531042 420.85579366260123 323.6701491178977
    vertex 495.1300944531043 420.46779266260114 318.85014911789773
    vertex 494.54409545310415 420.29179866260125 323.6701491178977
  endloop
endfacet
facet normal -0.3265194968224723 0.9451705159904458 0.006141164152990305
  outer loop
    vertex 495.5400974531043 420.65578166260127 308.10214911789774
    vertex 497.2460914531042 421.3237806626012 295.99814811789776
    vertex 495.28210245310424 420.59380066260127 303.92414911789774
  endloop
endfacet
facet normal -0.4709378507749777 0.8821634647929363 -0.002272023760229465
  outer loop
    vertex 490.8980994531043 418.7517896626013 312.53414911789764
    vertex 490.2281014531042 418.3777966626014 306.1981491178977
    vertex 489.90209745310415 418.2157786626012 310.8641491178976
  endloop
endfacet
facet normal -0.34370391495294245 0.9390750290782822 0.0023892692698603466
  outer loop
    vertex 495.1300944531043 420.46779266260114 318.85014911789773
    vertex 494.54409545310415 420.2637826626014 314.73614911789775
    vertex 493.97408845310423 420.04579566260094 318.4161491178977
  endloop
endfacet
facet normal -0.20799952435326727 0.9780874876866278 0.009003571495563736
  outer loop
    vertex 500.10609245310417 421.7677806626014 317.6881491178977
    vertex 501.0260904531042 421.98180066260164 315.6921481178977
    vertex 499.1580944531043 421.6137896626018 312.5161501178977
  endloop
endfacet
facet normal -0.3840582174542684 0.9233003871252436 0.003959891441131732
  outer loop
    vertex 492.0940984531042 419.30977266260123 310.8641491178976
    vertex 493.3661024531042 419.8557936626013 306.9201491178977
    vertex 493.06010245310415 419.7377816626014 304.75814811789775
  endloop
endfacet
facet normal -0.2149736992010331 0.9766118456207415 0.0039511574345796165
  outer loop
    vertex 500.7960944531043 421.8977856626015 323.09614911789765
    vertex 500.10609245310417 421.7677806626014 317.6881491178977
    vertex 498.95010145310425 421.5097856626014 318.5621491178977
  endloop
endfacet
facet normal -0.22466894748456548 0.9744351408500536 -0.00014252267782738465
  outer loop
    vertex 498.83408945310424 421.48378466260147 323.6701491178977
    vertex 498.95010145310425 421.5097856626014 318.5621491178977
    vertex 497.69209045310424 421.2197766626014 318.85014911789773
  endloop
endfacet
facet normal -0.19577925056458978 -0.9805629598313067 -0.01291382419095588
  outer loop
    vertex 500.1141034531042 375.49379366260143 323.6701491178977
    vertex 499.3681004531042 375.6497996626015 323.1341501178977
    vertex 500.10009545310425 375.56578466260135 318.4161491178977
  endloop
endfacet
facet normal -0.21249381781652174 -0.9768862498466314 -0.02322998601686817
  outer loop
    vertex 498.9080944531042 376.1477856626016 304.7581481178977
    vertex 499.48010045310417 376.1117746626016 301.04014811789773
    vertex 500.53210245310424 375.8657726626016 301.7621481178977
  endloop
endfacet
facet normal -0.05341268189730132 0.9983724273651723 0.01998953950224012
  outer loop
    vertex 509.5000894531043 422.6777846626013 321.92014911789767
    vertex 507.5601024531043 422.7077836626016 315.2381501178977
    vertex 506.6060924531042 422.6117746626015 317.4841501178977
  endloop
endfacet
facet normal -0.22895845400049797 0.9734133898576873 0.006663241513571388
  outer loop
    vertex 497.69209045310424 421.2197766626014 318.85014911789773
    vertex 498.6200994531043 421.46577866260174 314.8001481178977
    vertex 497.7541024531043 421.2717786626017 313.3841501178977
  endloop
endfacet
facet normal -0.32807257529043876 -0.9443733929638151 -0.02296257834632975
  outer loop
    vertex 496.37809545310427 376.4537856626013 319.9521481178977
    vertex 494.0500924531042 377.331776662601 317.10414911789775
    vertex 494.94009145310423 377.0817766626014 314.6701491178977
  endloop
endfacet
facet normal -0.2545186696779125 -0.9668527584838953 -0.020395837748624565
  outer loop
    vertex 496.37809545310427 376.4537856626013 319.9521481178977
    vertex 497.9420904531042 376.2337846626017 310.86414911789774
    vertex 498.26009945310426 376.06978266260177 314.6701491178977
  endloop
endfacet
facet normal -0.17269117019681776 0.984974646778369 -0.0016446701435387377
  outer loop
    vertex 500.7960944531043 421.8977856626015 323.09614911789765
    vertex 502.61009045310425 422.2157786626014 323.0681501178977
    vertex 500.10609245310417 421.7677806626014 317.6881491178977
  endloop
endfacet
facet normal -0.27862577171322195 0.9601596031093405 0.02147593756103322
  outer loop
    vertex 499.55810345310425 421.8657726626016 301.7621481178977
    vertex 498.71409345310434 421.7497756626013 295.99814811789776
    vertex 497.2460914531042 421.3237806626012 295.99814811789776
  endloop
endfacet
facet normal -0.3802640024419295 -0.9243973882734617 -0.029812027774827693
  outer loop
    vertex 491.79809345310423 378.16179366260127 318.8501491178977
    vertex 491.9300974531043 378.2837716626014 313.38415011789766
    vertex 492.70409945310416 377.9217726626014 314.7361491178977
  endloop
endfacet
facet normal -0.2777065534396513 -0.9601361436283985 -0.0319007190366853
  outer loop
    vertex 498.2920964531043 376.4077956626017 301.18414811789773
    vertex 497.2700934531042 376.8757826626012 295.99814811789776
    vertex 498.7380964531042 376.4517716626014 295.99814811789776
  endloop
endfacet
facet normal -0.2777065534396513 -0.9601361436283985 -0.0319007190366853
  outer loop
    vertex 497.2700934531042 376.8757826626012 295.99814811789776
    vertex 498.2920964531043 376.4077956626017 301.18414811789773
    vertex 497.05810345310425 376.75578766260134 301.4741481178977
  endloop
endfacet
facet normal -0.16561782959644267 -0.9860203639172063 -0.018291431336665567
  outer loop
    vertex 500.53210245310424 375.8657726626016 301.7621481178977
    vertex 501.75210345310416 375.7677806626016 295.99814811789776
    vertex 503.28809945310417 375.5097856626014 295.99814811789776
  endloop
endfacet
facet normal -0.16244515602276557 -0.9864278196045797 -0.023910834257594434
  outer loop
    vertex 501.64008845310417 375.48778166260166 308.10214911789774
    vertex 503.28809945310417 375.5097856626014 295.99814811789776
    vertex 503.0301034531043 375.3077896626016 306.0841481178977
  endloop
endfacet
facet normal -0.27539874372010364 -0.9609991764710065 -0.02522131597351562
  outer loop
    vertex 496.64809945310424 376.5577896626013 312.5341491178977
    vertex 496.8500954531043 376.6457716626014 306.9761491178977
    vertex 497.98209945310424 376.3417856626017 306.19814911789774
  endloop
endfacet
facet normal -0.24511495885861337 -0.9690628331068437 -0.028911631477279418
  outer loop
    vertex 499.48010045310417 376.1117746626016 301.04014811789773
    vertex 498.2920964531043 376.4077956626017 301.18414811789773
    vertex 498.7380964531042 376.4517716626014 295.99814811789776
  endloop
endfacet
facet normal -0.24511495885861337 -0.9690628331068437 -0.028911631477279418
  outer loop
    vertex 498.2920964531043 376.4077956626017 301.18414811789773
    vertex 499.48010045310417 376.1117746626016 301.04014811789773
    vertex 498.9080944531042 376.1477856626016 304.7581481178977
  endloop
endfacet
facet normal -0.06346973793486979 0.9978603277311602 0.015695818129059905
  outer loop
    vertex 506.6060924531042 422.6117746626015 317.4841501178977
    vertex 507.5601024531043 422.7077836626016 315.2381501178977
    vertex 505.51809445310425 422.62379866260164 312.3201491178977
  endloop
endfacet
facet normal -0.20141149908994493 0.9794309336718582 0.012184178306865488
  outer loop
    vertex 502.61009045310425 422.2157786626014 323.0681501178977
    vertex 501.0260904531042 421.98180066260164 315.6921481178977
    vertex 500.10609245310417 421.7677806626014 317.6881491178977
  endloop
endfacet
facet normal -0.4118821280194258 -0.9106944487304909 -0.03144413569581692
  outer loop
    vertex 490.6240974531043 378.6857806626012 318.84814811789767
    vertex 490.91608945310423 378.7697946626013 312.5901491178977
    vertex 491.9300974531043 378.2837716626014 313.38415011789766
  endloop
endfacet
facet normal -0.1577667050468549 -0.9873413567760142 -0.016331318941173522
  outer loop
    vertex 501.35409345310427 375.3197826626014 318.85014911789773
    vertex 501.63209345310423 375.3657726626017 313.3841501178977
    vertex 502.70609845310423 375.1037796626014 318.8481481178977
  endloop
endfacet
facet normal -0.2571712313948916 0.9663486711276374 0.005762252396789869
  outer loop
    vertex 496.3961004531042 420.877796662601 318.8481481178977
    vertex 497.7541024531043 421.2717786626017 313.3841501178977
    vertex 496.6240974531042 420.9757886626014 312.59014911789774
  endloop
endfacet
facet normal -0.1577700174617623 -0.987399897968336 -0.012250023764663926
  outer loop
    vertex 502.5820904531043 375.06377066260137 323.6701491178978
    vertex 501.35409345310427 375.3197826626014 318.85014911789773
    vertex 502.70609845310423 375.1037796626014 318.8481481178977
  endloop
endfacet
facet normal -0.34879201107749763 -0.9366909779510818 -0.03088923491381497
  outer loop
    vertex 494.94009145310423 377.0817766626014 314.6701491178977
    vertex 493.23209945310424 377.7937816626014 312.37015011789765
    vertex 493.8961004531042 377.63777566260137 309.56414911789767
  endloop
endfacet
facet normal -0.34879201107749763 -0.9366909779510818 -0.03088923491381497
  outer loop
    vertex 493.23209945310424 377.7937816626014 312.37015011789765
    vertex 494.94009145310423 377.0817766626014 314.6701491178977
    vertex 494.0500924531042 377.331776662601 317.10414911789775
  endloop
endfacet
facet normal -0.23874667730787574 -0.9706085551861278 -0.03031594751853721
  outer loop
    vertex 499.48010045310417 376.1117746626016 301.04014811789773
    vertex 498.7380964531042 376.4517716626014 295.99814811789776
    vertex 500.2340984531042 376.08379066260153 295.99814811789776
  endloop
endfacet
facet normal -0.24138213809836018 -0.9701202045763867 -0.024524519969486003
  outer loop
    vertex 497.9420904531042 376.2337846626017 310.86414911789774
    vertex 497.98209945310424 376.3417856626017 306.19814911789774
    vertex 498.9080944531042 376.1477856626016 304.7581481178977
  endloop
endfacet
facet normal -0.35473363632495936 -0.9344471154789392 -0.031187106835386974
  outer loop
    vertex 492.9600964531042 377.70177166260095 318.4161491178977
    vertex 492.70409945310416 377.9217726626014 314.7361491178977
    vertex 494.0500924531042 377.331776662601 317.10414911789775
  endloop
endfacet
facet normal -0.1629725221767072 -0.9865706113180454 -0.010880528429321086
  outer loop
    vertex 502.5820904531043 375.06377066260137 323.6701491178978
    vertex 500.7900974531043 375.3597916626015 323.6701491178977
    vertex 501.35409345310427 375.3197826626014 318.85014911789773
  endloop
endfacet
facet normal -0.24648711076553667 -0.9687417078129913 -0.027992995017101042
  outer loop
    vertex 497.98209945310424 376.3417856626017 306.19814911789774
    vertex 498.2920964531043 376.4077956626017 301.18414811789773
    vertex 498.9080944531042 376.1477856626016 304.7581481178977
  endloop
endfacet
facet normal -0.35759126277956754 -0.9334182450853086 -0.029306458768968972
  outer loop
    vertex 494.0500924531042 377.331776662601 317.10414911789775
    vertex 492.70409945310416 377.9217726626014 314.7361491178977
    vertex 493.23209945310424 377.7937816626014 312.37015011789765
  endloop
endfacet
facet normal -0.19442525659072554 -0.980808546915755 -0.014608692502607304
  outer loop
    vertex 500.1141034531042 375.49379366260143 323.6701491178977
    vertex 501.35409345310427 375.3197826626014 318.85014911789773
    vertex 500.7900974531043 375.3597916626015 323.6701491178977
  endloop
endfacet
facet normal -0.20952674262413937 -0.977409589987471 -0.027731525847703838
  outer loop
    vertex 500.53210245310424 375.8657726626016 301.7621481178977
    vertex 499.48010045310417 376.1117746626016 301.04014811789773
    vertex 501.75210345310416 375.7677806626016 295.99814811789776
  endloop
endfacet
facet normal -0.17966830983448642 -0.9833769473293263 -0.026250293378827422
  outer loop
    vertex 501.64008845310417 375.48778166260166 308.10214911789774
    vertex 501.2980934531043 375.66179366260167 303.92414911789774
    vertex 503.28809945310417 375.5097856626014 295.99814811789776
  endloop
endfacet
facet normal -0.027503764863537075 0.9996169907958941 0.0030683269859558136
  outer loop
    vertex 507.41608945310423 422.61778666260136 322.78615011789765
    vertex 509.5000894531043 422.6777846626013 321.92014911789767
    vertex 506.6060924531042 422.6117746626015 317.4841501178977
  endloop
endfacet
facet normal -0.2422738664764377 0.9702075522313314 -0.0008241455246065358
  outer loop
    vertex 497.9481024531043 421.28780066260134 323.6701491178977
    vertex 497.69209045310424 421.2197766626014 318.85014911789773
    vertex 496.2180914531042 420.85579366260123 323.6701491178977
  endloop
endfacet
facet normal -0.1931027014861051 0.9810615138729135 0.01515429563376367
  outer loop
    vertex 501.5800914531043 422.1477856626016 312.0261481178977
    vertex 501.8320904531043 422.27177866260183 307.2101491178977
    vertex 500.9840984531042 422.1357926626016 305.20814811789774
  endloop
endfacet
facet normal -0.2037413788427296 -0.9787045719760418 -0.02503620059946291
  outer loop
    vertex 499.48010045310417 376.1117746626016 301.04014811789773
    vertex 500.2340984531042 376.08379066260153 295.99814811789776
    vertex 501.75210345310416 375.7677806626016 295.99814811789776
  endloop
endfacet
facet normal -0.2041724548435874 -0.9786176492835077 -0.024921982143583432
  outer loop
    vertex 499.7660954531042 375.8377886626016 309.5641491178977
    vertex 499.2740914531041 376.0077706626018 306.9201491178977
    vertex 501.2980934531043 375.66179366260167 303.92414911789774
  endloop
endfacet
facet normal -0.27109120035507317 -0.9622701943351174 -0.023358813846192535
  outer loop
    vertex 496.37809545310427 376.4537856626013 319.9521481178977
    vertex 496.64809945310424 376.5577896626013 312.5341491178977
    vertex 497.9420904531042 376.2337846626017 310.86414911789774
  endloop
endfacet
facet normal -0.21598251487638934 0.9763945036725382 -0.0023079137176911066
  outer loop
    vertex 498.83408945310424 421.48378466260147 323.6701491178977
    vertex 497.69209045310424 421.2197766626014 318.85014911789773
    vertex 497.9481024531043 421.28780066260134 323.6701491178977
  endloop
endfacet
facet normal -0.25514618174430004 0.9668819397929727 0.006304002179807519
  outer loop
    vertex 497.69209045310424 421.2197766626014 318.85014911789773
    vertex 497.7541024531043 421.2717786626017 313.3841501178977
    vertex 496.3961004531042 420.877796662601 318.8481481178977
  endloop
endfacet
facet normal -0.24006915511067728 0.9705917320756691 0.017846299078481787
  outer loop
    vertex 500.6441014531042 422.13179466260164 301.18414811789773
    vertex 500.21009645310426 422.1198016626014 295.99814811789776
    vertex 498.71409345310434 421.7497756626013 295.99814811789776
  endloop
endfacet
facet normal -0.21792044033632246 -0.9756123418140656 -0.0262914469685119
  outer loop
    vertex 499.2740914531041 376.0077706626018 306.9201491178977
    vertex 498.9080944531042 376.1477856626016 304.7581481178977
    vertex 500.53210245310424 375.8657726626016 301.7621481178977
  endloop
endfacet
facet normal -0.40734515608065497 -0.9127746058555567 -0.03020666686114216
  outer loop
    vertex 491.79809345310423 378.16179366260127 318.8501491178977
    vertex 490.6240974531043 378.6857806626012 318.84814811789767
    vertex 491.9300974531043 378.2837716626014 313.38415011789766
  endloop
endfacet
facet normal -0.1866407738008605 -0.9822723995354172 -0.017497275957982863
  outer loop
    vertex 501.35409345310427 375.3197826626014 318.85014911789773
    vertex 500.10009545310425 375.56578466260135 318.4161491178977
    vertex 500.6660894531042 375.52379266260175 314.73614911789775
  endloop
endfacet
facet normal -0.22234226287807102 -0.974736167737619 -0.02129134665631736
  outer loop
    vertex 498.26009945310426 376.06978266260177 314.6701491178977
    vertex 499.2740914531041 376.0077706626018 306.9201491178977
    vertex 499.7660954531042 375.8377886626016 309.5641491178977
  endloop
endfacet
facet normal -0.23400544716489355 -0.9719552897579796 -0.02333163964748406
  outer loop
    vertex 497.9420904531042 376.2337846626017 310.86414911789774
    vertex 498.9080944531042 376.1477856626016 304.7581481178977
    vertex 499.2740914531041 376.0077706626018 306.9201491178977
  endloop
endfacet
facet normal -0.23075681852616156 0.9729076859462119 0.01421004329589817
  outer loop
    vertex 499.55810345310425 421.8657726626016 301.7621481178977
    vertex 500.6441014531042 422.13179466260164 301.18414811789773
    vertex 498.71409345310434 421.7497756626013 295.99814811789776
  endloop
endfacet
facet normal -0.06948603466908342 0.997537837461024 0.009484398744826598
  outer loop
    vertex 507.41608945310423 422.61778666260136 322.78615011789765
    vertex 506.6060924531042 422.6117746626015 317.4841501178977
    vertex 505.3860914531042 422.5197946626013 318.2201481178977
  endloop
endfacet
facet normal -0.2113113532852798 0.9772752224455558 0.016752658497482264
  outer loop
    vertex 501.5800914531043 422.1477856626016 312.0261481178977
    vertex 500.9840984531042 422.1357926626016 305.20814811789774
    vertex 500.48609745310426 421.99379366260166 307.21014911789774
  endloop
endfacet
facet normal -0.20592421825521556 0.9784791322269935 0.0131834795212978
  outer loop
    vertex 502.61009045310425 422.2157786626014 323.0681501178977
    vertex 501.5800914531043 422.1477856626016 312.0261481178977
    vertex 501.0260904531042 421.98180066260164 315.6921481178977
  endloop
endfacet
facet normal -0.16688149135248823 0.9858478098507953 0.01595818461980188
  outer loop
    vertex 501.8401014531043 422.3617746626017 301.76214811789765
    vertex 503.2620984531043 422.69578966260144 295.99814811789764
    vertex 501.7261024531042 422.43578066260136 295.99814811789764
  endloop
endfacet
facet normal -0.07036801577938719 0.9973096255949077 0.02053906159047085
  outer loop
    vertex 507.5601024531043 422.7077836626016 315.2381501178977
    vertex 506.19009145310423 422.72578866260176 309.67014911789767
    vertex 505.51809445310425 422.62379866260164 312.3201491178977
  endloop
endfacet
facet normal -0.16103480713975651 0.9867943548789777 0.017455430915436897
  outer loop
    vertex 503.0881024531043 422.5297746626016 303.7781481178977
    vertex 503.2620984531043 422.69578966260144 295.99814811789764
    vertex 501.8401014531043 422.3617746626017 301.76214811789765
  endloop
endfacet
facet normal -0.25855541270437316 0.965955393569024 0.00890371811004468
  outer loop
    vertex 496.6240974531042 420.9757886626014 312.59014911789774
    vertex 498.0760934531043 421.4057816626016 308.1021491178977
    vertex 496.8681004531042 421.1017956626013 306.0841481178977
  endloop
endfacet
facet normal -0.25855541270437316 0.965955393569024 0.00890371811004468
  outer loop
    vertex 498.0760934531043 421.4057816626016 308.1021491178977
    vertex 496.6240974531042 420.9757886626014 312.59014911789774
    vertex 497.7541024531043 421.2717786626017 313.3841501178977
  endloop
endfacet
facet normal -0.25470689117524536 0.9669529433368146 0.011242996046991352
  outer loop
    vertex 498.6741004531043 421.6077776626017 303.92414911789774
    vertex 499.55810345310425 421.8657726626016 301.7621481178977
    vertex 497.2460914531042 421.3237806626012 295.99814811789776
  endloop
endfacet
facet normal -0.0921628752601502 0.995591311876152 0.01743399381968594
  outer loop
    vertex 504.99009445310423 422.5477796626017 314.3281481178977
    vertex 504.3300914531043 422.60579366260157 307.52614911789766
    vertex 504.0800914531042 422.49779166260174 312.37214911789766
  endloop
endfacet
facet normal -0.322963548232799 -0.9460076287285121 -0.027642592142173173
  outer loop
    vertex 494.6300944531042 376.98778166260115 322.10014911789773
    vertex 494.0500924531042 377.331776662601 317.10414911789775
    vertex 496.37809545310427 376.4537856626013 319.9521481178977
  endloop
endfacet
facet normal -0.37730975925419913 -0.9256301346141923 -0.02908950782757653
  outer loop
    vertex 491.79809345310423 378.16179366260127 318.8501491178977
    vertex 492.70409945310416 377.9217726626014 314.7361491178977
    vertex 492.9600964531042 377.70177166260095 318.4161491178977
  endloop
endfacet
facet normal -0.1842486844811123 -0.982497186148548 -0.027417174857469823
  outer loop
    vertex 501.2980934531043 375.66179366260167 303.92414911789774
    vertex 500.53210245310424 375.8657726626016 301.7621481178977
    vertex 503.28809945310417 375.5097856626014 295.99814811789776
  endloop
endfacet
facet normal -0.15377204711275225 -0.9879575751285139 -0.01714605706687237
  outer loop
    vertex 502.70609845310423 375.1037796626014 318.8481481178977
    vertex 501.63209345310423 375.3657726626017 313.3841501178977
    vertex 502.8641034531043 375.18779466260173 312.59014911789774
  endloop
endfacet
facet normal -0.19959357985678303 -0.9796382213316464 -0.021710785018569698
  outer loop
    vertex 499.2740914531041 376.0077706626018 306.9201491178977
    vertex 500.53210245310424 375.8657726626016 301.7621481178977
    vertex 501.2980934531043 375.66179366260167 303.92414911789774
  endloop
endfacet
facet normal -0.18548945689595764 -0.9824868220370114 -0.017700449261432303
  outer loop
    vertex 501.35409345310427 375.3197826626014 318.85014911789773
    vertex 500.6660894531042 375.52379266260175 314.73614911789775
    vertex 501.63209345310423 375.3657726626017 313.3841501178977
  endloop
endfacet
facet normal -0.27257982416744686 -0.961818634445723 -0.02459987580880368
  outer loop
    vertex 496.64809945310424 376.5577896626013 312.5341491178977
    vertex 497.98209945310424 376.3417856626017 306.19814911789774
    vertex 497.9420904531042 376.2337846626017 310.86414911789774
  endloop
endfacet
facet normal -0.3760406047158989 -0.9262653820962335 -0.02501810414519821
  outer loop
    vertex 491.97009045310415 377.9617806626013 323.6701491178977
    vertex 491.79809345310423 378.16179366260127 318.8501491178977
    vertex 492.9600964531042 377.70177166260095 318.4161491178977
  endloop
endfacet
facet normal -0.23175973771833142 -0.9725118577870558 -0.022541305115269587
  outer loop
    vertex 498.26009945310426 376.06978266260177 314.6701491178977
    vertex 497.9420904531042 376.2337846626017 310.86414911789774
    vertex 499.2740914531041 376.0077706626018 306.9201491178977
  endloop
endfacet
facet normal -0.6967918790253081 0.7161556294455752 -0.040027387346571776
  outer loop
    vertex 482.16409045310434 413.04777966260116 323.09614911789765
    vertex 483.04209645310425 413.59978166260134 317.68814911789764
    vertex 481.0700964531043 411.98180066260124 323.0681501178977
  endloop
endfacet
facet normal -0.7646680369800106 0.643595751029152 -0.032669595625892604
  outer loop
    vertex 482.8540934531043 412.45579966260135 295.99814811789764
    vertex 482.01409645310423 411.4577836626013 295.99814811789764
    vertex 481.0860874531043 410.64778566260117 301.76214811789765
  endloop
endfacet
facet normal -0.7299248014329149 0.6825841074860062 -0.03589875291221583
  outer loop
    vertex 483.21209545310427 413.1417736626012 301.76214811789765
    vertex 482.8540934531043 412.45579966260135 295.99814811789764
    vertex 482.31809745310426 412.2917986626014 303.7781481178977
  endloop
endfacet
facet normal -0.6037328097714343 0.7969385861366037 -0.01988930195055636
  outer loop
    vertex 484.97610245310426 415.09779766260147 313.3841501178977
    vertex 485.8760964531042 415.7597856626013 312.59014911789774
    vertex 486.25410245310417 415.88377866260134 306.0841481178977
  endloop
endfacet
facet normal -0.6924836876908268 0.7207133310627138 -0.03222788715694363
  outer loop
    vertex 484.0120984531043 413.8958016626013 301.18414811789773
    vertex 484.7301004531041 414.35377966260114 295.99814811789776
    vertex 483.7600994531043 413.4217726626013 295.99814811789764
  endloop
endfacet
facet normal -0.6615275876204987 0.7495524092816519 -0.02350396896429345
  outer loop
    vertex 482.6140874531043 413.1377756626014 315.6921481178976
    vertex 484.0820904531042 414.3337906626013 312.5161501178977
    vertex 483.8560924531043 414.0497936626014 309.82014911789776
  endloop
endfacet
facet normal -0.18816958501301617 -0.9820511127795367 -0.012954503637842531
  outer loop
    vertex 500.1141034531042 375.49379366260143 323.6701491178977
    vertex 500.10009545310425 375.56578466260135 318.4161491178977
    vertex 501.35409345310427 375.3197826626014 318.85014911789773
  endloop
endfacet
facet normal -0.619659794980983 0.7847196433823918 -0.015388949734738784
  outer loop
    vertex 484.69810245310424 414.52379266260135 301.7621481178977
    vertex 486.8420994531042 416.10377966260114 295.99814811789776
    vertex 485.7581004531043 415.24779166260123 295.99814811789776
  endloop
endfacet
facet normal -0.6821682917569764 0.7306842230852042 -0.027331078568918685
  outer loop
    vertex 482.5480934531043 412.93578066260136 312.02614811789766
    vertex 483.6300944531043 413.7657976626013 307.21014911789774
    vertex 483.4660924531043 413.53780066260134 305.2081481178977
  endloop
endfacet
facet normal -0.6835832878316764 0.7293398082386856 -0.027880687143481235
  outer loop
    vertex 482.6140874531043 413.1377756626014 315.6921481178976
    vertex 483.6300944531043 413.7657976626013 307.21014911789774
    vertex 482.5480934531043 412.93578066260136 312.02614811789766
  endloop
endfacet
facet normal -0.6043482419655255 0.7964336266326204 -0.02137009129579911
  outer loop
    vertex 484.97610245310426 415.09779766260147 313.3841501178977
    vertex 485.5260904531043 415.66179366260104 318.8481481178977
    vertex 485.8760964531042 415.7597856626013 312.59014911789774
  endloop
endfacet
facet normal -0.6043482419655255 0.7964336266326204 -0.02137009129579911
  outer loop
    vertex 485.5260904531043 415.66179366260104 318.8481481178977
    vertex 484.97610245310426 415.09779766260147 313.3841501178977
    vertex 484.57409445310424 414.9397776626011 318.85014911789773
  endloop
endfacet
facet normal -0.8243583804033655 0.564379667524013 -0.043690405631271204
  outer loop
    vertex 480.12209845310423 409.53780066260134 304.7901491178977
    vertex 479.3101024531042 408.84380066260144 311.1461491178977
    vertex 479.2460914531042 409.05577566260155 315.09215011789775
  endloop
endfacet
facet normal -0.823605641717171 0.5654865165061256 -0.04357460936616885
  outer loop
    vertex 480.1800974531042 409.7917986626015 306.9901491178977
    vertex 480.12209845310423 409.53780066260134 304.7901491178977
    vertex 479.2460914531042 409.05577566260155 315.09215011789775
  endloop
endfacet
facet normal -0.6752540977784438 0.7371329709349125 -0.02582414749976224
  outer loop
    vertex 481.0700964531043 411.98180066260124 323.0681501178977
    vertex 483.04209645310425 413.59978166260134 317.68814911789764
    vertex 482.6140874531043 413.1377756626014 315.6921481178976
  endloop
endfacet
facet normal -0.6279115787428947 0.7779554836849816 -0.02263436955322602
  outer loop
    vertex 485.1940894531043 415.1257826626013 308.10214911789774
    vertex 486.8420994531042 416.10377966260114 295.99814811789776
    vertex 485.1340924531042 414.9557996626013 303.92414911789774
  endloop
endfacet
facet normal -0.7933518889319793 0.607575818827716 -0.03800532467813983
  outer loop
    vertex 481.3800944531042 411.15779566260136 303.7781481178977
    vertex 481.0860874531043 410.64778566260117 301.76214811789765
    vertex 480.1800974531042 409.7917986626015 306.9901491178977
  endloop
endfacet
facet normal -0.8340883005835057 0.5494665333272543 -0.04881839390075159
  outer loop
    vertex 480.12209845310423 409.53780066260134 304.7901491178977
    vertex 480.0341014531043 409.08778866260127 301.18414811789773
    vertex 479.60409345310427 408.8837786626013 306.27014811789775
  endloop
endfacet
facet normal -0.8340883005835057 0.5494665333272543 -0.04881839390075159
  outer loop
    vertex 480.0341014531043 409.08778866260127 301.18414811789773
    vertex 480.12209845310423 409.53780066260134 304.7901491178977
    vertex 480.53008845310427 409.37578266260135 295.99814811789776
  endloop
endfacet
facet normal -0.8340883005835057 0.5494665333272543 -0.04881839390075159
  outer loop
    vertex 480.53008845310427 409.37578266260135 295.99814811789776
    vertex 480.12209845310423 409.53780066260134 304.7901491178977
    vertex 480.5980964531043 409.9297986626014 301.04014811789773
  endloop
endfacet
facet normal -0.6629757230064721 0.7482557254373353 -0.02401166496294435
  outer loop
    vertex 482.6140874531043 413.1377756626014 315.6921481178976
    vertex 483.8560924531043 414.0497936626014 309.82014911789776
    vertex 483.6300944531043 413.7657976626013 307.21014911789774
  endloop
endfacet
facet normal -0.5042565511619216 0.8634093070766755 -0.015801868992602774
  outer loop
    vertex 487.55009245310424 416.935780662601 318.4161491178977
    vertex 488.52609045310413 417.4818006626011 317.10414911789763
    vertex 487.38409245310424 416.77379266260135 314.73614911789764
  endloop
endfacet
facet normal -0.5042565511619216 0.8634093070766755 -0.015801868992602774
  outer loop
    vertex 488.52609045310413 417.4818006626011 317.10414911789763
    vertex 487.55009245310424 416.935780662601 318.4161491178977
    vertex 488.96209545310427 417.8297926626012 322.1001491178977
  endloop
endfacet
facet normal -0.8331743295281863 0.5513258129041745 -0.04313217639777351
  outer loop
    vertex 479.2460914531042 409.05577566260155 315.09215011789775
    vertex 479.3101024531042 408.84380066260144 311.1461491178977
    vertex 477.96209545310427 407.6077776626013 321.3861481178976
  endloop
endfacet
facet normal -0.34361827843209397 -0.9387446823281166 -0.02617059663147853
  outer loop
    vertex 493.3000924531042 377.44578966260104 323.13415011789766
    vertex 492.9600964531042 377.70177166260095 318.4161491178977
    vertex 494.6300944531042 376.98778166260115 322.10014911789773
  endloop
endfacet
facet normal -0.6681152894496426 0.743499077776869 -0.028828481551512276
  outer loop
    vertex 483.04209645310425 413.59978166260134 317.68814911789764
    vertex 484.0820904531042 414.3337906626013 312.5161501178977
    vertex 482.6140874531043 413.1377756626014 315.6921481178976
  endloop
endfacet
facet normal -0.6367271293009548 0.7706644604318353 -0.02559008088056064
  outer loop
    vertex 485.1340924531042 414.9557996626013 303.92414911789774
    vertex 486.8420994531042 416.10377966260114 295.99814811789776
    vertex 484.69810245310424 414.52379266260135 301.7621481178977
  endloop
endfacet
facet normal -0.6369607437007209 0.7705763975220961 -0.022204201541449958
  outer loop
    vertex 484.0820904531042 414.3337906626013 312.5161501178977
    vertex 485.1940894531043 415.1257826626013 308.10214911789774
    vertex 485.1340924531042 414.9557996626013 303.92414911789774
  endloop
endfacet
facet normal -0.7135263486571223 0.699948645032251 -0.030855211708087485
  outer loop
    vertex 482.77009345310427 412.9497876626013 307.21014911789763
    vertex 481.53809945310434 412.06779966260143 315.69214811789766
    vertex 482.5480934531043 412.93578066260136 312.02614811789766
  endloop
endfacet
facet normal -0.6525612599994541 0.7573210017877335 -0.025073934656312837
  outer loop
    vertex 484.0820904531042 414.3337906626013 312.5161501178977
    vertex 485.1340924531042 414.9557996626013 303.92414911789774
    vertex 483.8560924531043 414.0497936626014 309.82014911789776
  endloop
endfacet
facet normal -0.6938485482483726 0.7195003154570285 -0.02989127215195756
  outer loop
    vertex 482.5480934531043 412.93578066260136 312.02614811789766
    vertex 483.4660924531043 413.53780066260134 305.2081481178977
    vertex 482.77009345310427 412.9497876626013 307.21014911789763
  endloop
endfacet
facet normal -0.854198874447203 0.5177943947555317 -0.04725724973889401
  outer loop
    vertex 479.60409345310427 408.8837786626013 306.27014811789775
    vertex 478.63409245310424 407.8937876626016 312.9561481178977
    vertex 479.3101024531042 408.84380066260144 311.1461491178977
  endloop
endfacet
facet normal -0.7276887796539288 0.6849886726760711 -0.03549025600429222
  outer loop
    vertex 482.77009345310427 412.9497876626013 307.21014911789763
    vertex 482.31809745310426 412.2917986626014 303.7781481178977
    vertex 481.9140904531043 412.17378666260134 309.78414811789764
  endloop
endfacet
facet normal -0.6351879996000037 0.7717252328194124 -0.031246922952021982
  outer loop
    vertex 484.00410245310417 414.6657916626011 323.6701491178977
    vertex 484.57409445310424 414.9397776626011 318.85014911789773
    vertex 483.7281014531043 414.23180066260124 318.5621491178977
  endloop
endfacet
facet normal -0.6958473671538598 0.7175129830588746 -0.0311698695376911
  outer loop
    vertex 482.77009345310427 412.9497876626013 307.21014911789763
    vertex 483.4660924531043 413.53780066260134 305.2081481178977
    vertex 483.21209545310427 413.1417736626012 301.76214811789765
  endloop
endfacet
facet normal -0.7806234080782691 0.6234594235385387 -0.04387985826391531
  outer loop
    vertex 482.8540934531043 412.45579966260135 295.99814811789764
    vertex 481.0860874531043 410.64778566260117 301.76214811789765
    vertex 481.3800944531042 411.15779566260136 303.7781481178977
  endloop
endfacet
facet normal -0.6136112150117435 0.7891220624667074 -0.027706449431529348
  outer loop
    vertex 485.2541024531042 415.63777566260137 323.6701491178977
    vertex 484.57409445310424 414.9397776626011 318.85014911789773
    vertex 484.00410245310417 414.6657916626011 323.6701491178977
  endloop
endfacet
facet normal -0.6040529473409734 0.796375355867392 -0.030105304777868925
  outer loop
    vertex 485.2541024531042 415.63777566260137 323.6701491178977
    vertex 485.5260904531043 415.66179366260104 318.8481481178977
    vertex 484.57409445310424 414.9397776626011 318.85014911789773
  endloop
endfacet
facet normal -0.7251513502373712 0.687758910139872 -0.03381125215269462
  outer loop
    vertex 482.77009345310427 412.9497876626013 307.21014911789763
    vertex 481.9140904531043 412.17378666260134 309.78414811789764
    vertex 481.53809945310434 412.06779966260143 315.69214811789766
  endloop
endfacet
facet normal -0.3473562003621355 -0.9374204422660937 -0.024219506428110132
  outer loop
    vertex 494.6300944531042 376.98778166260115 322.10014911789773
    vertex 492.9600964531042 377.70177166260095 318.4161491178977
    vertex 494.0500924531042 377.331776662601 317.10414911789775
  endloop
endfacet
facet normal -0.8584148224905852 0.5106169658461218 -0.0489316535440816
  outer loop
    vertex 479.60409345310427 408.8837786626013 306.27014811789775
    vertex 479.06410045310423 408.0537916626013 307.0821491178977
    vertex 478.63409245310424 407.8937876626016 312.9561481178977
  endloop
endfacet
facet normal -0.6411866722937345 0.7670124149330984 -0.023908295869504707
  outer loop
    vertex 484.2600994531042 414.5537916626013 314.8001481178977
    vertex 485.1940894531043 415.1257826626013 308.10214911789774
    vertex 484.0820904531042 414.3337906626013 312.5161501178977
  endloop
endfacet
facet normal -0.6641340785070102 0.7472397851753365 -0.02363533830435615
  outer loop
    vertex 483.4660924531043 413.53780066260134 305.2081481178977
    vertex 484.69810245310424 414.52379266260135 301.7621481178977
    vertex 484.0120984531043 413.8958016626013 301.18414811789773
  endloop
endfacet
facet normal -0.6349052249062336 0.7722055419771783 -0.02437121922467447
  outer loop
    vertex 484.57409445310424 414.9397776626011 318.85014911789773
    vertex 484.97610245310426 415.09779766260147 313.3841501178977
    vertex 484.2600994531042 414.5537916626013 314.8001481178977
  endloop
endfacet
facet normal -0.7289089511807143 0.6836587391401281 -0.036089739344605305
  outer loop
    vertex 483.7600994531043 413.4217726626013 295.99814811789764
    vertex 482.8540934531043 412.45579966260135 295.99814811789764
    vertex 483.21209545310427 413.1417736626012 301.76214811789765
  endloop
endfacet
facet normal -0.6814446095787461 0.7313327692232477 -0.028028998132761287
  outer loop
    vertex 481.0700964531043 411.98180066260124 323.0681501178977
    vertex 482.6140874531043 413.1377756626014 315.6921481178976
    vertex 482.5480934531043 412.93578066260136 312.02614811789766
  endloop
endfacet
facet normal -0.8599744346273746 0.5076358714857817 -0.052438476028565155
  outer loop
    vertex 479.60409345310427 408.8837786626013 306.27014811789775
    vertex 479.48209945310424 408.18178266260134 301.4741481178977
    vertex 479.06410045310423 408.0537916626013 307.0821491178977
  endloop
endfacet
facet normal -0.8599744346273746 0.5076358714857817 -0.052438476028565155
  outer loop
    vertex 479.48209945310424 408.18178266260134 301.4741481178977
    vertex 479.60409345310427 408.8837786626013 306.27014811789775
    vertex 480.0341014531043 409.08778866260127 301.18414811789773
  endloop
endfacet
facet normal -0.6645423333349508 0.7464629146383812 -0.03430166578042646
  outer loop
    vertex 483.05009245310424 413.8497816626013 323.3841501178978
    vertex 483.7281014531043 414.23180066260124 318.5621491178977
    vertex 482.16409045310434 413.04777966260116 323.09614911789765
  endloop
endfacet
facet normal -0.8097261573873665 0.5854319024813472 -0.04016263935251623
  outer loop
    vertex 480.2861004531042 410.11980166260145 309.6341491178977
    vertex 480.1800974531042 409.7917986626015 306.9901491178977
    vertex 479.2460914531042 409.05577566260155 315.09215011789775
  endloop
endfacet
facet normal -0.6574065024143634 0.7529963296693525 -0.028516978938828836
  outer loop
    vertex 483.7281014531043 414.23180066260124 318.5621491178977
    vertex 484.2600994531042 414.5537916626013 314.8001481178977
    vertex 483.04209645310425 413.59978166260134 317.68814911789764
  endloop
endfacet
facet normal -0.6037962250079993 0.7969395654863668 -0.01781706004059833
  outer loop
    vertex 485.1940894531043 415.1257826626013 308.10214911789774
    vertex 486.25410245310417 415.88377866260134 306.0841481178977
    vertex 486.8420994531042 416.10377966260114 295.99814811789776
  endloop
endfacet
facet normal -0.27799275847706695 -0.9601220020507855 -0.029761844907580385
  outer loop
    vertex 497.98209945310424 376.3417856626017 306.19814911789774
    vertex 497.05810345310425 376.75578766260134 301.4741481178977
    vertex 498.2920964531043 376.4077956626017 301.18414811789773
  endloop
endfacet
facet normal -0.27799275847706695 -0.9601220020507855 -0.029761844907580385
  outer loop
    vertex 497.05810345310425 376.75578766260134 301.4741481178977
    vertex 497.98209945310424 376.3417856626017 306.19814911789774
    vertex 496.8500954531043 376.6457716626014 306.9761491178977
  endloop
endfacet
facet normal -0.6621671381603668 0.7488435806024759 -0.027712324532111643
  outer loop
    vertex 484.69810245310424 414.52379266260135 301.7621481178977
    vertex 485.7581004531043 415.24779166260123 295.99814811789776
    vertex 484.0120984531043 413.8958016626013 301.18414811789773
  endloop
endfacet
facet normal -0.8569912253328097 0.5128094578037813 -0.05091659542390388
  outer loop
    vertex 479.3101024531042 408.84380066260144 311.1461491178977
    vertex 478.63409245310424 407.8937876626016 312.9561481178977
    vertex 477.96209545310427 407.6077776626013 321.3861481178976
  endloop
endfacet
facet normal -0.8599736885189263 0.5074802136889031 -0.05393595989150869
  outer loop
    vertex 480.0341014531043 409.08778866260127 301.18414811789773
    vertex 479.89208745310424 408.2957956626013 295.99814811789776
    vertex 479.48209945310424 408.18178266260134 301.4741481178977
  endloop
endfacet
facet normal -0.8599736885189263 0.5074802136889031 -0.05393595989150869
  outer loop
    vertex 479.89208745310424 408.2957956626013 295.99814811789776
    vertex 480.0341014531043 409.08778866260127 301.18414811789773
    vertex 480.53008845310427 409.37578266260135 295.99814811789776
  endloop
endfacet
facet normal -0.7273642572209649 0.6851896807979658 -0.03816200525884283
  outer loop
    vertex 482.5480934531043 412.93578066260136 312.02614811789766
    vertex 481.53809945310434 412.06779966260143 315.69214811789766
    vertex 481.0700964531043 411.98180066260124 323.0681501178977
  endloop
endfacet
facet normal -0.6541105973264589 0.7559649710480825 -0.025618138369036685
  outer loop
    vertex 483.8560924531043 414.0497936626014 309.82014911789776
    vertex 485.1340924531042 414.9557996626013 303.92414911789774
    vertex 483.6300944531043 413.7657976626013 307.21014911789774
  endloop
endfacet
facet normal -0.6565712242416748 0.753680358401852 -0.02966723541290282
  outer loop
    vertex 482.16409045310434 413.04777966260116 323.09614911789765
    vertex 483.7281014531043 414.23180066260124 318.5621491178977
    vertex 483.04209645310425 413.59978166260134 317.68814911789764
  endloop
endfacet
facet normal -0.6367582582944 0.7706873142723472 -0.024082859331036363
  outer loop
    vertex 484.57409445310424 414.9397776626011 318.85014911789773
    vertex 484.2600994531042 414.5537916626013 314.8001481178977
    vertex 483.7281014531043 414.23180066260124 318.5621491178977
  endloop
endfacet
facet normal -0.6560277298316226 0.754348382646926 -0.0242102311003953
  outer loop
    vertex 484.0120984531043 413.8958016626013 301.18414811789773
    vertex 485.7581004531043 415.24779166260123 295.99814811789776
    vertex 484.7301004531041 414.35377966260114 295.99814811789776
  endloop
endfacet
facet normal -0.6975002007322614 0.7159000744009709 -0.031313790111379365
  outer loop
    vertex 483.21209545310427 413.1417736626012 301.76214811789765
    vertex 484.0120984531043 413.8958016626013 301.18414811789773
    vertex 483.7600994531043 413.4217726626013 295.99814811789764
  endloop
endfacet
facet normal -0.6975002007322614 0.7159000744009709 -0.031313790111379365
  outer loop
    vertex 484.0120984531043 413.8958016626013 301.18414811789773
    vertex 483.21209545310427 413.1417736626012 301.76214811789765
    vertex 483.4660924531043 413.53780066260134 305.2081481178977
  endloop
endfacet
facet normal -0.8306817814583718 0.5548822575143215 -0.045535241834824804
  outer loop
    vertex 480.12209845310423 409.53780066260134 304.7901491178977
    vertex 479.60409345310427 408.8837786626013 306.27014811789775
    vertex 479.3101024531042 408.84380066260144 311.1461491178977
  endloop
endfacet
facet normal -0.6445005066664383 0.7640119310152319 -0.030080993552092487
  outer loop
    vertex 483.05009245310424 413.8497816626013 323.3841501178978
    vertex 484.00410245310417 414.6657916626011 323.6701491178977
    vertex 483.7281014531043 414.23180066260124 318.5621491178977
  endloop
endfacet
facet normal -0.6445005066664383 0.7640119310152319 -0.030080993552092487
  outer loop
    vertex 484.00410245310417 414.6657916626011 323.6701491178977
    vertex 483.05009245310424 413.8497816626013 323.3841501178978
    vertex 483.4020974531042 414.15779566260125 323.6701491178978
  endloop
endfacet
facet normal -0.6075192720761529 0.7940308399383764 -0.02086526498317736
  outer loop
    vertex 484.97610245310426 415.09779766260147 313.3841501178977
    vertex 486.25410245310417 415.88377866260134 306.0841481178977
    vertex 485.1940894531043 415.1257826626013 308.10214911789774
  endloop
endfacet
facet normal -0.6491835045256855 0.7602948762201067 -0.022637991191841147
  outer loop
    vertex 483.04209645310425 413.59978166260134 317.68814911789764
    vertex 484.2600994531042 414.5537916626013 314.8001481178977
    vertex 484.0820904531042 414.3337906626013 312.5161501178977
  endloop
endfacet
facet normal -0.648510309782332 0.7609087975752258 -0.02126452159461623
  outer loop
    vertex 483.6300944531043 413.7657976626013 307.21014911789774
    vertex 485.1340924531042 414.9557996626013 303.92414911789774
    vertex 484.69810245310424 414.52379266260135 301.7621481178977
  endloop
endfacet
facet normal -0.729000428360844 0.6836150824957029 -0.03505416429041414
  outer loop
    vertex 483.21209545310427 413.1417736626012 301.76214811789765
    vertex 482.31809745310426 412.2917986626014 303.7781481178977
    vertex 482.77009345310427 412.9497876626013 307.21014911789763
  endloop
endfacet
facet normal -0.8290688557946645 0.5569055711236655 -0.05001017099300962
  outer loop
    vertex 481.2380964531043 410.4297986626013 295.99814811789764
    vertex 480.53008845310427 409.37578266260135 295.99814811789776
    vertex 480.5980964531043 409.9297986626014 301.04014811789773
  endloop
endfacet
facet normal -0.5381740709970402 0.842816439447958 -0.0053961748247565245
  outer loop
    vertex 489.10009545310425 417.72377466260133 306.92014911789767
    vertex 488.49409245310426 417.3037916626012 301.76214811789765
    vertex 487.73010045310417 416.8297926626013 303.9241491178977
  endloop
endfacet
facet normal -0.5115069368795017 0.8589822130359824 -0.022587855408508564
  outer loop
    vertex 487.1441014531042 416.8197826626012 323.6701491178977
    vertex 486.53410145310426 416.3297926626012 318.8501491178977
    vertex 486.6100904531042 416.5017896626013 323.6701491178977
  endloop
endfacet
facet normal -0.5309865649732115 0.847373163449199 -0.003462612315421578
  outer loop
    vertex 489.5660984531042 417.9877816626014 304.7581481178977
    vertex 489.38609145310426 417.85979166260137 301.0401481178977
    vertex 488.49409245310426 417.3037916626012 301.76214811789765
  endloop
endfacet
facet normal -0.5232213099384398 0.852043870612402 -0.016146311595524557
  outer loop
    vertex 486.53410145310426 416.3297926626012 318.8501491178977
    vertex 487.38409245310424 416.77379266260135 314.73614911789764
    vertex 486.7320994531043 416.34779766260135 313.3841501178977
  endloop
endfacet
facet normal 0.9710902830507426 6.551730573490126e-17 -0.23871250944269498
  outer loop
    vertex 547.3020914531043 400.89378766260126 319.0801491178977
    vertex 547.3020914531043 399.71779266260137 319.08014911789775
    vertex 541.6280954531043 400.30379166260127 295.99814811789776
  endloop
endfacet
facet normal -0.52146481609433 0.8532333108127131 -0.008207490193867777
  outer loop
    vertex 489.10009545310425 417.72377466260133 306.92014911789767
    vertex 489.5660984531042 417.9877816626014 304.7581481178977
    vertex 488.49409245310426 417.3037916626012 301.76214811789765
  endloop
endfacet
facet normal -0.5167207858613933 0.8560333261166534 -0.01437268368967622
  outer loop
    vertex 486.53410145310426 416.3297926626012 318.8501491178977
    vertex 487.55009245310424 416.935780662601 318.4161491178977
    vertex 487.38409245310424 416.77379266260135 314.73614911789764
  endloop
endfacet
facet normal -0.5589968560753967 0.8290428925165748 -0.014505077234308772
  outer loop
    vertex 487.1360914531042 416.51378266260133 308.1021491178977
    vertex 486.8420994531042 416.10377966260114 295.99814811789776
    vertex 486.25410245310417 415.88377866260134 306.0841481178977
  endloop
endfacet
facet normal -0.5547197080680532 0.8318425697553858 -0.017999572874107243
  outer loop
    vertex 485.5260904531043 415.66179366260104 318.8481481178977
    vertex 486.7320994531043 416.34779766260135 313.3841501178977
    vertex 485.8760964531042 415.7597856626013 312.59014911789774
  endloop
endfacet
facet normal -0.5311276061834427 0.8472147053257617 -0.011432804976404509
  outer loop
    vertex 487.8800944531043 417.03780066260146 312.37015011789765
    vertex 487.73010045310417 416.8297926626013 303.9241491178977
    vertex 487.1360914531042 416.51378266260133 308.1021491178977
  endloop
endfacet
facet normal -0.5558742446459798 0.8311039375037839 -0.016433782430357827
  outer loop
    vertex 485.8760964531042 415.7597856626013 312.59014911789774
    vertex 487.1360914531042 416.51378266260133 308.1021491178977
    vertex 486.25410245310417 415.88377866260134 306.0841481178977
  endloop
endfacet
facet normal -0.5558742446459798 0.8311039375037839 -0.016433782430357827
  outer loop
    vertex 487.1360914531042 416.51378266260133 308.1021491178977
    vertex 485.8760964531042 415.7597856626013 312.59014911789774
    vertex 486.7320994531043 416.34779766260135 313.3841501178977
  endloop
endfacet
facet normal -0.5102856583898291 0.8599343625342503 -0.011019935320651758
  outer loop
    vertex 488.52609045310413 417.4818006626011 317.10414911789763
    vertex 487.8800944531043 417.03780066260146 312.37015011789765
    vertex 487.38409245310424 416.77379266260135 314.73614911789764
  endloop
endfacet
facet normal 0.9644102095003506 0.11115465711445381 -0.23991162959151893
  outer loop
    vertex 541.4920934531042 401.48378466260135 295.99814811789764
    vertex 547.3020914531043 400.89378766260126 319.0801491178977
    vertex 541.6280954531043 400.30379166260127 295.99814811789776
  endloop
endfacet
facet normal -0.6320229077211748 0.7746379513915261 -0.021979271589638725
  outer loop
    vertex 484.2600994531042 414.5537916626013 314.8001481178977
    vertex 484.97610245310426 415.09779766260147 313.3841501178977
    vertex 485.1940894531043 415.1257826626013 308.10214911789774
  endloop
endfacet
facet normal -0.4943231496017186 0.8690141926593088 -0.021423275298760914
  outer loop
    vertex 487.77808945310426 417.1817826626013 323.13415011789766
    vertex 488.96209545310427 417.8297926626012 322.1001491178977
    vertex 487.55009245310424 416.935780662601 318.4161491178977
  endloop
endfacet
facet normal -0.5521647512124659 0.8332978930350317 -0.026994610237098222
  outer loop
    vertex 485.2541024531042 415.63777566260137 323.6701491178977
    vertex 486.53410145310426 416.3297926626012 318.8501491178977
    vertex 485.5260904531043 415.66179366260104 318.8481481178977
  endloop
endfacet
facet normal -0.5269989574106738 0.849757041491169 -0.013604018679728111
  outer loop
    vertex 487.38409245310424 416.77379266260135 314.73614911789764
    vertex 487.1360914531042 416.51378266260133 308.1021491178977
    vertex 486.7320994531043 416.34779766260135 313.3841501178977
  endloop
endfacet
facet normal 0.9644473306859084 -0.11115902977984363 -0.23976033122939697
  outer loop
    vertex 541.6300944531042 397.94179166260125 295.99814811789764
    vertex 547.3020914531043 397.36778666260136 319.08014911789763
    vertex 541.4940924531043 396.7617996626014 295.99814811789764
  endloop
endfacet
facet normal -0.5196392420808744 0.854304131020778 -0.01181142711310211
  outer loop
    vertex 487.8800944531043 417.03780066260146 312.37015011789765
    vertex 488.5061014531041 417.3797806626013 309.56414911789767
    vertex 487.73010045310417 416.8297926626013 303.9241491178977
  endloop
endfacet
facet normal -0.468022078143742 0.8834744678484525 -0.020692970543319762
  outer loop
    vertex 488.96209545310427 417.8297926626012 322.1001491178977
    vertex 490.5520914531042 418.62178466260104 319.95214811789765
    vertex 488.52609045310413 417.4818006626011 317.10414911789763
  endloop
endfacet
facet normal -0.5066539839420819 0.8621127155534866 -0.0079628033135429
  outer loop
    vertex 489.3480964531043 417.92177266260137 314.67014911789767
    vertex 488.5061014531041 417.3797806626013 309.56414911789767
    vertex 487.8800944531043 417.03780066260146 312.37015011789765
  endloop
endfacet
facet normal -0.5188077588177794 0.8546275036184535 -0.021221202825553318
  outer loop
    vertex 487.1441014531042 416.8197826626012 323.6701491178977
    vertex 487.55009245310424 416.935780662601 318.4161491178977
    vertex 486.53410145310426 416.3297926626012 318.8501491178977
  endloop
endfacet
facet normal 0.9007919424123547 -0.3467051616383118 -0.2614754431649924
  outer loop
    vertex 540.7080974531043 393.2697946626013 295.99814811789776
    vertex 547.2980934531042 392.9837846626013 319.08014911789775
    vertex 540.2700934531042 392.13179466260124 295.99814811789776
  endloop
endfacet
facet normal -0.5086366026627673 0.8607419509303034 -0.020300254687409147
  outer loop
    vertex 487.1441014531042 416.8197826626012 323.6701491178977
    vertex 487.77808945310426 417.1817826626013 323.13415011789766
    vertex 487.55009245310424 416.935780662601 318.4161491178977
  endloop
endfacet
facet normal -0.484491864114625 0.8747785022541072 -0.005495962226638951
  outer loop
    vertex 490.5520914531042 418.62178466260104 319.95214811789765
    vertex 489.3480964531043 417.92177266260137 314.67014911789767
    vertex 488.52609045310413 417.4818006626011 317.10414911789763
  endloop
endfacet
facet normal -0.5522971895610378 0.833468584636888 -0.017260730759798795
  outer loop
    vertex 486.53410145310426 416.3297926626012 318.8501491178977
    vertex 486.7320994531043 416.34779766260135 313.3841501178977
    vertex 485.5260904531043 415.66179366260104 318.8481481178977
  endloop
endfacet
facet normal -0.501032183004684 0.8653341496613617 -0.01278909783406582
  outer loop
    vertex 488.52609045310413 417.4818006626011 317.10414911789763
    vertex 489.3480964531043 417.92177266260137 314.67014911789767
    vertex 487.8800944531043 417.03780066260146 312.37015011789765
  endloop
endfacet
facet normal -0.5435946913681284 0.8393301783872661 -0.005446390069526948
  outer loop
    vertex 489.38609145310426 417.85979166260137 301.0401481178977
    vertex 489.17410045310424 417.689777662601 295.99814811789764
    vertex 487.9820994531042 416.91777466260106 295.99814811789764
  endloop
endfacet
facet normal -0.5372423278914135 0.8431508629638594 -0.021617201602292975
  outer loop
    vertex 486.6100904531042 416.5017896626013 323.6701491178977
    vertex 486.53410145310426 416.3297926626012 318.8501491178977
    vertex 485.2541024531042 415.63777566260137 323.6701491178977
  endloop
endfacet
facet normal -0.5209476095949034 0.8534742301285306 -0.013975928014557671
  outer loop
    vertex 487.38409245310424 416.77379266260135 314.73614911789764
    vertex 487.8800944531043 417.03780066260146 312.37015011789765
    vertex 487.1360914531042 416.51378266260133 308.1021491178977
  endloop
endfacet
facet normal -0.6728693579590241 0.7391902689352788 -0.029061545574884953
  outer loop
    vertex 483.6300944531043 413.7657976626013 307.21014911789774
    vertex 484.69810245310424 414.52379266260135 301.7621481178977
    vertex 483.4660924531043 413.53780066260134 305.2081481178977
  endloop
endfacet
facet normal -0.5320169241255229 0.846681927945824 -0.009365112597301127
  outer loop
    vertex 488.5061014531041 417.3797806626013 309.56414911789767
    vertex 489.10009545310425 417.72377466260133 306.92014911789767
    vertex 487.73010045310417 416.8297926626013 303.9241491178977
  endloop
endfacet
facet normal 0.9654516494331088 1.441250712820981e-16 -0.2605822568919263
  outer loop
    vertex 547.3020914531041 395.01579766260124 319.08014911789763
    vertex 547.3020914531043 393.8397716626014 319.08014911789775
    vertex 541.0720954531043 394.4177746626013 295.99814811789776
  endloop
endfacet
facet normal -0.534274031965571 0.845261814720367 -0.009150046059117328
  outer loop
    vertex 488.49409245310426 417.3037916626012 301.76214811789765
    vertex 489.38609145310426 417.85979166260137 301.0401481178977
    vertex 487.9820994531042 416.91777466260106 295.99814811789764
  endloop
endfacet
facet normal -0.5495342383831625 0.835337461279836 -0.014948131227547722
  outer loop
    vertex 487.1360914531042 416.51378266260133 308.1021491178977
    vertex 487.73010045310417 416.8297926626013 303.9241491178977
    vertex 486.8420994531042 416.10377966260114 295.99814811789776
  endloop
endfacet
facet normal 0.9615530368357816 -0.004491060076050484 -0.27458256996990754
  outer loop
    vertex 547.3020914531043 393.8397716626014 319.08014911789775
    vertex 547.2980934531042 392.9837846626013 319.08014911789775
    vertex 540.7080974531043 393.2697946626013 295.99814811789776
  endloop
endfacet
facet normal -0.6970522042040749 -0.7155098722791875 -0.046517171939635456
  outer loop
    vertex 482.1520974531043 384.21779266260125 323.6701491178977
    vertex 481.0660984531043 385.27577666260123 323.67014911789767
    vertex 482.17609945310426 384.5077706626013 318.85014911789773
  endloop
endfacet
facet normal -0.5802193128474891 -0.8127362838818889 -0.05296491159858144
  outer loop
    vertex 487.4960914531042 381.29378166260136 301.1841481178977
    vertex 486.8600904531043 382.08577366260135 295.99814811789776
    vertex 488.0000894531043 381.27177866260104 295.99814811789764
  endloop
endfacet
facet normal -0.5802193128474891 -0.8127362838818889 -0.05296491159858144
  outer loop
    vertex 486.8600904531043 382.08577366260135 295.99814811789776
    vertex 487.4960914531042 381.29378166260136 301.1841481178977
    vertex 486.52808945310426 381.96577866260134 301.4741481178977
  endloop
endfacet
facet normal -0.657652998547311 -0.7515226352186023 -0.0520217479119861
  outer loop
    vertex 483.83608745310426 383.14778566260094 317.10414911789775
    vertex 482.9400914531043 384.09578366260155 314.7361491178977
    vertex 483.3900884531043 383.86577266260144 312.3701501178977
  endloop
endfacet
facet normal -0.4665588871423186 -0.8837224019747187 -0.03684455287495153
  outer loop
    vertex 489.27808945310426 380.14577166260136 301.76214811789765
    vertex 490.43409545310425 379.77577666260123 295.99814811789764
    vertex 491.72208945310416 379.0957836626012 295.99814811789764
  endloop
endfacet
facet normal -0.5468897073479295 -0.8358158242371251 -0.04820327739595644
  outer loop
    vertex 487.8840924531043 380.83379066260136 304.7581481178977
    vertex 487.4960914531042 381.29378166260136 301.1841481178977
    vertex 488.4440894531043 380.6817826626013 301.0401481178977
  endloop
endfacet
facet normal -0.5468897073479295 -0.8358158242371251 -0.04820327739595644
  outer loop
    vertex 487.4960914531042 381.29378166260136 301.1841481178977
    vertex 487.8840924531043 380.83379066260136 304.7581481178977
    vertex 487.1060924531043 381.2597856626012 306.19814911789763
  endloop
endfacet
facet normal -0.4775884969000302 -0.8778960069997861 -0.03475382745254779
  outer loop
    vertex 489.49209345310413 379.2497756626012 318.8501491178977
    vertex 489.03410145310426 379.6617936626013 314.73614911789764
    vertex 489.8641034531042 379.26378266260133 313.38415011789766
  endloop
endfacet
facet normal -0.5139545209449159 -0.8567698040367898 -0.04238222848132447
  outer loop
    vertex 487.8840924531043 380.83379066260136 304.7581481178977
    vertex 488.4440894531043 380.6817826626013 301.0401481178977
    vertex 489.27808945310426 380.14577166260136 301.76214811789765
  endloop
endfacet
facet normal -0.09423395875053257 -0.9954285063263891 -0.015557950090446958
  outer loop
    vertex 504.07409445310424 374.93779466260145 318.85014911789773
    vertex 504.0680974531042 375.0237926626017 313.3841501178977
    vertex 505.00008945310424 374.9137766626018 314.7781491178977
  endloop
endfacet
facet normal -0.4790786351883808 -0.8770934326772127 -0.03450755946951515
  outer loop
    vertex 489.49209345310413 379.2497756626012 318.8501491178977
    vertex 488.47610245310415 379.821796662601 318.41614911789765
    vertex 489.03410145310426 379.6617936626013 314.73614911789764
  endloop
endfacet
facet normal -0.5212463817442541 -0.8521196812686553 -0.04684291102321496
  outer loop
    vertex 488.1181004531042 380.57179666260123 306.92014911789767
    vertex 487.8840924531043 380.83379066260136 304.7581481178977
    vertex 489.27808945310426 380.14577166260136 301.76214811789765
  endloop
endfacet
facet normal -0.445387787494184 -0.8947399733587983 -0.03271236501588793
  outer loop
    vertex 490.6240974531043 378.6857806626012 318.84814811789767
    vertex 489.8641034531042 379.26378266260133 313.38415011789766
    vertex 490.91608945310423 378.7697946626013 312.5901491178977
  endloop
endfacet
facet normal -0.445387787494184 -0.8947399733587983 -0.03271236501588793
  outer loop
    vertex 489.8641034531042 379.26378266260133 313.38415011789766
    vertex 490.6240974531043 378.6857806626012 318.84814811789767
    vertex 489.49209345310413 379.2497756626012 318.8501491178977
  endloop
endfacet
facet normal -0.5470099364885472 -0.8356545040865513 -0.04961531197781508
  outer loop
    vertex 487.4960914531042 381.29378166260136 301.1841481178977
    vertex 488.0000894531043 381.27177866260104 295.99814811789764
    vertex 488.4440894531043 380.6817826626013 301.0401481178977
  endloop
endfacet
facet normal -0.580084420389134 -0.8129887795070263 -0.050510490172620694
  outer loop
    vertex 487.1060924531043 381.2597856626012 306.19814911789763
    vertex 486.52808945310426 381.96577866260134 301.4741481178977
    vertex 487.4960914531042 381.29378166260136 301.1841481178977
  endloop
endfacet
facet normal -0.580084420389134 -0.8129887795070263 -0.050510490172620694
  outer loop
    vertex 486.52808945310426 381.96577866260134 301.4741481178977
    vertex 487.1060924531043 381.2597856626012 306.19814911789763
    vertex 486.20409945310416 381.85579366260123 306.9761491178977
  endloop
endfacet
facet normal -0.19687156426760521 -0.9801179432659537 -0.024706364988465956
  outer loop
    vertex 500.2680944531042 375.6557816626018 312.3701501178977
    vertex 501.2980934531043 375.66179366260167 303.92414911789774
    vertex 501.64008845310417 375.48778166260166 308.10214911789774
  endloop
endfacet
facet normal -0.5415642822349599 -0.8394940551789569 -0.044247706454951685
  outer loop
    vertex 486.9481024531043 381.11577266260133 310.8641491178976
    vertex 487.1060924531043 381.2597856626012 306.19814911789763
    vertex 487.8840924531043 380.83379066260136 304.7581481178977
  endloop
endfacet
facet normal -0.08560335843611859 -0.9961388608937997 -0.019479087290241042
  outer loop
    vertex 506.2140934531043 374.91978866260166 309.7061481178977
    vertex 504.90009845310425 375.1457716626016 303.92414911789774
    vertex 506.85009545310425 374.9177746626016 307.0141491178978
  endloop
endfacet
facet normal -0.48594113415411455 -0.8734283712684426 -0.03137027893354529
  outer loop
    vertex 488.3540934531042 379.7097976626014 323.67014911789767
    vertex 489.49209345310413 379.2497756626012 318.8501491178977
    vertex 488.9040964531043 379.40379766260133 323.67014911789767
  endloop
endfacet
facet normal -0.4840681485884343 -0.8738165089149932 -0.046073162142179366
  outer loop
    vertex 489.85209445310414 379.7137956626012 303.9241491178977
    vertex 489.27808945310426 380.14577166260136 301.76214811789765
    vertex 491.72208945310416 379.0957836626012 295.99814811789764
  endloop
endfacet
facet normal -0.48600363762143745 -0.873444986705885 -0.029905173751157123
  outer loop
    vertex 488.3540934531042 379.7097976626014 323.67014911789767
    vertex 487.7581004531042 380.0597726626013 323.13415011789766
    vertex 488.47610245310415 379.821796662601 318.41614911789765
  endloop
endfacet
facet normal -0.6431128544497748 -0.7642229576263286 -0.048673683632219605
  outer loop
    vertex 483.1140874531043 383.3837786626013 323.1341501178977
    vertex 483.0100994531043 383.7717786626014 318.4161491178977
    vertex 484.1120884531043 382.6097916626011 322.10014911789773
  endloop
endfacet
facet normal -0.5733043681551417 -0.8181242758303293 -0.0446628565066439
  outer loop
    vertex 485.8961004531042 381.7617996626014 312.53414911789775
    vertex 487.1060924531043 381.2597856626012 306.19814911789763
    vertex 486.9481024531043 381.11577266260133 310.8641491178976
  endloop
endfacet
facet normal -0.03961880554970351 -0.9991483637485923 -0.011528116295634392
  outer loop
    vertex 509.52609045310425 374.58977166260144 321.9201491178978
    vertex 506.63009445310416 374.75578766260145 317.48415011789774
    vertex 507.5861034531043 374.7437936626016 315.2381501178977
  endloop
endfacet
facet normal -0.5412681670735465 -0.8393291222158064 -0.050550923960767956
  outer loop
    vertex 488.4440894531043 380.6817826626013 301.0401481178977
    vertex 488.0000894531043 381.27177866260104 295.99814811789764
    vertex 489.1940894531043 380.50178966260137 295.99814811789764
  endloop
endfacet
facet normal -0.44580699650258415 -0.8946870413322392 -0.028128632058979024
  outer loop
    vertex 490.3961004531043 378.64778566260105 323.67014911789767
    vertex 489.49209345310413 379.2497756626012 318.8501491178977
    vertex 490.6240974531043 378.6857806626012 318.84814811789767
  endloop
endfacet
facet normal -0.08496986380170192 -0.9963387275572124 -0.00944786828840875
  outer loop
    vertex 504.4040964531042 374.8557936626014 323.6701491178978
    vertex 505.40009845310425 374.8197826626013 318.51014911789775
    vertex 505.92210145310423 374.72978666260127 323.30614911789775
  endloop
endfacet
facet normal -0.5721909510481499 -0.8189585933937803 -0.04363871956295937
  outer loop
    vertex 485.48209945310424 381.6557816626011 319.9521481178977
    vertex 485.8961004531042 381.7617996626014 312.53414911789775
    vertex 486.9481024531043 381.11577266260133 310.8641491178976
  endloop
endfacet
facet normal -0.06688235624801886 -0.9975992700117471 -0.017956806362561934
  outer loop
    vertex 505.40009845310425 374.8197826626013 318.51014911789775
    vertex 505.00008945310424 374.9137766626018 314.7781491178977
    vertex 506.63009445310416 374.75578766260145 317.48415011789774
  endloop
endfacet
facet normal -0.0610838191254038 -0.9980722907852905 -0.010975855668583766
  outer loop
    vertex 507.4420904531042 374.64778566260145 322.7861501178977
    vertex 505.40009845310425 374.8197826626013 318.51014911789775
    vertex 506.63009445310416 374.75578766260145 317.48415011789774
  endloop
endfacet
facet normal -0.1134060716378518 -0.993506700070643 -0.009137824161794589
  outer loop
    vertex 502.5820904531043 375.06377066260137 323.6701491178978
    vertex 504.07409445310424 374.93779466260145 318.85014911789773
    vertex 504.4040964531042 374.8557936626014 323.6701491178978
  endloop
endfacet
facet normal -0.1204269433895354 -0.9926574977462425 -0.011333290520511926
  outer loop
    vertex 502.5820904531043 375.06377066260137 323.6701491178978
    vertex 502.70609845310423 375.1037796626014 318.8481481178977
    vertex 504.07409445310424 374.93779466260145 318.85014911789773
  endloop
endfacet
facet normal -0.19163654235043617 -0.9811998246808679 -0.022854751851719174
  outer loop
    vertex 501.63209345310423 375.3657726626017 313.3841501178977
    vertex 500.2680944531042 375.6557816626018 312.3701501178977
    vertex 501.64008845310417 375.48778166260166 308.10214911789774
  endloop
endfacet
facet normal -0.19163654235043617 -0.9811998246808679 -0.022854751851719174
  outer loop
    vertex 500.2680944531042 375.6557816626018 312.3701501178977
    vertex 501.63209345310423 375.3657726626017 313.3841501178977
    vertex 500.6660894531042 375.52379266260175 314.73614911789775
  endloop
endfacet
facet normal -0.8028526254134933 -0.5927581935637726 -0.06376037821150353
  outer loop
    vertex 479.5120984531043 387.7377816626012 317.3861481178976
    vertex 480.4820994531043 386.7057996626016 314.76615011789767
    vertex 480.00208845310425 386.95579966260135 318.48614911789764
  endloop
endfacet
facet normal -0.6716393305450947 -0.7388677579178782 -0.05454398201767919
  outer loop
    vertex 484.48809645310416 383.2797746626013 306.9201491178977
    vertex 484.08408945310424 384.02779066260126 301.7621481178977
    vertex 484.9100934531042 383.0557756626013 304.7581481178977
  endloop
endfacet
facet normal -0.6185876770527721 -0.7842794134774979 -0.047487760463593695
  outer loop
    vertex 486.20409945310416 381.85579366260123 306.9761491178977
    vertex 485.08408945310424 382.50377366260136 310.86414911789774
    vertex 485.4340954531043 382.5097856626013 306.19814911789774
  endloop
endfacet
facet normal -0.6185876770527721 -0.7842794134774979 -0.047487760463593695
  outer loop
    vertex 485.08408945310424 382.50377366260136 310.86414911789774
    vertex 486.20409945310416 381.85579366260123 306.9761491178977
    vertex 485.8961004531042 381.7617996626014 312.53414911789775
  endloop
endfacet
facet normal -0.6208360373640549 -0.7825994260312966 -0.04583397305038052
  outer loop
    vertex 485.48209945310424 381.6557816626011 319.9521481178977
    vertex 485.08408945310424 382.50377366260136 310.86414911789774
    vertex 485.8961004531042 381.7617996626014 312.53414911789775
  endloop
endfacet
facet normal -0.6676872285899326 -0.7421764880495737 -0.05803296790873579
  outer loop
    vertex 483.3900884531043 383.86577266260144 312.3701501178977
    vertex 483.4260994531042 384.4937936626014 303.9241491178977
    vertex 483.9540994531042 383.57777866260136 309.5641491178977
  endloop
endfacet
facet normal -0.8306274785300991 -0.5537553653888999 -0.058420777243511926
  outer loop
    vertex 477.9720894531042 389.6257826626013 321.38614811789773
    vertex 479.25610145310424 388.3637896626016 315.09215011789775
    vertex 479.5120984531043 387.7377816626012 317.3861481178976
  endloop
endfacet
facet normal -0.6258471608476965 -0.7786323141740852 -0.04524434310260601
  outer loop
    vertex 485.48209945310424 381.6557816626011 319.9521481178977
    vertex 484.5601024531043 382.7037856626013 314.6701491178977
    vertex 485.08408945310424 382.50377366260136 310.86414911789774
  endloop
endfacet
facet normal -0.7446030877718389 -0.6651543255115777 -0.055999686908779746
  outer loop
    vertex 480.63609145310426 386.13777566260126 318.8501491178977
    vertex 481.05608945310416 386.1277966626015 313.38415011789766
    vertex 481.37409745310424 385.31178766260126 318.84814811789767
  endloop
endfacet
facet normal -0.648700529941756 -0.7591285705211589 -0.053957723004096486
  outer loop
    vertex 485.64008845310417 382.6837966626013 301.18414811789773
    vertex 484.82609345310425 383.38979066260123 301.04014811789773
    vertex 485.77409145310423 382.93977766260133 295.99814811789776
  endloop
endfacet
facet normal -0.648700529941756 -0.7591285705211589 -0.053957723004096486
  outer loop
    vertex 484.82609345310425 383.38979066260123 301.04014811789773
    vertex 485.64008845310417 382.6837966626013 301.18414811789773
    vertex 484.9100934531042 383.0557756626013 304.7581481178977
  endloop
endfacet
facet normal -0.7709746886410135 -0.633331491210388 -0.06700187845216635
  outer loop
    vertex 481.38409245310424 386.6957896626013 303.9241491178977
    vertex 482.86810045310415 385.72777266260124 295.99814811789764
    vertex 481.33810245310417 386.30977266260135 308.1021491178977
  endloop
endfacet
facet normal -0.8047911640922711 -0.589985454757237 -0.06502572855342371
  outer loop
    vertex 480.1320934531042 388.27577666260146 304.79014911789767
    vertex 480.6080914531042 388.0397836626013 301.0401481178977
    vertex 481.0980964531042 387.29179866260137 301.76214811789765
  endloop
endfacet
facet normal -0.6789156910855717 -0.7324798483971953 -0.05046539497341241
  outer loop
    vertex 484.9100934531042 383.0557756626013 304.7581481178977
    vertex 484.08408945310424 384.02779066260126 301.7621481178977
    vertex 484.82609345310425 383.38979066260123 301.04014811789773
  endloop
endfacet
facet normal -0.6516399484007157 -0.756888203418879 -0.04985604450469642
  outer loop
    vertex 485.08408945310424 382.50377366260136 310.86414911789774
    vertex 484.9100934531042 383.0557756626013 304.7581481178977
    vertex 485.4340954531043 382.5097856626013 306.19814911789774
  endloop
endfacet
facet normal -0.6154601800229326 -0.7864531795594814 -0.05196309427778429
  outer loop
    vertex 486.20409945310416 381.85579366260123 306.9761491178977
    vertex 485.4340954531043 382.5097856626013 306.19814911789774
    vertex 486.52808945310426 381.96577866260134 301.4741481178977
  endloop
endfacet
facet normal -0.7957786495506876 -0.6018756588248857 -0.0669479815483191
  outer loop
    vertex 480.6080914531042 388.0397836626013 301.0401481178977
    vertex 481.25008945310424 387.75178966260137 295.99814811789764
    vertex 482.0260904531042 386.72578866260125 295.99814811789764
  endloop
endfacet
facet normal -0.7777765782331083 -0.6247056078559036 -0.06932891074713361
  outer loop
    vertex 481.0980964531042 387.29179866260137 301.76214811789765
    vertex 482.86810045310415 385.72777266260124 295.99814811789764
    vertex 481.38409245310424 386.6957896626013 303.9241491178977
  endloop
endfacet
facet normal -0.6620614250318799 -0.7478178921988885 -0.04942741741147294
  outer loop
    vertex 484.5601024531043 382.7037856626013 314.6701491178977
    vertex 483.9540994531042 383.57777866260136 309.5641491178977
    vertex 484.48809645310416 383.2797746626013 306.9201491178977
  endloop
endfacet
facet normal -0.6736158147071377 -0.7368516429897655 -0.05737064057270613
  outer loop
    vertex 482.9400914531043 384.09578366260155 314.7361491178977
    vertex 482.4360944531042 384.66179366260144 313.38415011789766
    vertex 482.86408745310433 384.6817826626013 308.1021491178977
  endloop
endfacet
facet normal -0.7070298476474438 -0.7053834175226684 -0.05042845248144431
  outer loop
    vertex 481.37409745310424 385.31178766260126 318.84814811789767
    vertex 482.17609945310426 384.5077706626013 318.85014911789773
    vertex 481.0660984531043 385.27577666260123 323.67014911789767
  endloop
endfacet
facet normal -0.8285077308799332 -0.5559754127209319 -0.06683023508842074
  outer loop
    vertex 479.6140874531043 388.8698016626014 306.27014811789775
    vertex 480.1320934531042 388.27577666260146 304.79014911789767
    vertex 479.32009645310427 388.72179066260134 311.1461491178977
  endloop
endfacet
facet normal -0.20847307949219065 -0.9776792672662104 -0.026119446488183647
  outer loop
    vertex 500.2680944531042 375.6557816626018 312.3701501178977
    vertex 499.7660954531042 375.8377886626016 309.5641491178977
    vertex 501.2980934531043 375.66179366260167 303.92414911789774
  endloop
endfacet
facet normal -0.7833246256115651 -0.6190722366406839 -0.05614353686046869
  outer loop
    vertex 479.7120954531042 386.86980166260133 323.67014911789767
    vertex 480.63609145310426 386.13777566260126 318.8501491178977
    vertex 480.1040934531043 386.37379866260125 323.67014911789767
  endloop
endfacet
facet normal -0.7746443260892506 -0.6296973810731519 -0.05837273616462302
  outer loop
    vertex 480.4820994531043 386.7057996626016 314.76615011789767
    vertex 481.05608945310416 386.1277966626015 313.38415011789766
    vertex 480.63609145310426 386.13777566260126 318.8501491178977
  endloop
endfacet
facet normal -0.6802883252985786 -0.7308767394514699 -0.05501805332110138
  outer loop
    vertex 483.9540994531042 383.57777866260136 309.5641491178977
    vertex 483.4260994531042 384.4937936626014 303.9241491178977
    vertex 484.48809645310416 383.2797746626013 306.9201491178977
  endloop
endfacet
facet normal -0.7774980900857128 -0.626572305283722 -0.05388753255170655
  outer loop
    vertex 480.00208845310425 386.95579966260135 318.48614911789764
    vertex 480.63609145310426 386.13777566260126 318.8501491178977
    vertex 479.7120954531042 386.86980166260133 323.67014911789767
  endloop
endfacet
facet normal -0.1612022948165452 -0.986652533977109 -0.02303469866157397
  outer loop
    vertex 501.63209345310423 375.3657726626017 313.3841501178977
    vertex 501.64008845310417 375.48778166260166 308.10214911789774
    vertex 503.0301034531043 375.3077896626016 306.0841481178977
  endloop
endfacet
facet normal -0.8239531211509734 -0.5628284757696199 -0.06576747682871595
  outer loop
    vertex 479.32009645310427 388.72179066260134 311.1461491178977
    vertex 480.1320934531042 388.27577666260146 304.79014911789767
    vertex 480.1900914531042 387.93379666260137 306.99014911789766
  endloop
endfacet
facet normal -0.8075475381611814 -0.5869864824174112 -0.057565988821953996
  outer loop
    vertex 478.75208845310425 388.27379266260135 322.5821501178977
    vertex 479.5120984531043 387.7377816626012 317.3861481178976
    vertex 480.00208845310425 386.95579966260135 318.48614911789764
  endloop
endfacet
facet normal -0.6744590551487513 -0.7360614106612776 -0.05760714073084818
  outer loop
    vertex 483.3900884531043 383.86577266260144 312.3701501178977
    vertex 482.86408745310433 384.6817826626013 308.1021491178977
    vertex 483.4260994531042 384.4937936626014 303.9241491178977
  endloop
endfacet
facet normal -0.8099946920082559 -0.582343752073407 -0.06916902008498349
  outer loop
    vertex 480.1320934531042 388.27577666260146 304.79014911789767
    vertex 481.0980964531042 387.29179866260137 301.76214811789765
    vertex 480.1900914531042 387.93379666260137 306.99014911789766
  endloop
endfacet
facet normal -0.6848522315422017 -0.7268409815243968 -0.0517649353164697
  outer loop
    vertex 484.48809645310416 383.2797746626013 306.9201491178977
    vertex 483.4260994531042 384.4937936626014 303.9241491178977
    vertex 484.08408945310424 384.02779066260126 301.7621481178977
  endloop
endfacet
facet normal -0.7915895615569083 -0.6078128810606819 -0.06284479016478096
  outer loop
    vertex 480.1900914531042 387.93379666260137 306.99014911789766
    vertex 481.0980964531042 387.29179866260137 301.76214811789765
    vertex 481.38409245310424 386.6957896626013 303.9241491178977
  endloop
endfacet
facet normal -0.8550267149056232 -0.5142165311218534 -0.06716156578509937
  outer loop
    vertex 477.9720894531042 389.6257826626013 321.38614811789773
    vertex 479.6140874531043 388.8698016626014 306.27014811789775
    vertex 479.32009645310427 388.72179066260134 311.1461491178977
  endloop
endfacet
facet normal -0.8529991028360285 -0.5176235840922153 -0.066770919961162
  outer loop
    vertex 477.9720894531042 389.6257826626013 321.38614811789773
    vertex 478.64410145310416 389.6057936626013 312.9561481178977
    vertex 479.6140874531043 388.8698016626014 306.27014811789775
  endloop
endfacet
facet normal -0.7764049602040877 -0.6275590024254445 -0.05800893246104784
  outer loop
    vertex 480.00208845310425 386.95579966260135 318.48614911789764
    vertex 480.4820994531043 386.7057996626016 314.76615011789767
    vertex 480.63609145310426 386.13777566260126 318.8501491178977
  endloop
endfacet
facet normal -0.6760088725084817 -0.7346739299919594 -0.05715086071076242
  outer loop
    vertex 482.9400914531043 384.09578366260155 314.7361491178977
    vertex 482.86408745310433 384.6817826626013 308.1021491178977
    vertex 483.3900884531043 383.86577266260144 312.3701501178977
  endloop
endfacet
facet normal -0.7447392323409879 -0.6652843553536522 -0.052537627790295846
  outer loop
    vertex 480.63609145310426 386.13777566260126 318.8501491178977
    vertex 481.37409745310424 385.31178766260126 318.84814811789767
    vertex 481.0660984531043 385.27577666260123 323.67014911789767
  endloop
endfacet
facet normal -0.7958346086742545 -0.6018017616389714 -0.06694710841049706
  outer loop
    vertex 480.1900914531042 387.93379666260137 306.99014911789766
    vertex 481.38409245310424 386.6957896626013 303.9241491178977
    vertex 480.40009845310425 387.0497936626014 312.44014911789765
  endloop
endfacet
facet normal -0.6544747839078616 -0.7540252467808655 -0.055755577710329705
  outer loop
    vertex 484.82609345310425 383.38979066260123 301.04014811789773
    vertex 484.7440924531042 383.833790662601 295.99814811789776
    vertex 485.77409145310423 382.93977766260133 295.99814811789776
  endloop
endfacet
facet normal -0.762956533337853 -0.643694119769411 -0.05962556843644361
  outer loop
    vertex 481.0980964531042 387.29179866260137 301.76214811789765
    vertex 482.0260904531042 386.72578866260125 295.99814811789764
    vertex 482.86810045310415 385.72777266260124 295.99814811789764
  endloop
endfacet
facet normal -0.7083546385302876 -0.7032887087465007 -0.060155616714529375
  outer loop
    vertex 481.7700934531043 385.3997996626014 312.5901491178977
    vertex 482.86408745310433 384.6817826626013 308.1021491178977
    vertex 482.4360944531042 384.66179366260144 313.38415011789766
  endloop
endfacet
facet normal -0.7083546385302876 -0.7032887087465007 -0.060155616714529375
  outer loop
    vertex 482.86408745310433 384.6817826626013 308.1021491178977
    vertex 481.7700934531043 385.3997996626014 312.5901491178977
    vertex 482.20210045310426 385.5217786626013 306.08414811789766
  endloop
endfacet
facet normal -0.7832198297005908 -0.6184574074906799 -0.06385243522125535
  outer loop
    vertex 480.40009845310425 387.0497936626014 312.44014911789765
    vertex 481.33810245310417 386.30977266260135 308.1021491178977
    vertex 480.4820994531043 386.7057996626016 314.76615011789767
  endloop
endfacet
facet normal -0.7511903238586978 -0.6581369476237322 -0.05068387824132502
  outer loop
    vertex 480.1040934531043 386.37379866260125 323.67014911789767
    vertex 480.63609145310426 386.13777566260126 318.8501491178977
    vertex 481.0660984531043 385.27577666260123 323.67014911789767
  endloop
endfacet
facet normal -0.7494813867886885 -0.6590257923699859 -0.06294962945416391
  outer loop
    vertex 481.05608945310416 386.1277966626015 313.38415011789766
    vertex 482.86810045310415 385.72777266260124 295.99814811789764
    vertex 482.20210045310426 385.5217786626013 306.08414811789766
  endloop
endfacet
facet normal -0.7475189290378815 -0.6612752799055427 -0.06269334028351843
  outer loop
    vertex 481.33810245310417 386.30977266260135 308.1021491178977
    vertex 482.86810045310415 385.72777266260124 295.99814811789764
    vertex 481.05608945310416 386.1277966626015 313.38415011789766
  endloop
endfacet
facet normal -0.251515744113923 -0.9675950830717368 -0.022351413338283065
  outer loop
    vertex 498.02609045310413 375.97578866260136 322.10014911789773
    vertex 496.37809545310427 376.4537856626013 319.9521481178977
    vertex 499.0240914531042 375.8317766626013 317.10414911789775
  endloop
endfacet
facet normal -0.24649367492602417 -0.9689885249298675 -0.01738121905112286
  outer loop
    vertex 496.37809545310427 376.4537856626013 319.9521481178977
    vertex 498.26009945310426 376.06978266260177 314.6701491178977
    vertex 499.0240914531042 375.8317766626013 317.10414911789775
  endloop
endfacet
facet normal -0.6820433368267498 -0.7291139938240601 -0.05665395573268899
  outer loop
    vertex 484.08408945310424 384.02779066260126 301.7621481178977
    vertex 483.7760904531043 384.76378266260133 295.99814811789764
    vertex 484.82609345310425 383.38979066260123 301.04014811789773
  endloop
endfacet
facet normal -0.812060933751034 -0.5801821220017557 -0.06281516683841923
  outer loop
    vertex 479.25610145310424 388.3637896626016 315.09215011789775
    vertex 480.1900914531042 387.93379666260137 306.99014911789766
    vertex 480.40009845310425 387.0497936626014 312.44014911789765
  endloop
endfacet
facet normal -0.15695210796866058 -0.987356329972504 -0.02221516300686974
  outer loop
    vertex 501.63209345310423 375.3657726626017 313.3841501178977
    vertex 503.0301034531043 375.3077896626016 306.0841481178977
    vertex 502.8641034531043 375.18779466260173 312.59014911789774
  endloop
endfacet
facet normal -0.7991460140505345 -0.5981068561398549 -0.06028131439875551
  outer loop
    vertex 479.5120984531043 387.7377816626012 317.3861481178976
    vertex 480.40009845310425 387.0497936626014 312.44014911789765
    vertex 480.4820994531043 386.7057996626016 314.76615011789767
  endloop
endfacet
facet normal -0.8016979653787181 -0.5935227108837705 -0.07078957531165046
  outer loop
    vertex 480.6080914531042 388.0397836626013 301.0401481178977
    vertex 482.0260904531042 386.72578866260125 295.99814811789764
    vertex 481.0980964531042 387.29179866260137 301.76214811789765
  endloop
endfacet
facet normal -0.7270741580717875 -0.6848370468444749 -0.048594114186185554
  outer loop
    vertex 482.86810045310415 385.72777266260124 295.99814811789764
    vertex 483.7760904531043 384.76378266260133 295.99814811789764
    vertex 484.08408945310424 384.02779066260126 301.7621481178977
  endloop
endfacet
facet normal -0.7596192244833224 0.6493320958926806 -0.03669418263123654
  outer loop
    vertex 481.9140904531043 412.17378666260134 309.78414811789764
    vertex 481.10009545310425 411.3677866626016 312.37214911789766
    vertex 481.53809945310434 412.06779966260143 315.69214811789766
  endloop
endfacet
facet normal -0.888185266422115 0.4561425085225989 -0.055325802564331075
  outer loop
    vertex 478.63409245310424 407.8937876626016 312.9561481178977
    vertex 478.30209145310425 407.02779066260143 311.1461491178976
    vertex 477.96209545310427 407.6077776626013 321.3861481178976
  endloop
endfacet
facet normal -0.9774565531810487 0.1983630737552755 -0.07232411502246808
  outer loop
    vertex 478.07009645310427 403.7817886626013 295.99814811789776
    vertex 477.1840954531042 402.30577566260126 303.92414911789774
    vertex 476.92609945310426 402.55778966260135 308.10214911789774
  endloop
endfacet
facet normal -0.8319586624410273 -0.5500572041489383 -0.07267637960981446
  outer loop
    vertex 480.0440954531042 388.8737986626014 301.18414811789773
    vertex 480.5420964531042 388.80577566260126 295.99814811789776
    vertex 480.6080914531042 388.0397836626013 301.0401481178977
  endloop
endfacet
facet normal -0.8148797882211609 -0.5758367590502298 -0.066203909817803
  outer loop
    vertex 479.25610145310424 388.3637896626016 315.09215011789775
    vertex 480.40009845310425 387.0497936626014 312.44014911789765
    vertex 479.5120984531043 387.7377816626012 317.3861481178976
  endloop
endfacet
facet normal -0.9530146206127581 -0.2947257636241845 -0.06999897966729372
  outer loop
    vertex 475.94408945310425 394.2977796626013 323.25414911789767
    vertex 476.3961004531042 394.1077776626011 317.90014811789763
    vertex 476.6721014531043 393.17778466260114 318.05814911789764
  endloop
endfacet
facet normal -0.9324256880972069 -0.35315203807934126 -0.076589647974501
  outer loop
    vertex 477.03410145310426 393.2257886626014 313.1861501178976
    vertex 477.4660924531042 393.18779466260145 308.1021491178977
    vertex 477.17008745310426 392.5717966626014 314.54614811789764
  endloop
endfacet
facet normal -0.909923807724894 0.4107307292720832 -0.057783493897935384
  outer loop
    vertex 479.32609345310425 407.19377566260124 295.99814811789764
    vertex 478.64208745310424 406.3877756626013 301.0401481178977
    vertex 478.51409645310423 406.63179466260135 304.79014911789767
  endloop
endfacet
facet normal -0.9107407915127043 0.40888863236300127 -0.057976693585675795
  outer loop
    vertex 479.0300884531042 407.2697946626014 301.1841481178977
    vertex 479.32609345310425 407.19377566260124 295.99814811789764
    vertex 478.51409645310423 406.63179466260135 304.79014911789767
  endloop
endfacet
facet normal -0.9525821885120522 -0.2952241321482637 -0.0736877596816032
  outer loop
    vertex 476.3961004531042 394.1077776626011 317.90014811789763
    vertex 477.03410145310426 393.2257886626014 313.1861501178976
    vertex 476.6721014531043 393.17778466260114 318.05814911789764
  endloop
endfacet
facet normal -0.9163552090210135 0.39653289525289587 -0.05527018981703229
  outer loop
    vertex 478.30209145310425 407.02779066260143 311.1461491178976
    vertex 478.51409645310423 406.63179466260135 304.79014911789767
    vertex 478.21609245310424 406.2497756626014 306.99014911789766
  endloop
endfacet
facet normal -0.9726235808017168 0.22432951726029 -0.06066001775644105
  outer loop
    vertex 478.07009645310427 403.7817886626013 295.99814811789776
    vertex 477.8020914531043 402.61980166260133 295.99814811789776
    vertex 477.2340984531042 401.71577866260134 301.7621481178977
  endloop
endfacet
facet normal -0.9953595458576506 0.06831991910523016 -0.06776254956468533
  outer loop
    vertex 476.1220984531042 400.0378006626015 314.4121491178976
    vertex 476.35409345310416 399.76778066260135 310.7321491178977
    vertex 475.6960884531042 398.62578266260124 319.2461491178977
  endloop
endfacet
facet normal -0.9844557800754374 0.1612730192711097 -0.06955451337794176
  outer loop
    vertex 477.8020914531043 402.61980166260133 295.99814811789776
    vertex 477.61009045310425 401.44777366260126 295.99814811789776
    vertex 477.1640904531043 400.8997996626013 301.0401481178977
  endloop
endfacet
facet normal -0.6469862556234235 -0.7606589193419049 -0.05297917949522747
  outer loop
    vertex 485.4340954531043 382.5097856626013 306.19814911789774
    vertex 484.9100934531042 383.0557756626013 304.7581481178977
    vertex 485.64008845310417 382.6837966626013 301.18414811789773
  endloop
endfacet
facet normal -0.8578264014267837 -0.5083327753977551 -0.07570769096723581
  outer loop
    vertex 479.90209745310426 389.8857926626014 295.99814811789776
    vertex 480.5420964531042 388.80577566260126 295.99814811789776
    vertex 480.0440954531042 388.8737986626014 301.18414811789773
  endloop
endfacet
facet normal -0.6544163588901318 -0.7545083557832061 -0.049561782356016285
  outer loop
    vertex 485.08408945310424 382.50377366260136 310.86414911789774
    vertex 484.48809645310416 383.2797746626013 306.9201491178977
    vertex 484.9100934531042 383.0557756626013 304.7581481178977
  endloop
endfacet
facet normal -0.9353676870919586 0.3480359293275845 -0.06291487774226999
  outer loop
    vertex 477.16209145310427 404.8457836626015 314.54614811789764
    vertex 477.4600964531043 404.4818006626013 308.1021491178977
    vertex 477.02808945310426 404.2397966626015 313.1861501178977
  endloop
endfacet
facet normal -0.8217807001945248 -0.5661200070648957 -0.06468862642412135
  outer loop
    vertex 479.32009645310427 388.72179066260134 311.1461491178977
    vertex 480.1900914531042 387.93379666260137 306.99014911789766
    vertex 479.25610145310424 388.3637896626016 315.09215011789775
  endloop
endfacet
facet normal -0.9351624958603373 -0.3466499928839801 -0.07283466736246903
  outer loop
    vertex 476.6721014531043 393.17778466260114 318.05814911789764
    vertex 477.17008745310426 392.5717966626014 314.54614811789764
    vertex 477.01209845310433 392.27577666260106 317.9901491178977
  endloop
endfacet
facet normal -0.9351624958603373 -0.3466499928839801 -0.07283466736246903
  outer loop
    vertex 477.17008745310426 392.5717966626014 314.54614811789764
    vertex 476.6721014531043 393.17778466260114 318.05814911789764
    vertex 477.03410145310426 393.2257886626014 313.1861501178976
  endloop
endfacet
facet normal -0.9567955845570556 0.285702825253068 -0.05400097234807429
  outer loop
    vertex 478.2780894531042 405.5677996626015 301.76214811789765
    vertex 478.4140904531043 404.9337966626013 295.99814811789764
    vertex 478.07009645310427 403.7817886626013 295.99814811789776
  endloop
endfacet
facet normal -0.979151990897969 0.1890748722342315 -0.07424332569432003
  outer loop
    vertex 478.07009645310427 403.7817886626013 295.99814811789776
    vertex 477.2340984531042 401.71577866260134 301.7621481178977
    vertex 477.1840954531042 402.30577566260126 303.92414911789774
  endloop
endfacet
facet normal -0.6918638369590019 -0.7201412247675093 -0.0521636607104927
  outer loop
    vertex 484.82609345310425 383.38979066260123 301.04014811789773
    vertex 483.7760904531043 384.76378266260133 295.99814811789764
    vertex 484.7440924531042 383.833790662601 295.99814811789776
  endloop
endfacet
facet normal -0.9191410247643265 -0.38664582431844413 -0.0753975008358667
  outer loop
    vertex 477.17008745310426 392.5717966626014 314.54614811789764
    vertex 477.4260994531043 391.45579966260107 317.1481501178977
    vertex 477.01209845310433 392.27577666260106 317.9901491178977
  endloop
endfacet
facet normal -0.9932246856814617 0.09197157458397666 -0.07103487327718616
  outer loop
    vertex 476.84809645310423 400.4777726626013 304.7441481178976
    vertex 476.6800974531042 399.76179966260145 306.16614811789765
    vertex 476.35409345310416 399.76778066260135 310.7321491178977
  endloop
endfacet
facet normal -0.7455051911080169 -0.6636150216577951 -0.061944435271649854
  outer loop
    vertex 481.05608945310416 386.1277966626015 313.38415011789766
    vertex 482.20210045310426 385.5217786626013 306.08414811789766
    vertex 481.7700934531043 385.3997996626014 312.5901491178977
  endloop
endfacet
facet normal -0.6174390749044995 -0.7848577530563322 -0.052605097171679445
  outer loop
    vertex 485.4340954531043 382.5097856626013 306.19814911789774
    vertex 485.64008845310417 382.6837966626013 301.18414811789773
    vertex 486.52808945310426 381.96577866260134 301.4741481178977
  endloop
endfacet
facet normal -0.8591821162653358 -0.5061082527711457 -0.0752364776339081
  outer loop
    vertex 479.90209745310426 389.8857926626014 295.99814811789776
    vertex 480.0440954531042 388.8737986626014 301.18414811789773
    vertex 479.49209345310425 389.76778066260147 301.4741481178977
  endloop
endfacet
facet normal -0.9932123741377783 0.0880454422090672 -0.0760077625365178
  outer loop
    vertex 477.1640904531043 400.8997996626013 301.0401481178977
    vertex 477.49409245310426 400.2697946626013 295.99814811789764
    vertex 477.0700964531042 399.9637956626013 301.1841481178977
  endloop
endfacet
facet normal -0.9247336008885003 0.37585678034641773 -0.0599954002854582
  outer loop
    vertex 478.51409645310423 406.63179466260135 304.79014911789767
    vertex 478.2780894531042 405.5677996626015 301.76214811789765
    vertex 478.21609245310424 406.2497756626014 306.99014911789766
  endloop
endfacet
facet normal -0.915815090094079 -0.3951808049833242 -0.0715181943893023
  outer loop
    vertex 476.62209845310434 392.15178366260125 323.67014911789767
    vertex 476.7760904531043 392.0957836626013 322.0081501178977
    vertex 477.0180944531042 391.23378466260135 323.6701491178977
  endloop
endfacet
facet normal -0.915815090094079 -0.3951808049833242 -0.0715181943893023
  outer loop
    vertex 477.0180944531042 391.23378466260135 323.6701491178977
    vertex 477.01209845310433 392.27577666260106 317.9901491178977
    vertex 477.2320994531043 391.0857736626013 321.75014911789765
  endloop
endfacet
facet normal -0.915815090094079 -0.3951808049833242 -0.0715181943893023
  outer loop
    vertex 477.01209845310433 392.27577666260106 317.9901491178977
    vertex 477.0180944531042 391.23378466260135 323.6701491178977
    vertex 476.7760904531043 392.0957836626013 322.0081501178977
  endloop
endfacet
facet normal -0.7073521440697028 -0.7042164933038957 -0.061090709921874986
  outer loop
    vertex 482.86810045310415 385.72777266260124 295.99814811789764
    vertex 482.86408745310433 384.6817826626013 308.1021491178977
    vertex 482.20210045310426 385.5217786626013 306.08414811789766
  endloop
endfacet
facet normal -0.9125386035019998 -0.4018868498205556 -0.07589635735613702
  outer loop
    vertex 477.4781014531042 392.2377816626015 312.3821491178977
    vertex 477.8740974531043 390.83778866260144 315.0341491178977
    vertex 477.4260994531043 391.45579966260107 317.1481501178977
  endloop
endfacet
facet normal -0.7794891021777014 -0.623230653849738 -0.06308955292462683
  outer loop
    vertex 480.4820994531043 386.7057996626016 314.76615011789767
    vertex 481.33810245310417 386.30977266260135 308.1021491178977
    vertex 481.05608945310416 386.1277966626015 313.38415011789766
  endloop
endfacet
facet normal -0.9549484076525112 -0.2879642326806986 -0.07176447184052745
  outer loop
    vertex 475.9221014531043 394.26579766260124 323.67014911789767
    vertex 476.6721014531043 393.17778466260114 318.05814911789764
    vertex 476.3700994531043 393.1137896626012 322.3341481178977
  endloop
endfacet
facet normal -0.9549484076525112 -0.2879642326806986 -0.07176447184052745
  outer loop
    vertex 476.6721014531043 393.17778466260114 318.05814911789764
    vertex 475.9221014531043 394.26579766260124 323.67014911789767
    vertex 475.94408945310425 394.2977796626013 323.25414911789767
  endloop
endfacet
facet normal -0.9341112262645043 -0.34994255766921717 -0.07054376867272272
  outer loop
    vertex 476.3700994531043 393.1137896626012 322.3341481178977
    vertex 477.01209845310433 392.27577666260106 317.9901491178977
    vertex 476.7760904531043 392.0957836626013 322.0081501178977
  endloop
endfacet
facet normal -0.6526467653593794 -0.7560025569534932 -0.050123183714920395
  outer loop
    vertex 484.5601024531043 382.7037856626013 314.6701491178977
    vertex 484.48809645310416 383.2797746626013 306.9201491178977
    vertex 485.08408945310424 382.50377366260136 310.86414911789774
  endloop
endfacet
facet normal -0.8376324398412885 -0.542160104104996 -0.0665906693343006
  outer loop
    vertex 477.9720894531042 389.6257826626013 321.38614811789773
    vertex 479.5120984531043 387.7377816626012 317.3861481178976
    vertex 478.75208845310425 388.27379266260135 322.5821501178977
  endloop
endfacet
facet normal -0.7826404530646557 -0.620121401799137 -0.05406818156202386
  outer loop
    vertex 479.3920874531043 387.3097726626013 323.2561491178977
    vertex 480.00208845310425 386.95579966260135 318.48614911789764
    vertex 479.7120954531042 386.86980166260133 323.67014911789767
  endloop
endfacet
facet normal -0.7428538684993465 -0.6670745784569175 -0.05638826856786536
  outer loop
    vertex 481.05608945310416 386.1277966626015 313.38415011789766
    vertex 481.7700934531043 385.3997996626014 312.5901491178977
    vertex 481.37409745310424 385.31178766260126 318.84814811789767
  endloop
endfacet
facet normal -0.7024596155140069 -0.7091093927412346 -0.060945530583229005
  outer loop
    vertex 483.4260994531042 384.4937936626014 303.9241491178977
    vertex 482.86810045310415 385.72777266260124 295.99814811789764
    vertex 484.08408945310424 384.02779066260126 301.7621481178977
  endloop
endfacet
facet normal -0.6983446583014677 -0.7130840185521012 -0.06185402741449444
  outer loop
    vertex 482.86408745310433 384.6817826626013 308.1021491178977
    vertex 482.86810045310415 385.72777266260124 295.99814811789764
    vertex 483.4260994531042 384.4937936626014 303.9241491178977
  endloop
endfacet
facet normal -0.8570775315862533 -0.5106628693138349 -0.06812883937200344
  outer loop
    vertex 479.07409445310424 389.6677746626013 307.0821491178977
    vertex 479.6140874531043 388.8698016626014 306.27014811789775
    vertex 478.64410145310416 389.6057936626013 312.9561481178977
  endloop
endfacet
facet normal -0.9150047055091374 -0.3968115794153841 -0.07284888014242431
  outer loop
    vertex 477.4781014531042 392.2377816626015 312.3821491178977
    vertex 477.8600904531042 391.8577776626014 309.65414911789765
    vertex 477.8740974531043 390.83778866260144 315.0341491178977
  endloop
endfacet
facet normal -0.8387809024311009 -0.5408501209082381 -0.06267171954248583
  outer loop
    vertex 477.9720894531042 389.6257826626013 321.38614811789773
    vertex 479.32009645310427 388.72179066260134 311.1461491178977
    vertex 479.25610145310424 388.3637896626016 315.09215011789775
  endloop
endfacet
facet normal -0.8321294694657231 -0.5500356298424417 -0.07086149836492829
  outer loop
    vertex 480.1320934531042 388.27577666260146 304.79014911789767
    vertex 480.0440954531042 388.8737986626014 301.18414811789773
    vertex 480.6080914531042 388.0397836626013 301.0401481178977
  endloop
endfacet
facet normal -0.8321294694657231 -0.5500356298424417 -0.07086149836492829
  outer loop
    vertex 480.0440954531042 388.8737986626014 301.18414811789773
    vertex 480.1320934531042 388.27577666260146 304.79014911789767
    vertex 479.6140874531043 388.8698016626014 306.27014811789775
  endloop
endfacet
facet normal -0.896809542685034 -0.43637069122627437 -0.07289213940997899
  outer loop
    vertex 477.4260994531043 391.45579966260107 317.1481501178977
    vertex 477.9720894531042 389.6257826626013 321.38614811789773
    vertex 477.2320994531043 391.0857736626013 321.75014911789765
  endloop
endfacet
facet normal -0.9176010832341503 -0.3912650873809102 -0.07014188081540804
  outer loop
    vertex 477.01209845310433 392.27577666260106 317.9901491178977
    vertex 477.4260994531043 391.45579966260107 317.1481501178977
    vertex 477.2320994531043 391.0857736626013 321.75014911789765
  endloop
endfacet
facet normal -0.8278514302696649 -0.556091843412418 -0.07364693537852939
  outer loop
    vertex 480.5420964531042 388.80577566260126 295.99814811789776
    vertex 481.25008945310424 387.75178966260137 295.99814811789764
    vertex 480.6080914531042 388.0397836626013 301.0401481178977
  endloop
endfacet
facet normal -0.6171145092844085 -0.7849731653232171 -0.05465173513360008
  outer loop
    vertex 486.52808945310426 381.96577866260134 301.4741481178977
    vertex 485.77409145310423 382.93977766260133 295.99814811789776
    vertex 486.8600904531043 382.08577366260135 295.99814811789776
  endloop
endfacet
facet normal -0.6171145092844085 -0.7849731653232171 -0.05465173513360008
  outer loop
    vertex 485.77409145310423 382.93977766260133 295.99814811789776
    vertex 486.52808945310426 381.96577866260134 301.4741481178977
    vertex 485.64008845310417 382.6837966626013 301.18414811789773
  endloop
endfacet
facet normal -0.7866773529270248 -0.6138927949266442 -0.06537873300150855
  outer loop
    vertex 480.40009845310425 387.0497936626014 312.44014911789765
    vertex 481.38409245310424 386.6957896626013 303.9241491178977
    vertex 481.33810245310417 386.30977266260135 308.1021491178977
  endloop
endfacet
facet normal -0.9027904614936471 -0.42480941403525196 -0.06712931090897489
  outer loop
    vertex 477.4260994531043 391.45579966260107 317.1481501178977
    vertex 477.8740974531043 390.83778866260144 315.0341491178977
    vertex 477.9720894531042 389.6257826626013 321.38614811789773
  endloop
endfacet
facet normal -0.9518590967893766 -0.29768496782187975 -0.07312947280131694
  outer loop
    vertex 476.3961004531042 394.1077776626011 317.90014811789763
    vertex 476.8260934531043 394.09578366260143 312.3521481178976
    vertex 477.03410145310426 393.2257886626014 313.1861501178976
  endloop
endfacet
facet normal -0.9351162139684941 -0.34710603632029774 -0.07123949693282262
  outer loop
    vertex 476.6721014531043 393.17778466260114 318.05814911789764
    vertex 477.01209845310433 392.27577666260106 317.9901491178977
    vertex 476.3700994531043 393.1137896626012 322.3341481178977
  endloop
endfacet
facet normal -0.8115230009495538 -0.5811640620039907 -0.06065271605503091
  outer loop
    vertex 478.75208845310425 388.27379266260135 322.5821501178977
    vertex 480.00208845310425 386.95579966260135 318.48614911789764
    vertex 479.3920874531043 387.3097726626013 323.2561491178977
  endloop
endfacet
facet normal -0.8589646602017735 -0.5067981329863068 -0.07304358237412503
  outer loop
    vertex 479.07409445310424 389.6677746626013 307.0821491178977
    vertex 480.0440954531042 388.8737986626014 301.18414811789773
    vertex 479.6140874531043 388.8698016626014 306.27014811789775
  endloop
endfacet
facet normal -0.8589646602017735 -0.5067981329863068 -0.07304358237412503
  outer loop
    vertex 480.0440954531042 388.8737986626014 301.18414811789773
    vertex 479.07409445310424 389.6677746626013 307.0821491178977
    vertex 479.49209345310425 389.76778066260147 301.4741481178977
  endloop
endfacet
facet normal -0.954705136926773 0.290552563165035 -0.06416626499852016
  outer loop
    vertex 476.66608945310423 404.11980166260116 318.0581491178977
    vertex 475.94009145310423 402.8817946626013 323.2541491178977
    vertex 476.3640874531043 404.0717966626013 322.3341481178977
  endloop
endfacet
facet normal -0.9219310490798542 -0.38051034808190815 -0.07249148739751732
  outer loop
    vertex 477.17008745310426 392.5717966626014 314.54614811789764
    vertex 477.4781014531042 392.2377816626015 312.3821491178977
    vertex 477.4260994531043 391.45579966260107 317.1481501178977
  endloop
endfacet
facet normal -0.9312174555851851 0.35924018477135583 -0.06148609646819391
  outer loop
    vertex 478.64208745310424 406.3877756626013 301.0401481178977
    vertex 478.4140904531043 404.9337966626013 295.99814811789764
    vertex 478.2780894531042 405.5677996626015 301.76214811789765
  endloop
endfacet
facet normal -0.9964942366414188 0.03224137048290178 -0.077199289956712
  outer loop
    vertex 476.6800974531042 399.76179966260145 306.16614811789765
    vertex 477.0180944531042 398.9737746626013 301.4741481178977
    vertex 476.5920994531042 398.8617746626015 306.92614811789764
  endloop
endfacet
facet normal -0.9965992053146022 0.029849529708981103 -0.07680514007835755
  outer loop
    vertex 477.0700964531042 399.9637956626013 301.1841481178977
    vertex 477.0180944531042 398.9737746626013 301.4741481178977
    vertex 476.6800974531042 399.76179966260145 306.16614811789765
  endloop
endfacet
facet normal -0.9240463451218787 0.37819774837300113 -0.05572086855469908
  outer loop
    vertex 477.8661024531043 406.57979266260145 315.0341491178977
    vertex 478.21609245310424 406.2497756626014 306.99014911789766
    vertex 477.85409345310427 405.7578016626013 309.65414911789765
  endloop
endfacet
facet normal -0.9497189175779354 0.30603978249739483 -0.06613341911274735
  outer loop
    vertex 477.4600964531043 404.4818006626013 308.1021491178977
    vertex 477.3060894531042 403.5677996626014 306.0841481178977
    vertex 477.02808945310426 404.2397966626015 313.1861501178977
  endloop
endfacet
facet normal -0.9209066440309029 0.38490601434761684 -0.06146798433959309
  outer loop
    vertex 477.41808845310425 405.8737986626013 317.14815011789767
    vertex 477.16209145310427 404.8457836626015 314.54614811789764
    vertex 477.0041024531043 405.01778066260107 317.9901491178977
  endloop
endfacet
facet normal -0.8158779858638788 0.5763800012922838 -0.046143323384940975
  outer loop
    vertex 480.39610045310434 410.45979766260143 312.2961481178977
    vertex 479.2460914531042 409.05577566260155 315.09215011789775
    vertex 479.50208845310425 409.6017956626011 317.38614811789773
  endloop
endfacet
facet normal -0.9967372134828304 0.03678656879285518 -0.07184480228194211
  outer loop
    vertex 476.6800974531042 399.76179966260145 306.16614811789765
    vertex 476.5920994531042 398.8617746626015 306.92614811789764
    vertex 476.19808745310416 398.75178966260154 312.33614911789766
  endloop
endfacet
facet normal -0.9074256057896506 0.41676300842771036 -0.053734204782150845
  outer loop
    vertex 477.96209545310427 407.6077776626013 321.3861481178976
    vertex 478.30209145310425 407.02779066260143 311.1461491178976
    vertex 477.8661024531043 406.57979266260145 315.0341491178977
  endloop
endfacet
facet normal -0.9141694811095945 0.40087652387775075 -0.05993473459944422
  outer loop
    vertex 479.32609345310425 407.19377566260124 295.99814811789764
    vertex 478.8340894531042 406.0717966626012 295.99814811789764
    vertex 478.64208745310424 406.3877756626013 301.0401481178977
  endloop
endfacet
facet normal -0.7577286942979151 0.6514970911047695 -0.03740008181275106
  outer loop
    vertex 481.53809945310434 412.06779966260143 315.69214811789766
    vertex 481.10009545310425 411.3677866626016 312.37214911789766
    vertex 480.68809245310433 411.19377566260107 317.68814911789764
  endloop
endfacet
facet normal -0.9358576242880589 0.34782407231280427 -0.05647053905929782
  outer loop
    vertex 478.21609245310424 406.2497756626014 306.99014911789766
    vertex 478.2780894531042 405.5677996626015 301.76214811789765
    vertex 477.90009845310425 404.90178366260125 303.9241491178977
  endloop
endfacet
facet normal -0.9182601900194554 0.39125868251012197 -0.06094970702044171
  outer loop
    vertex 477.2240884531043 406.1198016626013 321.75014911789765
    vertex 477.0041024531043 405.01778066260107 317.9901491178977
    vertex 476.76809445310425 405.08980266260136 322.0081501178977
  endloop
endfacet
facet normal -0.9871643665623798 0.1446310495729721 -0.06773752939778516
  outer loop
    vertex 477.2340984531042 401.71577866260134 301.7621481178977
    vertex 477.1640904531043 400.8997996626013 301.0401481178977
    vertex 476.84809645310423 400.4777726626013 304.7441481178976
  endloop
endfacet
facet normal -0.8891182336131316 0.45463284712197843 -0.0527042785210896
  outer loop
    vertex 479.06410045310423 408.0537916626013 307.0821491178977
    vertex 478.70010145310425 407.2477916626014 306.27014811789763
    vertex 478.63409245310424 407.8937876626016 312.9561481178977
  endloop
endfacet
facet normal -0.9343007284596484 0.3511978276989626 -0.06117380664385754
  outer loop
    vertex 476.76809445310425 405.08980266260136 322.0081501178977
    vertex 477.0041024531043 405.01778066260107 317.9901491178977
    vertex 476.3640874531043 404.0717966626013 322.3341481178977
  endloop
endfacet
facet normal -0.9322081460015239 0.3567816730780603 -0.060784951131194066
  outer loop
    vertex 478.21609245310424 406.2497756626014 306.99014911789766
    vertex 477.90009845310425 404.90178366260125 303.9241491178977
    vertex 477.85409345310427 405.7578016626013 309.65414911789765
  endloop
endfacet
facet normal -0.9153678215118067 0.3979571372040135 -0.06108901938249577
  outer loop
    vertex 477.8661024531043 406.57979266260145 315.0341491178977
    vertex 477.4700904531042 405.26179966260145 312.3821491178977
    vertex 477.41808845310425 405.8737986626013 317.14815011789767
  endloop
endfacet
facet normal -0.8068154216466261 0.5893930785562049 -0.040800420870578044
  outer loop
    vertex 481.0860874531043 410.64778566260117 301.76214811789765
    vertex 480.5980964531043 409.9297986626014 301.04014811789773
    vertex 480.12209845310423 409.53780066260134 304.7901491178977
  endloop
endfacet
facet normal -0.7980957566840553 0.6010253917370261 -0.042563383914574926
  outer loop
    vertex 481.3800944531042 411.15779566260136 303.7781481178977
    vertex 480.1800974531042 409.7917986626015 306.9901491178977
    vertex 480.2861004531042 410.11980166260145 309.6341491178977
  endloop
endfacet
facet normal -0.9368476615532052 0.34435412482879674 -0.06112851835015102
  outer loop
    vertex 477.16209145310427 404.8457836626015 314.54614811789764
    vertex 477.02808945310426 404.2397966626015 313.1861501178977
    vertex 476.66608945310423 404.11980166260116 318.0581491178977
  endloop
endfacet
facet normal -0.7741416471064173 0.6316648135357323 -0.04128284820881674
  outer loop
    vertex 482.8540934531043 412.45579966260135 295.99814811789764
    vertex 481.3800944531042 411.15779566260136 303.7781481178977
    vertex 481.3580914531043 411.3757826626014 307.52614911789766
  endloop
endfacet
facet normal -0.8125524410970967 0.5810963297587647 -0.045668216606763706
  outer loop
    vertex 481.0860874531043 410.64778566260117 301.76214811789765
    vertex 480.12209845310423 409.53780066260134 304.7901491178977
    vertex 480.1800974531042 409.7917986626015 306.9901491178977
  endloop
endfacet
facet normal -0.9898510405514951 0.12495699205942479 -0.06768062983293806
  outer loop
    vertex 476.6000954531042 401.1637766626014 309.50014911789765
    vertex 476.7301004531042 400.77779066260143 306.8861481178976
    vertex 476.1220984531042 400.0378006626015 314.4121491178976
  endloop
endfacet
facet normal -0.8872193203387975 0.4578263417409428 -0.056893922572345136
  outer loop
    vertex 479.89208745310424 408.2957956626013 295.99814811789776
    vertex 479.0300884531042 407.2697946626014 301.1841481178977
    vertex 479.48209945310424 408.18178266260134 301.4741481178977
  endloop
endfacet
facet normal -0.7860539395456707 0.6168529434482517 -0.0401453644143297
  outer loop
    vertex 480.68809245310433 411.19377566260107 317.68814911789764
    vertex 480.49609145310427 410.7297866626016 314.3181501178977
    vertex 480.00610145310424 410.35777766260134 318.1961501178977
  endloop
endfacet
facet normal -0.9141319371623587 0.40149627834350654 -0.056245354795813406
  outer loop
    vertex 478.30209145310425 407.02779066260143 311.1461491178976
    vertex 478.21609245310424 406.2497756626014 306.99014911789766
    vertex 477.8661024531043 406.57979266260145 315.0341491178977
  endloop
endfacet
facet normal -0.9356253362958981 0.34747506302962655 -0.062179664310324456
  outer loop
    vertex 477.0041024531043 405.01778066260107 317.9901491178977
    vertex 476.66608945310423 404.11980166260116 318.0581491178977
    vertex 476.3640874531043 404.0717966626013 322.3341481178977
  endloop
endfacet
facet normal -0.9935591630493479 0.08554753334106105 -0.07430887605084399
  outer loop
    vertex 476.84809645310423 400.4777726626013 304.7441481178976
    vertex 477.0700964531042 399.9637956626013 301.1841481178977
    vertex 476.6800974531042 399.76179966260145 306.16614811789765
  endloop
endfacet
facet normal -0.9327366280450204 0.35509395480939415 -0.0625353177095112
  outer loop
    vertex 477.4700904531042 405.26179966260145 312.3821491178977
    vertex 477.90009845310425 404.90178366260125 303.9241491178977
    vertex 477.4600964531043 404.4818006626013 308.1021491178977
  endloop
endfacet
facet normal -0.951789583013513 0.30036381537786044 -0.062274939410791104
  outer loop
    vertex 477.02808945310426 404.2397966626015 313.1861501178977
    vertex 476.82009645310427 403.4077956626013 312.35214811789774
    vertex 476.39208745310424 403.2018016626011 317.90014811789774
  endloop
endfacet
facet normal -0.9844359091981526 0.16243218430188963 -0.06709490430818085
  outer loop
    vertex 477.1840954531042 402.30577566260126 303.92414911789774
    vertex 477.2340984531042 401.71577866260134 301.7621481178977
    vertex 476.7301004531042 400.77779066260143 306.8861481178976
  endloop
endfacet
facet normal -0.9078993287423197 0.41575205015512895 -0.053563435859291235
  outer loop
    vertex 477.96209545310427 407.6077776626013 321.3861481178976
    vertex 477.8661024531043 406.57979266260145 315.0341491178977
    vertex 477.41808845310425 405.8737986626013 317.14815011789767
  endloop
endfacet
facet normal -0.910714500128993 0.4092398157377025 -0.05587371895417035
  outer loop
    vertex 478.70010145310425 407.2477916626014 306.27014811789763
    vertex 478.51409645310423 406.63179466260135 304.79014911789767
    vertex 478.30209145310425 407.02779066260143 311.1461491178976
  endloop
endfacet
facet normal -0.936603239637209 0.34566996840456354 -0.057329263419942995
  outer loop
    vertex 478.64208745310424 406.3877756626013 301.0401481178977
    vertex 478.8340894531042 406.0717966626012 295.99814811789764
    vertex 478.4140904531043 404.9337966626013 295.99814811789764
  endloop
endfacet
facet normal -0.9309440280256078 0.35962219898184156 -0.06336474321672114
  outer loop
    vertex 477.4700904531042 405.26179966260145 312.3821491178977
    vertex 477.4600964531043 404.4818006626013 308.1021491178977
    vertex 477.16209145310427 404.8457836626015 314.54614811789764
  endloop
endfacet
facet normal -0.9237078029430054 0.37857527288618054 -0.05869120497451189
  outer loop
    vertex 477.41808845310425 405.8737986626013 317.14815011789767
    vertex 477.4700904531042 405.26179966260145 312.3821491178977
    vertex 477.16209145310427 404.8457836626015 314.54614811789764
  endloop
endfacet
facet normal -0.7666709340671816 0.6408079803140816 -0.03975941677569319
  outer loop
    vertex 482.31809745310426 412.2917986626014 303.7781481178977
    vertex 481.3580914531043 411.3757826626014 307.52614911789766
    vertex 481.10009545310425 411.3677866626016 312.37214911789766
  endloop
endfacet
facet normal -0.7656995750203133 0.6420015880429374 -0.039218895497682905
  outer loop
    vertex 482.8540934531043 412.45579966260135 295.99814811789764
    vertex 481.3580914531043 411.3757826626014 307.52614911789766
    vertex 482.31809745310426 412.2917986626014 303.7781481178977
  endloop
endfacet
facet normal -0.8012325292390824 0.5970083128261409 -0.04009374646534964
  outer loop
    vertex 480.49609145310427 410.7297866626016 314.3181501178977
    vertex 480.39610045310434 410.45979766260143 312.2961481178977
    vertex 479.50208845310425 409.6017956626011 317.38614811789773
  endloop
endfacet
facet normal -0.8875660458072439 0.4573045564839209 -0.05566917413738214
  outer loop
    vertex 479.06410045310423 408.0537916626013 307.0821491178977
    vertex 479.0300884531042 407.2697946626014 301.1841481178977
    vertex 478.70010145310425 407.2477916626014 306.27014811789763
  endloop
endfacet
facet normal -0.8875660458072439 0.4573045564839209 -0.05566917413738214
  outer loop
    vertex 479.0300884531042 407.2697946626014 301.1841481178977
    vertex 479.06410045310423 408.0537916626013 307.0821491178977
    vertex 479.48209945310424 408.18178266260134 301.4741481178977
  endloop
endfacet
facet normal -0.8909646954447873 0.4510418093333943 -0.0523755449063381
  outer loop
    vertex 478.63409245310424 407.8937876626016 312.9561481178977
    vertex 478.70010145310425 407.2477916626014 306.27014811789763
    vertex 478.30209145310425 407.02779066260143 311.1461491178976
  endloop
endfacet
facet normal -0.9297713235761967 0.36394273710296093 -0.05541633301990029
  outer loop
    vertex 478.51409645310423 406.63179466260135 304.79014911789767
    vertex 478.64208745310424 406.3877756626013 301.0401481178977
    vertex 478.2780894531042 405.5677996626015 301.76214811789765
  endloop
endfacet
facet normal -0.9000547053850053 0.431485329841862 -0.06100768349618574
  outer loop
    vertex 477.96209545310427 407.6077776626013 321.3861481178976
    vertex 477.41808845310425 405.8737986626013 317.14815011789767
    vertex 477.2240884531043 406.1198016626013 321.75014911789765
  endloop
endfacet
facet normal -0.9203289993542554 0.3865988797064234 -0.059462922542819464
  outer loop
    vertex 477.2240884531043 406.1198016626013 321.75014911789765
    vertex 477.41808845310425 405.8737986626013 317.14815011789767
    vertex 477.0041024531043 405.01778066260107 317.9901491178977
  endloop
endfacet
facet normal -0.7999932214931527 0.5984390887828125 -0.04337629054915696
  outer loop
    vertex 481.3800944531042 411.15779566260136 303.7781481178977
    vertex 480.2861004531042 410.11980166260145 309.6341491178977
    vertex 480.39610045310434 410.45979766260143 312.2961481178977
  endloop
endfacet
facet normal -0.9922204539591584 0.09770597626814581 -0.07714993808532884
  outer loop
    vertex 477.61009045310425 401.44777366260126 295.99814811789776
    vertex 477.49409245310426 400.2697946626013 295.99814811789764
    vertex 477.1640904531043 400.8997996626013 301.0401481178977
  endloop
endfacet
facet normal -0.9356873609344517 0.34764188308055793 -0.06028502065791426
  outer loop
    vertex 477.0041024531043 405.01778066260107 317.9901491178977
    vertex 477.16209145310427 404.8457836626015 314.54614811789764
    vertex 476.66608945310423 404.11980166260116 318.0581491178977
  endloop
endfacet
facet normal -0.9859716185887658 0.14977636201995467 -0.073668234114285
  outer loop
    vertex 477.8020914531043 402.61980166260133 295.99814811789776
    vertex 477.1640904531043 400.8997996626013 301.0401481178977
    vertex 477.2340984531042 401.71577866260134 301.7621481178977
  endloop
endfacet
facet normal -0.9932940158465499 0.08825736107814547 -0.07468357449236149
  outer loop
    vertex 477.1640904531043 400.8997996626013 301.0401481178977
    vertex 477.0700964531042 399.9637956626013 301.1841481178977
    vertex 476.84809645310423 400.4777726626013 304.7441481178976
  endloop
endfacet
facet normal -0.9263965128196954 0.3712586171818309 -0.06290103499738807
  outer loop
    vertex 477.85409345310427 405.7578016626013 309.65414911789765
    vertex 477.90009845310425 404.90178366260125 303.9241491178977
    vertex 477.4700904531042 405.26179966260145 312.3821491178977
  endloop
endfacet
facet normal -0.9093584977743577 0.4120597546056252 -0.05721783952506106
  outer loop
    vertex 479.0300884531042 407.2697946626014 301.1841481178977
    vertex 478.51409645310423 406.63179466260135 304.79014911789767
    vertex 478.70010145310425 407.2477916626014 306.27014811789763
  endloop
endfacet
facet normal -0.9924647462859802 0.10060264754592357 -0.06994880046330645
  outer loop
    vertex 476.84809645310423 400.4777726626013 304.7441481178976
    vertex 476.35409345310416 399.76778066260135 310.7321491178977
    vertex 476.1220984531042 400.0378006626015 314.4121491178976
  endloop
endfacet
facet normal -0.9918270166360001 0.1069260444412131 -0.06961314596459049
  outer loop
    vertex 476.7301004531042 400.77779066260143 306.8861481178976
    vertex 476.84809645310423 400.4777726626013 304.7441481178976
    vertex 476.1220984531042 400.0378006626015 314.4121491178976
  endloop
endfacet
facet normal -0.8131417858304334 0.5799023263928983 -0.05013709186419043
  outer loop
    vertex 480.00610145310424 410.35777766260134 318.1961501178977
    vertex 478.74009445310423 408.9617806626013 322.5821501178977
    vertex 479.3961004531043 409.9177746626012 323.00014911789776
  endloop
endfacet
facet normal -0.8039970544733699 0.5928409467262711 -0.04613402521831459
  outer loop
    vertex 482.01409645310423 411.4577836626013 295.99814811789764
    vertex 480.5980964531043 409.9297986626014 301.04014811789773
    vertex 481.0860874531043 410.64778566260117 301.76214811789765
  endloop
endfacet
facet normal -0.88807155715661 0.45611075381691396 -0.05737499125926354
  outer loop
    vertex 479.89208745310424 408.2957956626013 295.99814811789776
    vertex 479.32609345310425 407.19377566260124 295.99814811789764
    vertex 479.0300884531042 407.2697946626014 301.1841481178977
  endloop
endfacet
facet normal -0.9180069038199725 0.3923160790013739 -0.0578914388822345
  outer loop
    vertex 477.8661024531043 406.57979266260145 315.0341491178977
    vertex 477.85409345310427 405.7578016626013 309.65414911789765
    vertex 477.4700904531042 405.26179966260145 312.3821491178977
  endloop
endfacet
facet normal -0.9443340414456294 0.32234017640995893 -0.06580295463701347
  outer loop
    vertex 478.2780894531042 405.5677996626015 301.76214811789765
    vertex 478.07009645310427 403.7817886626013 295.99814811789776
    vertex 477.90009845310425 404.90178366260125 303.9241491178977
  endloop
endfacet
facet normal -0.9964410127149959 0.02917384562903699 -0.07908346799885989
  outer loop
    vertex 477.0700964531042 399.9637956626013 301.1841481178977
    vertex 477.4560984531042 399.08977166260127 295.99814811789764
    vertex 477.0180944531042 398.9737746626013 301.4741481178977
  endloop
endfacet
facet normal -0.9854985876038408 0.15378139482667383 -0.0717204046000709
  outer loop
    vertex 477.1840954531042 402.30577566260126 303.92414911789774
    vertex 476.7301004531042 400.77779066260143 306.8861481178976
    vertex 476.6000954531042 401.1637766626014 309.50014911789765
  endloop
endfacet
facet normal -0.942711534667813 0.3269308265192458 -0.06641684331327477
  outer loop
    vertex 477.90009845310425 404.90178366260125 303.9241491178977
    vertex 478.07009645310427 403.7817886626013 295.99814811789776
    vertex 477.4600964531043 404.4818006626013 308.1021491178977
  endloop
endfacet
facet normal -0.9504787878121955 0.3037130130916833 -0.06594300264493931
  outer loop
    vertex 477.02808945310426 404.2397966626015 313.1861501178977
    vertex 477.3060894531042 403.5677996626014 306.0841481178977
    vertex 476.82009645310427 403.4077956626013 312.35214811789774
  endloop
endfacet
facet normal -0.9966359226401429 0.040023767358108614 -0.07151877900031023
  outer loop
    vertex 476.35409345310416 399.76778066260135 310.7321491178977
    vertex 476.19808745310416 398.75178966260154 312.33614911789766
    vertex 475.6960884531042 398.62578266260124 319.2461491178977
  endloop
endfacet
facet normal -0.9966359226401429 0.040023767358108614 -0.07151877900031023
  outer loop
    vertex 476.19808745310416 398.75178966260154 312.33614911789766
    vertex 476.35409345310416 399.76778066260135 310.7321491178977
    vertex 476.6800974531042 399.76179966260145 306.16614811789765
  endloop
endfacet
facet normal -0.9963134915766411 0.03207898049356168 -0.07956359414239711
  outer loop
    vertex 477.49409245310426 400.2697946626013 295.99814811789764
    vertex 477.4560984531042 399.08977166260127 295.99814811789764
    vertex 477.0700964531042 399.9637956626013 301.1841481178977
  endloop
endfacet
facet normal -0.8077619002653633 0.5877177804595477 -0.04591865646327813
  outer loop
    vertex 480.00610145310424 410.35777766260134 318.1961501178977
    vertex 479.50208845310425 409.6017956626011 317.38614811789773
    vertex 478.74009445310423 408.9617806626013 322.5821501178977
  endloop
endfacet
facet normal -0.8077619002653633 0.5877177804595477 -0.04591865646327813
  outer loop
    vertex 479.50208845310425 409.6017956626011 317.38614811789773
    vertex 480.00610145310424 410.35777766260134 318.1961501178977
    vertex 480.49609145310427 410.7297866626016 314.3181501178977
  endloop
endfacet
facet normal -0.9501797309367466 0.30474076303874087 -0.06550989436366168
  outer loop
    vertex 477.4600964531043 404.4818006626013 308.1021491178977
    vertex 478.07009645310427 403.7817886626013 295.99814811789776
    vertex 477.3060894531042 403.5677996626014 306.0841481178977
  endloop
endfacet
facet normal -0.9885070371673311 0.1323836358550159 -0.0729959617271496
  outer loop
    vertex 477.2340984531042 401.71577866260134 301.7621481178977
    vertex 476.84809645310423 400.4777726626013 304.7441481178976
    vertex 476.7301004531042 400.77779066260143 306.8861481178976
  endloop
endfacet
facet normal -0.9533595716909053 0.29514503244901485 -0.06320551309817589
  outer loop
    vertex 476.66608945310423 404.11980166260116 318.0581491178977
    vertex 476.39208745310424 403.2018016626011 317.90014811789774
    vertex 475.94009145310423 402.8817946626013 323.2541491178977
  endloop
endfacet
facet normal -0.9533595716909053 0.29514503244901485 -0.06320551309817589
  outer loop
    vertex 476.39208745310424 403.2018016626011 317.90014811789774
    vertex 476.66608945310423 404.11980166260116 318.0581491178977
    vertex 477.02808945310426 404.2397966626015 313.1861501178977
  endloop
endfacet
facet normal -0.7974400976505709 0.6019674565064999 -0.04152676204742478
  outer loop
    vertex 482.01409645310423 411.4577836626013 295.99814811789764
    vertex 481.2380964531043 410.4297986626013 295.99814811789764
    vertex 480.5980964531043 409.9297986626014 301.04014811789773
  endloop
endfacet
facet normal -0.9905919160016641 -0.11279077867967248 -0.07749771736629033
  outer loop
    vertex 476.1240974531042 397.3857926626015 314.41214911789774
    vertex 476.4540994531042 395.9537856626014 312.2781491178977
    vertex 476.0200934531042 396.70378566260155 316.73414811789775
  endloop
endfacet
facet normal -0.9856615945989775 -0.14898214481973404 -0.07921831516456875
  outer loop
    vertex 476.6020944531042 396.4518016626014 309.50014911789776
    vertex 477.1880924531042 395.53978366260134 303.92414911789774
    vertex 476.4540994531042 395.9537856626014 312.2781491178977
  endloop
endfacet
facet normal -0.9916305387259194 -0.10586742916211493 -0.07389832277357575
  outer loop
    vertex 476.1240974531042 397.3857926626015 314.41214911789774
    vertex 476.85009545310425 397.3337906626012 304.74414811789774
    vertex 476.73209945310424 396.9457896626013 306.88614811789773
  endloop
endfacet
facet normal -0.9916305387259194 -0.10586742916211493 -0.07389832277357575
  outer loop
    vertex 476.85009545310425 397.3337906626012 304.74414811789774
    vertex 476.1240974531042 397.3857926626015 314.41214911789774
    vertex 476.35409345310416 397.8017776626014 310.7321491178977
  endloop
endfacet
facet normal -0.9302490197660286 -0.35875416832544715 -0.07702082791985451
  outer loop
    vertex 477.17008745310426 392.5717966626014 314.54614811789764
    vertex 477.9060954531042 392.9437756626014 303.9241491178977
    vertex 477.4781014531042 392.2377816626015 312.3821491178977
  endloop
endfacet
facet normal -0.9302490197660286 -0.35875416832544715 -0.07702082791985451
  outer loop
    vertex 477.9060954531042 392.9437756626014 303.9241491178977
    vertex 477.17008745310426 392.5717966626014 314.54614811789764
    vertex 477.4660924531042 393.18779466260145 308.1021491178977
  endloop
endfacet
facet normal -0.9781838879141731 -0.19096585069942762 -0.08178218199434728
  outer loop
    vertex 477.2360974531042 396.21977666260136 301.7621481178977
    vertex 478.0740944531043 394.39577166260136 295.99814811789764
    vertex 477.1880924531042 395.53978366260134 303.92414911789774
  endloop
endfacet
facet normal -0.9966303861123359 -0.036746422400521596 -0.07333194336943903
  outer loop
    vertex 476.5920994531042 398.8617746626015 306.92614811789764
    vertex 476.6800974531042 397.99177966260146 306.16614811789765
    vertex 476.19808745310416 398.75178966260154 312.33614911789766
  endloop
endfacet
facet normal -0.9209180941336982 -0.3833666101470418 -0.07028446571983858
  outer loop
    vertex 477.8600904531042 391.8577776626014 309.65414911789765
    vertex 478.22408845310423 391.47179066260145 306.99014911789766
    vertex 477.8740974531043 390.83778866260144 315.0341491178977
  endloop
endfacet
facet normal -0.054417240067696444 -0.9983800071733914 -0.016617017177398115
  outer loop
    vertex 508.2440924531043 374.85377966260165 306.29414811789775
    vertex 506.85009545310425 374.9177746626016 307.0141491178978
    vertex 507.33610345310433 374.9277846626013 304.8001481178977
  endloop
endfacet
facet normal -0.054417240067696444 -0.9983800071733914 -0.016617017177398115
  outer loop
    vertex 506.85009545310425 374.9177746626016 307.0141491178978
    vertex 508.2440924531043 374.85377966260165 306.29414811789775
    vertex 508.0861034531042 374.77977466260165 311.24414811789774
  endloop
endfacet
facet normal -0.9833544288929367 -0.16627565636372685 -0.07325621664717888
  outer loop
    vertex 476.34209945310425 395.57979266260145 314.50014911789776
    vertex 476.17410045310424 395.00578766260134 318.05814911789776
    vertex 475.8000924531042 395.3337906626013 322.3341481178977
  endloop
endfacet
facet normal -0.9815736065418068 -0.17640351327587278 -0.07345104113924643
  outer loop
    vertex 476.0361004531042 395.87178466260116 317.88814911789774
    vertex 476.34209945310425 395.57979266260145 314.50014911789776
    vertex 475.8000924531042 395.3337906626013 322.3341481178977
  endloop
endfacet
facet normal -0.8863475283650084 -0.4569762178616101 -0.0745707400401749
  outer loop
    vertex 479.04009745310424 390.6917916626013 301.18414811789773
    vertex 479.49209345310425 389.76778066260147 301.4741481178977
    vertex 478.7080974531043 390.5057876626013 306.27014811789775
  endloop
endfacet
facet normal -0.22138432900701915 -0.9750534391611504 -0.01611737106741559
  outer loop
    vertex 498.02609045310413 375.97578866260136 322.10014911789773
    vertex 499.0240914531042 375.8317766626013 317.10414911789775
    vertex 500.10009545310425 375.56578466260135 318.4161491178977
  endloop
endfacet
facet normal -0.8860271729927465 -0.4573293526954728 -0.0761952221705652
  outer loop
    vertex 479.04009745310424 390.6917916626013 301.18414811789773
    vertex 479.90209745310426 389.8857926626014 295.99814811789776
    vertex 479.49209345310425 389.76778066260147 301.4741481178977
  endloop
endfacet
facet normal -0.8877164878385329 -0.45508028602796674 -0.06972352894342043
  outer loop
    vertex 477.9720894531042 389.6257826626013 321.38614811789773
    vertex 479.07409445310424 389.6677746626013 307.0821491178977
    vertex 478.64410145310416 389.6057936626013 312.9561481178977
  endloop
endfacet
facet normal -0.8877164878385329 -0.45508028602796674 -0.06972352894342043
  outer loop
    vertex 479.07409445310424 389.6677746626013 307.0821491178977
    vertex 477.9720894531042 389.6257826626013 321.38614811789773
    vertex 478.7080974531043 390.5057876626013 306.27014811789775
  endloop
endfacet
facet normal -0.9768703748492198 -0.19805546265007756 -0.08061206148219216
  outer loop
    vertex 477.1880924531042 395.53978366260134 303.92414911789774
    vertex 478.0740944531043 394.39577166260136 295.99814811789764
    vertex 476.9300974531043 395.1117746626014 308.10214911789774
  endloop
endfacet
facet normal -0.7930093153235083 0.607541599142685 -0.045049207776491906
  outer loop
    vertex 480.1000954531043 410.8438006626013 323.09614911789765
    vertex 480.00610145310424 410.35777766260134 318.1961501178977
    vertex 479.3961004531043 409.9177746626012 323.00014911789776
  endloop
endfacet
facet normal -0.9848685788011707 -0.15465274646435478 -0.07820748366489035
  outer loop
    vertex 476.73209945310424 396.9457896626013 306.88614811789773
    vertex 477.1880924531042 395.53978366260134 303.92414911789774
    vertex 476.6020944531042 396.4518016626014 309.50014911789776
  endloop
endfacet
facet normal -0.9945616211838318 -0.07908101192092554 -0.06777444372144104
  outer loop
    vertex 475.6960884531042 398.62578266260124 319.2461491178977
    vertex 476.1240974531042 397.3857926626015 314.41214911789774
    vertex 476.0200934531042 396.70378566260155 316.73414811789775
  endloop
endfacet
facet normal -0.9947926966643346 -0.0632982734482533 -0.07988003030652617
  outer loop
    vertex 475.6960884531042 398.62578266260124 319.2461491178977
    vertex 476.0200934531042 396.70378566260155 316.73414811789775
    vertex 475.6400884531042 397.27977466260137 321.0101491178977
  endloop
endfacet
facet normal -0.8113930690760832 0.5830652359694972 -0.04094164211569055
  outer loop
    vertex 480.39610045310434 410.45979766260143 312.2961481178977
    vertex 480.2861004531042 410.11980166260145 309.6341491178977
    vertex 479.2460914531042 409.05577566260155 315.09215011789775
  endloop
endfacet
facet normal -0.021828416630752634 -0.9996393619699802 -0.01564181024195815
  outer loop
    vertex 509.41009345310425 374.7217906626016 313.10214811789774
    vertex 508.0861034531042 374.77977466260165 311.24414811789774
    vertex 508.2440924531043 374.85377966260165 306.29414811789775
  endloop
endfacet
facet normal -0.22781548943080734 -0.9734164083654184 -0.023676965607336377
  outer loop
    vertex 499.0240914531042 375.8317766626013 317.10414911789775
    vertex 498.26009945310426 376.06978266260177 314.6701491178977
    vertex 500.2680944531042 375.6557816626018 312.3701501178977
  endloop
endfacet
facet normal -0.787520081395574 0.6145808730841441 -0.045852718979794656
  outer loop
    vertex 480.68809245310433 411.19377566260107 317.68814911789764
    vertex 480.00610145310424 410.35777766260134 318.1961501178977
    vertex 480.1000954531043 410.8438006626013 323.09614911789765
  endloop
endfacet
facet normal -0.7610271067811585 0.6474374019279597 -0.04077442003355206
  outer loop
    vertex 481.0700964531043 411.98180066260124 323.0681501178977
    vertex 480.68809245310433 411.19377566260107 317.68814911789764
    vertex 480.1000954531043 410.8438006626013 323.09614911789765
  endloop
endfacet
facet normal -0.7610271067811585 0.6474374019279597 -0.04077442003355206
  outer loop
    vertex 480.68809245310433 411.19377566260107 317.68814911789764
    vertex 481.0700964531043 411.98180066260124 323.0681501178977
    vertex 481.53809945310434 412.06779966260143 315.69214811789766
  endloop
endfacet
facet normal -0.9351777821662941 -0.3467981073880177 -0.07192766126199684
  outer loop
    vertex 478.4200874531044 393.24577766260126 295.99814811789764
    vertex 478.8420994531042 392.10777766260134 295.99814811789764
    vertex 478.65009845310425 391.5797926626013 301.0401481178977
  endloop
endfacet
facet normal -0.9902529225252334 -0.1180481946240042 -0.07391734015944697
  outer loop
    vertex 476.1240974531042 397.3857926626015 314.41214911789774
    vertex 476.6020944531042 396.4518016626014 309.50014911789776
    vertex 476.4540994531042 395.9537856626014 312.2781491178977
  endloop
endfacet
facet normal -0.9104523022977137 -0.40736271162191434 -0.07163955904968801
  outer loop
    vertex 478.5220924531043 391.1817826626013 304.7901491178977
    vertex 478.7080974531043 390.5057876626013 306.27014811789775
    vertex 478.31010245310426 390.53780066260134 311.1461491178977
  endloop
endfacet
facet normal -0.016605293543886103 -0.9996538618831579 -0.020406387441431598
  outer loop
    vertex 509.47410345310425 374.9317826626015 301.4741481178977
    vertex 508.2440924531043 374.85377966260165 306.29414811789775
    vertex 508.1660894531043 374.9597976626014 301.18414811789773
  endloop
endfacet
facet normal -0.016605293543886103 -0.9996538618831579 -0.020406387441431598
  outer loop
    vertex 508.2440924531043 374.85377966260165 306.29414811789775
    vertex 509.47410345310425 374.9317826626015 301.4741481178977
    vertex 509.4221014531043 374.8177996626016 307.11814911789776
  endloop
endfacet
facet normal -0.12796650345247715 -0.9916778621931942 -0.014127690189257584
  outer loop
    vertex 505.79809345310423 375.1037796626016 301.7621481178977
    vertex 503.28809945310417 375.5097856626014 295.99814811789776
    vertex 504.8381024531042 375.3097726626013 295.99814811789776
  endloop
endfacet
facet normal -0.9854849011519755 -0.1542247890848985 -0.07095226587783891
  outer loop
    vertex 475.8000924531042 395.3337906626013 322.3341481178977
    vertex 475.69009145310423 396.2697946626013 321.8221491178977
    vertex 476.0361004531042 395.87178466260116 317.88814911789774
  endloop
endfacet
facet normal -0.9854849011519755 -0.1542247890848985 -0.07095226587783891
  outer loop
    vertex 475.69009145310423 396.2697946626013 321.8221491178977
    vertex 475.8000924531042 395.3337906626013 322.3341481178977
    vertex 475.5200934531042 396.50978566260136 323.6701491178977
  endloop
endfacet
facet normal -0.8855265846142826 -0.4586280024355639 -0.074182365312305
  outer loop
    vertex 478.7080974531043 390.5057876626013 306.27014811789775
    vertex 479.49209345310425 389.76778066260147 301.4741481178977
    vertex 479.07409445310424 389.6677746626013 307.0821491178977
  endloop
endfacet
facet normal -0.9125150751144218 -0.4017646470438494 -0.07682060969982277
  outer loop
    vertex 478.8420994531042 392.10777766260134 295.99814811789764
    vertex 479.33608745310437 390.9857986626013 295.99814811789776
    vertex 478.65009845310425 391.5797926626013 301.0401481178977
  endloop
endfacet
facet normal -0.9078753980787214 -0.412594122090642 -0.07435288817292482
  outer loop
    vertex 478.5220924531043 391.1817826626013 304.7901491178977
    vertex 479.04009745310424 390.6917916626013 301.18414811789773
    vertex 478.7080974531043 390.5057876626013 306.27014811789775
  endloop
endfacet
facet normal -0.996437628452271 -0.042385609991011645 -0.07290756250283005
  outer loop
    vertex 475.6960884531042 398.62578266260124 319.2461491178977
    vertex 476.6800974531042 397.99177966260146 306.16614811789765
    vertex 476.35409345310416 397.8017776626014 310.7321491178977
  endloop
endfacet
facet normal -0.9965782192030054 -0.038572096794450575 -0.07310298461106987
  outer loop
    vertex 476.19808745310416 398.75178966260154 312.33614911789766
    vertex 476.6800974531042 397.99177966260146 306.16614811789765
    vertex 475.6960884531042 398.62578266260124 319.2461491178977
  endloop
endfacet
facet normal -0.8427636510612015 0.53518556195608 -0.05767011985203621
  outer loop
    vertex 479.50208845310425 409.6017956626011 317.38614811789773
    vertex 477.96209545310427 407.6077776626013 321.3861481178976
    vertex 478.74009445310423 408.9617806626013 322.5821501178977
  endloop
endfacet
facet normal -0.9702705603975231 -0.23051740462013653 -0.07373442746148309
  outer loop
    vertex 476.55808845310423 394.9337966626014 313.18615011789774
    vertex 476.3961004531042 394.1077776626011 317.90014811789763
    vertex 475.94408945310425 394.2977796626013 323.25414911789767
  endloop
endfacet
facet normal -0.9721974316673593 -0.22238186043330088 -0.07333799840201748
  outer loop
    vertex 476.17410045310424 395.00578766260134 318.05814911789776
    vertex 476.55808845310423 394.9337966626014 313.18615011789774
    vertex 475.94408945310425 394.2977796626013 323.25414911789767
  endloop
endfacet
facet normal -0.9776159582070477 -0.19830614736830046 -0.07029729848904509
  outer loop
    vertex 475.8000924531042 395.3337906626013 322.3341481178977
    vertex 476.17410045310424 395.00578766260134 318.05814911789776
    vertex 475.94408945310425 394.2977796626013 323.25414911789767
  endloop
endfacet
facet normal -0.9307094924261768 -0.3579223434200703 -0.07530894228770962
  outer loop
    vertex 477.9060954531042 392.9437756626014 303.9241491178977
    vertex 478.22408845310423 391.47179066260145 306.99014911789766
    vertex 477.8600904531042 391.8577776626014 309.65414911789765
  endloop
endfacet
facet normal -0.9880828586196584 -0.13244729136494068 -0.07842180508057016
  outer loop
    vertex 476.85009545310425 397.3337906626012 304.74414811789774
    vertex 477.2360974531042 396.21977666260136 301.7621481178977
    vertex 476.73209945310424 396.9457896626013 306.88614811789773
  endloop
endfacet
facet normal -0.9867447754952005 -0.14456852072290122 -0.07372035572973641
  outer loop
    vertex 476.85009545310425 397.3337906626012 304.74414811789774
    vertex 477.1660894531042 397.06578466260135 301.04014811789773
    vertex 477.2360974531042 396.21977666260136 301.7621481178977
  endloop
endfacet
facet normal -0.7840664071517385 0.6193475130831784 -0.04060205923160043
  outer loop
    vertex 481.3580914531043 411.3757826626014 307.52614911789766
    vertex 480.49609145310427 410.7297866626016 314.3181501178977
    vertex 480.68809245310433 411.19377566260107 317.68814911789764
  endloop
endfacet
facet normal -0.7876156396915662 0.614806775345368 -0.04091739364469797
  outer loop
    vertex 481.3580914531043 411.3757826626014 307.52614911789766
    vertex 480.68809245310433 411.19377566260107 317.68814911789764
    vertex 481.10009545310425 411.3677866626016 312.37214911789766
  endloop
endfacet
facet normal -0.2146999685723466 -0.9764349504347742 -0.02187946673193021
  outer loop
    vertex 500.10009545310425 375.56578466260135 318.4161491178977
    vertex 499.0240914531042 375.8317766626013 317.10414911789775
    vertex 500.6660894531042 375.52379266260175 314.73614911789775
  endloop
endfacet
facet normal -0.023204610788888635 -0.9996232347666529 -0.014660646397400444
  outer loop
    vertex 509.52609045310425 374.58977166260144 321.9201491178978
    vertex 508.0861034531042 374.77977466260165 311.24414811789774
    vertex 509.41009345310425 374.7217906626016 313.10214811789774
  endloop
endfacet
facet normal -0.056481253921389245 -0.9982744195553146 -0.016063972639652837
  outer loop
    vertex 507.5861034531043 374.7437936626016 315.2381501178977
    vertex 506.85009545310425 374.9177746626016 307.0141491178978
    vertex 508.0861034531042 374.77977466260165 311.24414811789774
  endloop
endfacet
facet normal -0.22340054960178438 -0.9745730858791523 -0.017305915682420556
  outer loop
    vertex 499.3681004531042 375.6497996626015 323.1341501178977
    vertex 498.02609045310413 375.97578866260136 322.10014911789773
    vertex 500.10009545310425 375.56578466260135 318.4161491178977
  endloop
endfacet
facet normal -0.0489073878178466 -0.9985766914722933 -0.02127577648602357
  outer loop
    vertex 508.1660894531043 374.9597976626014 301.18414811789773
    vertex 506.9221014531043 375.02379266260147 301.04014811789773
    vertex 507.9720894531042 375.0797926626014 295.99814811789776
  endloop
endfacet
facet normal -0.04885529443663153 -0.9986051777408669 -0.020021468343805224
  outer loop
    vertex 508.1660894531043 374.9597976626014 301.18414811789773
    vertex 507.33610345310433 374.9277846626013 304.8001481178977
    vertex 506.9221014531043 375.02379266260147 301.04014811789773
  endloop
endfacet
facet normal -0.04885529443663153 -0.9986051777408669 -0.020021468343805224
  outer loop
    vertex 507.33610345310433 374.9277846626013 304.8001481178977
    vertex 508.1660894531043 374.9597976626014 301.18414811789773
    vertex 508.2440924531043 374.85377966260165 306.29414811789775
  endloop
endfacet
facet normal -0.06708050835017823 -0.9976332693985374 -0.01510182732874513
  outer loop
    vertex 507.5861034531043 374.7437936626016 315.2381501178977
    vertex 506.2140934531043 374.91978866260166 309.7061481178977
    vertex 506.85009545310425 374.9177746626016 307.0141491178978
  endloop
endfacet
facet normal -0.019287139260180546 -0.9996847034758609 -0.016077931942220205
  outer loop
    vertex 509.41009345310425 374.7217906626016 313.10214811789774
    vertex 508.2440924531043 374.85377966260165 306.29414811789775
    vertex 509.4221014531043 374.8177996626016 307.11814911789776
  endloop
endfacet
facet normal -0.7868566496155264 0.6158097074121581 -0.04043534608212263
  outer loop
    vertex 481.3580914531043 411.3757826626014 307.52614911789766
    vertex 481.3800944531042 411.15779566260136 303.7781481178977
    vertex 480.39610045310434 410.45979766260143 312.2961481178977
  endloop
endfacet
facet normal -0.7623517403120573 0.646011459361459 -0.03858780139961228
  outer loop
    vertex 482.31809745310426 412.2917986626014 303.7781481178977
    vertex 481.10009545310425 411.3677866626016 312.37214911789766
    vertex 481.9140904531043 412.17378666260134 309.78414811789764
  endloop
endfacet
facet normal -0.017791365954762 -0.9995966078751171 -0.022137949815272236
  outer loop
    vertex 509.47410345310425 374.9317826626015 301.4741481178977
    vertex 507.9720894531042 375.0797926626014 295.99814811789776
    vertex 509.5460944531043 375.05177766260135 295.99814811789776
  endloop
endfacet
facet normal -0.016417821419089346 -0.9996116871455802 -0.022515107412975868
  outer loop
    vertex 509.47410345310425 374.9317826626015 301.4741481178977
    vertex 508.1660894531043 374.9597976626014 301.18414811789773
    vertex 507.9720894531042 375.0797926626014 295.99814811789776
  endloop
endfacet
facet normal -0.2108057634659045 -0.9773421104914335 -0.01906119486568955
  outer loop
    vertex 499.0240914531042 375.8317766626013 317.10414911789775
    vertex 500.2680944531042 375.6557816626018 312.3701501178977
    vertex 500.6660894531042 375.52379266260175 314.73614911789775
  endloop
endfacet
facet normal -0.22665399907834374 -0.9737128796493704 -0.022609571130937624
  outer loop
    vertex 498.26009945310426 376.06978266260177 314.6701491178977
    vertex 499.7660954531042 375.8377886626016 309.5641491178977
    vertex 500.2680944531042 375.6557816626018 312.3701501178977
  endloop
endfacet
facet normal -0.8892642054763842 -0.45206492654849756 -0.06961662907062313
  outer loop
    vertex 478.31010245310426 390.53780066260134 311.1461491178977
    vertex 478.7080974531043 390.5057876626013 306.27014811789775
    vertex 477.9720894531042 389.6257826626013 321.38614811789773
  endloop
endfacet
facet normal -0.9902925606628499 -0.11890373732483613 -0.07198989891646027
  outer loop
    vertex 475.6400884531042 397.27977466260137 321.0101491178977
    vertex 476.0200934531042 396.70378566260155 316.73414811789775
    vertex 476.0361004531042 395.87178466260116 317.88814911789774
  endloop
endfacet
facet normal -0.9136935006096257 -0.40015094189064626 -0.07101697436357422
  outer loop
    vertex 478.22408845310423 391.47179066260145 306.99014911789766
    vertex 478.5220924531043 391.1817826626013 304.7901491178977
    vertex 478.31010245310426 390.53780066260134 311.1461491178977
  endloop
endfacet
facet normal -0.7910908449291637 0.6102301568087799 -0.04236072226006239
  outer loop
    vertex 481.3580914531043 411.3757826626014 307.52614911789766
    vertex 480.39610045310434 410.45979766260143 312.2961481178977
    vertex 480.49609145310427 410.7297866626016 314.3181501178977
  endloop
endfacet
facet normal -0.8284617458649534 0.5585791950597124 -0.04050208000630477
  outer loop
    vertex 479.50208845310425 409.6017956626011 317.38614811789773
    vertex 479.2460914531042 409.05577566260155 315.09215011789775
    vertex 477.96209545310427 407.6077776626013 321.3861481178976
  endloop
endfacet
facet normal -0.03377059124553068 -0.9993420341320322 -0.013230494464668464
  outer loop
    vertex 509.52609045310425 374.58977166260144 321.9201491178978
    vertex 507.5861034531043 374.7437936626016 315.2381501178977
    vertex 508.0861034531042 374.77977466260165 311.24414811789774
  endloop
endfacet
facet normal -0.054680903307781414 -0.9982509185687038 -0.022474483090475082
  outer loop
    vertex 506.9221014531043 375.02379266260147 301.04014811789773
    vertex 506.4020974531042 375.16579166260146 295.99814811789776
    vertex 507.9720894531042 375.0797926626014 295.99814811789776
  endloop
endfacet
facet normal -0.9008192766852426 -0.42884743020371496 -0.06793020211913081
  outer loop
    vertex 477.8740974531043 390.83778866260144 315.0341491178977
    vertex 478.31010245310426 390.53780066260134 311.1461491178977
    vertex 477.9720894531042 389.6257826626013 321.38614811789773
  endloop
endfacet
facet normal -0.9341546620234787 -0.34973048135321144 -0.07101871466206057
  outer loop
    vertex 477.9060954531042 392.9437756626014 303.9241491178977
    vertex 478.28610045310427 392.36778666260125 301.76214811789765
    vertex 478.22408845310423 391.47179066260145 306.99014911789766
  endloop
endfacet
facet normal -0.955509997645501 -0.28747956129803537 -0.06600110783451828
  outer loop
    vertex 478.0740944531043 394.39577166260136 295.99814811789764
    vertex 478.4200874531044 393.24577766260126 295.99814811789764
    vertex 478.28610045310427 392.36778666260125 301.76214811789765
  endloop
endfacet
facet normal -0.9930426062291415 -0.08799142700229842 -0.07825529367227273
  outer loop
    vertex 476.85009545310425 397.3337906626012 304.74414811789774
    vertex 477.0720954531042 397.99577766260126 301.1841481178977
    vertex 477.1660894531042 397.06578466260135 301.04014811789773
  endloop
endfacet
facet normal -0.9930426062291415 -0.08799142700229842 -0.07825529367227273
  outer loop
    vertex 477.0720954531042 397.99577766260126 301.1841481178977
    vertex 476.85009545310425 397.3337906626012 304.74414811789774
    vertex 476.6800974531042 397.99177966260146 306.16614811789765
  endloop
endfacet
facet normal -0.9285609927441075 -0.36444686987399644 -0.07037728179692539
  outer loop
    vertex 478.28610045310427 392.36778666260125 301.76214811789765
    vertex 478.65009845310425 391.5797926626013 301.0401481178977
    vertex 478.5220924531043 391.1817826626013 304.7901491178977
  endloop
endfacet
facet normal -0.9704255705938793 0.23213288719636765 -0.06624601587584285
  outer loop
    vertex 476.82009645310427 403.4077956626013 312.35214811789774
    vertex 476.5540904531042 402.53377166260145 313.18615011789774
    vertex 476.39208745310424 403.2018016626011 317.90014811789774
  endloop
endfacet
facet normal -0.9825612396657665 -0.1688069926658168 -0.0779590247091067
  outer loop
    vertex 476.34209945310425 395.57979266260145 314.50014911789776
    vertex 477.1880924531042 395.53978366260134 303.92414911789774
    vertex 476.9300974531043 395.1117746626014 308.10214911789774
  endloop
endfacet
facet normal -0.9825612396657665 -0.1688069926658168 -0.0779590247091067
  outer loop
    vertex 477.1880924531042 395.53978366260134 303.92414911789774
    vertex 476.34209945310425 395.57979266260145 314.50014911789776
    vertex 476.4540994531042 395.9537856626014 312.2781491178977
  endloop
endfacet
facet normal -0.9884308437812223 0.13538307017305454 -0.06838048970619566
  outer loop
    vertex 476.3381024531042 401.83778866260144 314.50014911789776
    vertex 476.4521004531042 401.54777966260144 312.2781491178977
    vertex 476.01809445310425 400.6297806626014 316.73414811789763
  endloop
endfacet
facet normal -0.48611153360018367 -0.8729825089051064 -0.039963934323633536
  outer loop
    vertex 489.03410145310426 379.6617936626013 314.73614911789764
    vertex 488.77609045310425 379.9137766626013 312.37015011789765
    vertex 490.0140964531042 379.4197886626014 308.1021491178977
  endloop
endfacet
facet normal -0.9964037491232838 -0.03196317417393232 -0.0784724424864629
  outer loop
    vertex 476.5920994531042 398.8617746626015 306.92614811789764
    vertex 477.0720954531042 397.99577766260126 301.1841481178977
    vertex 476.6800974531042 397.99177966260146 306.16614811789765
  endloop
endfacet
facet normal -0.9964037491232838 -0.03196317417393232 -0.0784724424864629
  outer loop
    vertex 477.0720954531042 397.99577766260126 301.1841481178977
    vertex 476.5920994531042 398.8617746626015 306.92614811789764
    vertex 477.0180944531042 398.9737746626013 301.4741481178977
  endloop
endfacet
facet normal -0.5495231859046873 -0.8344250473448839 -0.041941727630735844
  outer loop
    vertex 486.71209545310427 380.7377816626014 322.1001491178977
    vertex 485.48209945310424 381.6557816626011 319.9521481178977
    vertex 487.6461004531042 380.373798662601 317.10414911789763
  endloop
endfacet
facet normal -0.9716894285711436 0.2256429949975878 -0.07003494279003361
  outer loop
    vertex 477.3060894531042 403.5677996626014 306.0841481178977
    vertex 476.92609945310426 402.55778966260135 308.10214911789774
    vertex 476.5540904531042 402.53377166260145 313.18615011789774
  endloop
endfacet
facet normal -0.9837051761861004 -0.16282869341456976 -0.07622954116074171
  outer loop
    vertex 477.1660894531042 397.06578466260135 301.04014811789773
    vertex 477.61208845310415 396.73180066260124 295.99814811789776
    vertex 477.8060894531042 395.5597726626012 295.99814811789776
  endloop
endfacet
facet normal -0.8865882797018564 -0.45619554092800674 -0.07646470252806974
  outer loop
    vertex 479.33608745310437 390.9857986626013 295.99814811789776
    vertex 479.90209745310426 389.8857926626014 295.99814811789776
    vertex 479.04009745310424 390.6917916626013 301.18414811789773
  endloop
endfacet
facet normal -0.972078355709818 -0.22381583840736255 -0.07049922580075521
  outer loop
    vertex 477.2360974531042 396.21977666260136 301.7621481178977
    vertex 477.8060894531042 395.5597726626012 295.99814811789776
    vertex 478.0740944531043 394.39577166260136 295.99814811789764
  endloop
endfacet
facet normal -0.9695563278377052 -0.23194195284689875 -0.07850769172145862
  outer loop
    vertex 476.55808845310423 394.9337966626014 313.18615011789774
    vertex 477.3121014531042 394.1857806626013 306.08414811789766
    vertex 476.8260934531043 394.09578366260143 312.3521481178976
  endloop
endfacet
facet normal -0.9918947408855955 -0.09767306060505783 -0.08126989747463721
  outer loop
    vertex 477.49609145310427 397.90977966260124 295.99814811789764
    vertex 477.61208845310415 396.73180066260124 295.99814811789776
    vertex 477.1660894531042 397.06578466260135 301.04014811789773
  endloop
endfacet
facet normal -0.9094927811017194 -0.4088819216610854 -0.07508964817202268
  outer loop
    vertex 478.5220924531043 391.1817826626013 304.7901491178977
    vertex 479.33608745310437 390.9857986626013 295.99814811789776
    vertex 479.04009745310424 390.6917916626013 301.18414811789773
  endloop
endfacet
facet normal -0.9076209422274478 -0.41306868811992925 -0.07482301868436303
  outer loop
    vertex 478.65009845310425 391.5797926626013 301.0401481178977
    vertex 479.33608745310437 390.9857986626013 295.99814811789776
    vertex 478.5220924531043 391.1817826626013 304.7901491178977
  endloop
endfacet
facet normal -0.9862879747181325 0.15065607009558235 -0.06737046437244967
  outer loop
    vertex 475.7960944531043 401.8517956626014 322.3341481178977
    vertex 476.0341014531043 401.4217726626013 317.88814911789774
    vertex 475.6880924531042 400.91579166260135 321.82214911789765
  endloop
endfacet
facet normal -0.9827473400083343 0.17073946361929396 -0.07110345469482707
  outer loop
    vertex 476.92609945310426 402.55778966260135 308.10214911789774
    vertex 476.3381024531042 401.83778866260144 314.50014911789776
    vertex 476.5540904531042 402.53377166260145 313.18615011789774
  endloop
endfacet
facet normal -0.971984036083871 0.22576586943337712 -0.06539729197069157
  outer loop
    vertex 476.39208745310424 403.2018016626011 317.90014811789774
    vertex 476.5540904531042 402.53377166260145 313.18615011789774
    vertex 476.17008745310426 402.29179866260137 318.05814911789776
  endloop
endfacet
facet normal -0.9500836124538355 -0.3020761848393815 -0.07804555015857081
  outer loop
    vertex 477.03410145310426 393.2257886626014 313.1861501178976
    vertex 477.3121014531042 394.1857806626013 306.08414811789766
    vertex 478.0740944531043 394.39577166260136 295.99814811789764
  endloop
endfacet
facet normal -0.9500836124538355 -0.3020761848393815 -0.07804555015857081
  outer loop
    vertex 477.3121014531042 394.1857806626013 306.08414811789766
    vertex 477.03410145310426 393.2257886626014 313.1861501178976
    vertex 476.8260934531043 394.09578366260143 312.3521481178976
  endloop
endfacet
facet normal -0.9926831201203085 -0.09477478757391981 -0.07481953400368037
  outer loop
    vertex 476.6800974531042 397.99177966260146 306.16614811789765
    vertex 476.85009545310425 397.3337906626012 304.74414811789774
    vertex 476.35409345310416 397.8017776626014 310.7321491178977
  endloop
endfacet
facet normal -0.9413686418096975 -0.3277584884752424 -0.07999658398825554
  outer loop
    vertex 478.0740944531043 394.39577166260136 295.99814811789764
    vertex 477.9060954531042 392.9437756626014 303.9241491178977
    vertex 477.4660924531042 393.18779466260145 308.1021491178977
  endloop
endfacet
facet normal -0.9905164180995334 0.1187083091265576 -0.06917776246442184
  outer loop
    vertex 476.4521004531042 401.54777966260144 312.2781491178977
    vertex 476.6000954531042 401.1637766626014 309.50014911789765
    vertex 476.1220984531042 400.0378006626015 314.4121491178976
  endloop
endfacet
facet normal -0.923381044073637 -0.376394896754566 -0.07546077883642599
  outer loop
    vertex 478.28610045310427 392.36778666260125 301.76214811789765
    vertex 478.5220924531043 391.1817826626013 304.7901491178977
    vertex 478.22408845310423 391.47179066260145 306.99014911789766
  endloop
endfacet
facet normal -0.989592805508072 -0.12418897888425616 -0.07268546491802404
  outer loop
    vertex 476.1240974531042 397.3857926626015 314.41214911789774
    vertex 476.73209945310424 396.9457896626013 306.88614811789773
    vertex 476.6020944531042 396.4518016626014 309.50014911789776
  endloop
endfacet
facet normal -0.9929244032525734 -0.0880106359240666 -0.07971986822469554
  outer loop
    vertex 477.0720954531042 397.99577766260126 301.1841481178977
    vertex 477.49609145310427 397.90977966260124 295.99814811789764
    vertex 477.1660894531042 397.06578466260135 301.04014811789773
  endloop
endfacet
facet normal -0.9962788385975109 -0.031184987921578932 -0.08034906527848347
  outer loop
    vertex 477.4560984531042 399.08977166260127 295.99814811789764
    vertex 477.0720954531042 397.99577766260126 301.1841481178977
    vertex 477.0180944531042 398.9737746626013 301.4741481178977
  endloop
endfacet
facet normal -0.971215401984578 0.22807199368463954 -0.06872996904297482
  outer loop
    vertex 478.07009645310427 403.7817886626013 295.99814811789776
    vertex 476.92609945310426 402.55778966260135 308.10214911789774
    vertex 477.3060894531042 403.5677996626014 306.0841481178977
  endloop
endfacet
facet normal -0.9961515984059607 -0.033762170315616465 -0.08088330389412303
  outer loop
    vertex 477.4560984531042 399.08977166260127 295.99814811789764
    vertex 477.49609145310427 397.90977966260124 295.99814811789764
    vertex 477.0720954531042 397.99577766260126 301.1841481178977
  endloop
endfacet
facet normal -0.9887266155341315 -0.12762702027267894 -0.078300852043506
  outer loop
    vertex 476.0200934531042 396.70378566260155 316.73414811789775
    vertex 476.34209945310425 395.57979266260145 314.50014911789776
    vertex 476.0361004531042 395.87178466260116 317.88814911789774
  endloop
endfacet
facet normal -0.994791362480232 0.07880770604516835 -0.06464897990395475
  outer loop
    vertex 476.01809445310425 400.6297806626014 316.73414811789763
    vertex 476.1220984531042 400.0378006626015 314.4121491178976
    vertex 475.6960884531042 398.62578266260124 319.2461491178977
  endloop
endfacet
facet normal -0.35009639592488345 -0.936289815186264 -0.028176151953007482
  outer loop
    vertex 495.5061014531042 376.98579866260144 310.86414911789774
    vertex 495.0240914531042 377.3497816626013 304.7581481178977
    vertex 495.79609445310416 377.0177806626013 306.19814911789774
  endloop
endfacet
facet normal -0.37321814150739735 -0.9270993437442452 -0.034569143448373044
  outer loop
    vertex 492.70409945310416 377.9217726626014 314.7361491178977
    vertex 491.9300974531043 378.2837716626014 313.38415011789766
    vertex 492.30009245310424 378.33177666260127 308.1021491178977
  endloop
endfacet
facet normal -0.9950710259486846 -0.07012269022354435 -0.07011748450454722
  outer loop
    vertex 475.6960884531042 398.62578266260124 319.2461491178977
    vertex 476.35409345310416 397.8017776626014 310.7321491178977
    vertex 476.1240974531042 397.3857926626015 314.41214911789774
  endloop
endfacet
facet normal -0.37395157762280956 -0.9267813868910113 -0.03516359631473245
  outer loop
    vertex 493.23209945310424 377.7937816626014 312.37015011789765
    vertex 492.30009245310424 378.33177666260127 308.1021491178977
    vertex 492.9060954531042 378.24577766260126 303.9241491178977
  endloop
endfacet
facet normal -0.9700470072720764 -0.23002818863533242 -0.07807583567043211
  outer loop
    vertex 476.9300974531043 395.1117746626014 308.10214911789774
    vertex 478.0740944531043 394.39577166260136 295.99814811789764
    vertex 477.3121014531042 394.1857806626013 306.08414811789766
  endloop
endfacet
facet normal -0.9862958804316994 0.1479593774105865 -0.07299629360269354
  outer loop
    vertex 477.1840954531042 402.30577566260126 303.92414911789774
    vertex 476.6000954531042 401.1637766626014 309.50014911789765
    vertex 476.4521004531042 401.54777966260144 312.2781491178977
  endloop
endfacet
facet normal -0.9708909380889963 0.2292394170974365 -0.06942676706787151
  outer loop
    vertex 477.3060894531042 403.5677996626014 306.0841481178977
    vertex 476.5540904531042 402.53377166260145 313.18615011789774
    vertex 476.82009645310427 403.4077956626013 312.35214811789774
  endloop
endfacet
facet normal -0.9718974674332379 0.22519039969990415 -0.0685900625444796
  outer loop
    vertex 476.39208745310424 403.2018016626011 317.90014811789774
    vertex 476.17008745310426 402.29179866260137 318.05814911789776
    vertex 475.94009145310423 402.8817946626013 323.2541491178977
  endloop
endfacet
facet normal -0.9786076772396307 0.19504463507380287 -0.06545688945085798
  outer loop
    vertex 475.94009145310423 402.8817946626013 323.2541491178977
    vertex 475.7960944531043 401.8517956626014 322.3341481178977
    vertex 475.65809445310424 401.6057936626013 323.6701491178978
  endloop
endfacet
facet normal -0.9786076772396307 0.19504463507380287 -0.06545688945085798
  outer loop
    vertex 475.7960944531043 401.8517956626014 322.3341481178977
    vertex 475.94009145310423 402.8817946626013 323.2541491178977
    vertex 476.17008745310426 402.29179866260137 318.05814911789776
  endloop
endfacet
facet normal -0.9836842456201581 -0.16420930455755342 -0.07348883735251985
  outer loop
    vertex 476.73209945310424 396.9457896626013 306.88614811789773
    vertex 477.2360974531042 396.21977666260136 301.7621481178977
    vertex 477.1880924531042 395.53978366260134 303.92414911789774
  endloop
endfacet
facet normal -0.925208276228727 -0.37139464171726494 -0.07781815791685341
  outer loop
    vertex 477.9060954531042 392.9437756626014 303.9241491178977
    vertex 477.8600904531042 391.8577776626014 309.65414911789765
    vertex 477.4781014531042 392.2377816626015 312.3821491178977
  endloop
endfacet
facet normal -0.9689704229805685 -0.23565373952075566 -0.07458977435776451
  outer loop
    vertex 476.55808845310423 394.9337966626014 313.18615011789774
    vertex 476.8260934531043 394.09578366260143 312.3521481178976
    vertex 476.3961004531042 394.1077776626011 317.90014811789763
  endloop
endfacet
facet normal -0.9910268112494683 -0.10975292575453698 -0.07628993821618876
  outer loop
    vertex 475.69009145310423 396.2697946626013 321.8221491178977
    vertex 475.6400884531042 397.27977466260137 321.0101491178977
    vertex 476.0361004531042 395.87178466260116 317.88814911789774
  endloop
endfacet
facet normal -0.9910268112494683 -0.10975292575453698 -0.07628993821618876
  outer loop
    vertex 475.6400884531042 397.27977466260137 321.0101491178977
    vertex 475.69009145310423 396.2697946626013 321.8221491178977
    vertex 475.5200934531042 396.50978566260136 323.6701491178977
  endloop
endfacet
facet normal -0.9426939323662863 -0.32408554367157977 -0.0793518132299724
  outer loop
    vertex 478.0740944531043 394.39577166260136 295.99814811789764
    vertex 478.28610045310427 392.36778666260125 301.76214811789765
    vertex 477.9060954531042 392.9437756626014 303.9241491178977
  endloop
endfacet
facet normal -0.9854157643439104 -0.15004415427373308 -0.08026532969338121
  outer loop
    vertex 477.1660894531042 397.06578466260135 301.04014811789773
    vertex 477.8060894531042 395.5597726626012 295.99814811789776
    vertex 477.2360974531042 396.21977666260136 301.7621481178977
  endloop
endfacet
facet normal -0.9484378801750448 -0.3071410533271936 -0.07829406625108519
  outer loop
    vertex 478.0740944531043 394.39577166260136 295.99814811789764
    vertex 477.4660924531042 393.18779466260145 308.1021491178977
    vertex 477.03410145310426 393.2257886626014 313.1861501178976
  endloop
endfacet
facet normal -0.9704102814487381 -0.22817460862087885 -0.07899514946685018
  outer loop
    vertex 476.9300974531043 395.1117746626014 308.10214911789774
    vertex 477.3121014531042 394.1857806626013 306.08414811789766
    vertex 476.55808845310423 394.9337966626014 313.18615011789774
  endloop
endfacet
facet normal -0.9892400695580332 0.12666655542427604 -0.0732097569847519
  outer loop
    vertex 476.3381024531042 401.83778866260144 314.50014911789776
    vertex 476.01809445310425 400.6297806626014 316.73414811789763
    vertex 476.0341014531043 401.4217726626013 317.88814911789774
  endloop
endfacet
facet normal -0.9823439535157381 -0.17012317162670407 -0.07783613214144516
  outer loop
    vertex 476.34209945310425 395.57979266260145 314.50014911789776
    vertex 476.9300974531043 395.1117746626014 308.10214911789774
    vertex 476.55808845310423 394.9337966626014 313.18615011789774
  endloop
endfacet
facet normal -0.9299779041093611 -0.35959059077128175 -0.0763917855343136
  outer loop
    vertex 478.4200874531044 393.24577766260126 295.99814811789764
    vertex 478.65009845310425 391.5797926626013 301.0401481178977
    vertex 478.28610045310427 392.36778666260125 301.76214811789765
  endloop
endfacet
facet normal -0.9914068711720178 0.10837716003372207 -0.07325849422377748
  outer loop
    vertex 476.0341014531043 401.4217726626013 317.88814911789774
    vertex 475.6400884531042 399.92778466260125 321.0101491178977
    vertex 475.6880924531042 400.91579166260135 321.82214911789765
  endloop
endfacet
facet normal -0.9950186685960101 0.06255117022605891 -0.07762216338633063
  outer loop
    vertex 475.6960884531042 398.62578266260124 319.2461491178977
    vertex 475.6400884531042 399.92778466260125 321.0101491178977
    vertex 476.01809445310425 400.6297806626014 316.73414811789763
  endloop
endfacet
facet normal -0.9950186685960101 0.06255117022605891 -0.07762216338633063
  outer loop
    vertex 475.6400884531042 399.92778466260125 321.0101491178977
    vertex 475.6960884531042 398.62578266260124 319.2461491178977
    vertex 475.41608945310423 399.65977966260135 323.67014911789767
  endloop
endfacet
facet normal -0.9129733907711868 -0.40172584410447837 -0.07138581037087467
  outer loop
    vertex 478.22408845310423 391.47179066260145 306.99014911789766
    vertex 478.31010245310426 390.53780066260134 311.1461491178977
    vertex 477.8740974531043 390.83778866260144 315.0341491178977
  endloop
endfacet
facet normal -0.9821565953178499 0.1750609685190075 -0.06871738917360082
  outer loop
    vertex 476.5540904531042 402.53377166260145 313.18615011789774
    vertex 476.3381024531042 401.83778866260144 314.50014911789776
    vertex 476.17008745310426 402.29179866260137 318.05814911789776
  endloop
endfacet
facet normal -0.9877538360227075 -0.1378907046618338 -0.07299666424083669
  outer loop
    vertex 476.0200934531042 396.70378566260155 316.73414811789775
    vertex 476.4540994531042 395.9537856626014 312.2781491178977
    vertex 476.34209945310425 395.57979266260145 314.50014911789776
  endloop
endfacet
facet normal -0.9837802523246514 0.16432880553297236 -0.07191980817655057
  outer loop
    vertex 476.92609945310426 402.55778966260135 308.10214911789774
    vertex 476.4521004531042 401.54777966260144 312.2781491178977
    vertex 476.3381024531042 401.83778866260144 314.50014911789776
  endloop
endfacet
facet normal -0.9843658641106966 0.162314343171727 -0.06839517215661227
  outer loop
    vertex 475.7960944531043 401.8517956626014 322.3341481178977
    vertex 476.3381024531042 401.83778866260144 314.50014911789776
    vertex 476.0341014531043 401.4217726626013 317.88814911789774
  endloop
endfacet
facet normal -0.9827998158926874 0.1715784638675619 -0.06830338657890671
  outer loop
    vertex 476.17008745310426 402.29179866260137 318.05814911789776
    vertex 476.3381024531042 401.83778866260144 314.50014911789776
    vertex 475.7960944531043 401.8517956626014 322.3341481178977
  endloop
endfacet
facet normal -0.9815271400835726 -0.1761132100487428 -0.07475700987660083
  outer loop
    vertex 476.34209945310425 395.57979266260145 314.50014911789776
    vertex 476.55808845310423 394.9337966626014 313.18615011789774
    vertex 476.17410045310424 395.00578766260134 318.05814911789776
  endloop
endfacet
facet normal -0.9831699596200651 0.16838776319377002 -0.07086883452744533
  outer loop
    vertex 476.92609945310426 402.55778966260135 308.10214911789774
    vertex 477.1840954531042 402.30577566260126 303.92414911789774
    vertex 476.4521004531042 401.54777966260144 312.2781491178977
  endloop
endfacet
facet normal -0.9905481440965556 0.11911732395490449 -0.06801056800742138
  outer loop
    vertex 476.0341014531043 401.4217726626013 317.88814911789774
    vertex 476.01809445310425 400.6297806626014 316.73414811789763
    vertex 475.6400884531042 399.92778466260125 321.0101491178977
  endloop
endfacet
facet normal -0.990884176157949 0.11308584510338304 -0.07321298434729076
  outer loop
    vertex 476.4521004531042 401.54777966260144 312.2781491178977
    vertex 476.1220984531042 400.0378006626015 314.4121491178976
    vertex 476.01809445310425 400.6297806626014 316.73414811789763
  endloop
endfacet
facet normal -0.5050539194454948 -0.8623045651801449 -0.0367610571423742
  outer loop
    vertex 487.6461004531042 380.373798662601 317.10414911789763
    vertex 488.77609045310425 379.9137766626013 312.37015011789765
    vertex 489.03410145310426 379.6617936626013 314.73614911789764
  endloop
endfacet
facet normal -0.5436296216969976 -0.8385699906400942 -0.035597825937150815
  outer loop
    vertex 485.48209945310424 381.6557816626011 319.9521481178977
    vertex 487.10209445310426 380.82979266260133 314.67014911789767
    vertex 487.6461004531042 380.373798662601 317.10414911789763
  endloop
endfacet
facet normal -0.554382174869939 -0.8312988558473319 -0.040032692307579484
  outer loop
    vertex 485.48209945310424 381.6557816626011 319.9521481178977
    vertex 486.9481024531043 381.11577266260133 310.8641491178976
    vertex 487.10209445310426 380.82979266260133 314.67014911789767
  endloop
endfacet
facet normal -0.40255059197979864 -0.914610691846277 -0.037951327475968494
  outer loop
    vertex 492.9060954531042 378.24577766260126 303.9241491178977
    vertex 491.72208945310416 379.0957836626012 295.99814811789764
    vertex 493.74609145310427 377.96577866260134 301.76214811789765
  endloop
endfacet
facet normal -0.6689510675587084 -0.741865196667512 -0.04626552912848087
  outer loop
    vertex 482.1520974531043 384.21779266260125 323.6701491178977
    vertex 483.0100994531043 383.7717786626014 318.4161491178977
    vertex 483.1140874531043 383.3837786626013 323.1341501178977
  endloop
endfacet
facet normal -0.39942685251614723 -0.9164566899540404 -0.023776562567535242
  outer loop
    vertex 491.97009045310415 377.9617806626013 323.6701491178977
    vertex 490.3961004531043 378.64778566260105 323.67014911789767
    vertex 491.79809345310423 378.16179366260127 318.8501491178977
  endloop
endfacet
facet normal -0.6272930127096422 -0.7774956223778868 -0.044766431495969594
  outer loop
    vertex 485.48209945310424 381.6557816626011 319.9521481178977
    vertex 483.83608745310426 383.14778566260094 317.10414911789775
    vertex 484.5601024531043 382.7037856626013 314.6701491178977
  endloop
endfacet
facet normal -0.5047637799007695 -0.8621197081314149 -0.04430728328042492
  outer loop
    vertex 488.4440894531043 380.6817826626013 301.0401481178977
    vertex 489.1940894531043 380.50178966260137 295.99814811789764
    vertex 490.43409545310425 379.77577666260123 295.99814811789764
  endloop
endfacet
facet normal -0.5156133924515939 -0.8561457128502691 -0.03401981617621143
  outer loop
    vertex 486.71209545310427 380.7377816626014 322.1001491178977
    vertex 487.6461004531042 380.373798662601 317.10414911789763
    vertex 488.47610245310415 379.821796662601 318.41614911789765
  endloop
endfacet
facet normal -0.4747035207397044 -0.8790724220643639 -0.04345393150478052
  outer loop
    vertex 490.0140964531042 379.4197886626014 308.1021491178977
    vertex 489.85209445310414 379.7137956626012 303.9241491178977
    vertex 491.72208945310416 379.0957836626012 295.99814811789764
  endloop
endfacet
facet normal -0.4837089461207589 -0.8743344243597863 -0.0395596994703763
  outer loop
    vertex 489.03410145310426 379.6617936626013 314.73614911789764
    vertex 490.0140964531042 379.4197886626014 308.1021491178977
    vertex 489.8641034531042 379.26378266260133 313.38415011789766
  endloop
endfacet
facet normal -0.49211240871288237 -0.8695127637359535 -0.04210618590028289
  outer loop
    vertex 488.77609045310425 379.9137766626013 312.37015011789765
    vertex 489.85209445310414 379.7137956626012 303.9241491178977
    vertex 490.0140964531042 379.4197886626014 308.1021491178977
  endloop
endfacet
facet normal -0.5237436909104095 -0.8508231573709797 -0.042337939402135226
  outer loop
    vertex 487.6461004531042 380.373798662601 317.10414911789763
    vertex 487.10209445310426 380.82979266260133 314.67014911789767
    vertex 488.77609045310425 379.9137766626013 312.37015011789765
  endloop
endfacet
facet normal -0.37912149195896794 -0.9247532194111444 -0.03314177912439308
  outer loop
    vertex 493.8961004531042 377.63777566260137 309.56414911789767
    vertex 492.9060954531042 378.24577766260126 303.9241491178977
    vertex 494.53210245310413 377.4717906626012 306.9201491178977
  endloop
endfacet
facet normal -0.5213573231628604 -0.8524017542349549 -0.0399723774828136
  outer loop
    vertex 487.10209445310426 380.82979266260133 314.67014911789767
    vertex 488.1181004531042 380.57179666260123 306.92014911789767
    vertex 488.77609045310425 379.9137766626013 312.37015011789765
  endloop
endfacet
facet normal -0.3775534722619386 -0.9253561013945457 -0.034197385789570496
  outer loop
    vertex 492.70409945310416 377.9217726626014 314.7361491178977
    vertex 492.30009245310424 378.33177666260127 308.1021491178977
    vertex 493.23209945310424 377.7937816626014 312.37015011789765
  endloop
endfacet
facet normal -0.39793806891870714 -0.9165892065204825 -0.03885253911139887
  outer loop
    vertex 492.30009245310424 378.33177666260127 308.1021491178977
    vertex 491.72208945310416 379.0957836626012 295.99814811789764
    vertex 492.9060954531042 378.24577766260126 303.9241491178977
  endloop
endfacet
facet normal -0.3716717356307327 -0.9278049616410844 -0.032219157149507155
  outer loop
    vertex 494.53210245310413 377.4717906626012 306.9201491178977
    vertex 493.74609145310427 377.96577866260134 301.76214811789765
    vertex 495.0240914531042 377.3497816626013 304.7581481178977
  endloop
endfacet
facet normal -0.3446772522428443 -0.9381919225188183 -0.03151996679513657
  outer loop
    vertex 495.79609445310416 377.0177806626013 306.19814911789774
    vertex 495.0240914531042 377.3497816626013 304.7581481178977
    vertex 495.86810045310426 377.15977966260124 301.18414811789773
  endloop
endfacet
facet normal -0.3525243154984764 -0.9351829246320086 -0.03405149716317354
  outer loop
    vertex 494.7541024531042 377.57579466260137 301.04014811789773
    vertex 494.42410045310413 377.8837786626013 295.99814811789764
    vertex 495.8300914531043 377.35377966260126 295.99814811789776
  endloop
endfacet
facet normal -0.36830135894317406 -0.9290283749643025 -0.035501936733069055
  outer loop
    vertex 493.23209945310424 377.7937816626014 312.37015011789765
    vertex 492.9060954531042 378.24577766260126 303.9241491178977
    vertex 493.8961004531042 377.63777566260137 309.56414911789767
  endloop
endfacet
facet normal -0.4806750626461228 -0.8763907839493715 -0.029844228231802352
  outer loop
    vertex 488.3540934531042 379.7097976626014 323.67014911789767
    vertex 488.47610245310415 379.821796662601 318.41614911789765
    vertex 489.49209345310413 379.2497756626012 318.8501491178977
  endloop
endfacet
facet normal -0.6477343600488653 -0.7604697898411372 -0.04610745656684305
  outer loop
    vertex 484.1120884531043 382.6097916626011 322.10014911789773
    vertex 483.0100994531043 383.7717786626014 318.4161491178977
    vertex 483.83608745310426 383.14778566260094 317.10414911789775
  endloop
endfacet
facet normal -0.314537127651166 -0.9486690319222839 -0.03306755510452759
  outer loop
    vertex 497.05810345310425 376.75578766260134 301.4741481178977
    vertex 495.8300914531043 377.35377966260126 295.99814811789776
    vertex 497.2700934531042 376.8757826626012 295.99814811789776
  endloop
endfacet
facet normal -0.314537127651166 -0.9486690319222839 -0.03306755510452759
  outer loop
    vertex 495.8300914531043 377.35377966260126 295.99814811789776
    vertex 497.05810345310425 376.75578766260134 301.4741481178977
    vertex 495.86810045310426 377.15977966260124 301.18414811789773
  endloop
endfacet
facet normal -0.35977295615713223 -0.9326198428343551 -0.027993727325625786
  outer loop
    vertex 494.94009145310423 377.0817766626014 314.6701491178977
    vertex 493.8961004531042 377.63777566260137 309.56414911789767
    vertex 494.53210245310413 377.4717906626012 306.9201491178977
  endloop
endfacet
facet normal -0.5184124392134795 -0.8543810541128842 -0.03579884413898474
  outer loop
    vertex 487.7581004531042 380.0597726626013 323.13415011789766
    vertex 486.71209545310427 380.7377816626014 322.1001491178977
    vertex 488.47610245310415 379.821796662601 318.41614911789765
  endloop
endfacet
facet normal -0.44840691495800283 -0.8929990181734007 -0.0385226187997295
  outer loop
    vertex 489.8641034531042 379.26378266260133 313.38415011789766
    vertex 491.2320994531042 378.89177366260145 306.08414811789766
    vertex 490.91608945310423 378.7697946626013 312.5901491178977
  endloop
endfacet
facet normal -0.3691999816359288 -0.9290965929655035 -0.021700103684620338
  outer loop
    vertex 491.97009045310415 377.9617806626013 323.6701491178977
    vertex 493.3000924531042 377.44578966260104 323.13415011789766
    vertex 492.5840894531041 377.71779266260114 323.6701491178977
  endloop
endfacet
facet normal -0.6480045732739415 -0.7597074804012973 -0.05417210756810035
  outer loop
    vertex 483.83608745310426 383.14778566260094 317.10414911789775
    vertex 483.3900884531043 383.86577266260144 312.3701501178977
    vertex 484.5601024531043 382.7037856626013 314.6701491178977
  endloop
endfacet
facet normal -0.5779108451556697 -0.8148134558088089 -0.04580488275681849
  outer loop
    vertex 485.8961004531042 381.7617996626014 312.53414911789775
    vertex 486.20409945310416 381.85579366260123 306.9761491178977
    vertex 487.1060924531043 381.2597856626012 306.19814911789763
  endloop
endfacet
facet normal -0.5337948248140969 -0.8445771380582714 -0.041863383415431145
  outer loop
    vertex 487.10209445310426 380.82979266260133 314.67014911789767
    vertex 486.9481024531043 381.11577266260133 310.8641491178976
    vertex 488.1181004531042 380.57179666260123 306.92014911789767
  endloop
endfacet
facet normal -0.6221195233747538 -0.7813387645116481 -0.049769807186494264
  outer loop
    vertex 484.1120884531043 382.6097916626011 322.10014911789773
    vertex 483.83608745310426 383.14778566260094 317.10414911789775
    vertex 485.48209945310424 381.6557816626011 319.9521481178977
  endloop
endfacet
facet normal -0.3237874553445958 -0.9458177148747361 -0.024300905139606907
  outer loop
    vertex 496.37809545310427 376.4537856626013 319.9521481178977
    vertex 494.94009145310423 377.0817766626014 314.6701491178977
    vertex 495.5061014531042 376.98579866260144 310.86414911789774
  endloop
endfacet
facet normal -0.3903296241656984 -0.9201645314809991 -0.030659737491015467
  outer loop
    vertex 494.7541024531042 377.57579466260137 301.04014811789773
    vertex 493.05209145310414 378.4657786626012 295.99814811789764
    vertex 494.42410045310413 377.8837786626013 295.99814811789764
  endloop
endfacet
facet normal -0.31872848943462495 -0.9475193089165357 -0.024885924798022246
  outer loop
    vertex 496.37809545310427 376.4537856626013 319.9521481178977
    vertex 495.5061014531042 376.98579866260144 310.86414911789774
    vertex 496.64809945310424 376.5577896626013 312.5341491178977
  endloop
endfacet
facet normal -0.3698939993347877 -0.9287707118866824 -0.023735922093348676
  outer loop
    vertex 491.97009045310415 377.9617806626013 323.6701491178977
    vertex 492.9600964531042 377.70177166260095 318.4161491178977
    vertex 493.3000924531042 377.44578966260104 323.13415011789766
  endloop
endfacet
facet normal -0.4083747340077445 -0.9120674533980324 -0.036919332010913075
  outer loop
    vertex 492.30009245310424 378.33177666260127 308.1021491178977
    vertex 490.91608945310423 378.7697946626013 312.5901491178977
    vertex 491.2320994531042 378.89177366260145 306.08414811789766
  endloop
endfacet
facet normal -0.4083747340077445 -0.9120674533980324 -0.036919332010913075
  outer loop
    vertex 490.91608945310423 378.7697946626013 312.5901491178977
    vertex 492.30009245310424 378.33177666260127 308.1021491178977
    vertex 491.9300974531043 378.2837716626014 313.38415011789766
  endloop
endfacet
facet normal -0.6758269163422937 -0.7352324819745962 -0.051876551511657557
  outer loop
    vertex 482.17609945310426 384.5077706626013 318.85014911789773
    vertex 482.9400914531043 384.09578366260155 314.7361491178977
    vertex 483.0100994531043 383.7717786626014 318.4161491178977
  endloop
endfacet
facet normal -0.5025420931508011 -0.8634537452900221 -0.04357837027982228
  outer loop
    vertex 488.77609045310425 379.9137766626013 312.37015011789765
    vertex 488.1181004531042 380.57179666260123 306.92014911789767
    vertex 489.85209445310414 379.7137956626012 303.9241491178977
  endloop
endfacet
facet normal -0.3511114416326988 -0.9358963408496407 -0.028614589615463513
  outer loop
    vertex 494.94009145310423 377.0817766626014 314.6701491178977
    vertex 494.53210245310413 377.4717906626012 306.9201491178977
    vertex 495.5061014531042 376.98579866260144 310.86414911789774
  endloop
endfacet
facet normal -0.3842985709797191 -0.9227275050192245 -0.029808720602245597
  outer loop
    vertex 494.53210245310413 377.4717906626012 306.9201491178977
    vertex 492.9060954531042 378.24577766260126 303.9241491178977
    vertex 493.74609145310427 377.96577866260134 301.76214811789765
  endloop
endfacet
facet normal -0.4073938184754701 -0.912869309764192 -0.02645562243878702
  outer loop
    vertex 490.3961004531043 378.64778566260105 323.67014911789767
    vertex 490.6240974531043 378.6857806626012 318.84814811789767
    vertex 491.79809345310423 378.16179366260127 318.8501491178977
  endloop
endfacet
facet normal -0.42793434497324684 -0.9034111390911281 -0.02684232028698035
  outer loop
    vertex 493.74609145310427 377.96577866260134 301.76214811789765
    vertex 491.72208945310416 379.0957836626012 295.99814811789764
    vertex 493.05209145310414 378.4657786626012 295.99814811789764
  endloop
endfacet
facet normal -0.3539428645960237 -0.9348541785052993 -0.02778693097020321
  outer loop
    vertex 495.5061014531042 376.98579866260144 310.86414911789774
    vertex 494.53210245310413 377.4717906626012 306.9201491178977
    vertex 495.0240914531042 377.3497816626013 304.7581481178977
  endloop
endfacet
facet normal -0.31444347814440265 -0.9487572298318396 -0.03138499473099267
  outer loop
    vertex 495.79609445310416 377.0177806626013 306.19814911789774
    vertex 495.86810045310426 377.15977966260124 301.18414811789773
    vertex 497.05810345310425 376.75578766260134 301.4741481178977
  endloop
endfacet
facet normal -0.31237975589919476 -0.9494580390467217 -0.030794807905124663
  outer loop
    vertex 496.8500954531043 376.6457716626014 306.9761491178977
    vertex 495.79609445310416 377.0177806626013 306.19814911789774
    vertex 497.05810345310425 376.75578766260134 301.4741481178977
  endloop
endfacet
facet normal -0.5107401351495073 -0.8584314165832462 -0.04732882177219594
  outer loop
    vertex 489.27808945310426 380.14577166260136 301.76214811789765
    vertex 488.4440894531043 380.6817826626013 301.0401481178977
    vertex 490.43409545310425 379.77577666260123 295.99814811789764
  endloop
endfacet
facet normal -0.7069129307753271 -0.7052744340561937 -0.053498420251007615
  outer loop
    vertex 481.37409745310424 385.31178766260126 318.84814811789767
    vertex 482.4360944531042 384.66179366260144 313.38415011789766
    vertex 482.17609945310426 384.5077706626013 318.85014911789773
  endloop
endfacet
facet normal -0.452478667468025 -0.890877608318533 -0.040001780997990385
  outer loop
    vertex 490.0140964531042 379.4197886626014 308.1021491178977
    vertex 491.72208945310416 379.0957836626012 295.99814811789764
    vertex 491.2320994531042 378.89177366260145 306.08414811789766
  endloop
endfacet
facet normal -0.45133141294674634 -0.8914973098230914 -0.03914718720016272
  outer loop
    vertex 489.8641034531042 379.26378266260133 313.38415011789766
    vertex 490.0140964531042 379.4197886626014 308.1021491178977
    vertex 491.2320994531042 378.89177366260145 306.08414811789766
  endloop
endfacet
facet normal -0.3459012856597267 -0.9377154222297425 -0.03228137994950403
  outer loop
    vertex 495.86810045310426 377.15977966260124 301.18414811789773
    vertex 494.7541024531042 377.57579466260137 301.04014811789773
    vertex 495.8300914531043 377.35377966260126 295.99814811789776
  endloop
endfacet
facet normal -0.3459012856597267 -0.9377154222297425 -0.03228137994950403
  outer loop
    vertex 494.7541024531042 377.57579466260137 301.04014811789773
    vertex 495.86810045310426 377.15977966260124 301.18414811789773
    vertex 495.0240914531042 377.3497816626013 304.7581481178977
  endloop
endfacet
facet normal -0.5385051231468689 -0.8414889838177141 -0.0436866393535417
  outer loop
    vertex 486.9481024531043 381.11577266260133 310.8641491178976
    vertex 487.8840924531043 380.83379066260136 304.7581481178977
    vertex 488.1181004531042 380.57179666260123 306.92014911789767
  endloop
endfacet
facet normal -0.40645844035238804 -0.9128699048673993 -0.03821090228834762
  outer loop
    vertex 492.30009245310424 378.33177666260127 308.1021491178977
    vertex 491.2320994531042 378.89177366260145 306.08414811789766
    vertex 491.72208945310416 379.0957836626012 295.99814811789764
  endloop
endfacet
facet normal -0.6796351070074806 -0.7316372575142056 -0.05294378849329099
  outer loop
    vertex 482.17609945310426 384.5077706626013 318.85014911789773
    vertex 482.4360944531042 384.66179366260144 313.38415011789766
    vertex 482.9400914531043 384.09578366260155 314.7361491178977
  endloop
endfacet
facet normal -0.49862423803583766 -0.865865973227238 -0.04062001539177987
  outer loop
    vertex 488.1181004531042 380.57179666260123 306.92014911789767
    vertex 489.27808945310426 380.14577166260136 301.76214811789765
    vertex 489.85209445310414 379.7137956626012 303.9241491178977
  endloop
endfacet
facet normal -0.3817937241808909 -0.9236164230292412 -0.03415048003697195
  outer loop
    vertex 493.74609145310427 377.96577866260134 301.76214811789765
    vertex 493.05209145310414 378.4657786626012 295.99814811789764
    vertex 494.7541024531042 377.57579466260137 301.04014811789773
  endloop
endfacet
facet normal -0.5089680708710889 -0.8598653134286244 -0.03978876218300658
  outer loop
    vertex 488.47610245310415 379.821796662601 318.41614911789765
    vertex 487.6461004531042 380.373798662601 317.10414911789763
    vertex 489.03410145310426 379.6617936626013 314.73614911789764
  endloop
endfacet
facet normal -0.7112064996420987 -0.7008392370842114 -0.0548605380036883
  outer loop
    vertex 481.7700934531043 385.3997996626014 312.5901491178977
    vertex 482.4360944531042 384.66179366260144 313.38415011789766
    vertex 481.37409745310424 385.31178766260126 318.84814811789767
  endloop
endfacet
facet normal -0.674755870121405 -0.7364999580474969 -0.04766893676956696
  outer loop
    vertex 482.1520974531043 384.21779266260125 323.6701491178977
    vertex 482.17609945310426 384.5077706626013 318.85014911789773
    vertex 483.0100994531043 383.7717786626014 318.4161491178977
  endloop
endfacet
facet normal -0.3155197612260654 -0.9485596870663675 -0.02611130690719845
  outer loop
    vertex 495.5061014531042 376.98579866260144 310.86414911789774
    vertex 495.79609445310416 377.0177806626013 306.19814911789774
    vertex 496.8500954531043 376.6457716626014 306.9761491178977
  endloop
endfacet
facet normal -0.31659629743315776 -0.9481896945493882 -0.026515799100790497
  outer loop
    vertex 496.64809945310424 376.5577896626013 312.5341491178977
    vertex 495.5061014531042 376.98579866260144 310.86414911789774
    vertex 496.8500954531043 376.6457716626014 306.9761491178977
  endloop
endfacet
facet normal -0.6696745955649704 -0.7410471560238884 -0.048836959403714866
  outer loop
    vertex 482.1520974531043 384.21779266260125 323.6701491178977
    vertex 483.1140874531043 383.3837786626013 323.1341501178977
    vertex 482.5881024531043 383.8237806626013 323.6701491178977
  endloop
endfacet
facet normal -0.3785189719497771 -0.9251468644664559 -0.028751818063719955
  outer loop
    vertex 495.0240914531042 377.3497816626013 304.7581481178977
    vertex 493.74609145310427 377.96577866260134 301.76214811789765
    vertex 494.7541024531042 377.57579466260137 301.04014811789773
  endloop
endfacet
facet normal -0.4518346674196771 -0.8917042733829769 -0.026625591980031973
  outer loop
    vertex 488.9040964531043 379.40379766260133 323.67014911789767
    vertex 489.49209345310413 379.2497756626012 318.8501491178977
    vertex 490.3961004531043 378.64778566260105 323.67014911789767
  endloop
endfacet
facet normal -0.6549997038522979 -0.7537043669384876 -0.05389912069093081
  outer loop
    vertex 483.0100994531043 383.7717786626014 318.4161491178977
    vertex 482.9400914531043 384.09578366260155 314.7361491178977
    vertex 483.83608745310426 383.14778566260094 317.10414911789775
  endloop
endfacet
facet normal -0.6495962450766806 -0.7584488319615005 -0.05272653675818949
  outer loop
    vertex 484.5601024531043 382.7037856626013 314.6701491178977
    vertex 483.3900884531043 383.86577266260144 312.3701501178977
    vertex 483.9540994531042 383.57777866260136 309.5641491178977
  endloop
endfacet
facet normal 0.06776588006171835 0.9953337351693816 0.06869163801532437
  outer loop
    vertex 503.6120884531042 378.8757826626014 328.58014911789763
    vertex 509.06410045310423 379.0217786626014 321.08614911789766
    vertex 503.6000954531042 379.3937876626014 321.08614911789766
  endloop
endfacet
facet normal -0.6018327880124898 0.7949771380847969 0.07621446841394103
  outer loop
    vertex 532.9040964531042 387.4097796626014 328.58014911789775
    vertex 535.5400974531042 390.1237986626013 321.08614911789766
    vertex 532.3460974531042 387.70579966260135 321.0861491178977
  endloop
endfacet
facet normal -0.6488138561715303 -0.7593162627360278 -0.049793505444187446
  outer loop
    vertex 487.38409245310424 383.2137956626011 323.6661491178977
    vertex 483.3040904531043 386.37779666260127 328.58014911789763
    vertex 483.54809345310423 386.49177966260135 323.66614911789765
  endloop
endfacet
facet normal -0.6488138561715303 -0.7593162627360278 -0.049793505444187446
  outer loop
    vertex 483.3040904531043 386.37779666260127 328.58014911789763
    vertex 487.38409245310424 383.2137956626011 323.6661491178977
    vertex 487.1780984531042 383.0677996626014 328.58014911789775
  endloop
endfacet
facet normal 0.5735459679215312 -0.817008398274281 0.059517222971570014
  outer loop
    vertex 488.98209945310424 412.68779466260133 328.58014911789763
    vertex 489.2440924531043 412.3257946626012 321.08614911789766
    vertex 491.6400884531043 414.00780166260125 321.0861491178977
  endloop
endfacet
facet normal -0.09793895006231285 0.9951689775642105 0.006831409407708369
  outer loop
    vertex 514.6060924531043 379.14378766260165 333.95015111789763
    vertex 509.30009245310424 378.6337786626017 332.1761491178977
    vertex 509.1800974531042 378.60979166260165 333.95015111789763
  endloop
endfacet
facet normal -0.771705101124858 -0.6337666665144293 -0.053019329617232845
  outer loop
    vertex 479.83408945310435 390.15379766260145 333.95015111789775
    vertex 483.54809345310423 386.49177966260135 323.66614911789765
    vertex 483.3040904531043 386.37779666260127 328.58014911789763
  endloop
endfacet
facet normal 0.7901886514650966 -0.6104828071256272 -0.05396885490527214
  outer loop
    vertex 537.9360944531043 390.1237986626013 328.58014911789763
    vertex 535.0621014531043 386.4037976626014 328.58014911789775
    vertex 534.8160984531042 386.5197946626014 323.66614911789776
  endloop
endfacet
facet normal -0.494584599389774 -0.8659278046032098 0.07453261877542003
  outer loop
    vertex 529.3420994531043 412.7097976626015 328.58014911789775
    vertex 524.6060924531042 414.76979466260127 321.0861491178977
    vertex 528.8500954531042 412.34578366260126 321.0861491178977
  endloop
endfacet
facet normal -0.7937290520507696 0.6041003927234119 -0.07111193600237666
  outer loop
    vertex 483.5361004531043 410.5417986626013 323.66614911789765
    vertex 480.6880924531042 406.79979366260125 323.66614911789765
    vertex 479.8260934531043 406.87779666260127 333.95015111789763
  endloop
endfacet
facet normal 0.6493388843543053 -0.7583478442343151 0.057162578761575
  outer loop
    vertex 485.43409545310425 409.6497996626013 328.5801491178977
    vertex 485.76209845310433 409.3657726626012 321.0861491178977
    vertex 488.98209945310424 412.68779466260133 328.58014911789763
  endloop
endfacet
facet normal -0.5718559154072119 0.8203540569965738 -0.000182162130611115
  outer loop
    vertex 490.75208845310414 416.18379666260125 328.5801491178977
    vertex 490.72208945310416 416.1617936626013 323.6661491178977
    vertex 487.3681004531043 413.82378066260134 323.66614911789776
  endloop
endfacet
facet normal 0.19144653671447467 0.04752605463489958 0.980351721430056
  outer loop
    vertex 514.4241004531043 377.23778166260166 328.1281491178977
    vertex 514.3520944531042 379.30177766260164 328.0421511178977
    vertex 513.9280984531042 379.23579866260127 328.1281491178977
  endloop
endfacet
facet normal 0.1903705283667153 0.04749730385899242 0.9805626283188159
  outer loop
    vertex 514.8500954531042 377.30577566260155 328.0421511178977
    vertex 514.3520944531042 379.30177766260164 328.0421511178977
    vertex 514.4241004531043 377.23778166260166 328.1281491178977
  endloop
endfacet
facet normal 0.16579119166818146 -0.9852094614204971 -0.04330817351006946
  outer loop
    vertex 515.2600994531042 377.2137956626016 333.9501511178977
    vertex 514.4241004531043 377.23778166260166 330.20414911789766
    vertex 514.8500954531042 377.30577566260155 330.28814911789766
  endloop
endfacet
facet normal -0.5414461320683066 -0.13495419843436107 -0.8298333871285302
  outer loop
    vertex 515.1360914531042 379.42580066260166 329.9601501178977
    vertex 515.2740914531042 377.37178466260156 330.20414911789766
    vertex 514.7760904531043 379.36980166260156 330.20414911789766
  endloop
endfacet
facet normal -0.5414461320683066 -0.13495419843436107 -0.8298333871285302
  outer loop
    vertex 515.2740914531042 377.37178466260156 330.20414911789766
    vertex 515.1360914531042 379.42580066260166 329.9601501178977
    vertex 515.6340924531044 377.4277846626013 329.9601501178977
  endloop
endfacet
facet normal -0.6495377321141809 0.7586857605328821 -0.04996650202494654
  outer loop
    vertex 483.2920964531043 410.6577956626013 328.58014911789763
    vertex 487.3681004531043 413.82378066260134 323.66614911789776
    vertex 483.5361004531043 410.5417986626013 323.66614911789765
  endloop
endfacet
facet normal -0.6495377321141809 0.7586857605328821 -0.04996650202494654
  outer loop
    vertex 487.3681004531043 413.82378066260134 323.66614911789776
    vertex 483.2920964531043 410.6577956626013 328.58014911789763
    vertex 487.16209145310427 413.9697766626013 328.58014911789775
  endloop
endfacet
facet normal 0.7050967044450618 0.7072848704036199 -0.05086009711795618
  outer loop
    vertex 531.1760994531041 413.9937936626013 328.58014911789775
    vertex 535.0480934531041 410.13377866260134 328.58014911789763
    vertex 530.9680914531042 413.84779766260135 323.6661491178977
  endloop
endfacet
facet normal 0.4979346056137751 0.8650798911429262 0.060810447066252514
  outer loop
    vertex 493.32209545310434 381.86177466260136 328.58014911789775
    vertex 489.25810045310425 384.72777266260124 321.08614911789766
    vertex 488.99609145310427 384.3517956626012 328.58014911789763
  endloop
endfacet
facet normal 0.3503594793275382 0.935578584357485 -0.044056188407314706
  outer loop
    vertex 526.4580974531042 416.70778366260134 328.58014911789763
    vertex 526.2940954531042 416.53780066260134 323.66614911789765
    vertex 520.9640934531043 418.53380266260143 323.66614911789776
  endloop
endfacet
facet normal 2.3111159332763138e-32 -1.0 0.0
  outer loop
    vertex 534.8040904531042 410.13377866260134 323.66614911789765
    vertex 532.2720924531043 410.13377866260134 328.58014911789763
    vertex 532.2720924531043 410.13377866260134 321.08614911789766
  endloop
endfacet
facet normal 2.3111159332763138e-32 -1.0 0.0
  outer loop
    vertex 532.2720924531043 410.13377866260134 328.58014911789763
    vertex 534.8040904531042 410.13377866260134 323.66614911789765
    vertex 535.0480934531041 410.13377866260134 328.58014911789763
  endloop
endfacet
facet normal -0.8079610160146063 -0.20138241798115933 -0.5537545650635369
  outer loop
    vertex 515.1360914531042 379.42580066260166 329.9601501178977
    vertex 515.8740974531042 377.46577866260145 329.5961511178977
    vertex 515.6340924531044 377.4277846626013 329.9601501178977
  endloop
endfacet
facet normal -0.8079610160146063 -0.20138241798115933 -0.5537545650635369
  outer loop
    vertex 515.8740974531042 377.46577866260145 329.5961511178977
    vertex 515.1360914531042 379.42580066260166 329.9601501178977
    vertex 515.3760964531043 379.46379566260146 329.5961511178977
  endloop
endfacet
facet normal -0.4981827334384261 -0.8658246872253903 -0.04649274238924972
  outer loop
    vertex 491.89610045310417 380.3537796626013 328.58014911789763
    vertex 487.38409245310424 383.2137956626011 323.6661491178977
    vertex 492.0580884531041 380.5237926626013 323.66614911789765
  endloop
endfacet
facet normal -0.4981827334384261 -0.8658246872253903 -0.04649274238924972
  outer loop
    vertex 487.38409245310424 383.2137956626011 323.6661491178977
    vertex 491.89610045310417 380.3537796626013 328.58014911789763
    vertex 487.1780984531042 383.0677996626014 328.58014911789775
  endloop
endfacet
facet normal 0.9166920610249555 0.39952612535255055 -0.007385148244777347
  outer loop
    vertex 490.75208845310414 416.18379666260125 328.5801491178977
    vertex 491.6400884531043 414.00780166260125 321.0861491178977
    vertex 490.72208945310416 416.1617936626013 323.6661491178977
  endloop
endfacet
facet normal -0.1275591113928674 0.9918286369886832 0.0021512670296569072
  outer loop
    vertex 517.0120984531043 379.6717726626014 330.71615011789766
    vertex 515.4620954531042 379.47578866260164 329.16615111789764
    vertex 515.3760964531043 379.46379566260146 329.5961511178977
  endloop
endfacet
facet normal -0.13076379070424268 0.9913910454970231 -0.006680265636675691
  outer loop
    vertex 511.69209045310424 378.9337966626014 330.71615011789766
    vertex 513.3260934531042 379.1417736626014 329.5961511178977
    vertex 513.2420934531042 379.12779666260127 329.16615111789764
  endloop
endfacet
facet normal -0.5243350137076227 0.8502005971966569 -0.047241273550519575
  outer loop
    vertex 487.16209145310427 413.9697766626013 328.58014911789775
    vertex 490.75208845310414 416.18379666260125 328.5801491178977
    vertex 487.3681004531043 413.82378066260134 323.66614911789776
  endloop
endfacet
facet normal 0.0 0.0 1.0
  outer loop
    vertex 485.43409545310425 409.6497996626013 328.5801491178977
    vertex 487.16209145310427 413.9697766626013 328.58014911789775
    vertex 483.2920964531043 410.6577956626013 328.58014911789763
  endloop
endfacet
facet normal 0.0 0.0 1.0
  outer loop
    vertex 487.16209145310427 413.9697766626013 328.58014911789775
    vertex 485.43409545310425 409.6497996626013 328.5801491178977
    vertex 488.98209945310424 412.68779466260133 328.58014911789763
  endloop
endfacet
facet normal 0.0 0.0 1.0
  outer loop
    vertex 487.16209145310427 413.9697766626013 328.58014911789775
    vertex 488.98209945310424 412.68779466260133 328.58014911789763
    vertex 490.75208845310414 416.18379666260125 328.5801491178977
  endloop
endfacet
facet normal 0.0 0.0 1.0
  outer loop
    vertex 490.75208845310414 416.18379666260125 328.5801491178977
    vertex 488.98209945310424 412.68779466260133 328.58014911789763
    vertex 491.4600964531042 414.41579166260135 328.58014911789775
  endloop
endfacet
facet normal 0.0 0.0 1.0
  outer loop
    vertex 487.1780984531042 383.0677996626014 328.58014911789775
    vertex 485.44608845310427 387.3857926626012 328.58014911789763
    vertex 483.3040904531043 386.37779666260127 328.58014911789763
  endloop
endfacet
facet normal 0.0 0.0 1.0
  outer loop
    vertex 485.44608845310427 387.3857926626012 328.58014911789763
    vertex 487.1780984531042 383.0677996626014 328.58014911789775
    vertex 488.99609145310427 384.3517956626012 328.58014911789763
  endloop
endfacet
facet normal 0.0 0.0 1.0
  outer loop
    vertex 488.99609145310427 384.3517956626012 328.58014911789763
    vertex 487.1780984531042 383.0677996626014 328.58014911789775
    vertex 491.89610045310417 380.3537796626013 328.58014911789763
  endloop
endfacet
facet normal 0.0 0.0 1.0
  outer loop
    vertex 488.99609145310427 384.3517956626012 328.58014911789763
    vertex 491.89610045310417 380.3537796626013 328.58014911789763
    vertex 493.32209545310434 381.86177466260136 328.58014911789775
  endloop
endfacet
facet normal -0.9974484548503474 0.04944738269283662 0.05149307003357742
  outer loop
    vertex 507.86810045310426 420.68379666260165 333.95015111789775
    vertex 507.06410045310423 417.8617746626015 321.08614911789766
    vertex 507.7760904531043 418.82777866260165 333.95015111789763
  endloop
endfacet
facet normal -0.1254422776327566 0.9921009197568091 2.1604238556396595e-18
  outer loop
    vertex 517.0120984531043 379.6717726626014 330.71615011789766
    vertex 517.0120984531043 379.6717726626014 327.6161501178977
    vertex 515.4620954531042 379.47578866260164 329.16615111789764
  endloop
endfacet
facet normal 0.5005725430525748 -0.47802770062907673 0.7217455552846559
  outer loop
    vertex 526.4580974531042 416.70778366260134 328.58014911789763
    vertex 521.0760934531042 419.1797986626016 333.95015111789775
    vertex 525.0160954531042 415.19777366260143 328.58014911789763
  endloop
endfacet
facet normal -0.12037861870857369 -0.9927031877383927 -0.007026322782900414
  outer loop
    vertex 514.9720894531042 418.30977266260163 332.26615011789767
    vertex 512.3081034531042 418.64378766260137 330.71615011789766
    vertex 514.5480934531042 418.37578266260147 330.20414911789766
  endloop
endfacet
facet normal 0.0 0.0 1.0
  outer loop
    vertex 514.9560984531042 418.3157846626016 333.95015111789763
    vertex 507.86810045310426 420.68379666260165 333.95015111789775
    vertex 507.7760904531043 418.82777866260165 333.95015111789763
  endloop
endfacet
facet normal 0.0 0.0 1.0
  outer loop
    vertex 507.86810045310426 420.68379666260165 333.95015111789775
    vertex 514.9560984531042 418.3157846626016 333.95015111789763
    vertex 515.2380964531043 420.1177866626016 333.95015111789775
  endloop
endfacet
facet normal 0.0 0.0 1.0
  outer loop
    vertex 515.2380964531043 420.1177866626016 333.95015111789775
    vertex 514.9560984531042 418.3157846626016 333.95015111789763
    vertex 520.0820904531043 417.5078016626017 333.95015111789763
  endloop
endfacet
facet normal 0.0 0.0 1.0
  outer loop
    vertex 515.2380964531043 420.1177866626016 333.95015111789775
    vertex 520.0820904531043 417.5078016626017 333.95015111789763
    vertex 521.0760934531042 419.1797986626016 333.95015111789775
  endloop
endfacet
facet normal 0.6048963060447036 -0.35961113739878486 0.7104789150933507
  outer loop
    vertex 525.0160954531042 415.19777366260143 328.58014911789763
    vertex 521.0760934531042 419.1797986626016 333.95015111789775
    vertex 520.0820904531043 417.5078016626017 333.95015111789763
  endloop
endfacet
facet normal 0.5170868522847877 0.4957951295867675 0.6977165446456394
  outer loop
    vertex 526.4781014531043 380.37178466260144 328.58014911789775
    vertex 525.0341014531042 381.8777966626014 328.5801491178977
    vertex 521.0980964531043 378.4258006626017 333.95015111789763
  endloop
endfacet
facet normal 0.3260661890787318 0.6928930778896706 0.6431018760291808
  outer loop
    vertex 482.2080974531043 406.18379666260137 333.95015111789763
    vertex 485.43409545310425 409.6497996626013 328.5801491178977
    vertex 483.2920964531043 410.6577956626013 328.58014911789763
  endloop
endfacet
facet normal -0.9148437162291682 -0.3958540339504674 -0.07975311079291775
  outer loop
    vertex 478.06210145310433 394.2517896626013 333.95015111789763
    vertex 480.6980874531043 390.2318006626013 323.6661491178977
    vertex 479.83408945310435 390.15379766260145 333.95015111789775
  endloop
endfacet
facet normal -0.9148437162291682 -0.3958540339504674 -0.07975311079291775
  outer loop
    vertex 480.6980874531043 390.2318006626013 323.6661491178977
    vertex 478.06210145310433 394.2517896626013 333.95015111789763
    vertex 478.9400914531043 394.29179866260137 323.66614911789765
  endloop
endfacet
facet normal 0.5415419930066218 0.134436418511162 -0.8298548783903774
  outer loop
    vertex 513.9280984531042 379.23579866260127 330.20414911789766
    vertex 514.0641004531043 377.18178266260156 329.9601501178977
    vertex 513.5680974531042 379.17979866260157 329.9601501178977
  endloop
endfacet
facet normal 0.5415419930066218 0.134436418511162 -0.8298548783903774
  outer loop
    vertex 514.0641004531043 377.18178266260156 329.9601501178977
    vertex 513.9280984531042 379.23579866260127 330.20414911789766
    vertex 514.4241004531043 377.23778166260166 330.20414911789766
  endloop
endfacet
facet normal 0.145736290876713 -0.9884675276468257 -0.04114462673630833
  outer loop
    vertex 515.2600994531042 377.2137956626016 333.9501511178977
    vertex 514.8500954531042 377.30577566260155 330.28814911789766
    vertex 515.2740914531042 377.37178466260156 330.20414911789766
  endloop
endfacet
facet normal 0.21246282961880536 0.7292324351633073 0.6504456945327285
  outer loop
    vertex 482.2080974531043 406.18379666260137 333.95015111789763
    vertex 483.2920964531043 410.6577956626013 328.58014911789763
    vertex 479.8260934531043 406.87779666260127 333.95015111789763
  endloop
endfacet
facet normal 0.17212181206820582 -0.9850178411572781 0.010674006380585183
  outer loop
    vertex 521.0980964531043 378.4258006626017 333.95015111789763
    vertex 515.6340924531044 377.4277846626013 329.9601501178977
    vertex 515.8740974531042 377.46577866260145 329.5961511178977
  endloop
endfacet
facet normal 0.1863026436987658 -0.9822824675790618 -0.020309575023623967
  outer loop
    vertex 515.8740974531042 377.46577866260145 328.7361511178977
    vertex 515.6340924531044 377.4277846626013 328.37214911789766
    vertex 520.9840984531043 378.53978366260145 323.66614911789765
  endloop
endfacet
facet normal -0.9834233060591199 -0.15425858195930445 0.09530420238192566
  outer loop
    vertex 507.86810045310426 420.68379666260165 333.95015111789775
    vertex 506.9840984531043 419.96577866260134 323.6661491178977
    vertex 507.06410045310423 417.8617746626015 321.08614911789766
  endloop
endfacet
facet normal -0.13554718296039073 0.9906714873733675 -0.01403443254792152
  outer loop
    vertex 515.3760964531043 379.46379566260146 328.7361511178977
    vertex 517.0120984531043 379.6717726626014 327.6161501178977
    vertex 515.1360914531042 379.42580066260166 328.37214911789766
  endloop
endfacet
facet normal 0.36455086791392155 0.9290949358666994 -0.06233189272002124
  outer loop
    vertex 521.0760934531042 419.1797986626016 333.95015111789775
    vertex 526.4580974531042 416.70778366260134 328.58014911789763
    vertex 520.9640934531043 418.53380266260143 323.66614911789776
  endloop
endfacet
facet normal -0.06865221357287092 -0.9976089405206593 -0.007954581371310401
  outer loop
    vertex 509.1880924531043 376.8037916626016 333.9501511178977
    vertex 503.17210145310423 377.2997936626015 323.6661491178977
    vertex 509.1880924531043 376.88579266260143 323.6661491178977
  endloop
endfacet
facet normal -0.4982760200091334 0.8634943207406337 0.0780933155431983
  outer loop
    vertex 525.0341014531042 381.8777966626014 328.5801491178977
    vertex 529.3560924531042 384.37178466260144 328.58014911789763
    vertex 524.6220984531043 382.3177996626014 321.0861491178977
  endloop
endfacet
facet normal 0.27215811498984105 -0.6888121815623371 0.6719134906939364
  outer loop
    vertex 490.72208945310416 416.1617936626013 323.6661491178977
    vertex 491.6400884531043 414.00780166260125 321.0861491178977
    vertex 497.78010345310423 416.43379666260154 321.08614911789766
  endloop
endfacet
facet normal -0.13535366135993682 0.9907053201423223 0.013503888260744043
  outer loop
    vertex 513.3260934531042 379.1417736626014 328.7361511178977
    vertex 513.5680974531042 379.17979866260157 328.37214911789766
    vertex 511.69209045310424 378.9337966626014 327.6161501178977
  endloop
endfacet
facet normal 0.6951772692249685 0.71800906499662 -0.034518791050607664
  outer loop
    vertex 535.0480934531041 410.13377866260134 328.58014911789763
    vertex 534.8040904531042 410.13377866260134 323.66614911789765
    vertex 530.9680914531042 413.84779766260135 323.6661491178977
  endloop
endfacet
facet normal -0.7933630713824525 -0.604565994046132 -0.07123900483312592
  outer loop
    vertex 480.6980874531043 390.2318006626013 323.6661491178977
    vertex 483.54809345310423 386.49177966260135 323.66614911789765
    vertex 479.83408945310435 390.15379766260145 333.95015111789775
  endloop
endfacet
facet normal -0.18702787720190103 -0.04663976163706756 -0.9812468118591715
  outer loop
    vertex 514.7760904531043 379.36980166260156 330.20414911789766
    vertex 514.8500954531042 377.30577566260155 330.28814911789766
    vertex 514.3520944531042 379.30177766260164 330.28814911789766
  endloop
endfacet
facet normal -0.18702787720190103 -0.04663976163706756 -0.9812468118591715
  outer loop
    vertex 514.8500954531042 377.30577566260155 330.28814911789766
    vertex 514.7760904531043 379.36980166260156 330.20414911789766
    vertex 515.2740914531042 377.37178466260156 330.20414911789766
  endloop
endfacet
facet normal 0.5710222260206347 -0.8188621641197618 0.05829557070257911
  outer loop
    vertex 491.4600964531042 414.41579166260135 328.58014911789775
    vertex 488.98209945310424 412.68779466260133 328.58014911789763
    vertex 491.6400884531043 414.00780166260125 321.0861491178977
  endloop
endfacet
facet normal 0.3512842356986597 -0.9352305945971 -0.04408084254144184
  outer loop
    vertex 526.4781014531043 380.37178466260144 328.58014911789775
    vertex 520.9840984531043 378.53978366260145 323.66614911789765
    vertex 526.3141004531042 380.5417986626014 323.66614911789776
  endloop
endfacet
facet normal 0.9175285897935317 0.3969917022921197 0.02321368610751602
  outer loop
    vertex 480.59010145310435 394.6057936626014 333.95015111789763
    vertex 482.2160924531043 390.84779766260135 333.9501511178977
    vertex 481.14809945310435 393.41777466260135 332.21214911789764
  endloop
endfacet
facet normal -0.49545591340076656 0.8653184365613378 0.07581188048884036
  outer loop
    vertex 529.3560924531042 384.37178466260144 328.58014911789763
    vertex 528.8661024531043 384.7477916626013 321.08614911789766
    vertex 524.6220984531043 382.3177996626014 321.0861491178977
  endloop
endfacet
facet normal 0.498175968928867 0.8658177596753938 -0.04669380057852196
  outer loop
    vertex 526.4580974531042 416.70778366260134 328.58014911789763
    vertex 530.9680914531042 413.84779766260135 323.6661491178977
    vertex 526.2940954531042 416.53780066260134 323.66614911789765
  endloop
endfacet
facet normal 0.498175968928867 0.8658177596753938 -0.04669380057852196
  outer loop
    vertex 530.9680914531042 413.84779766260135 323.6661491178977
    vertex 526.4580974531042 416.70778366260134 328.58014911789763
    vertex 531.1760994531041 413.9937936626013 328.58014911789775
  endloop
endfacet
facet normal -0.3568889231090166 -0.9313126130264414 0.07271253935841115
  outer loop
    vertex 520.0820904531043 417.5078016626017 333.95015111789763
    vertex 524.6060924531042 414.76979466260127 321.0861491178977
    vertex 525.0160954531042 415.19777366260143 328.58014911789763
  endloop
endfacet
facet normal 0.7803633074906331 0.6215439865779264 0.06867445719551177
  outer loop
    vertex 483.1840954531043 391.0537916626012 321.0861491178977
    vertex 482.2160924531043 390.84779766260135 333.9501511178977
    vertex 485.44608845310427 387.3857926626012 328.58014911789763
  endloop
endfacet
facet normal 0.32612357726113916 -0.6930147046676814 0.6429417014541552
  outer loop
    vertex 482.2160924531043 390.84779766260135 333.9501511178977
    vertex 483.3040904531043 386.37779666260127 328.58014911789763
    vertex 485.44608845310427 387.3857926626012 328.58014911789763
  endloop
endfacet
facet normal 0.7838552135664612 -0.6194258878168715 -0.04338863522811363
  outer loop
    vertex 537.9360944531043 390.1237986626013 328.58014911789763
    vertex 534.8160984531042 386.5197946626014 323.66614911789776
    vertex 537.6640904531042 390.1237986626013 323.66614911789765
  endloop
endfacet
facet normal -0.6770432590173403 0.18865402613539659 0.711352292357369
  outer loop
    vertex 509.1800974531042 378.60979166260165 333.95015111789763
    vertex 503.6120884531042 378.8757826626014 328.58014911789763
    vertex 503.11610245310413 377.09578366260166 328.5801491178977
  endloop
endfacet
facet normal -0.17038652798855664 0.9853592486931165 -0.005965072920081281
  outer loop
    vertex 520.1000954531042 380.0938006626016 333.95015111789775
    vertex 519.6300944531043 380.00178966260165 332.17614911789775
    vertex 514.6060924531043 379.14378766260165 333.95015111789763
  endloop
endfacet
facet normal 0.6495319077071875 -0.7586734085070976 -0.050229076185852484
  outer loop
    vertex 534.8160984531042 386.5197946626014 323.66614911789776
    vertex 531.1920904531042 383.0917856626014 328.58014911789763
    vertex 530.9840984531043 383.2377816626014 323.66614911789765
  endloop
endfacet
facet normal 0.6495319077071875 -0.7586734085070976 -0.050229076185852484
  outer loop
    vertex 531.1920904531042 383.0917856626014 328.58014911789763
    vertex 534.8160984531042 386.5197946626014 323.66614911789776
    vertex 535.0621014531043 386.4037976626014 328.58014911789775
  endloop
endfacet
facet normal -0.5412868902371726 -0.8373770016482489 0.07621193848708759
  outer loop
    vertex 529.3420994531043 412.7097976626015 328.58014911789775
    vertex 528.8500954531042 412.34578366260126 321.0861491178977
    vertex 532.2720924531043 410.13377866260134 321.08614911789766
  endloop
endfacet
facet normal 0.2078317048301156 0.9773311349863962 -0.04037121565683383
  outer loop
    vertex 516.2541024531042 419.7297866626013 328.3721491178977
    vertex 520.9640934531043 418.53380266260143 323.66614911789776
    vertex 515.1800974531043 419.76378266260133 323.6661491178977
  endloop
endfacet
facet normal 0.1627959782457213 -0.7555306351414854 0.6345635735131052
  outer loop
    vertex 503.1500984531043 419.75780166260137 323.66614911789776
    vertex 496.76409645310423 418.381794662601 323.66614911789765
    vertex 497.78010345310423 416.43379666260154 321.08614911789766
  endloop
endfacet
facet normal -0.13535370150469744 0.9907053135138094 -0.013503972174224456
  outer loop
    vertex 511.69209045310424 378.9337966626014 330.71615011789766
    vertex 513.5680974531042 379.17979866260157 329.9601501178977
    vertex 513.3260934531042 379.1417736626014 329.5961511178977
  endloop
endfacet
facet normal -0.9678637413744284 0.1674100700286213 0.1876529951418458
  outer loop
    vertex 540.4380924531042 397.31578466260163 313.21614811789766
    vertex 539.1941044531043 390.12379866260164 313.21614811789766
    vertex 540.2960944531043 389.92177266260126 319.08014911789763
  endloop
endfacet
facet normal -0.13554722474649977 0.9906714804180103 0.014034519938693688
  outer loop
    vertex 517.0120984531043 379.6717726626014 330.71615011789766
    vertex 515.3760964531043 379.46379566260146 329.5961511178977
    vertex 515.1360914531042 379.42580066260166 329.9601501178977
  endloop
endfacet
facet normal 0.6477202907722683 -0.760517662337179 -0.04551164900419182
  outer loop
    vertex 536.6620914531043 385.4357806626013 304.1361481178976
    vertex 536.0720954531042 385.04579566260134 302.2561481178976
    vertex 536.3720984531043 385.6758006626013 295.99814811789776
  endloop
endfacet
facet normal -0.15376176748496134 0.9881079489913542 0.0
  outer loop
    vertex 513.9280984531042 379.23579866260127 328.1281491178977
    vertex 514.3520944531042 379.30177766260164 328.0421511178977
    vertex 514.3520944531042 379.30177766260164 326.0661491178977
  endloop
endfacet
facet normal -0.1584097314602174 0.9873734637809048 -5.811652414937214e-18
  outer loop
    vertex 514.7760904531043 379.36980166260156 328.1281491178977
    vertex 514.3520944531042 379.30177766260164 326.0661491178977
    vertex 514.3520944531042 379.30177766260164 328.0421511178977
  endloop
endfacet
facet normal 0.12616524261852366 -0.9911478692885103 -0.041330772553330626
  outer loop
    vertex 515.2600994531042 377.2137956626016 333.9501511178977
    vertex 515.2740914531042 377.37178466260156 330.20414911789766
    vertex 515.6340924531044 377.4277846626013 329.9601501178977
  endloop
endfacet
facet normal 0.04187073691776791 -0.77373405476267 0.6321253466603604
  outer loop
    vertex 506.9840984531043 419.96577866260134 323.6661491178977
    vertex 503.5800914531043 417.67378666260134 321.08614911789766
    vertex 507.06410045310423 417.8617746626015 321.08614911789766
  endloop
endfacet
facet normal 0.04187073691776791 -0.77373405476267 0.6321253466603604
  outer loop
    vertex 503.5800914531043 417.67378666260134 321.08614911789766
    vertex 506.9840984531043 419.96577866260134 323.6661491178977
    vertex 503.1500984531043 419.75780166260137 323.66614911789776
  endloop
endfacet
facet normal 0.11838054044325953 0.9926370840873562 0.025645017818537695
  outer loop
    vertex 507.86810045310426 420.68379666260165 333.95015111789775
    vertex 514.6860944531043 419.97377466260156 329.96015011789774
    vertex 514.4461034531042 420.01179966260133 329.5961511178977
  endloop
endfacet
facet normal 0.0445895694555972 0.9962109439821506 -0.07466944077704597
  outer loop
    vertex 514.4461034531042 420.01179966260133 328.73615111789775
    vertex 514.6860944531043 419.97377466260156 328.3721491178977
    vertex 506.9840984531043 419.96577866260134 323.6661491178977
  endloop
endfacet
facet normal 0.046756866209973595 0.9961932092478812 -0.07357231347884848
  outer loop
    vertex 507.86810045310426 420.68379666260165 333.95015111789775
    vertex 514.3600904531042 420.02577666260146 329.1661511178977
    vertex 506.9840984531043 419.96577866260134 323.6661491178977
  endloop
endfacet
facet normal -0.011248057576840336 -0.9990707925758306 -0.04160568017290398
  outer loop
    vertex 509.1880924531043 376.8037916626016 333.9501511178977
    vertex 503.11610245310413 377.09578366260166 328.5801491178977
    vertex 503.17210145310423 377.2997936626015 323.6661491178977
  endloop
endfacet
facet normal 0.6554866637401662 -0.7538961529512056 -0.044472735739538805
  outer loop
    vertex 536.0720954531042 385.04579566260134 302.2561481178976
    vertex 535.4820994531042 384.5817766626013 301.42614811789764
    vertex 536.3720984531043 385.6758006626013 295.99814811789776
  endloop
endfacet
facet normal -0.13494331917348706 0.9908410066962348 -0.004939641650435333
  outer loop
    vertex 514.7760904531043 379.36980166260156 328.1281491178977
    vertex 517.0120984531043 379.6717726626014 327.6161501178977
    vertex 514.3520944531042 379.30177766260164 326.0661491178977
  endloop
endfacet
facet normal 0.16128861057393387 -0.7544189919801899 0.6362687864721356
  outer loop
    vertex 503.1500984531043 419.75780166260137 323.66614911789776
    vertex 497.78010345310423 416.43379666260154 321.08614911789766
    vertex 503.5800914531043 417.67378666260134 321.08614911789766
  endloop
endfacet
facet normal 0.21094462541436695 0.9767929938736968 -0.037118891794514705
  outer loop
    vertex 516.4940924531043 419.69179166260153 328.73615111789775
    vertex 520.9640934531043 418.53380266260143 323.66614911789776
    vertex 516.2541024531042 419.7297866626013 328.3721491178977
  endloop
endfacet
facet normal 0.014005594829136317 0.9994611592382415 -0.029685593941044076
  outer loop
    vertex 514.3600904531042 420.02577666260146 329.1661511178977
    vertex 514.4461034531042 420.01179966260133 328.73615111789775
    vertex 506.9840984531043 419.96577866260134 323.6661491178977
  endloop
endfacet
facet normal 0.534113805545774 -0.17249731278276145 0.8276274039736342
  outer loop
    vertex 514.5480934531042 418.37578266260147 328.1281491178977
    vertex 514.6860944531043 419.97377466260156 328.3721491178977
    vertex 514.1880924531043 418.43178266260156 328.37214911789766
  endloop
endfacet
facet normal 0.534113805545774 -0.17249731278276145 0.8276274039736342
  outer loop
    vertex 514.6860944531043 419.97377466260156 328.3721491178977
    vertex 514.5480934531042 418.37578266260147 328.1281491178977
    vertex 515.0460944531043 419.91777466260146 328.1281491178977
  endloop
endfacet
facet normal -0.9997069407429245 -1.7334152068600931e-19 -0.02420811083961472
  outer loop
    vertex 540.2960944531043 410.5837906626015 319.08014911789763
    vertex 540.4380924531042 397.31578466260163 313.21614811789766
    vertex 540.2960944531043 389.92177266260126 319.08014911789763
  endloop
endfacet
facet normal -0.9997069407429245 -1.7334152068600931e-19 -0.02420811083961472
  outer loop
    vertex 540.4380924531042 397.31578466260163 313.21614811789766
    vertex 540.2960944531043 410.5837906626015 319.08014911789763
    vertex 540.4380924531042 404.1077776626017 313.21614811789766
  endloop
endfacet
facet normal 0.14555908751487315 -0.9892732665888654 0.012286417477577345
  outer loop
    vertex 515.6340924531044 377.4277846626013 328.37214911789766
    vertex 515.2740914531042 377.37178466260156 328.1281491178977
    vertex 515.2021004531042 377.3057756626014 323.66614911789765
  endloop
endfacet
facet normal 0.16248364953684438 -0.9866216463334923 0.013296263361462305
  outer loop
    vertex 514.0641004531043 377.18178266260156 328.37214911789766
    vertex 515.2021004531042 377.3057756626014 323.66614911789765
    vertex 514.4241004531043 377.23778166260166 328.1281491178977
  endloop
endfacet
facet normal 0.1953841090028852 -0.980667171450809 -0.010814286283355512
  outer loop
    vertex 515.9580974531043 377.4777726626013 329.1661511178977
    vertex 515.8740974531042 377.46577866260145 328.7361511178977
    vertex 520.9840984531043 378.53978366260145 323.66614911789765
  endloop
endfacet
facet normal -0.7947442121235895 0.2553064681754561 -0.5506362180276831
  outer loop
    vertex 515.7581004531042 418.1857806626014 329.9601501178977
    vertex 516.4940924531043 419.69179166260153 329.5961511178977
    vertex 515.9980904531043 418.1477856626013 329.59615111789765
  endloop
endfacet
facet normal -0.7947442121235895 0.2553064681754561 -0.5506362180276831
  outer loop
    vertex 516.4940924531043 419.69179166260153 329.5961511178977
    vertex 515.7581004531042 418.1857806626014 329.9601501178977
    vertex 516.2541024531042 419.7297866626013 329.96015011789774
  endloop
endfacet
facet normal -0.5342892979079908 0.17163694604972535 -0.8276930015964312
  outer loop
    vertex 515.8941014531042 419.7857866626014 330.2041491178977
    vertex 515.7581004531042 418.1857806626014 329.9601501178977
    vertex 515.3980994531044 418.2417796626015 330.20414911789766
  endloop
endfacet
facet normal -0.5342892979079908 0.17163694604972535 -0.8276930015964312
  outer loop
    vertex 515.7581004531042 418.1857806626014 329.9601501178977
    vertex 515.8941014531042 419.7857866626014 330.2041491178977
    vertex 516.2541024531042 419.7297866626013 329.96015011789774
  endloop
endfacet
facet normal 0.1601393752194932 -0.9870103571695882 0.012881589353508749
  outer loop
    vertex 514.4241004531043 377.23778166260166 328.1281491178977
    vertex 515.2021004531042 377.3057756626014 323.66614911789765
    vertex 514.8500954531042 377.30577566260155 328.0421511178977
  endloop
endfacet
facet normal 0.10745763779682685 0.9918065950325358 -0.06908353008564269
  outer loop
    vertex 515.2380964531043 420.1177866626016 333.95015111789775
    vertex 516.2541024531042 419.7297866626013 329.96015011789774
    vertex 515.8941014531042 419.7857866626014 330.2041491178977
  endloop
endfacet
facet normal -0.5414476601556675 -0.13495457930660804 0.829832328145951
  outer loop
    vertex 515.2740914531042 377.37178466260156 328.1281491178977
    vertex 515.1360914531042 379.42580066260166 328.37214911789766
    vertex 514.7760904531043 379.36980166260156 328.1281491178977
  endloop
endfacet
facet normal -0.5414476601556675 -0.13495457930660804 0.829832328145951
  outer loop
    vertex 515.1360914531042 379.42580066260166 328.37214911789766
    vertex 515.2740914531042 377.37178466260156 328.1281491178977
    vertex 515.6340924531044 377.4277846626013 328.37214911789766
  endloop
endfacet
facet normal 0.17649302212451626 0.9822435576729496 -0.06362237461257013
  outer loop
    vertex 521.0760934531042 419.1797986626016 333.95015111789775
    vertex 520.9640934531043 418.53380266260143 323.66614911789776
    vertex 516.5800914531043 419.6777846626014 329.1661511178977
  endloop
endfacet
facet normal 0.9520881522951973 0.2375452789782464 0.19261461703168958
  outer loop
    vertex 513.2420934531042 379.12779666260127 329.16615111789764
    vertex 513.7400944531042 377.1317946626016 329.1661511178977
    vertex 513.8240944531043 377.1437876626014 328.7361511178977
  endloop
endfacet
facet normal 0.9519413547305818 0.23727280701526687 0.19367310656051565
  outer loop
    vertex 513.3260934531042 379.1417736626014 328.7361511178977
    vertex 513.2420934531042 379.12779666260127 329.16615111789764
    vertex 513.8240944531043 377.1437876626014 328.7361511178977
  endloop
endfacet
facet normal 0.8079592553701113 0.20138505331548287 -0.5537561755528293
  outer loop
    vertex 513.3260934531042 379.1417736626014 329.5961511178977
    vertex 514.0641004531043 377.18178266260156 329.9601501178977
    vertex 513.8240944531043 377.1437876626014 329.5961511178977
  endloop
endfacet
facet normal 0.8061356778136294 0.20012137770798527 -0.5568632714950936
  outer loop
    vertex 513.5680974531042 379.17979866260157 329.9601501178977
    vertex 514.0641004531043 377.18178266260156 329.9601501178977
    vertex 513.3260934531042 379.1417736626014 329.5961511178977
  endloop
endfacet
facet normal 0.18716594991453156 0.046463411216977946 -0.9812288512934549
  outer loop
    vertex 514.4241004531043 377.23778166260166 330.20414911789766
    vertex 513.9280984531042 379.23579866260127 330.20414911789766
    vertex 514.3520944531042 379.30177766260164 330.28814911789766
  endloop
endfacet
facet normal 0.18611222958124346 0.04643486151000489 -0.9814306096901836
  outer loop
    vertex 514.8500954531042 377.30577566260155 330.28814911789766
    vertex 514.4241004531043 377.23778166260166 330.20414911789766
    vertex 514.3520944531042 379.30177766260164 330.28814911789766
  endloop
endfacet
facet normal 0.03258246802990487 0.999345473614027 0.01571646093229714
  outer loop
    vertex 509.1800974531042 378.60979166260165 333.95015111789763
    vertex 509.30009245310424 378.6337786626017 332.1761491178977
    vertex 503.6120884531042 378.8757826626014 328.58014911789763
  endloop
endfacet
facet normal -0.12755911366854641 0.9918286366970129 -0.0021512665663918156
  outer loop
    vertex 515.4620954531042 379.47578866260164 329.16615111789764
    vertex 517.0120984531043 379.6717726626014 327.6161501178977
    vertex 515.3760964531043 379.46379566260146 328.7361511178977
  endloop
endfacet
facet normal 0.18492219840595606 -0.9816019276479302 -0.04755455997668193
  outer loop
    vertex 515.2600994531042 377.2137956626016 333.9501511178977
    vertex 514.0641004531043 377.18178266260156 329.9601501178977
    vertex 514.4241004531043 377.23778166260166 330.20414911789766
  endloop
endfacet
facet normal -0.13883326825077988 0.9900627000062083 -0.022386908746490613
  outer loop
    vertex 515.1360914531042 379.42580066260166 328.37214911789766
    vertex 517.0120984531043 379.6717726626014 327.6161501178977
    vertex 514.7760904531043 379.36980166260156 328.1281491178977
  endloop
endfacet
facet normal -0.5342907980285112 0.17163742795364106 0.8276919333106464
  outer loop
    vertex 515.7581004531042 418.1857806626014 328.37214911789766
    vertex 515.8941014531042 419.7857866626014 328.1281491178977
    vertex 515.3980994531044 418.2417796626015 328.1281491178977
  endloop
endfacet
facet normal -0.5342907980285112 0.17163742795364106 0.8276919333106464
  outer loop
    vertex 515.8941014531042 419.7857866626014 328.1281491178977
    vertex 515.7581004531042 418.1857806626014 328.37214911789766
    vertex 516.2541024531042 419.7297866626013 328.3721491178977
  endloop
endfacet
facet normal -2.3111159332763138e-32 1.0 0.0
  outer loop
    vertex 535.5400974531042 390.1237986626013 328.58014911789763
    vertex 537.6640904531042 390.1237986626013 323.66614911789765
    vertex 535.5400974531042 390.1237986626013 321.08614911789766
  endloop
endfacet
facet normal -2.3111159332763138e-32 1.0 0.0
  outer loop
    vertex 537.6640904531042 390.1237986626013 323.66614911789765
    vertex 535.5400974531042 390.1237986626013 328.58014911789763
    vertex 537.9360944531043 390.1237986626013 328.58014911789763
  endloop
endfacet
facet normal -0.13474577804802954 0.9908721343436104 0.003998584695760357
  outer loop
    vertex 513.9280984531042 379.23579866260127 328.1281491178977
    vertex 514.3520944531042 379.30177766260164 326.0661491178977
    vertex 511.69209045310424 378.9337966626014 327.6161501178977
  endloop
endfacet
facet normal 0.8079612973147675 0.20138556227324372 0.5537530111424472
  outer loop
    vertex 513.3260934531042 379.1417736626014 328.7361511178977
    vertex 513.8240944531043 377.1437876626014 328.7361511178977
    vertex 514.0641004531043 377.18178266260156 328.37214911789766
  endloop
endfacet
facet normal 0.806137738076575 0.2001218891636502 0.5568601051667781
  outer loop
    vertex 513.5680974531042 379.17979866260157 328.37214911789766
    vertex 513.3260934531042 379.1417736626014 328.7361511178977
    vertex 514.0641004531043 377.18178266260156 328.37214911789766
  endloop
endfacet
facet normal -0.13884407910076768 0.9900614571948276 -0.022374822366093745
  outer loop
    vertex 511.69209045310424 378.9337966626014 330.71615011789766
    vertex 513.9280984531042 379.23579866260127 330.20414911789766
    vertex 513.5680974531042 379.17979866260157 329.9601501178977
  endloop
endfacet
facet normal 0.5415435214436897 0.13443679794176566 0.8298538195016837
  outer loop
    vertex 514.0641004531043 377.18178266260156 328.37214911789766
    vertex 513.9280984531042 379.23579866260127 328.1281491178977
    vertex 513.5680974531042 379.17979866260157 328.37214911789766
  endloop
endfacet
facet normal 0.5415435214436897 0.13443679794176566 0.8298538195016837
  outer loop
    vertex 513.9280984531042 379.23579866260127 328.1281491178977
    vertex 514.0641004531043 377.18178266260156 328.37214911789766
    vertex 514.4241004531043 377.23778166260166 328.1281491178977
  endloop
endfacet
facet normal 0.9283287201629034 0.37175469554956714 0.002057585369933134
  outer loop
    vertex 490.75208845310414 416.18379666260125 328.5801491178977
    vertex 491.4600964531042 414.41579166260135 328.58014911789775
    vertex 491.6400884531043 414.00780166260125 321.0861491178977
  endloop
endfacet
facet normal -0.13494332280401772 0.9908410062175331 0.004939638492563289
  outer loop
    vertex 514.3520944531042 379.30177766260164 332.26615011789767
    vertex 517.0120984531043 379.6717726626014 330.71615011789766
    vertex 514.7760904531043 379.36980166260156 330.20414911789766
  endloop
endfacet
facet normal 0.04494478475996016 -0.9980152306266281 -0.044108567876995526
  outer loop
    vertex 534.8040904531042 410.13377866260134 323.66614911789765
    vertex 532.2720924531043 410.13377866260134 321.08614911789766
    vertex 540.2960944531043 410.5837906626015 319.08014911789763
  endloop
endfacet
facet normal 0.20315828571401598 -0.978574727433886 -0.03343970354890044
  outer loop
    vertex 515.2600994531042 377.2137956626016 333.9501511178977
    vertex 515.6340924531044 377.4277846626013 329.9601501178977
    vertex 521.0980964531043 378.4258006626017 333.95015111789763
  endloop
endfacet
facet normal -0.18818221052434797 0.060774015059004094 0.9802519955275674
  outer loop
    vertex 515.4700904531043 419.85179566260143 328.04215111789773
    vertex 514.9720894531042 418.30977266260146 328.0421511178977
    vertex 515.3980994531044 418.2417796626015 328.1281491178977
  endloop
endfacet
facet normal -0.1893034972977186 0.06081249195544752 0.9800336865297138
  outer loop
    vertex 515.8941014531042 419.7857866626014 328.1281491178977
    vertex 515.4700904531043 419.85179566260143 328.04215111789773
    vertex 515.3980994531044 418.2417796626015 328.1281491178977
  endloop
endfacet
facet normal -0.93410455573737 0.3016779612746002 -0.1908902476081253
  outer loop
    vertex 516.5800914531043 419.6777846626014 329.1661511178977
    vertex 516.0820904531043 418.13579266260143 329.16615111789764
    vertex 515.9980904531043 418.1477856626013 329.59615111789765
  endloop
endfacet
facet normal -0.9335234388298337 0.2998884024456084 -0.19647120713718486
  outer loop
    vertex 516.4940924531043 419.69179166260153 329.5961511178977
    vertex 516.5800914531043 419.6777846626014 329.1661511178977
    vertex 515.9980904531043 418.1477856626013 329.59615111789765
  endloop
endfacet
facet normal -0.9521434347342349 -0.23731949359842694 -0.1926196709858056
  outer loop
    vertex 515.3760964531043 379.46379566260146 329.5961511178977
    vertex 515.9580974531043 377.4777726626013 329.1661511178977
    vertex 515.8740974531042 377.46577866260145 329.5961511178977
  endloop
endfacet
facet normal -0.951542757826316 -0.2362178836242419 -0.19689462025249196
  outer loop
    vertex 515.4620954531042 379.47578866260164 329.16615111789764
    vertex 515.9580974531043 377.4777726626013 329.1661511178977
    vertex 515.3760964531043 379.46379566260146 329.5961511178977
  endloop
endfacet
facet normal 0.9520881522951973 0.2375452789782464 -0.19261461703168956
  outer loop
    vertex 513.2420934531042 379.12779666260127 329.16615111789764
    vertex 513.8240944531043 377.1437876626014 329.5961511178977
    vertex 513.7400944531042 377.1317946626016 329.1661511178977
  endloop
endfacet
facet normal 0.9519413547305816 0.23727280701526682 -0.19367310656051562
  outer loop
    vertex 513.3260934531042 379.1417736626014 329.5961511178977
    vertex 513.8240944531043 377.1437876626014 329.5961511178977
    vertex 513.2420934531042 379.12779666260127 329.16615111789764
  endloop
endfacet
facet normal -0.13884404918172952 0.9900614624381753 0.02237477601235966
  outer loop
    vertex 513.5680974531042 379.17979866260157 328.37214911789766
    vertex 513.9280984531042 379.23579866260127 328.1281491178977
    vertex 511.69209045310424 378.9337966626014 327.6161501178977
  endloop
endfacet
facet normal -0.8079630579518351 -0.20138292692929952 0.5537514006542177
  outer loop
    vertex 515.8740974531042 377.46577866260145 328.7361511178977
    vertex 515.1360914531042 379.42580066260166 328.37214911789766
    vertex 515.6340924531044 377.4277846626013 328.37214911789766
  endloop
endfacet
facet normal -0.8079630579518351 -0.20138292692929952 0.5537514006542177
  outer loop
    vertex 515.1360914531042 379.42580066260166 328.37214911789766
    vertex 515.8740974531042 377.46577866260145 328.7361511178977
    vertex 515.3760964531043 379.46379566260146 328.7361511178977
  endloop
endfacet
facet normal 0.26349098224483103 -0.7171232621787659 0.6452183577036066
  outer loop
    vertex 490.72208945310416 416.1617936626013 323.6661491178977
    vertex 497.78010345310423 416.43379666260154 321.08614911789766
    vertex 496.76409645310423 418.381794662601 323.66614911789765
  endloop
endfacet
facet normal -0.15376176748496134 0.9881079489913542 0.0
  outer loop
    vertex 514.3520944531042 379.30177766260164 332.26615011789767
    vertex 514.3520944531042 379.30177766260164 330.28814911789766
    vertex 513.9280984531042 379.23579866260127 330.20414911789766
  endloop
endfacet
facet normal -0.15840973146021742 0.9873734637809048 2.8999558248125657e-18
  outer loop
    vertex 514.3520944531042 379.30177766260164 332.26615011789767
    vertex 514.7760904531043 379.36980166260156 330.20414911789766
    vertex 514.3520944531042 379.30177766260164 330.28814911789766
  endloop
endfacet
facet normal -0.13883329818606646 0.9900626947597799 0.022386955125290837
  outer loop
    vertex 517.0120984531043 379.6717726626014 330.71615011789766
    vertex 515.1360914531042 379.42580066260166 329.9601501178977
    vertex 514.7760904531043 379.36980166260156 330.20414911789766
  endloop
endfacet
facet normal -0.9521434347342349 -0.23731949359842694 0.19261967098580537
  outer loop
    vertex 515.3760964531043 379.46379566260146 328.7361511178977
    vertex 515.8740974531042 377.46577866260145 328.7361511178977
    vertex 515.9580974531043 377.4777726626013 329.1661511178977
  endloop
endfacet
facet normal -0.951542757826316 -0.23621788362424195 0.19689462025249202
  outer loop
    vertex 515.4620954531042 379.47578866260164 329.16615111789764
    vertex 515.3760964531043 379.46379566260146 328.7361511178977
    vertex 515.9580974531043 377.4777726626013 329.1661511178977
  endloop
endfacet
facet normal 0.0673652227643395 -0.9976539355265082 -0.012188178304443317
  outer loop
    vertex 509.1880924531043 376.8037916626016 333.9501511178977
    vertex 514.0641004531043 377.18178266260156 329.9601501178977
    vertex 515.2600994531042 377.2137956626016 333.9501511178977
  endloop
endfacet
facet normal 0.17527260010894674 -0.9844966047252531 0.00677871193501885
  outer loop
    vertex 521.0980964531043 378.4258006626017 333.95015111789763
    vertex 515.8740974531042 377.46577866260145 329.5961511178977
    vertex 515.9580974531043 377.4777726626013 329.1661511178977
  endloop
endfacet
facet normal -0.19130546820803426 -0.0477064786842356 0.9803704961519679
  outer loop
    vertex 514.8500954531042 377.30577566260155 328.0421511178977
    vertex 514.7760904531043 379.36980166260156 328.1281491178977
    vertex 514.3520944531042 379.30177766260164 328.0421511178977
  endloop
endfacet
facet normal -0.19130546820803426 -0.0477064786842356 0.9803704961519679
  outer loop
    vertex 514.7760904531043 379.36980166260156 328.1281491178977
    vertex 514.8500954531042 377.30577566260155 328.0421511178977
    vertex 515.2740914531042 377.37178466260156 328.1281491178977
  endloop
endfacet
facet normal -0.9604127245861332 -0.1982644716508382 0.19570027525288353
  outer loop
    vertex 540.2960944531043 410.5837906626015 319.08014911789763
    vertex 539.1941044531043 410.13377866260174 313.21614811789766
    vertex 540.4380924531042 404.1077776626017 313.21614811789766
  endloop
endfacet
facet normal -0.1347457809867365 0.9908721339542986 -0.003998582139859008
  outer loop
    vertex 514.3520944531042 379.30177766260164 332.26615011789767
    vertex 513.9280984531042 379.23579866260127 330.20414911789766
    vertex 511.69209045310424 378.9337966626014 330.71615011789766
  endloop
endfacet
facet normal 0.19446048175009786 0.9789340267883299 -0.06223577936770209
  outer loop
    vertex 515.2380964531043 420.1177866626016 333.95015111789775
    vertex 515.0460944531043 419.91777466260146 330.2041491178977
    vertex 514.6860944531043 419.97377466260156 329.96015011789774
  endloop
endfacet
facet normal -0.13076379779318914 0.9913910445715299 0.006680264221775193
  outer loop
    vertex 513.2420934531042 379.12779666260127 329.16615111789764
    vertex 513.3260934531042 379.1417736626014 328.7361511178977
    vertex 511.69209045310424 378.9337966626014 327.6161501178977
  endloop
endfacet
facet normal 0.16526910383085683 0.9843584510763203 -0.06102919886065478
  outer loop
    vertex 515.2380964531043 420.1177866626016 333.95015111789775
    vertex 515.4700904531043 419.85179566260143 330.2881491178977
    vertex 515.0460944531043 419.91777466260146 330.2041491178977
  endloop
endfacet
facet normal 0.17536745516560942 0.9839526916056915 -0.032914379086549726
  outer loop
    vertex 516.2541024531042 419.7297866626013 328.3721491178977
    vertex 515.1800974531043 419.76378266260133 323.6661491178977
    vertex 515.8941014531042 419.7857866626014 328.1281491178977
  endloop
endfacet
facet normal 0.7944003120873591 -0.2565568241244036 -0.5505513056479899
  outer loop
    vertex 513.9481024531043 418.46977666260136 329.59615111789765
    vertex 514.6860944531043 419.97377466260156 329.96015011789774
    vertex 514.1880924531043 418.43178266260156 329.9601501178977
  endloop
endfacet
facet normal 0.7944003120873591 -0.2565568241244036 -0.5505513056479899
  outer loop
    vertex 514.6860944531043 419.97377466260156 329.96015011789774
    vertex 513.9481024531043 418.46977666260136 329.59615111789765
    vertex 514.4461034531042 420.01179966260133 329.5961511178977
  endloop
endfacet
facet normal 0.13363817596739394 0.9905707578168012 -0.03017302905503732
  outer loop
    vertex 514.6860944531043 419.97377466260156 328.3721491178977
    vertex 515.0460944531043 419.91777466260146 328.1281491178977
    vertex 515.1800974531043 419.76378266260133 323.6661491178977
  endloop
endfacet
facet normal -0.7947461981007254 0.25530710615784186 0.5506330558091761
  outer loop
    vertex 516.4940924531043 419.69179166260153 328.73615111789775
    vertex 515.7581004531042 418.1857806626014 328.37214911789766
    vertex 515.9980904531043 418.1477856626013 328.73615111789763
  endloop
endfacet
facet normal -0.7947461981007254 0.25530710615784186 0.5506330558091761
  outer loop
    vertex 515.7581004531042 418.1857806626014 328.37214911789766
    vertex 516.4940924531043 419.69179166260153 328.73615111789775
    vertex 516.2541024531042 419.7297866626013 328.3721491178977
  endloop
endfacet
facet normal 0.14781407358236226 0.988569775843695 -0.02967824016572723
  outer loop
    vertex 515.0460944531043 419.91777466260146 328.1281491178977
    vertex 515.4700904531043 419.85179566260143 328.04215111789773
    vertex 515.1800974531043 419.76378266260133 323.6661491178977
  endloop
endfacet
facet normal 0.23451609531753362 0.97199276022104 -0.015240574625049332
  outer loop
    vertex 516.5800914531043 419.6777846626014 329.1661511178977
    vertex 520.9640934531043 418.53380266260143 323.66614911789776
    vertex 516.4940924531043 419.69179166260153 328.73615111789775
  endloop
endfacet
facet normal 0.15839019714975935 0.9858137799094154 -0.05553140361607324
  outer loop
    vertex 521.0760934531042 419.1797986626016 333.95015111789775
    vertex 516.2541024531042 419.7297866626013 329.96015011789774
    vertex 515.2380964531043 420.1177866626016 333.95015111789775
  endloop
endfacet
facet normal 0.11904882198437619 0.9928517419951334 -0.008532080717014659
  outer loop
    vertex 521.0760934531042 419.1797986626016 333.95015111789775
    vertex 516.5800914531043 419.6777846626014 329.1661511178977
    vertex 516.4940924531043 419.69179166260153 329.5961511178977
  endloop
endfacet
facet normal -0.10880260891011652 -0.9940423182542539 -0.00647007063801259
  outer loop
    vertex 516.0820904531043 418.13579266260143 329.16615111789764
    vertex 515.9980904531043 418.1477856626013 328.73615111789763
    vertex 517.6360914531042 417.97578866260153 327.6161501178977
  endloop
endfacet
facet normal -0.12137560198674566 -0.9923271600021251 0.02355357222316814
  outer loop
    vertex 513.9481024531043 418.46977666260136 328.73615111789763
    vertex 512.3081034531042 418.64378766260137 327.6161501178977
    vertex 514.1880924531043 418.43178266260156 328.37214911789766
  endloop
endfacet
facet normal 0.06966136157023921 -0.9975260564697348 -0.00943723307543098
  outer loop
    vertex 514.0641004531043 377.18178266260156 328.37214911789766
    vertex 509.1880924531043 376.88579266260143 323.6661491178977
    vertex 515.2021004531042 377.3057756626014 323.66614911789765
  endloop
endfacet
facet normal 0.12858220631041736 0.9915221323265341 -0.018721039687699653
  outer loop
    vertex 521.0760934531042 419.1797986626016 333.95015111789775
    vertex 516.4940924531043 419.69179166260153 329.5961511178977
    vertex 516.2541024531042 419.7297866626013 329.96015011789774
  endloop
endfacet
facet normal -0.1839754388680641 0.05941542540657939 -0.981133449188773
  outer loop
    vertex 515.4700904531043 419.85179566260143 330.2881491178977
    vertex 515.3980994531044 418.2417796626015 330.20414911789766
    vertex 514.9720894531042 418.30977266260146 330.28814911789766
  endloop
endfacet
facet normal -0.18507348153331066 0.059453627468966784 -0.9809246008811894
  outer loop
    vertex 515.8941014531042 419.7857866626014 330.2041491178977
    vertex 515.3980994531044 418.2417796626015 330.20414911789766
    vertex 515.4700904531043 419.85179566260143 330.2881491178977
  endloop
endfacet
facet normal 0.1892616273331255 -0.061123230376282735 0.9800224421550687
  outer loop
    vertex 514.9720894531042 418.30977266260146 328.0421511178977
    vertex 515.0460944531043 419.91777466260146 328.1281491178977
    vertex 514.5480934531042 418.37578266260147 328.1281491178977
  endloop
endfacet
facet normal 0.1892616273331255 -0.061123230376282735 0.9800224421550687
  outer loop
    vertex 515.0460944531043 419.91777466260146 328.1281491178977
    vertex 514.9720894531042 418.30977266260146 328.0421511178977
    vertex 515.4700904531043 419.85179566260143 328.04215111789773
  endloop
endfacet
facet normal 0.1514063588169515 -0.9883965721659803 0.012179106713241123
  outer loop
    vertex 515.2740914531042 377.37178466260156 328.1281491178977
    vertex 514.8500954531042 377.30577566260155 328.0421511178977
    vertex 515.2021004531042 377.3057756626014 323.66614911789765
  endloop
endfacet
facet normal 0.20871779653061642 -0.9779562872400156 0.006195293304499225
  outer loop
    vertex 515.6340924531044 377.4277846626013 328.37214911789766
    vertex 515.2021004531042 377.3057756626014 323.66614911789765
    vertex 520.9840984531043 378.53978366260145 323.66614911789765
  endloop
endfacet
facet normal 0.9341028041124343 -0.30167133081077685 -0.19090929656814035
  outer loop
    vertex 514.4461034531042 420.01179966260133 329.5961511178977
    vertex 513.9481024531043 418.46977666260136 329.59615111789765
    vertex 513.8641034531042 418.48180066260153 329.16615111789764
  endloop
endfacet
facet normal 0.933522628693591 -0.29988489978980315 -0.19648040257254004
  outer loop
    vertex 514.3600904531042 420.02577666260146 329.1661511178977
    vertex 514.4461034531042 420.01179966260133 329.5961511178977
    vertex 513.8641034531042 418.48180066260153 329.16615111789764
  endloop
endfacet
facet normal 0.18503264097491248 -0.05975745269026383 -0.9809138436283893
  outer loop
    vertex 515.0460944531043 419.91777466260146 330.2041491178977
    vertex 514.9720894531042 418.30977266260146 330.28814911789766
    vertex 514.5480934531042 418.37578266260147 330.20414911789766
  endloop
endfacet
facet normal 0.18503264097491248 -0.05975745269026383 -0.9809138436283893
  outer loop
    vertex 514.9720894531042 418.30977266260146 330.28814911789766
    vertex 515.0460944531043 419.91777466260146 330.2041491178977
    vertex 515.4700904531043 419.85179566260143 330.2881491178977
  endloop
endfacet
facet normal -0.9341045557373702 0.30167796127460034 0.19089024760812526
  outer loop
    vertex 516.5800914531043 419.6777846626014 329.1661511178977
    vertex 515.9980904531043 418.1477856626013 328.73615111789763
    vertex 516.0820904531043 418.13579266260143 329.16615111789764
  endloop
endfacet
facet normal -0.9335234388298337 0.2998884024456085 0.19647120713718483
  outer loop
    vertex 516.4940924531043 419.69179166260153 328.73615111789775
    vertex 515.9980904531043 418.1477856626013 328.73615111789763
    vertex 516.5800914531043 419.6777846626014 329.1661511178977
  endloop
endfacet
facet normal 0.5341123061560132 -0.17249682854007403 -0.8276284725384464
  outer loop
    vertex 514.6860944531043 419.97377466260156 329.96015011789774
    vertex 514.5480934531042 418.37578266260147 330.20414911789766
    vertex 514.1880924531043 418.43178266260156 329.9601501178977
  endloop
endfacet
facet normal 0.5341123061560132 -0.17249682854007403 -0.8276284725384464
  outer loop
    vertex 514.5480934531042 418.37578266260147 330.20414911789766
    vertex 514.6860944531043 419.97377466260156 329.96015011789774
    vertex 515.0460944531043 419.91777466260146 330.2041491178977
  endloop
endfacet
facet normal -0.10979407655530682 -0.9939341015164839 -0.00634528139545773
  outer loop
    vertex 512.3081034531042 418.64378766260137 330.71615011789766
    vertex 513.8641034531042 418.48180066260153 329.16615111789764
    vertex 513.9481024531043 418.46977666260136 329.59615111789765
  endloop
endfacet
facet normal -0.1275504036266012 -0.9910545406751968 -0.039265658555103944
  outer loop
    vertex 512.3081034531042 418.64378766260137 330.71615011789766
    vertex 514.1880924531043 418.43178266260156 329.9601501178977
    vertex 514.5480934531042 418.37578266260147 330.20414911789766
  endloop
endfacet
facet normal 0.7944022965929312 -0.25655746503357657 0.5505481434928485
  outer loop
    vertex 514.6860944531043 419.97377466260156 328.3721491178977
    vertex 513.9481024531043 418.46977666260136 328.73615111789763
    vertex 514.1880924531043 418.43178266260156 328.37214911789766
  endloop
endfacet
facet normal 0.7944022965929312 -0.25655746503357657 0.5505481434928485
  outer loop
    vertex 513.9481024531043 418.46977666260136 328.73615111789763
    vertex 514.6860944531043 419.97377466260156 328.3721491178977
    vertex 514.4461034531042 420.01179966260133 328.73615111789775
  endloop
endfacet
facet normal 0.1930679915423325 -0.9810990681066478 -0.013014192332885949
  outer loop
    vertex 521.0980964531043 378.4258006626017 333.95015111789763
    vertex 515.9580974531043 377.4777726626013 329.1661511178977
    vertex 520.9840984531043 378.53978366260145 323.66614911789765
  endloop
endfacet
facet normal 0.024616477021042353 0.9988149322164058 -0.041985238365518075
  outer loop
    vertex 514.6860944531043 419.97377466260156 328.3721491178977
    vertex 515.1800974531043 419.76378266260133 323.6661491178977
    vertex 506.9840984531043 419.96577866260134 323.6661491178977
  endloop
endfacet
facet normal -0.12064738357202412 -0.9924041834214131 0.024044657720647674
  outer loop
    vertex 517.6360914531042 417.97578866260153 330.71615011789766
    vertex 515.7581004531042 418.1857806626014 329.9601501178977
    vertex 515.9980904531043 418.1477856626013 329.59615111789765
  endloop
endfacet
facet normal 0.9341028041124343 -0.30167133081077685 0.19090929656814026
  outer loop
    vertex 514.4461034531042 420.01179966260133 328.73615111789775
    vertex 513.8641034531042 418.48180066260153 329.16615111789764
    vertex 513.9481024531043 418.46977666260136 328.73615111789763
  endloop
endfacet
facet normal 0.933522628693591 -0.29988489978980315 0.19648040257254024
  outer loop
    vertex 514.3600904531042 420.02577666260146 329.1661511178977
    vertex 513.8641034531042 418.48180066260153 329.16615111789764
    vertex 514.4461034531042 420.01179966260133 328.73615111789775
  endloop
endfacet
facet normal 0.10856158855343759 0.9940332616412219 0.01059510460866675
  outer loop
    vertex 507.86810045310426 420.68379666260165 333.95015111789775
    vertex 514.4461034531042 420.01179966260133 329.5961511178977
    vertex 514.3600904531042 420.02577666260146 329.1661511178977
  endloop
endfacet
facet normal 0.07649079965331529 0.9959839710989917 -0.046530494111702916
  outer loop
    vertex 515.2380964531043 420.1177866626016 333.95015111789775
    vertex 514.6860944531043 419.97377466260156 329.96015011789774
    vertex 507.86810045310426 420.68379666260165 333.95015111789775
  endloop
endfacet
facet normal 0.14136148369231166 0.9879637544233789 -0.06280565956958101
  outer loop
    vertex 515.2380964531043 420.1177866626016 333.95015111789775
    vertex 515.8941014531042 419.7857866626014 330.2041491178977
    vertex 515.4700904531043 419.85179566260143 330.2881491178977
  endloop
endfacet
facet normal 0.1597769924061134 0.9866839110469198 -0.030433080337211843
  outer loop
    vertex 515.8941014531042 419.7857866626014 328.1281491178977
    vertex 515.1800974531043 419.76378266260133 323.6661491178977
    vertex 515.4700904531043 419.85179566260143 328.04215111789773
  endloop
endfacet
facet normal 0.5617604281427168 -0.8266385300589217 -0.03307509629519802
  outer loop
    vertex 538.6520974531043 386.34380066260167 316.10414911789775
    vertex 538.0440954531042 386.0557756626017 312.9761491178977
    vertex 538.9060954531042 386.5477796626016 315.3201491178977
  endloop
endfacet
facet normal 0.2056371299001836 -0.9784841009418546 -0.016799851500117348
  outer loop
    vertex 518.930097453104 375.6037796626013 323.6701491178977
    vertex 517.7160924531041 375.3717846626013 322.33215011789775
    vertex 519.5500924531042 375.8237806626013 318.45414911789777
  endloop
endfacet
facet normal 0.39968172882821384 -0.9164473797454157 -0.019460621743719476
  outer loop
    vertex 526.3560924531042 377.97777266260135 322.1001491178977
    vertex 525.5120984531043 377.7157786626012 317.10414911789763
    vertex 527.8840924531042 378.6897776626012 319.95214811789765
  endloop
endfacet
facet normal 0.333921998214069 -0.9424616043076331 -0.016193316973546538
  outer loop
    vertex 523.3341044531041 376.87578266260135 318.8501491178977
    vertex 524.0321024531042 377.1937756626016 314.73614911789764
    vertex 524.5041024531043 377.2977796626012 318.4161491178977
  endloop
endfacet
facet normal 0.3385507370006804 -0.9407109442583557 -0.021126235557932062
  outer loop
    vertex 524.4280984531042 377.3897906626017 312.37015011789765
    vertex 523.1520974531041 376.9077956626016 313.38415011789766
    vertex 523.2120954531042 377.04777966260144 308.1021491178977
  endloop
endfacet
facet normal 0.3385507370006804 -0.9407109442583557 -0.021126235557932062
  outer loop
    vertex 523.1520974531041 376.9077956626016 313.38415011789766
    vertex 524.4280984531042 377.3897906626017 312.37015011789765
    vertex 524.0321024531042 377.1937756626016 314.73614911789764
  endloop
endfacet
facet normal 0.050468561217401293 -0.9985319029491515 -0.01967137822806755
  outer loop
    vertex 512.0380994531042 375.02779066260166 301.04014811789773
    vertex 510.79009745310424 374.96178066260165 301.18414811789773
    vertex 511.1200994531042 375.0817766626013 295.99814811789776
  endloop
endfacet
facet normal 0.050468561217401293 -0.9985319029491515 -0.01967137822806755
  outer loop
    vertex 510.79009745310424 374.96178066260165 301.18414811789773
    vertex 512.0380994531042 375.02779066260166 301.04014811789773
    vertex 511.54009745310424 374.9297986626016 304.8001481178977
  endloop
endfacet
facet normal 0.278320113607267 -0.9604123178037175 -0.01208694223239722
  outer loop
    vertex 519.3580914531042 376.10377966260137 301.7621481178977
    vertex 520.3500954531042 376.4637956626014 295.99814811789764
    vertex 521.8200964531043 376.88979066260146 295.99814811789764
  endloop
endfacet
facet normal 0.4672331715007669 -0.8835870586497087 -0.03109780114560605
  outer loop
    vertex 528.5641004531042 379.56779966260143 301.1841481178977
    vertex 527.3641034531042 379.1157726626013 295.99814811789764
    vertex 528.6500984531043 379.7957956626013 295.99814811789776
  endloop
endfacet
facet normal 0.46609009247776434 -0.8842016930450857 -0.030779728885635897
  outer loop
    vertex 527.4980904531043 378.9957776626014 301.4741481178977
    vertex 527.3641034531042 379.1157726626013 295.99814811789764
    vertex 528.5641004531042 379.56779966260143 301.1841481178977
  endloop
endfacet
facet normal 0.24159103570417884 -0.9702366391095664 -0.016572133138355954
  outer loop
    vertex 518.2880994531042 375.8617746626014 301.18414811789773
    vertex 518.8560924531042 376.09178566260135 295.99814811789776
    vertex 520.3500954531042 376.4637956626014 295.99814811789764
  endloop
endfacet
facet normal 0.09453001253844062 -0.9954334132685486 -0.013281433582609893
  outer loop
    vertex 514.6360914531043 374.8977856626014 322.33215011789775
    vertex 513.1721014531042 374.7517896626014 322.8601491178977
    vertex 513.3681004531043 374.8337906626013 318.11214811789773
  endloop
endfacet
facet normal 0.09453001253844062 -0.9954334132685486 -0.013281433582609893
  outer loop
    vertex 513.1721014531042 374.7517896626014 322.8601491178977
    vertex 514.6360914531043 374.8977856626014 322.33215011789775
    vertex 514.7380964531043 374.88979066260134 323.6701491178977
  endloop
endfacet
facet normal 0.09534251358835846 -0.9953352203871239 -0.014751412121195625
  outer loop
    vertex 513.5061014531042 374.77177866260143 323.6701491178977
    vertex 513.1721014531042 374.7517896626014 322.8601491178977
    vertex 514.7380964531043 374.88979066260134 323.6701491178977
  endloop
endfacet
facet normal 0.3551084262018244 -0.9345110406975801 -0.02423056860227784
  outer loop
    vertex 524.4280984531042 377.3897906626017 312.37015011789765
    vertex 523.5780924531042 377.28578666260137 303.9241491178977
    vertex 524.9260994531041 377.6517836626015 309.56414911789767
  endloop
endfacet
facet normal 0.3026335950533499 -0.9529783417086933 -0.015658460308538305
  outer loop
    vertex 523.3341044531041 376.87578266260135 318.8501491178977
    vertex 522.0680974531043 376.47377466260133 318.84814811789767
    vertex 523.1520974531041 376.9077956626016 313.38415011789766
  endloop
endfacet
facet normal 0.17971362744740169 -0.9835250169224855 -0.019533386734550632
  outer loop
    vertex 517.7160924531041 375.3717846626013 322.33215011789775
    vertex 516.3020914531043 375.1417736626014 320.90415011789776
    vertex 518.5000894531041 375.61577266260133 317.2601491178977
  endloop
endfacet
facet normal 0.42704783169045524 -0.9039302781322952 -0.02324224008464331
  outer loop
    vertex 527.7360974531042 378.7957956626017 312.53414911789764
    vertex 526.6080914531042 378.4258006626014 306.1981491178977
    vertex 527.6240974531042 378.88579266260155 306.97614911789765
  endloop
endfacet
facet normal 0.18646386033606047 -0.9823536773375953 -0.014576742087249305
  outer loop
    vertex 516.3020914531043 375.1417736626014 320.90415011789776
    vertex 517.1760994531041 375.4457896626017 311.5961491178977
    vertex 517.6880924531042 375.4917796626017 315.04614811789776
  endloop
endfacet
facet normal 0.2650219054365498 -0.9639995146732175 -0.021640825968107725
  outer loop
    vertex 520.8580914531043 376.22978666260167 313.3841501178977
    vertex 520.6741004531042 376.2977796626016 308.1021491178977
    vertex 522.0081004531042 376.56377066260177 312.5901491178977
  endloop
endfacet
facet normal 0.34529965313159017 -0.9382057376765685 -0.02319791667304647
  outer loop
    vertex 524.4280984531042 377.3897906626017 312.37015011789765
    vertex 523.2120954531042 377.04777966260144 308.1021491178977
    vertex 523.5780924531042 377.28578666260137 303.9241491178977
  endloop
endfacet
facet normal 0.03949442334017196 -0.99913060813341 -0.013349847039928881
  outer loop
    vertex 509.52609045310425 374.58977166260144 321.9201491178978
    vertex 510.72410345310425 374.77977466260165 311.24414811789774
    vertex 511.2140934531042 374.74577766260165 315.2381501178977
  endloop
endfacet
facet normal 0.6400119060293588 0.768320306746901 -0.008286518027214968
  outer loop
    vertex 532.9820994531043 415.56178766260143 303.43014811789766
    vertex 534.6320934531042 414.14979966260137 299.91014811789773
    vertex 532.2060984531042 416.1277966626013 295.99814811789764
  endloop
endfacet
facet normal 0.6400119060293588 0.768320306746901 -0.008286518027214968
  outer loop
    vertex 534.6320934531042 414.14979966260137 299.91014811789773
    vertex 532.9820994531043 415.56178766260143 303.43014811789766
    vertex 534.7841014531043 414.0397836626013 301.55214811789773
  endloop
endfacet
facet normal 0.6393920159890678 0.7688214068449563 -0.009565263528927937
  outer loop
    vertex 533.4201024531043 415.24977566260134 307.6301491178977
    vertex 534.7841014531043 414.0397836626013 301.55214811789773
    vertex 532.9820994531043 415.56178766260143 303.43014811789766
  endloop
endfacet
facet normal 0.24402762464198813 0.9625253509963196 -0.11830243911686998
  outer loop
    vertex 544.4040964531043 412.67979866260134 319.08014911789775
    vertex 537.0480934531042 411.7077836626014 295.9981481178977
    vertex 540.1520974531043 413.7578016626013 319.08014911789775
  endloop
endfacet
facet normal 0.37543872989782345 -0.9265821870999325 -0.022163272362519106
  outer loop
    vertex 525.5120984531043 377.7157786626012 317.10414911789763
    vertex 524.4280984531042 377.3897906626017 312.37015011789765
    vertex 526.2420934531043 378.0697826626017 314.67014911789767
  endloop
endfacet
facet normal 0.5043989881036345 -0.8629204276417008 -0.0308220109450042
  outer loop
    vertex 529.5500924531043 380.14177366260134 301.04014811789773
    vertex 528.6500984531043 379.7957956626013 295.99814811789776
    vertex 529.8921024531043 380.5217786626014 295.99814811789776
  endloop
endfacet
facet normal 0.6180820855457025 0.7859868440177086 0.014114409607103485
  outer loop
    vertex 534.6320934531042 414.14979966260137 299.91014811789773
    vertex 533.2920964531043 415.27379266260135 295.99814811789764
    vertex 532.2060984531042 416.1277966626013 295.99814811789764
  endloop
endfacet
facet normal 0.3925614680428967 -0.9194329037187476 -0.023208390019950034
  outer loop
    vertex 526.5841044531041 378.2977796626015 310.8641491178976
    vertex 525.7781044531042 378.1077776626013 304.7581481178977
    vertex 526.6080914531042 378.4258006626014 306.1981491178977
  endloop
endfacet
facet normal 0.019050986949435834 -0.9995782763873768 -0.02191641555303794
  outer loop
    vertex 510.79009745310424 374.96178066260165 301.18414811789773
    vertex 509.5460944531043 375.05177766260135 295.99814811789776
    vertex 511.1200994531042 375.0817766626013 295.99814811789776
  endloop
endfacet
facet normal 0.018011132462349446 -0.9996029824803376 -0.021667406947706132
  outer loop
    vertex 509.47410345310425 374.9317826626015 301.4741481178977
    vertex 509.5460944531043 375.05177766260135 295.99814811789776
    vertex 510.79009745310424 374.96178066260165 301.18414811789773
  endloop
endfacet
facet normal 0.07493234529208843 -0.9970732230750123 -0.015170084239522244
  outer loop
    vertex 512.1580944531042 374.76179966260133 317.48415011789774
    vertex 513.1880924531042 374.9177746626016 312.3201491178977
    vertex 513.7180914531043 374.9277846626017 314.28014911789774
  endloop
endfacet
facet normal 0.1700790637661912 -0.9852974753066217 -0.01618632826842594
  outer loop
    vertex 517.1760994531041 375.4457896626017 311.5961491178977
    vertex 515.9521004531042 375.1777846626018 315.04614811789776
    vertex 516.9700904531041 375.4837846626017 307.1021481178977
  endloop
endfacet
facet normal 0.1700790637661912 -0.9852974753066217 -0.01618632826842594
  outer loop
    vertex 515.9521004531042 375.1777846626018 315.04614811789776
    vertex 517.1760994531041 375.4457896626017 311.5961491178977
    vertex 516.3020914531043 375.1417736626014 320.90415011789776
  endloop
endfacet
facet normal 0.5643692334011087 -0.8248046268137704 -0.034419412790488685
  outer loop
    vertex 538.9060954531042 386.5477796626016 315.3201491178977
    vertex 538.0440954531042 386.0557756626017 312.9761491178977
    vertex 538.0901014531042 386.16579166260146 311.09414911789776
  endloop
endfacet
facet normal 0.2179475704031705 -0.9758343191300796 -0.0156919776729835
  outer loop
    vertex 517.6880924531042 375.4917796626017 315.04614811789776
    vertex 518.3160984531041 375.75978566260176 307.1021481178977
    vertex 518.9120914531042 375.8517956626017 309.6581491178977
  endloop
endfacet
facet normal 0.05595880784611384 -0.9982147962537291 -0.02087659849131932
  outer loop
    vertex 512.0380994531042 375.02779066260166 301.04014811789773
    vertex 511.1200994531042 375.0817766626013 295.99814811789776
    vertex 512.6900914531042 375.16978866260143 295.99814811789776
  endloop
endfacet
facet normal 0.16022381967050123 -0.9868813892410897 -0.019835603841870234
  outer loop
    vertex 517.0760934531041 375.60777766260134 301.7621481178977
    vertex 515.7760904531043 375.35579366260146 303.77814811789773
    vertex 515.8040904531041 375.51778066260147 295.99814811789776
  endloop
endfacet
facet normal 0.16022381967050123 -0.9868813892410897 -0.019835603841870234
  outer loop
    vertex 515.7760904531043 375.35579366260146 303.77814811789773
    vertex 517.0760934531041 375.60777766260134 301.7621481178977
    vertex 516.9700904531041 375.4837846626017 307.1021481178977
  endloop
endfacet
facet normal 0.16022381967050123 -0.9868813892410897 -0.019835603841870234
  outer loop
    vertex 515.7760904531043 375.35579366260146 303.77814811789773
    vertex 516.9700904531041 375.4837846626017 307.1021481178977
    vertex 515.8160984531042 375.24577766260177 309.6221491178977
  endloop
endfacet
facet normal 0.25219936614195776 -0.9673914232250486 -0.02343744841509009
  outer loop
    vertex 520.6741004531042 376.2977796626016 308.1021491178977
    vertex 520.1860944531043 376.27177866260166 303.9241491178977
    vertex 521.8200964531043 376.88979066260146 295.99814811789764
  endloop
endfacet
facet normal 0.23181909175245122 -0.9725316753026655 -0.02102496687416248
  outer loop
    vertex 519.5041024531042 375.9258006626017 312.4081481178977
    vertex 520.1860944531043 376.27177866260166 303.9241491178977
    vertex 520.6741004531042 376.2977796626016 308.1021491178977
  endloop
endfacet
facet normal 0.20720804572417958 -0.9781260099159079 -0.018284816464807854
  outer loop
    vertex 517.6880924531042 375.4917796626017 315.04614811789776
    vertex 518.9120914531042 375.8517956626017 309.6581491178977
    vertex 519.5041024531042 375.9258006626017 312.4081481178977
  endloop
endfacet
facet normal 0.022623185181112546 -0.999625148673408 -0.015419261718003422
  outer loop
    vertex 510.72410345310425 374.77977466260165 311.24414811789774
    vertex 509.41009345310425 374.7217906626016 313.10214811789774
    vertex 510.60809145310424 374.85579366260157 306.29414811789775
  endloop
endfacet
facet normal 0.022623185181112546 -0.999625148673408 -0.015419261718003422
  outer loop
    vertex 509.41009345310425 374.7217906626016 313.10214811789774
    vertex 510.72410345310425 374.77977466260165 311.24414811789774
    vertex 509.52609045310425 374.58977166260144 321.9201491178978
  endloop
endfacet
facet normal 0.369179965897049 -0.929008256908534 -0.025491398078981948
  outer loop
    vertex 525.4140904531042 377.90379766260133 306.92014911789767
    vertex 524.3180974531043 377.6097916626013 301.76214811789765
    vertex 525.7781044531042 378.1077776626013 304.7581481178977
  endloop
endfacet
facet normal 0.3853339866082784 -0.9225110929485365 -0.0221585683533076
  outer loop
    vertex 526.5841044531041 378.2977796626015 310.8641491178976
    vertex 525.4140904531042 377.90379766260133 306.92014911789767
    vertex 525.7781044531042 378.1077776626013 304.7581481178977
  endloop
endfacet
facet normal 0.3908309759452562 -0.9200031205887318 -0.029075872277101164
  outer loop
    vertex 525.2980934531042 378.0097856626014 301.0401481178977
    vertex 524.6640904531042 377.8997996626013 295.99814811789764
    vertex 526.0341014531043 378.4818006626014 295.99814811789764
  endloop
endfacet
facet normal 0.2387031188116004 -0.9709612719856048 -0.015969639122765233
  outer loop
    vertex 518.3160984531041 375.75978566260176 307.1021481178977
    vertex 519.3580914531042 376.10377966260137 301.7621481178977
    vertex 520.1860944531043 376.27177866260166 303.9241491178977
  endloop
endfacet
facet normal 0.19703686680889565 -0.9802430789107068 -0.017319912407151784
  outer loop
    vertex 517.1760994531041 375.4457896626017 311.5961491178977
    vertex 516.9700904531041 375.4837846626017 307.1021481178977
    vertex 517.8540934531042 375.69578966260144 305.16014911789773
  endloop
endfacet
facet normal 0.36074787110405515 -0.9324506895303196 -0.019916954795441578
  outer loop
    vertex 524.5041024531043 377.2977796626012 318.4161491178977
    vertex 524.0321024531042 377.1937756626016 314.73614911789764
    vertex 525.5120984531043 377.7157786626012 317.10414911789763
  endloop
endfacet
facet normal 0.018246543656861253 -0.9996324953532914 -0.020048388422275923
  outer loop
    vertex 510.60809145310424 374.85579366260157 306.29414811789775
    vertex 509.47410345310425 374.9317826626015 301.4741481178977
    vertex 510.79009745310424 374.96178066260165 301.18414811789773
  endloop
endfacet
facet normal 0.018246543656861253 -0.9996324953532914 -0.020048388422275923
  outer loop
    vertex 509.47410345310425 374.9317826626015 301.4741481178977
    vertex 510.60809145310424 374.85579366260157 306.29414811789775
    vertex 509.4221014531043 374.8177996626016 307.11814911789776
  endloop
endfacet
facet normal 0.4045106642865057 -0.9143476809883392 -0.018423917871513557
  outer loop
    vertex 527.8840924531042 378.6897776626012 319.95214811789765
    vertex 526.2420934531043 378.0697826626017 314.67014911789767
    vertex 526.5841044531041 378.2977796626015 310.8641491178976
  endloop
endfacet
facet normal 0.36360913966568276 -0.9312822848747652 -0.02239864795068762
  outer loop
    vertex 525.7781044531042 378.1077776626013 304.7581481178977
    vertex 524.3180974531043 377.6097916626013 301.76214811789765
    vertex 525.2980934531042 378.0097856626014 301.0401481178977
  endloop
endfacet
facet normal 0.08904991691068344 -0.9958421208063952 -0.019198508432210278
  outer loop
    vertex 514.4360944531043 375.12178466260156 307.5261491178977
    vertex 513.1880924531042 374.9177746626016 312.3201491178977
    vertex 513.9820994531042 375.1537976626016 303.77814811789773
  endloop
endfacet
facet normal 0.08904991691068344 -0.9958421208063952 -0.019198508432210278
  outer loop
    vertex 513.1880924531042 374.9177746626016 312.3201491178977
    vertex 514.4360944531043 375.12178466260156 307.5261491178977
    vertex 513.7180914531043 374.9277846626017 314.28014911789774
  endloop
endfacet
facet normal 0.42267919301590606 -0.9060271087414292 -0.021381721564660998
  outer loop
    vertex 527.8840924531042 378.6897776626012 319.95214811789765
    vertex 526.5841044531041 378.2977796626015 310.8641491178976
    vertex 527.7360974531042 378.7957956626017 312.53414911789764
  endloop
endfacet
facet normal 0.29848127011580344 -0.9542713822018805 -0.016584948012266225
  outer loop
    vertex 522.0680974531043 376.47377466260133 318.84814811789767
    vertex 522.0081004531042 376.56377066260177 312.5901491178977
    vertex 523.1520974531041 376.9077956626016 313.38415011789766
  endloop
endfacet
facet normal 0.04888364917241487 -0.9986242903029813 -0.018971443288668167
  outer loop
    vertex 510.60809145310424 374.85579366260157 306.29414811789775
    vertex 510.79009745310424 374.96178066260165 301.18414811789773
    vertex 511.54009745310424 374.9297986626016 304.8001481178977
  endloop
endfacet
facet normal 0.6224927287012245 0.1755041652574324 0.7626933136532638
  outer loop
    vertex 540.2960944531043 410.5837906626015 319.08014911789763
    vertex 533.2680944531043 415.58177666260127 323.66614911789765
    vertex 534.8040904531042 410.13377866260134 323.66614911789765
  endloop
endfacet
facet normal 0.38198211834207446 -0.9239305814298175 -0.021022415790314157
  outer loop
    vertex 526.2420934531043 378.0697826626017 314.67014911789767
    vertex 525.4140904531042 377.90379766260133 306.92014911789767
    vertex 526.5841044531041 378.2977796626015 310.8641491178976
  endloop
endfacet
facet normal 0.35367046258099366 -0.9350659547561218 -0.02385087322864142
  outer loop
    vertex 524.9260994531041 377.6517836626015 309.56414911789767
    vertex 523.5780924531042 377.28578666260137 303.9241491178977
    vertex 525.4140904531042 377.90379766260133 306.92014911789767
  endloop
endfacet
facet normal 0.21018510919443192 -0.9775535398381311 -0.014536045640555712
  outer loop
    vertex 517.7160924531041 375.3717846626013 322.33215011789775
    vertex 518.5000894531041 375.61577266260133 317.2601491178977
    vertex 519.5500924531042 375.8237806626013 318.45414911789777
  endloop
endfacet
facet normal 0.2330791954863806 -0.972240673532963 -0.020546565639840416
  outer loop
    vertex 520.8580914531043 376.22978666260167 313.3841501178977
    vertex 519.5041024531042 375.9258006626017 312.4081481178977
    vertex 520.6741004531042 376.2977796626016 308.1021491178977
  endloop
endfacet
facet normal 0.2330791954863806 -0.972240673532963 -0.020546565639840416
  outer loop
    vertex 519.5041024531042 375.9258006626017 312.4081481178977
    vertex 520.8580914531043 376.22978666260167 313.3841501178977
    vertex 519.9660924531042 375.9877816626017 314.7521501178977
  endloop
endfacet
facet normal 0.36806092859119083 -0.9297047707083186 -0.013423567587758412
  outer loop
    vertex 526.3560924531042 377.97777266260135 322.1001491178977
    vertex 524.5041024531043 377.2977796626012 318.4161491178977
    vertex 525.5120984531043 377.7157786626012 317.10414911789763
  endloop
endfacet
facet normal 0.06665823883036563 -0.9976767212325415 -0.014065529023820316
  outer loop
    vertex 511.69009145310423 374.65578166260144 322.7861501178977
    vertex 512.1580944531042 374.76179966260133 317.48415011789774
    vertex 513.3681004531043 374.8337906626013 318.11214811789773
  endloop
endfacet
facet normal 0.07786816144011162 -0.9967569065532347 -0.020303169022669234
  outer loop
    vertex 513.1880924531042 374.9177746626016 312.3201491178977
    vertex 512.5740944531042 374.9237866626017 309.6701491178977
    vertex 513.9820994531042 375.1537976626016 303.77814811789773
  endloop
endfacet
facet normal -0.07681291123086151 0.9970177068528443 -0.007447743962832047
  outer loop
    vertex 505.97610245310426 422.53780066260146 323.67014911789767
    vertex 505.90609545310423 422.5277906626013 323.05214911789767
    vertex 504.4481024531043 422.41579166260135 323.09614911789765
  endloop
endfacet
facet normal -0.5557616675231192 -0.8305275215712692 -0.03678321389719749
  outer loop
    vertex 486.71209545310427 380.7377816626014 322.1001491178977
    vertex 485.26609545310424 381.63579266260126 323.6701491178978
    vertex 485.48209945310424 381.6557816626011 319.9521481178977
  endloop
endfacet
facet normal -0.5557616675231192 -0.8305275215712692 -0.03678321389719749
  outer loop
    vertex 485.26609545310424 381.63579266260126 323.6701491178978
    vertex 486.71209545310427 380.7377816626014 322.1001491178977
    vertex 486.51209845310433 380.8017776626011 323.67014911789767
  endloop
endfacet
facet normal -0.36711921798959646 -0.9299905663827615 -0.018466895293411747
  outer loop
    vertex 492.5840894531041 377.71779266260114 323.6701491178977
    vertex 493.3000924531042 377.44578966260104 323.13415011789766
    vertex 493.34409845310427 377.4177746626012 323.6701491178977
  endloop
endfacet
facet normal -0.3402251210941683 -0.9401049279475754 -0.021203571046944987
  outer loop
    vertex 493.34409845310427 377.4177746626012 323.6701491178977
    vertex 493.3000924531042 377.44578966260104 323.13415011789766
    vertex 494.6300944531042 376.98778166260115 322.10014911789773
  endloop
endfacet
facet normal -0.3389800688533618 -0.9405798013585449 -0.020053682866008057
  outer loop
    vertex 493.34409845310427 377.4177746626012 323.6701491178977
    vertex 494.6300944531042 376.98778166260115 322.10014911789773
    vertex 494.6981024531041 376.9297986626012 323.6701491178977
  endloop
endfacet
facet normal 0.13032223487377487 -0.9914142166319106 -0.010675493320675754
  outer loop
    vertex 513.1421024531041 375.1057936626015 301.7621481178977
    vertex 514.2521034531043 375.3137706626015 295.99814811789776
    vertex 515.8040904531041 375.51778066260147 295.99814811789776
  endloop
endfacet
facet normal -0.520740254881846 -0.8530925419091654 -0.032599108646542065
  outer loop
    vertex 487.6721014531042 380.09178566260135 323.67014911789767
    vertex 486.71209545310427 380.7377816626014 322.1001491178977
    vertex 487.7581004531042 380.0597726626013 323.13415011789766
  endloop
endfacet
facet normal 0.20260551224619158 -0.9791125990191698 -0.01701542974434392
  outer loop
    vertex 517.6880924531042 375.4917796626017 315.04614811789776
    vertex 517.1760994531041 375.4457896626017 311.5961491178977
    vertex 518.3160984531041 375.75978566260176 307.1021481178977
  endloop
endfacet
facet normal -0.7623139386111158 0.644715224239875 -0.0567427407915369
  outer loop
    vertex 481.0700964531043 411.98180066260124 323.0681501178977
    vertex 480.0120984531043 410.7838026626012 323.67014911789767
    vertex 480.94408945310425 411.88579266260126 323.67014911789767
  endloop
endfacet
facet normal 0.0527217867956123 -0.9984717641455265 -0.016569532316828728
  outer loop
    vertex 510.72410345310425 374.77977466260165 311.24414811789774
    vertex 510.60809145310424 374.85579366260157 306.29414811789775
    vertex 511.54009745310424 374.9297986626016 304.8001481178977
  endloop
endfacet
facet normal 0.06878335764943869 -0.997465879435058 -0.018184308436547485
  outer loop
    vertex 513.3681004531043 374.8337906626013 318.11214811789773
    vertex 512.1580944531042 374.76179966260133 317.48415011789774
    vertex 513.7180914531043 374.9277846626017 314.28014911789774
  endloop
endfacet
facet normal -0.20592213919509872 0.9784632254009163 -0.014345352116634656
  outer loop
    vertex 499.4160894531043 421.6157726626015 323.6701491178977
    vertex 500.8320904531042 421.91377666260155 323.67014911789767
    vertex 500.7960944531043 421.8977856626015 323.09614911789765
  endloop
endfacet
facet normal 0.16560753466808611 -0.9859648790410231 -0.02115187364701547
  outer loop
    vertex 517.0760934531041 375.60777766260134 301.7621481178977
    vertex 515.8040904531041 375.51778066260147 295.99814811789776
    vertex 517.3401014531042 375.7757766626014 295.99814811789776
  endloop
endfacet
facet normal -0.6372685599897109 0.7693704041782038 -0.04424888273513886
  outer loop
    vertex 483.4020974531042 414.15779566260125 323.6701491178978
    vertex 483.05009245310424 413.8497816626013 323.3841501178978
    vertex 483.0061014531043 413.8297926626012 323.6701491178978
  endloop
endfacet
facet normal -0.5217767852455589 -0.8524921917644352 -0.0317182811558146
  outer loop
    vertex 486.51209845310433 380.8017776626011 323.67014911789767
    vertex 486.71209545310427 380.7377816626014 322.1001491178977
    vertex 487.6721014531042 380.09178566260135 323.67014911789767
  endloop
endfacet
facet normal 0.03716107755626116 -0.9991697529890012 -0.016699072631613902
  outer loop
    vertex 511.69009145310423 374.65578166260144 322.7861501178977
    vertex 509.52609045310425 374.58977166260144 321.9201491178978
    vertex 512.1580944531042 374.76179966260133 317.48415011789774
  endloop
endfacet
facet normal 0.09190789593391605 -0.9956606694344381 -0.014586637939129716
  outer loop
    vertex 511.98209945310424 374.9217726626016 307.0141491178978
    vertex 513.1421024531041 375.1057936626015 301.7621481178977
    vertex 513.9820994531042 375.1537976626016 303.77814811789773
  endloop
endfacet
facet normal -0.8397015978605604 0.5392505619336428 -0.0641097340867408
  outer loop
    vertex 477.82609345310425 407.66777466260135 323.6701491178978
    vertex 478.74009445310423 408.9617806626013 322.5821501178977
    vertex 477.96209545310427 407.6077776626013 321.3861481178976
  endloop
endfacet
facet normal -0.8397015978605604 0.5392505619336428 -0.0641097340867408
  outer loop
    vertex 478.74009445310423 408.9617806626013 322.5821501178977
    vertex 477.82609345310425 407.66777466260135 323.6701491178978
    vertex 478.6200994531042 408.90379766260133 323.6701491178977
  endloop
endfacet
facet normal -0.6371715628938182 -0.769603119268809 -0.04151431381064601
  outer loop
    vertex 483.1280954531042 383.33977166260127 323.6701491178977
    vertex 484.1120884531043 382.6097916626011 322.10014911789773
    vertex 484.1161024531043 382.5217786626013 323.6701491178977
  endloop
endfacet
facet normal 0.08043682363597199 -0.9966419609765917 -0.015320542552052379
  outer loop
    vertex 511.54009745310424 374.9297986626016 304.8001481178977
    vertex 512.0380994531042 375.02779066260166 301.04014811789773
    vertex 513.1421024531041 375.1057936626015 301.7621481178977
  endloop
endfacet
facet normal -0.22115443768510512 0.9751786733093184 -0.01082911884055347
  outer loop
    vertex 499.4160894531043 421.6157726626015 323.6701491178977
    vertex 499.3860914531042 421.60579366260157 323.3841501178977
    vertex 498.83408945310424 421.48378466260147 323.6701491178977
  endloop
endfacet
facet normal -0.3159904325469337 -0.9485222869598892 -0.021342860145339534
  outer loop
    vertex 494.6981024531041 376.9297986626012 323.6701491178977
    vertex 494.6300944531042 376.98778166260115 322.10014911789773
    vertex 496.37809545310427 376.4537856626013 319.9521481178977
  endloop
endfacet
facet normal 0.04524650888463112 -0.9989050734858307 -0.011891492674186844
  outer loop
    vertex 509.52609045310425 374.58977166260144 321.9201491178978
    vertex 511.2140934531042 374.74577766260165 315.2381501178977
    vertex 512.1580944531042 374.76179966260133 317.48415011789774
  endloop
endfacet
facet normal 0.20401885465750003 -0.9787403127476517 -0.021064357262230948
  outer loop
    vertex 518.2880994531042 375.8617746626014 301.18414811789773
    vertex 517.3401014531042 375.7757766626014 295.99814811789776
    vertex 518.8560924531042 376.09178566260135 295.99814811789776
  endloop
endfacet
facet normal 0.13267274511539978 -0.9910592745554695 -0.014122925374408452
  outer loop
    vertex 516.3020914531043 375.1417736626014 320.90415011789776
    vertex 514.6580944531042 374.97377466260133 317.2601491178977
    vertex 515.9521004531042 375.1777846626018 315.04614811789776
  endloop
endfacet
facet normal 0.13267274511539978 -0.9910592745554695 -0.014122925374408452
  outer loop
    vertex 514.6580944531042 374.97377466260133 317.2601491178977
    vertex 516.3020914531043 375.1417736626014 320.90415011789776
    vertex 514.6360914531043 374.8977856626014 322.33215011789775
  endloop
endfacet
facet normal 0.1285720548416434 -0.9915740395008855 -0.015816159511524805
  outer loop
    vertex 515.9521004531042 375.1777846626018 315.04614811789776
    vertex 514.6220984531043 375.04979366260164 312.2641491178977
    vertex 515.8160984531042 375.24577766260177 309.6221491178977
  endloop
endfacet
facet normal 0.1285720548416434 -0.9915740395008855 -0.015816159511524805
  outer loop
    vertex 514.6220984531043 375.04979366260164 312.2641491178977
    vertex 515.9521004531042 375.1777846626018 315.04614811789776
    vertex 514.6580944531042 374.97377466260133 317.2601491178977
  endloop
endfacet
facet normal 0.2313035450423419 -0.9726561798171034 -0.020943397872454958
  outer loop
    vertex 519.3580914531042 376.10377966260137 301.7621481178977
    vertex 518.2880994531042 375.8617746626014 301.18414811789773
    vertex 520.3500954531042 376.4637956626014 295.99814811789764
  endloop
endfacet
facet normal 0.20471397536977604 -0.9786835883506378 -0.016450598208636726
  outer loop
    vertex 517.1760994531041 375.4457896626017 311.5961491178977
    vertex 517.8540934531042 375.69578966260144 305.16014911789773
    vertex 518.3160984531041 375.75978566260176 307.1021481178977
  endloop
endfacet
facet normal 0.1075011633198519 -0.9939751261172725 -0.021376354811591673
  outer loop
    vertex 515.8040904531041 375.51778066260147 295.99814811789776
    vertex 513.9820994531042 375.1537976626016 303.77814811789773
    vertex 513.1421024531041 375.1057936626015 301.7621481178977
  endloop
endfacet
facet normal 0.1075011633198519 -0.9939751261172725 -0.021376354811591673
  outer loop
    vertex 513.9820994531042 375.1537976626016 303.77814811789773
    vertex 515.8040904531041 375.51778066260147 295.99814811789776
    vertex 514.4360944531043 375.12178466260156 307.5261491178977
  endloop
endfacet
facet normal 0.09252797761502819 -0.9955333617080316 -0.01875897344681433
  outer loop
    vertex 513.7180914531043 374.9277846626017 314.28014911789774
    vertex 514.4360944531043 375.12178466260156 307.5261491178977
    vertex 514.6220984531043 375.04979366260164 312.2641491178977
  endloop
endfacet
facet normal 0.5680060574887762 -0.8224373619225189 -0.03107900207511112
  outer loop
    vertex 537.3341044531043 385.1477856626012 323.66614911789765
    vertex 537.6681034531042 385.63179466260124 316.96214911789775
    vertex 538.6520974531043 386.34380066260167 316.10414911789775
  endloop
endfacet
facet normal 0.09177614311318551 -0.9956483230995549 -0.016172701206433434
  outer loop
    vertex 512.0380994531042 375.02779066260166 301.04014811789773
    vertex 512.6900914531042 375.16978866260143 295.99814811789776
    vertex 514.2521034531043 375.3137706626015 295.99814811789776
  endloop
endfacet
facet normal 0.2554125822646141 -0.9665653836708391 -0.022710612280723082
  outer loop
    vertex 520.1860944531043 376.27177866260166 303.9241491178977
    vertex 519.3580914531042 376.10377966260137 301.7621481178977
    vertex 521.8200964531043 376.88979066260146 295.99814811789764
  endloop
endfacet
facet normal -0.10806263409750388 0.994114328814499 -0.00769209708775528
  outer loop
    vertex 504.5361004531042 422.4297986626013 323.67014911789767
    vertex 504.4481024531043 422.41579166260135 323.09614911789765
    vertex 502.61009045310425 422.2157786626014 323.0681501178977
  endloop
endfacet
facet normal -0.8853966575119334 -0.46068325203944893 -0.06199758186456751
  outer loop
    vertex 477.5800914531043 390.07179666260123 323.6701491178977
    vertex 477.9720894531042 389.6257826626013 321.38614811789773
    vertex 477.83608745310426 389.57979266260133 323.6701491178977
  endloop
endfacet
facet normal -0.6964087995579156 0.7159904749208719 -0.04870753248612982
  outer loop
    vertex 481.03210245310424 411.9857986626012 323.67014911789767
    vertex 482.16409045310434 413.04777966260116 323.09614911789765
    vertex 481.0700964531043 411.98180066260124 323.0681501178977
  endloop
endfacet
facet normal -0.6973161484645521 0.7148274681024043 -0.05264864610670292
  outer loop
    vertex 482.09409845310427 413.0217786626012 323.67014911789767
    vertex 482.16409045310434 413.04777966260116 323.09614911789765
    vertex 481.03210245310424 411.9857986626012 323.67014911789767
  endloop
endfacet
facet normal 0.020910361275313035 -0.9996533700661925 -0.01599676550556838
  outer loop
    vertex 509.41009345310425 374.7217906626016 313.10214811789774
    vertex 509.4221014531043 374.8177996626016 307.11814911789776
    vertex 510.60809145310424 374.85579366260157 306.29414811789775
  endloop
endfacet
facet normal 0.11675260242610823 -0.9929544816246789 -0.020254067448205255
  outer loop
    vertex 514.4360944531043 375.12178466260156 307.5261491178977
    vertex 515.8040904531041 375.51778066260147 295.99814811789776
    vertex 515.7760904531043 375.35579366260146 303.77814811789773
  endloop
endfacet
facet normal 0.11820343763098992 -0.9927934627004831 -0.019725307384205065
  outer loop
    vertex 514.6220984531043 375.04979366260164 312.2641491178977
    vertex 514.4360944531043 375.12178466260156 307.5261491178977
    vertex 515.7760904531043 375.35579366260146 303.77814811789773
  endloop
endfacet
facet normal 0.5791136183971969 -0.8146177005786949 -0.032022162493898575
  outer loop
    vertex 537.6681034531042 385.63179466260124 316.96214911789775
    vertex 537.5220924531042 385.7217906626017 312.03214811789775
    vertex 538.0440954531042 386.0557756626017 312.9761491178977
  endloop
endfacet
facet normal 0.2332403620479573 -0.9722258217132412 -0.019387756594069383
  outer loop
    vertex 518.9120914531042 375.8517956626017 309.6581491178977
    vertex 518.3160984531041 375.75978566260176 307.1021481178977
    vertex 520.1860944531043 376.27177866260166 303.9241491178977
  endloop
endfacet
facet normal -0.17290445684375585 0.984780025467554 -0.01767343327397391
  outer loop
    vertex 502.5940984531042 422.2237746626014 323.67014911789767
    vertex 502.61009045310425 422.2157786626014 323.0681501178977
    vertex 500.7960944531043 421.8977856626015 323.09614911789765
  endloop
endfacet
facet normal -0.17324949231989853 0.9847385836799232 -0.016569104470568943
  outer loop
    vertex 502.5940984531042 422.2237746626014 323.67014911789767
    vertex 500.7960944531043 421.8977856626015 323.09614911789765
    vertex 500.8320904531042 421.91377666260155 323.67014911789767
  endloop
endfacet
facet normal -0.6624156763530938 0.7476666048868827 -0.046905433145801374
  outer loop
    vertex 483.0061014531043 413.8297926626012 323.6701491178978
    vertex 482.16409045310434 413.04777966260116 323.09614911789765
    vertex 482.09409845310427 413.0217786626012 323.67014911789767
  endloop
endfacet
facet normal -0.20523829338184726 0.9786306781092659 -0.012618985422983136
  outer loop
    vertex 499.4160894531043 421.6157726626015 323.6701491178977
    vertex 500.7960944531043 421.8977856626015 323.09614911789765
    vertex 499.3860914531042 421.60579366260157 323.3841501178977
  endloop
endfacet
facet normal -0.760728614959063 0.6472199912739359 -0.048972005041983215
  outer loop
    vertex 481.0700964531043 411.98180066260124 323.0681501178977
    vertex 480.1000954531043 410.8438006626013 323.09614911789765
    vertex 480.0120984531043 410.7838026626012 323.67014911789767
  endloop
endfacet
facet normal -0.10514575518963108 0.9943098980803837 -0.017093763335766683
  outer loop
    vertex 504.5361004531042 422.4297986626013 323.67014911789767
    vertex 502.61009045310425 422.2157786626014 323.0681501178977
    vertex 502.75810045310425 422.24177966260135 323.67014911789767
  endloop
endfacet
facet normal -0.7921949284885625 0.6075108129420946 -0.057946591232243445
  outer loop
    vertex 480.1000954531043 410.8438006626013 323.09614911789765
    vertex 479.3080884531043 409.8657726626013 323.6701491178977
    vertex 480.0120984531043 410.7838026626012 323.67014911789767
  endloop
endfacet
facet normal -0.06111853199536583 0.9980876462308468 -0.009250702032793696
  outer loop
    vertex 505.90609545310423 422.5277906626013 323.05214911789767
    vertex 507.4781014531043 422.6297806626014 323.67014911789767
    vertex 507.41608945310423 422.61778666260136 322.78615011789765
  endloop
endfacet
facet normal -0.06111853199536583 0.9980876462308468 -0.009250702032793696
  outer loop
    vertex 507.4781014531043 422.6297806626014 323.67014911789767
    vertex 505.90609545310423 422.5277906626013 323.05214911789767
    vertex 505.97610245310426 422.53780066260146 323.67014911789767
  endloop
endfacet
facet normal -0.35729358594729926 0.9336528404768665 -0.02517274141604576
  outer loop
    vertex 493.1461004531042 419.77779066260126 323.6701491178978
    vertex 493.23609745310426 419.7977796626011 323.1341501178977
    vertex 492.01809445310425 419.3037916626013 322.1001491178977
  endloop
endfacet
facet normal 0.08340110580334839 -0.9963175765592964 -0.019888242501265963
  outer loop
    vertex 513.1421024531041 375.1057936626015 301.7621481178977
    vertex 512.0380994531042 375.02779066260166 301.04014811789773
    vertex 514.2521034531043 375.3137706626015 295.99814811789776
  endloop
endfacet
facet normal 0.16717652762899263 -0.9857880763384185 -0.01654923439054638
  outer loop
    vertex 515.9521004531042 375.1777846626018 315.04614811789776
    vertex 515.8160984531042 375.24577766260177 309.6221491178977
    vertex 516.9700904531041 375.4837846626017 307.1021481178977
  endloop
endfacet
facet normal 0.22862573905866404 -0.9733881114172209 -0.015679795645856563
  outer loop
    vertex 517.8540934531042 375.69578966260144 305.16014911789773
    vertex 518.2880994531042 375.8617746626014 301.18414811789773
    vertex 519.3580914531042 376.10377966260137 301.7621481178977
  endloop
endfacet
facet normal -0.6098253163290971 -0.7915416778608315 -0.039684452539711285
  outer loop
    vertex 485.26609545310424 381.63579266260126 323.6701491178978
    vertex 484.1161024531043 382.5217786626013 323.6701491178977
    vertex 485.48209945310424 381.6557816626011 319.9521481178977
  endloop
endfacet
facet normal 0.21933932591470487 -0.9754428672185392 -0.020036788658827437
  outer loop
    vertex 518.3160984531041 375.75978566260176 307.1021481178977
    vertex 517.8540934531042 375.69578966260144 305.16014911789773
    vertex 519.3580914531042 376.10377966260137 301.7621481178977
  endloop
endfacet
facet normal -0.3917859834932879 0.9197267054165407 -0.024627839568928847
  outer loop
    vertex 491.8160984531042 419.2597856626011 323.67014911789767
    vertex 492.01809445310425 419.3037916626013 322.1001491178977
    vertex 490.5520914531042 418.62178466260104 319.95214811789765
  endloop
endfacet
facet normal 0.07448252448124766 -0.9970509979897749 -0.018484072995271366
  outer loop
    vertex 511.98209945310424 374.9217726626016 307.0141491178978
    vertex 511.54009745310424 374.9297986626016 304.8001481178977
    vertex 513.1421024531041 375.1057936626015 301.7621481178977
  endloop
endfacet
facet normal 0.19611864774460883 -0.9803849688599944 -0.019564990166469426
  outer loop
    vertex 518.2880994531042 375.8617746626014 301.18414811789773
    vertex 517.0760934531041 375.60777766260134 301.7621481178977
    vertex 517.3401014531042 375.7757766626014 295.99814811789776
  endloop
endfacet
facet normal 0.19611864774460883 -0.9803849688599944 -0.019564990166469426
  outer loop
    vertex 517.0760934531041 375.60777766260134 301.7621481178977
    vertex 518.2880994531042 375.8617746626014 301.18414811789773
    vertex 517.8540934531042 375.69578966260144 305.16014911789773
  endloop
endfacet
facet normal -0.7919379586092997 0.6079498639273343 -0.056843932521168074
  outer loop
    vertex 480.1000954531043 410.8438006626013 323.09614911789765
    vertex 479.3961004531043 409.9177746626012 323.00014911789776
    vertex 479.3080884531043 409.8657726626013 323.6701491178977
  endloop
endfacet
facet normal 0.1197656904403398 -0.9926105404708487 -0.019506264109730373
  outer loop
    vertex 514.6220984531043 375.04979366260164 312.2641491178977
    vertex 515.7760904531043 375.35579366260146 303.77814811789773
    vertex 515.8160984531042 375.24577766260177 309.6221491178977
  endloop
endfacet
facet normal 0.0995522818268636 -0.9949165675772268 -0.015177837244295028
  outer loop
    vertex 514.6580944531042 374.97377466260133 317.2601491178977
    vertex 513.7180914531043 374.9277846626017 314.28014911789774
    vertex 514.6220984531043 375.04979366260164 312.2641491178977
  endloop
endfacet
facet normal 0.0995522818268636 -0.9949165675772268 -0.015177837244295028
  outer loop
    vertex 513.7180914531043 374.9277846626017 314.28014911789774
    vertex 514.6580944531042 374.97377466260133 317.2601491178977
    vertex 513.3681004531043 374.8337906626013 318.11214811789773
  endloop
endfacet
facet normal 0.0995522818268636 -0.9949165675772268 -0.015177837244295028
  outer loop
    vertex 513.3681004531043 374.8337906626013 318.11214811789773
    vertex 514.6580944531042 374.97377466260133 317.2601491178977
    vertex 514.6360914531043 374.8977856626014 322.33215011789775
  endloop
endfacet
facet normal 0.6131569395837795 -0.7890368642402358 -0.038202019713480195
  outer loop
    vertex 537.5220924531042 385.7217906626017 312.03214811789775
    vertex 536.8440984531043 385.29979366260164 309.86614911789763
    vertex 536.6620914531043 385.4357806626013 304.1361481178976
  endloop
endfacet
facet normal 0.23222500798927725 -0.9725696827291112 -0.013407382316340295
  outer loop
    vertex 518.930097453104 375.6037796626013 323.6701491178977
    vertex 519.5500924531042 375.8237806626013 318.45414911789777
    vertex 519.6920904531041 375.7857866626013 323.6701491178977
  endloop
endfacet
facet normal 0.2537793148919137 0.9672586496773312 0.0026007609226480783
  outer loop
    vertex 522.0881024531043 420.8677866626014 323.67014911789767
    vertex 522.0460944531043 420.8917736626013 318.8481481178977
    vertex 520.7500894531042 421.2318006626015 318.85014911789773
  endloop
endfacet
facet normal -0.8119897653731654 0.5807219799779679 -0.058605485235606054
  outer loop
    vertex 479.3080884531043 409.8657726626013 323.6701491178977
    vertex 478.74009445310423 408.9617806626013 322.5821501178977
    vertex 478.6200994531042 408.90379766260133 323.6701491178977
  endloop
endfacet
facet normal 0.6001522971181491 -0.7995484593682289 -0.023226738593709495
  outer loop
    vertex 533.0700964531042 381.6597796626013 323.6701491178977
    vertex 532.9340954531043 381.69777366260126 318.8481481178977
    vertex 533.8800944531043 382.4077956626014 318.85014911789773
  endloop
endfacet
facet normal 0.40879899554518667 -0.9125272744322844 -0.01331745690561768
  outer loop
    vertex 526.5140964531042 378.02177866260143 323.67014911789767
    vertex 527.8840924531042 378.6897776626012 319.95214811789765
    vertex 527.9560984531041 378.66777466260146 323.67014911789767
  endloop
endfacet
facet normal 0.3615722404875766 0.9322921082338093 -0.00984580284961496
  outer loop
    vertex 525.0901014531042 419.81578466260123 323.1341501178977
    vertex 526.4920934531042 419.2777906626014 323.6701491178977
    vertex 526.3361034531042 419.3217966626014 322.10014911789773
  endloop
endfacet
facet normal 0.3615722404875766 0.9322921082338093 -0.00984580284961496
  outer loop
    vertex 526.4920934531042 419.2777906626014 323.6701491178977
    vertex 525.0901014531042 419.81578466260123 323.1341501178977
    vertex 525.1620914531042 419.7937816626014 323.6701491178977
  endloop
endfacet
facet normal 0.1507385639527258 0.9884580120090947 -0.015120973265590266
  outer loop
    vertex 516.0820904531043 422.1477856626013 323.67014911789767
    vertex 517.6920904531042 421.8817946626013 322.3321501178977
    vertex 514.6100904531042 422.35179566260143 322.3321501178977
  endloop
endfacet
facet normal 0.15264871240107855 0.9881979947009976 -0.012770821086368876
  outer loop
    vertex 517.3121014531042 421.9577836626014 323.67014911789767
    vertex 517.6920904531042 421.8817946626013 322.3321501178977
    vertex 516.0820904531043 422.1477856626013 323.67014911789767
  endloop
endfacet
facet normal 0.1341787530408272 -0.9908255360406881 -0.016149902850857673
  outer loop
    vertex 514.7380964531043 374.88979066260134 323.6701491178977
    vertex 514.6360914531043 374.8977856626014 322.33215011789775
    vertex 514.9300974531043 374.9157916626013 323.6701491178977
  endloop
endfacet
facet normal 0.5200159549223415 -0.8539296297371425 -0.019687409255461988
  outer loop
    vertex 531.1860944531043 380.44377566260135 323.6701491178977
    vertex 530.5680974531042 380.07979266260133 323.1341501178977
    vertex 530.9280984531042 380.4077956626013 318.4161491178977
  endloop
endfacet
facet normal 0.09883882763054473 0.9950665337067421 -0.008572027150492555
  outer loop
    vertex 513.5000894531042 422.4518016626014 323.67014911789767
    vertex 513.1480994531042 422.47978666260127 322.86014911789766
    vertex 513.1780984531042 422.48378466260147 323.67014911789767
  endloop
endfacet
facet normal 0.47993044811760077 0.8772716377430797 -0.007825508367749284
  outer loop
    vertex 530.6760994531043 417.1817826626013 323.67014911789767
    vertex 529.5041024531042 417.7957956626013 320.6261481178976
    vertex 529.3160984531042 417.9258006626014 323.67014911789767
  endloop
endfacet
facet normal 0.46422901142766876 -0.8855538664707571 -0.016904866979134993
  outer loop
    vertex 529.3280924531042 379.3757826626013 323.67014911789767
    vertex 527.8840924531042 378.6897776626012 319.95214811789765
    vertex 529.4120914531043 379.44978766260135 322.1001491178977
  endloop
endfacet
facet normal -0.5031084793354994 0.8635171596186427 -0.03492811281580147
  outer loop
    vertex 487.8060894531043 417.2197766626011 323.67014911789767
    vertex 488.96209545310427 417.8297926626012 322.1001491178977
    vertex 487.77808945310426 417.1817826626013 323.13415011789766
  endloop
endfacet
facet normal -0.4700936054354703 0.8822236108532395 -0.026334437183129396
  outer loop
    vertex 490.37009945310416 418.63579266260115 323.67014911789767
    vertex 490.5520914531042 418.62178466260104 319.95214811789765
    vertex 489.00008945310424 417.90578166260116 323.67014911789767
  endloop
endfacet
facet normal -0.07478503069896744 0.9971166624371783 -0.01286703825660068
  outer loop
    vertex 505.97610245310426 422.53780066260146 323.67014911789767
    vertex 504.4481024531043 422.41579166260135 323.09614911789765
    vertex 504.5361004531042 422.4297986626013 323.67014911789767
  endloop
endfacet
facet normal 0.3026424841009539 -0.953021980562583 -0.01251524597344649
  outer loop
    vertex 522.1100904531042 376.42378666260134 323.6701491178977
    vertex 522.0680974531043 376.47377466260133 318.84814811789767
    vertex 523.3341044531041 376.87578266260135 318.8501491178977
  endloop
endfacet
facet normal 0.47033439631379986 0.8824469023780598 -0.008545181537024346
  outer loop
    vertex 532.3621044531043 416.29378166260136 323.67014911789767
    vertex 531.1340924531042 416.8897906626012 317.62814911789764
    vertex 530.6961034531042 417.16179366260127 321.61014911789766
  endloop
endfacet
facet normal 0.2412055009061663 0.9704534023303361 0.00633247487798887
  outer loop
    vertex 522.0881024531043 420.8677866626014 323.67014911789767
    vertex 520.7500894531042 421.2318006626015 318.85014911789773
    vertex 520.3580914531042 421.2977796626013 323.67014911789767
  endloop
endfacet
facet normal -0.4979509535008962 0.8666896574807806 -0.029897918378969598
  outer loop
    vertex 489.00008945310424 417.90578166260116 323.67014911789767
    vertex 488.96209545310427 417.8297926626012 322.1001491178977
    vertex 487.8060894531043 417.2197766626011 323.67014911789767
  endloop
endfacet
facet normal 0.46263898606747866 0.8865465670527205 -0.000594152750925759
  outer loop
    vertex 532.3621044531043 416.29378166260136 323.67014911789767
    vertex 530.6961034531042 417.16179366260127 321.61014911789766
    vertex 531.4920934531042 416.74779166260123 323.67014911789767
  endloop
endfacet
facet normal 0.5274592196177381 -0.849342917661115 -0.020084318737542125
  outer loop
    vertex 531.1860944531043 380.44377566260135 323.6701491178977
    vertex 530.9280984531042 380.4077956626013 318.4161491178977
    vertex 531.9300974531042 381.0197946626012 318.85014911789773
  endloop
endfacet
facet normal -0.6668149941077611 -0.7439436645047124 -0.04365303742429022
  outer loop
    vertex 482.5881024531043 383.8237806626013 323.6701491178977
    vertex 483.1140874531043 383.3837786626013 323.1341501178977
    vertex 483.1280954531042 383.33977166260127 323.6701491178977
  endloop
endfacet
facet normal -0.8103079238526244 0.5827988601486181 -0.061209126371162687
  outer loop
    vertex 479.3961004531043 409.9177746626012 323.00014911789776
    vertex 478.74009445310423 408.9617806626013 322.5821501178977
    vertex 479.3080884531043 409.8657726626013 323.6701491178977
  endloop
endfacet
facet normal -0.6150198400502254 -0.7873618547241542 -0.04256648998843238
  outer loop
    vertex 484.1161024531043 382.5217786626013 323.6701491178977
    vertex 484.1120884531043 382.6097916626011 322.10014911789773
    vertex 485.48209945310424 381.6557816626011 319.9521481178977
  endloop
endfacet
facet normal 0.004488564338769199 -0.9999747612409972 -0.005507238072536843
  outer loop
    vertex 509.4501014531043 374.57979266260133 323.6701491178978
    vertex 509.52609045310425 374.58977166260144 321.9201491178978
    vertex 509.8921024531042 374.58177666260144 323.6701491178978
  endloop
endfacet
facet normal 0.05019605883748073 0.9986422436090023 -0.013929284143927495
  outer loop
    vertex 511.7360974531042 422.58980266260136 323.67014911789767
    vertex 509.5000894531043 422.6777846626013 321.92014911789767
    vertex 509.86610245310425 422.6837966626014 323.67014911789767
  endloop
endfacet
facet normal -0.03411338683202102 0.9993352661702954 -0.012857006929833178
  outer loop
    vertex 509.42609945310426 422.6977736626013 323.67014911789767
    vertex 509.5000894531043 422.6777846626013 321.92014911789767
    vertex 507.41608945310423 422.61778666260136 322.78615011789765
  endloop
endfacet
facet normal -0.034880644047565336 0.9993297081074954 -0.011111937932486592
  outer loop
    vertex 509.42609945310426 422.6977736626013 323.67014911789767
    vertex 507.41608945310423 422.61778666260136 322.78615011789765
    vertex 507.4781014531043 422.6297806626014 323.67014911789767
  endloop
endfacet
facet normal 0.6318509121786914 -0.7747151593647368 -0.024100759934618594
  outer loop
    vertex 534.3121014531042 382.60579366260146 323.67014911789767
    vertex 534.7980934531042 383.1557816626013 318.7321491178977
    vertex 535.3800944531042 383.47777266260135 323.6401501178977
  endloop
endfacet
facet normal -0.5168636793333372 0.8554067144870192 -0.033634651723018716
  outer loop
    vertex 487.1441014531042 416.8197826626012 323.6701491178977
    vertex 487.8060894531043 417.2197766626011 323.67014911789767
    vertex 487.77808945310426 417.1817826626013 323.13415011789766
  endloop
endfacet
facet normal -0.4787606636401858 0.8774021894813646 -0.030880816765695804
  outer loop
    vertex 489.00008945310424 417.90578166260116 323.67014911789767
    vertex 490.5520914531042 418.62178466260104 319.95214811789765
    vertex 488.96209545310427 417.8297926626012 322.1001491178977
  endloop
endfacet
facet normal 0.6295794301658116 -0.7765488338857508 -0.024528548729447815
  outer loop
    vertex 534.3121014531042 382.60579366260146 323.67014911789767
    vertex 533.8800944531043 382.4077956626014 318.85014911789773
    vertex 534.7980934531042 383.1557816626013 318.7321491178977
  endloop
endfacet
facet normal 0.21786221135992626 0.9759794801511055 0.0003334446598534169
  outer loop
    vertex 520.3580914531042 421.2977796626013 323.67014911789767
    vertex 518.9700904531043 421.60777766260134 323.1941491178977
    vertex 519.6681034531043 421.45180166260127 323.67014911789767
  endloop
endfacet
facet normal 0.4585367597788816 -0.88856295860512 -0.014138901173724518
  outer loop
    vertex 527.9560984531041 378.66777466260146 323.67014911789767
    vertex 527.8840924531042 378.6897776626012 319.95214811789765
    vertex 529.3280924531042 379.3757826626013 323.67014911789767
  endloop
endfacet
facet normal -0.362845325626897 0.9316222985770922 -0.020570913072748814
  outer loop
    vertex 493.1461004531042 419.77779066260126 323.6701491178978
    vertex 492.01809445310425 419.3037916626013 322.1001491178977
    vertex 491.8160984531042 419.2597856626011 323.67014911789767
  endloop
endfacet
facet normal 0.34449134691896316 -0.9387733965362791 -0.005497440649670961
  outer loop
    vertex 524.4100934531043 377.2017716626014 323.67014911789767
    vertex 525.1100904531042 377.46178066260126 323.13415011789766
    vertex 525.1840954531043 377.4857986626013 323.67014911789767
  endloop
endfacet
facet normal 0.5579707899682683 -0.829165736658917 -0.03395259479129805
  outer loop
    vertex 540.1520974531043 387.2318006626014 319.08014911789775
    vertex 538.6520974531043 386.34380066260167 316.10414911789775
    vertex 538.9060954531042 386.5477796626016 315.3201491178977
  endloop
endfacet
facet normal 0.5579707899682683 -0.829165736658917 -0.03395259479129805
  outer loop
    vertex 538.6520974531043 386.34380066260167 316.10414911789775
    vertex 540.1520974531043 387.2318006626014 319.08014911789775
    vertex 537.3341044531043 385.1477856626012 323.66614911789765
  endloop
endfacet
facet normal 0.03174806690176605 0.9994451370797431 -0.010073639642887195
  outer loop
    vertex 509.86610245310425 422.6837966626014 323.67014911789767
    vertex 509.5000894531043 422.6777846626013 321.92014911789767
    vertex 509.42609945310426 422.6977736626013 323.67014911789767
  endloop
endfacet
facet normal 0.34017140439234406 0.9403367417115542 -0.007087158883367179
  outer loop
    vertex 525.1620914531042 419.7937816626014 323.6701491178977
    vertex 525.0901014531042 419.81578466260123 323.1341501178977
    vertex 524.3880894531043 420.07378066260134 323.6701491178977
  endloop
endfacet
facet normal -0.7496809971435543 0.6597771493873162 -0.051696379642999835
  outer loop
    vertex 481.03210245310424 411.9857986626012 323.67014911789767
    vertex 481.0700964531043 411.98180066260124 323.0681501178977
    vertex 480.94408945310425 411.88579266260126 323.67014911789767
  endloop
endfacet
facet normal 0.6443979647540569 -0.7642387315381158 -0.026275925061568922
  outer loop
    vertex 536.5341014531042 384.4497876626013 323.67014911789767
    vertex 535.3800944531042 383.47777266260135 323.6401501178977
    vertex 534.7980934531042 383.1557816626013 318.7321491178977
  endloop
endfacet
facet normal 0.1618686392268956 -0.9866620784679025 -0.0172187847489842
  outer loop
    vertex 517.2001014531043 375.26378266260133 323.6701491178977
    vertex 517.7160924531041 375.3717846626013 322.33215011789775
    vertex 517.5780924531042 375.3257946626013 323.6701491178977
  endloop
endfacet
facet normal 0.08598964792971737 0.9962901973706807 -0.0034092626788758754
  outer loop
    vertex 514.8020914531043 422.3398026626014 323.67014911789767
    vertex 514.6100904531042 422.35179566260143 322.3321501178977
    vertex 513.1480994531042 422.47978666260127 322.86014911789766
  endloop
endfacet
facet normal 0.08497719372265437 0.9963820142270797 -0.0013259984200182004
  outer loop
    vertex 514.8020914531043 422.3398026626014 323.67014911789767
    vertex 513.1480994531042 422.47978666260127 322.86014911789766
    vertex 513.5361004531043 422.4477736626014 323.67014911789767
  endloop
endfacet
facet normal 0.3121155886736063 -0.9499933247836221 -0.009825587691733256
  outer loop
    vertex 522.1100904531042 376.42378666260134 323.6701491178977
    vertex 523.3341044531041 376.87578266260135 318.8501491178977
    vertex 523.7841014531043 376.9737746626012 323.67014911789767
  endloop
endfacet
facet normal 0.263486399403143 -0.9645958448554699 -0.011391813601429285
  outer loop
    vertex 520.3820934531042 375.95177166260135 323.6701491178977
    vertex 520.7740914531043 376.1157726626014 318.85014911789773
    vertex 522.1100904531042 376.42378666260134 323.6701491178977
  endloop
endfacet
facet normal 0.37375670855573045 -0.9274540022682838 -0.01161879882470679
  outer loop
    vertex 525.1840954531043 377.4857986626013 323.67014911789767
    vertex 526.3560924531042 377.97777266260135 322.1001491178977
    vertex 526.5140964531042 378.02177866260143 323.67014911789767
  endloop
endfacet
facet normal 0.2157545778608676 0.9764241624119392 0.006768839651073459
  outer loop
    vertex 520.3580914531042 421.2977796626013 323.67014911789767
    vertex 519.5260904531042 421.51778066260147 318.45414911789766
    vertex 518.9700904531043 421.60777766260134 323.1941491178977
  endloop
endfacet
facet normal 0.1520711328309865 -0.9881439437437535 -0.021116746956918585
  outer loop
    vertex 517.2001014531043 375.26378266260133 323.6701491178977
    vertex 514.6360914531043 374.8977856626014 322.33215011789775
    vertex 517.7160924531041 375.3717846626013 322.33215011789775
  endloop
endfacet
facet normal 0.1514992565877363 -0.9882552090462982 -0.019990423862961463
  outer loop
    vertex 514.9300974531043 374.9157916626013 323.6701491178977
    vertex 514.6360914531043 374.8977856626014 322.33215011789775
    vertex 517.2001014531043 375.26378266260133 323.6701491178977
  endloop
endfacet
facet normal 0.3172430763226615 0.9483330103407681 0.00461866034158707
  outer loop
    vertex 523.7620984531043 420.30778966260146 323.6701491178977
    vertex 523.3121014531042 420.4818006626015 318.85014911789773
    vertex 522.0881024531043 420.8677866626014 323.67014911789767
  endloop
endfacet
facet normal -0.3422216221850436 0.939351518942602 -0.022429560166523282
  outer loop
    vertex 493.1461004531042 419.77779066260126 323.6701491178978
    vertex 493.9201024531043 420.05977266260123 323.6701491178977
    vertex 493.23609745310426 419.7977796626011 323.1341501178977
  endloop
endfacet
facet normal -0.6415711597708035 -0.7656771511776757 -0.04609714866220116
  outer loop
    vertex 483.1280954531042 383.33977166260127 323.6701491178977
    vertex 483.1140874531043 383.3837786626013 323.1341501178977
    vertex 484.1120884531043 382.6097916626011 322.10014911789773
  endloop
endfacet
facet normal 0.3911641562522749 0.92022809165839 -0.013071426326303981
  outer loop
    vertex 526.4920934531042 419.2777906626014 323.6701491178977
    vertex 527.8641034531042 418.64177366260145 319.9521481178977
    vertex 526.3361034531042 419.3217966626014 322.10014911789773
  endloop
endfacet
facet normal 0.5661283509441718 -0.8236072057103727 -0.034203230244885044
  outer loop
    vertex 537.6681034531042 385.63179466260124 316.96214911789775
    vertex 538.0440954531042 386.0557756626017 312.9761491178977
    vertex 538.6520974531043 386.34380066260167 316.10414911789775
  endloop
endfacet
facet normal -0.3961101282557355 0.9179187095811583 -0.02284751395854926
  outer loop
    vertex 491.8160984531042 419.2597856626011 323.67014911789767
    vertex 490.5520914531042 418.62178466260104 319.95214811789765
    vertex 490.37009945310416 418.63579266260115 323.67014911789767
  endloop
endfacet
facet normal 0.5197350925270412 0.8540597618136628 -0.021385902989996704
  outer loop
    vertex 532.3621044531043 416.29378166260136 323.67014911789767
    vertex 532.3580914531043 416.1177866626016 316.5441491178977
    vertex 531.1340924531042 416.8897906626012 317.62814911789764
  endloop
endfacet
facet normal 0.5969226873050932 0.8021411776248516 -0.015900834540433326
  outer loop
    vertex 533.2680944531043 415.58177666260127 323.66614911789765
    vertex 533.8320904531042 414.9157916626014 311.24214811789767
    vertex 532.3580914531043 416.1177866626016 316.5441491178977
  endloop
endfacet
facet normal 0.5760128835466906 -0.8167471511487439 -0.03366376506925542
  outer loop
    vertex 538.0440954531042 386.0557756626017 312.9761491178977
    vertex 537.5480934531042 385.88377866260146 308.66214911789774
    vertex 538.0901014531042 386.16579166260146 311.09414911789776
  endloop
endfacet
facet normal 0.6012524164534655 -0.7983991413288902 -0.032470645730554845
  outer loop
    vertex 537.5220924531042 385.7217906626017 312.03214811789775
    vertex 537.0660984531042 385.2277726626017 315.73614911789764
    vertex 536.8440984531043 385.29979366260164 309.86614911789763
  endloop
endfacet
facet normal 0.6012524164534655 -0.7983991413288902 -0.032470645730554845
  outer loop
    vertex 537.0660984531042 385.2277726626017 315.73614911789764
    vertex 537.5220924531042 385.7217906626017 312.03214811789775
    vertex 537.6681034531042 385.63179466260124 316.96214911789775
  endloop
endfacet
facet normal 0.5822106586514634 -0.8123033933836432 -0.03455352442295077
  outer loop
    vertex 538.0440954531042 386.0557756626017 312.9761491178977
    vertex 537.5220924531042 385.7217906626017 312.03214811789775
    vertex 537.5480934531042 385.88377866260146 308.66214911789774
  endloop
endfacet
facet normal 0.5853990885491144 -0.8100143497317558 -0.03441889531212599
  outer loop
    vertex 537.5220924531042 385.7217906626017 312.03214811789775
    vertex 536.6620914531043 385.4357806626013 304.1361481178976
    vertex 537.5480934531042 385.88377866260146 308.66214911789774
  endloop
endfacet
facet normal -0.6613905525517983 0.7484115168208814 -0.04942406787279539
  outer loop
    vertex 483.0061014531043 413.8297926626012 323.6701491178978
    vertex 483.05009245310424 413.8497816626013 323.3841501178978
    vertex 482.16409045310434 413.04777966260116 323.09614911789765
  endloop
endfacet
facet normal -0.4885050741284168 -0.8721649698812823 -0.026287979434946585
  outer loop
    vertex 487.6721014531042 380.09178566260135 323.67014911789767
    vertex 487.7581004531042 380.0597726626013 323.13415011789766
    vertex 488.3540934531042 379.7097976626014 323.67014911789767
  endloop
endfacet
facet normal 0.585134084932594 -0.8098976409067131 -0.04103552002639954
  outer loop
    vertex 537.5480934531042 385.88377866260146 308.66214911789774
    vertex 536.3720984531043 385.6758006626013 295.99814811789776
    vertex 538.0361004531042 386.2457776626016 308.47614911789776
  endloop
endfacet
facet normal 0.23386179336913318 -0.9721682020067248 -0.014058755605844988
  outer loop
    vertex 519.6920904531041 375.7857866626013 323.6701491178977
    vertex 520.7740914531043 376.1157726626014 318.85014911789773
    vertex 520.3820934531042 375.95177166260135 323.6701491178977
  endloop
endfacet
facet normal 0.5516491907096843 -0.8334933150822055 -0.031177942565636236
  outer loop
    vertex 540.1520974531043 387.2318006626014 319.08014911789775
    vertex 538.9060954531042 386.5477796626016 315.3201491178977
    vertex 538.0901014531042 386.16579166260146 311.09414911789776
  endloop
endfacet
facet normal 0.4047888426403424 -0.9142853228534048 -0.015110965843965148
  outer loop
    vertex 526.5140964531042 378.02177866260143 323.67014911789767
    vertex 526.3560924531042 377.97777266260135 322.1001491178977
    vertex 527.8840924531042 378.6897776626012 319.95214811789765
  endloop
endfacet
facet normal 0.6057898578927715 -0.7953307587965063 -0.021624804887655474
  outer loop
    vertex 533.0700964531042 381.6597796626013 323.6701491178977
    vertex 533.8800944531043 382.4077956626014 318.85014911789773
    vertex 534.3121014531042 382.60579366260146 323.67014911789767
  endloop
endfacet
facet normal 0.20853035981294357 0.9780143649897464 0.0017294247562784659
  outer loop
    vertex 517.3621044531043 421.9497876626014 323.67014911789767
    vertex 518.9700904531043 421.60777766260134 323.1941491178977
    vertex 517.6920904531042 421.8817946626013 322.3321501178977
  endloop
endfacet
facet normal 0.20720350948781643 0.9782934035882951 -0.002953328894960111
  outer loop
    vertex 518.6840954531043 421.6697886626013 323.67014911789767
    vertex 518.9700904531043 421.60777766260134 323.1941491178977
    vertex 517.3621044531043 421.9497876626014 323.67014911789767
  endloop
endfacet
facet normal 0.3391601244733135 0.9407204864167468 0.003921275696264256
  outer loop
    vertex 524.3880894531043 420.07378066260134 323.6701491178977
    vertex 524.4820994531042 420.0617876626013 318.4161491178977
    vertex 523.3121014531042 420.4818006626015 318.85014911789773
  endloop
endfacet
facet normal 0.5209658828633508 -0.8533051680592467 -0.02156012652537524
  outer loop
    vertex 531.1860944531043 380.44377566260135 323.6701491178977
    vertex 531.9300974531042 381.0197946626012 318.85014911789773
    vertex 531.7200904531043 380.76979466260127 323.6701491178977
  endloop
endfacet
facet normal 0.6251754670126243 -0.7791709118473863 -0.045258430998651115
  outer loop
    vertex 537.5480934531042 385.88377866260146 308.66214911789774
    vertex 536.6620914531043 385.4357806626013 304.1361481178976
    vertex 536.3720984531043 385.6758006626013 295.99814811789776
  endloop
endfacet
facet normal 0.6177304686879198 0.786141504644514 -0.019763671973163963
  outer loop
    vertex 532.3621044531043 416.29378166260136 323.67014911789767
    vertex 533.2680944531043 415.58177666260127 323.66614911789765
    vertex 532.3580914531043 416.1177866626016 316.5441491178977
  endloop
endfacet
facet normal -0.9887648761396554 -0.14303373038483996 0.04342086692742662
  outer loop
    vertex 540.4380924531042 404.1077776626017 313.21614811789766
    vertex 539.9300974531042 403.0737806626012 298.24214811789767
    vertex 540.5041024531043 399.1057936626013 298.2421481178977
  endloop
endfacet
facet normal -0.8570052240740933 0.49991795482151913 0.12499633737347247
  outer loop
    vertex 539.9360944531041 395.1397906626013 298.24214811789767
    vertex 537.7100964531043 391.3237806626014 298.24214811789767
    vertex 539.1941044531043 390.12379866260164 313.21614811789766
  endloop
endfacet
facet normal 0.20137972454862788 -0.9794283665967136 -0.012895008585208274
  outer loop
    vertex 517.5780924531042 375.3257946626013 323.6701491178977
    vertex 517.7160924531041 375.3717846626013 322.33215011789775
    vertex 518.930097453104 375.6037796626013 323.6701491178977
  endloop
endfacet
facet normal 0.33527130548729966 -0.9420432859098764 -0.012149040660266152
  outer loop
    vertex 523.7841014531043 376.9737746626012 323.67014911789767
    vertex 523.3341044531041 376.87578266260135 318.8501491178977
    vertex 524.5041024531043 377.2977796626012 318.4161491178977
  endloop
endfacet
facet normal 0.3752909732680071 -0.9268499988937708 -0.010284207999122953
  outer loop
    vertex 525.1840954531043 377.4857986626013 323.67014911789767
    vertex 525.1100904531042 377.46178066260126 323.13415011789766
    vertex 526.3560924531042 377.97777266260135 322.1001491178977
  endloop
endfacet
facet normal 0.04578737295958402 0.9989168724488521 -0.008282415979897925
  outer loop
    vertex 511.7360974531042 422.58980266260136 323.67014911789767
    vertex 511.6640904531043 422.58577366260135 322.78615011789765
    vertex 509.5000894531043 422.6777846626013 321.92014911789767
  endloop
endfacet
facet normal 0.6462846814895127 -0.7626054984375779 -0.027367210759823308
  outer loop
    vertex 536.5341014531042 384.4497876626013 323.67014911789767
    vertex 534.7980934531042 383.1557816626013 318.7321491178977
    vertex 535.7221044531043 383.9517716626013 318.37214911789766
  endloop
endfacet
facet normal 0.2259662382542634 0.9741220808838443 0.005042886449917747
  outer loop
    vertex 520.3580914531042 421.2977796626013 323.67014911789767
    vertex 520.7500894531042 421.2318006626015 318.85014911789773
    vertex 519.5260904531042 421.51778066260147 318.45414911789766
  endloop
endfacet
facet normal 0.4614643403996966 0.8871091040901734 -0.009386158948301642
  outer loop
    vertex 529.3160984531042 417.9258006626014 323.67014911789767
    vertex 529.5041024531042 417.7957956626013 320.6261481178976
    vertex 527.8641034531042 418.64177366260145 319.9521481178977
  endloop
endfacet
facet normal 0.23615559100794298 -0.9716213840176634 -0.01350640423241586
  outer loop
    vertex 519.6920904531041 375.7857866626013 323.6701491178977
    vertex 519.5500924531042 375.8237806626013 318.45414911789777
    vertex 520.7740914531043 376.1157726626014 318.85014911789773
  endloop
endfacet
facet normal 0.22258565751754142 0.974888359726533 -0.006950621353084656
  outer loop
    vertex 519.6681034531043 421.45180166260127 323.67014911789767
    vertex 518.9700904531043 421.60777766260134 323.1941491178977
    vertex 518.9060954531043 421.62578266260147 323.67014911789767
  endloop
endfacet
facet normal 0.34137978086272036 -0.9398589864913491 -0.011177241590628136
  outer loop
    vertex 523.7841014531043 376.9737746626012 323.67014911789767
    vertex 524.5041024531043 377.2977796626012 318.4161491178977
    vertex 525.1100904531042 377.46178066260126 323.13415011789766
  endloop
endfacet
facet normal 0.26660727557047603 -0.9637266030472271 -0.012312399926119082
  outer loop
    vertex 522.1100904531042 376.42378666260134 323.6701491178977
    vertex 520.7740914531043 376.1157726626014 318.85014911789773
    vertex 522.0680974531043 376.47377466260133 318.84814811789767
  endloop
endfacet
facet normal 0.15789427157096433 0.9873921037261785 -0.011235323950204025
  outer loop
    vertex 517.3621044531043 421.9497876626014 323.67014911789767
    vertex 517.6920904531042 421.8817946626013 322.3321501178977
    vertex 517.3121014531042 421.9577836626014 323.67014911789767
  endloop
endfacet
facet normal 0.07331948681058337 0.9972530447693185 -0.010517487920419087
  outer loop
    vertex 513.1780984531042 422.48378466260147 323.67014911789767
    vertex 511.6640904531043 422.58577366260135 322.78615011789765
    vertex 511.7360974531042 422.58980266260136 323.67014911789767
  endloop
endfacet
facet normal 0.3422115200527334 -0.939581107913043 -0.008866633865033122
  outer loop
    vertex 523.7841014531043 376.9737746626012 323.67014911789767
    vertex 525.1100904531042 377.46178066260126 323.13415011789766
    vertex 524.4100934531043 377.2017716626014 323.67014911789767
  endloop
endfacet
facet normal 0.5677992119853073 -0.8223424693529476 -0.036836367456099764
  outer loop
    vertex 540.1520974531043 387.2318006626014 319.08014911789775
    vertex 538.0901014531042 386.16579166260146 311.09414911789776
    vertex 538.0361004531042 386.2457776626016 308.47614911789776
  endloop
endfacet
facet normal -0.9898208795413623 0.1417614102022939 0.012582885258197774
  outer loop
    vertex 540.5041024531043 399.1057936626013 298.2421481178977
    vertex 539.9360944531041 395.1397906626013 298.24214811789767
    vertex 540.4380924531042 397.31578466260163 313.21614811789766
  endloop
endfacet
facet normal 0.47213746762361186 0.8815160005924814 -0.003968924967723146
  outer loop
    vertex 530.6760994531043 417.1817826626013 323.67014911789767
    vertex 530.6961034531042 417.16179366260127 321.61014911789766
    vertex 529.5041024531042 417.7957956626013 320.6261481178976
  endloop
endfacet
facet normal 0.07161169162211674 0.9974038210271998 -0.007575184708011583
  outer loop
    vertex 513.1780984531042 422.48378466260147 323.67014911789767
    vertex 513.1480994531042 422.47978666260127 322.86014911789766
    vertex 511.6640904531043 422.58577366260135 322.78615011789765
  endloop
endfacet
facet normal 0.3476926574245462 0.9375996804724853 0.004081072279521756
  outer loop
    vertex 524.3880894531043 420.07378066260134 323.6701491178977
    vertex 525.0901014531042 419.81578466260123 323.1341501178977
    vertex 524.4820994531042 420.0617876626013 318.4161491178977
  endloop
endfacet
facet normal 0.11115062908171647 0.9937053882666266 -0.013969215604738726
  outer loop
    vertex 513.5361004531043 422.4477736626014 323.67014911789767
    vertex 513.1480994531042 422.47978666260127 322.86014911789766
    vertex 513.5000894531042 422.4518016626014 323.67014911789767
  endloop
endfacet
facet normal 0.30807689673187777 0.9513592532585208 0.0020486433183938262
  outer loop
    vertex 522.0881024531043 420.8677866626014 323.67014911789767
    vertex 523.3121014531042 420.4818006626015 318.85014911789773
    vertex 522.0460944531043 420.8917736626013 318.8481481178977
  endloop
endfacet
facet normal 0.10740058270463261 -0.9940195251379684 -0.019755973253505837
  outer loop
    vertex 513.4320964531042 374.76378266260144 323.6701491178977
    vertex 513.1721014531042 374.7517896626014 322.8601491178977
    vertex 513.5061014531042 374.77177866260143 323.6701491178977
  endloop
endfacet
facet normal 0.39512541966459086 0.9185573869663255 -0.01132385024967989
  outer loop
    vertex 527.9380924531042 418.65578166260116 323.6701491178977
    vertex 527.8641034531042 418.64177366260145 319.9521481178977
    vertex 526.4920934531042 419.2777906626014 323.6701491178977
  endloop
endfacet
facet normal 0.3501553756611698 0.9366909553286342 0.0011256558602288028
  outer loop
    vertex 524.3880894531043 420.07378066260134 323.6701491178977
    vertex 523.3121014531042 420.4818006626015 318.85014911789773
    vertex 523.7620984531043 420.30778966260146 323.6701491178977
  endloop
endfacet
facet normal 0.11936901496458653 0.9928158441873641 -0.008230297498625767
  outer loop
    vertex 514.8520944531042 422.3337906626013 323.67014911789767
    vertex 514.6100904531042 422.35179566260143 322.3321501178977
    vertex 514.8020914531043 422.3398026626014 323.67014911789767
  endloop
endfacet
facet normal 0.46956841564595264 0.8828869947916185 -0.004007175510833715
  outer loop
    vertex 531.4920934531042 416.74779166260123 323.67014911789767
    vertex 530.6961034531042 417.16179366260127 321.61014911789766
    vertex 530.6760994531043 417.1817826626013 323.67014911789767
  endloop
endfacet
facet normal 0.06525116234082033 -0.9977627402031467 -0.014553352723001647
  outer loop
    vertex 513.1721014531042 374.7517896626014 322.8601491178977
    vertex 511.69009145310423 374.65578166260144 322.7861501178977
    vertex 513.3681004531043 374.8337906626013 318.11214811789773
  endloop
endfacet
facet normal 0.06525116234082033 -0.9977627402031467 -0.014553352723001647
  outer loop
    vertex 511.69009145310423 374.65578166260144 322.7861501178977
    vertex 513.1721014531042 374.7517896626014 322.8601491178977
    vertex 511.7620984531043 374.64778566260145 323.6701491178978
  endloop
endfacet
facet normal 0.06525116234082033 -0.9977627402031467 -0.014553352723001647
  outer loop
    vertex 511.7620984531043 374.64778566260145 323.6701491178978
    vertex 513.1721014531042 374.7517896626014 322.8601491178977
    vertex 513.2021004531043 374.7417796626013 323.6701491178978
  endloop
endfacet
facet normal 0.5594620242667564 -0.8285557385409029 -0.0223076564049719
  outer loop
    vertex 533.0700964531042 381.6597796626013 323.6701491178977
    vertex 531.9300974531042 381.0197946626012 318.85014911789773
    vertex 532.9340954531043 381.69777366260126 318.8481481178977
  endloop
endfacet
facet normal -0.695450172203085 -0.6847629441862154 0.2178273817776951
  outer loop
    vertex 534.2400944531042 410.40178366260125 298.24214811789767
    vertex 537.7001014531043 406.88777566260137 298.2421481178977
    vertex 539.1941044531043 410.13377866260174 313.21614811789766
  endloop
endfacet
facet normal 0.6574118586447799 -0.7525219802943813 -0.03899124628732289
  outer loop
    vertex 534.3780954531043 383.57979266260145 302.15014811789763
    vertex 533.3081034531043 382.96379566260117 295.99814811789764
    vertex 535.4820994531042 384.5817766626013 301.42614811789764
  endloop
endfacet
facet normal -0.8417585889237746 -0.5364054085913357 -0.06092385088795929
  outer loop
    vertex 477.9720894531042 389.6257826626013 321.38614811789773
    vertex 478.6300944531042 388.33379066260125 323.67014911789767
    vertex 477.83608745310426 389.57979266260133 323.6701491178977
  endloop
endfacet
facet normal 0.6621952918829351 -0.7481413431585848 -0.042212866106709275
  outer loop
    vertex 535.4820994531042 384.5817766626013 301.42614811789764
    vertex 533.3081034531043 382.96379566260117 295.99814811789764
    vertex 536.3720984531043 385.6758006626013 295.99814811789776
  endloop
endfacet
facet normal -0.2282703626451726 -0.9735153973116485 -0.012665414915618753
  outer loop
    vertex 497.8280924531043 376.0017896626013 323.6701491178977
    vertex 498.02609045310413 375.97578866260136 322.10014911789773
    vertex 499.27808945310414 375.6617936626013 323.6701491178977
  endloop
endfacet
facet normal -0.9696848185180977 -0.20017857249254678 0.14014239847515855
  outer loop
    vertex 539.1941044531043 410.13377866260174 313.21614811789766
    vertex 537.7001014531043 406.88777566260137 298.2421481178977
    vertex 540.4380924531042 404.1077776626017 313.21614811789766
  endloop
endfacet
facet normal -0.9865190932283843 0.14537992472933725 -0.07513159243313496
  outer loop
    vertex 475.7960944531043 401.8517956626014 322.3341481178977
    vertex 475.5180944531042 400.6557816626013 323.67014911789767
    vertex 475.65809445310424 401.6057936626013 323.6701491178978
  endloop
endfacet
facet normal -0.9197120509910807 0.3863198704401945 -0.06990494234924487
  outer loop
    vertex 477.2240884531043 406.1198016626013 321.75014911789765
    vertex 476.61610245310425 405.0197946626013 323.67014911789767
    vertex 477.0100994531042 405.9577836626013 323.67014911789767
  endloop
endfacet
facet normal -0.9853347660918073 0.1704320093227359 0.008266131442120793
  outer loop
    vertex 540.4380924531042 397.31578466260163 313.21614811789766
    vertex 539.9360944531041 395.1397906626013 298.24214811789767
    vertex 539.1941044531043 390.12379866260164 313.21614811789766
  endloop
endfacet
facet normal -0.985989051104497 0.15170788706692653 -0.0693563847366808
  outer loop
    vertex 475.7960944531043 401.8517956626014 322.3341481178977
    vertex 475.6880924531042 400.91579166260135 321.82214911789765
    vertex 475.5180944531042 400.6557816626013 323.67014911789767
  endloop
endfacet
facet normal -0.955946718944132 0.2843939682308134 -0.07270447973735811
  outer loop
    vertex 476.3640874531043 404.0717966626013 322.3341481178977
    vertex 475.94009145310423 402.8817946626013 323.2541491178977
    vertex 476.2600994531042 404.0638016626013 323.6701491178977
  endloop
endfacet
facet normal -0.8614993038802641 -0.5037080545873137 0.06400894591917762
  outer loop
    vertex 537.7001014531043 406.88777566260137 298.2421481178977
    vertex 539.9300974531042 403.0737806626012 298.24214811789767
    vertex 540.4380924531042 404.1077776626017 313.21614811789766
  endloop
endfacet
facet normal -0.05582702917627905 -0.998413111122875 -0.0073893403827761505
  outer loop
    vertex 505.96609245310424 374.7237746626014 323.6701491178978
    vertex 507.4420904531042 374.64778566260145 322.7861501178977
    vertex 507.5041024531042 374.6377756626013 323.6701491178978
  endloop
endfacet
facet normal -0.896572488567368 -0.43792560545296433 -0.06617353574331021
  outer loop
    vertex 477.0180944531042 391.23378466260135 323.6701491178977
    vertex 477.2320994531043 391.0857736626013 321.75014911789765
    vertex 477.9720894531042 389.6257826626013 321.38614811789773
  endloop
endfacet
facet normal 0.035265776703888585 -0.999306699220832 -0.011935069578220292
  outer loop
    vertex 511.69009145310423 374.65578166260144 322.7861501178977
    vertex 509.8921024531042 374.58177666260144 323.6701491178978
    vertex 509.52609045310425 374.58977166260144 321.9201491178978
  endloop
endfacet
facet normal 0.035265776703888585 -0.999306699220832 -0.011935069578220292
  outer loop
    vertex 509.8921024531042 374.58177666260144 323.6701491178978
    vertex 511.69009145310423 374.65578166260144 322.7861501178977
    vertex 511.7620984531043 374.64778566260145 323.6701491178978
  endloop
endfacet
facet normal -0.8980715716538101 -0.4343534778799096 -0.06931456153567085
  outer loop
    vertex 477.0180944531042 391.23378466260135 323.6701491178977
    vertex 477.9720894531042 389.6257826626013 321.38614811789773
    vertex 477.5800914531043 390.07179666260123 323.6701491178977
  endloop
endfacet
facet normal -0.9859571080449784 -0.1489398836260835 -0.07553470832029259
  outer loop
    vertex 475.5200934531042 396.50978566260136 323.6701491178977
    vertex 475.8000924531042 395.3337906626013 322.3341481178977
    vertex 475.66209145310427 395.5697826626013 323.6701491178977
  endloop
endfacet
facet normal -0.8134371102908722 -0.578978844574059 -0.055709650306954774
  outer loop
    vertex 478.75208845310425 388.27379266260135 322.5821501178977
    vertex 479.3920874531043 387.3097726626013 323.2561491178977
    vertex 479.3381024531043 387.3457836626013 323.67014911789767
  endloop
endfacet
facet normal -0.8932365857102048 0.4448816643375935 -0.06487454574013497
  outer loop
    vertex 477.82609345310425 407.66777466260135 323.6701491178978
    vertex 477.96209545310427 407.6077776626013 321.3861481178976
    vertex 477.5720954531043 407.15779566260136 323.67014911789767
  endloop
endfacet
facet normal -0.029782061220346975 -0.9995319551022381 -0.006992821960052454
  outer loop
    vertex 507.5041024531042 374.6377756626013 323.6701491178978
    vertex 509.52609045310425 374.58977166260144 321.9201491178978
    vertex 509.4501014531043 374.57979266260133 323.6701491178978
  endloop
endfacet
facet normal -0.2599022821524286 -0.9655021016222377 -0.01601547673351934
  outer loop
    vertex 496.2380964531042 376.4297986626013 323.6701491178977
    vertex 496.37809545310427 376.4537856626013 319.9521481178977
    vertex 497.8280924531043 376.0017896626013 323.6701491178977
  endloop
endfacet
facet normal -0.9785094186903075 -0.19514961520144494 -0.06660289198739544
  outer loop
    vertex 475.66209145310427 395.5697826626013 323.6701491178977
    vertex 475.8000924531042 395.3337906626013 322.3341481178977
    vertex 475.94408945310425 394.2977796626013 323.25414911789767
  endloop
endfacet
facet normal -0.9347445466710789 0.34820354830027483 -0.07075960302162183
  outer loop
    vertex 476.61610245310425 405.0197946626013 323.67014911789767
    vertex 476.3640874531043 404.0717966626013 322.3341481178977
    vertex 476.2600994531042 404.0638016626013 323.6701491178977
  endloop
endfacet
facet normal -0.9347445466710789 0.34820354830027483 -0.07075960302162183
  outer loop
    vertex 476.3640874531043 404.0717966626013 322.3341481178977
    vertex 476.61610245310425 405.0197946626013 323.67014911789767
    vertex 476.76809445310425 405.08980266260136 322.0081501178977
  endloop
endfacet
facet normal -0.9910138167742638 0.11031713694667059 -0.07564221214636536
  outer loop
    vertex 475.6880924531042 400.91579166260135 321.82214911789765
    vertex 475.6400884531042 399.92778466260125 321.0101491178977
    vertex 475.5180944531042 400.6557816626013 323.67014911789767
  endloop
endfacet
facet normal -0.9950398623226805 -0.06128846134751877 -0.07835430361195815
  outer loop
    vertex 475.6960884531042 398.62578266260124 319.2461491178977
    vertex 475.6400884531042 397.27977466260137 321.0101491178977
    vertex 475.41608945310423 397.51579766260124 323.67014911789767
  endloop
endfacet
facet normal -0.9999902835530796 -8.180353568857484e-19 -0.0044082649003176055
  outer loop
    vertex 540.4380924531042 404.1077776626017 313.21614811789766
    vertex 540.5041024531043 399.1057936626013 298.2421481178977
    vertex 540.4380924531042 397.31578466260163 313.21614811789766
  endloop
endfacet
facet normal 0.19443022349024686 0.9808551019135348 -0.010961625961601667
  outer loop
    vertex 518.9060954531043 421.62578266260147 323.67014911789767
    vertex 518.9700904531043 421.60777766260134 323.1941491178977
    vertex 518.6840954531043 421.6697886626013 323.67014911789767
  endloop
endfacet
facet normal -0.8387500405086402 -0.5407153212280723 -0.0642285834810111
  outer loop
    vertex 477.9720894531042 389.6257826626013 321.38614811789773
    vertex 478.75208845310425 388.27379266260135 322.5821501178977
    vertex 478.6300944531042 388.33379066260125 323.67014911789767
  endloop
endfacet
facet normal -0.9001690824725261 0.4308169096733884 -0.0639719727696615
  outer loop
    vertex 477.96209545310427 407.6077776626013 321.3861481178976
    vertex 477.2240884531043 406.1198016626013 321.75014911789765
    vertex 477.0100994531042 405.9577836626013 323.67014911789767
  endloop
endfacet
facet normal -0.9921197971535592 0.10160740631911791 -0.07330922913987119
  outer loop
    vertex 475.5180944531042 400.6557816626013 323.67014911789767
    vertex 475.6400884531042 399.92778466260125 321.0101491178977
    vertex 475.41608945310423 399.65977966260135 323.67014911789767
  endloop
endfacet
facet normal -0.9919392799595268 -0.1025491275182769 -0.07443212558173865
  outer loop
    vertex 475.41608945310423 397.51579766260124 323.67014911789767
    vertex 475.6400884531042 397.27977466260137 321.0101491178977
    vertex 475.5200934531042 396.50978566260136 323.6701491178977
  endloop
endfacet
facet normal -0.19700274048188374 -0.9803395778647278 -0.011145955079541334
  outer loop
    vertex 499.27808945310414 375.6617936626013 323.6701491178977
    vertex 499.3681004531042 375.6497996626015 323.1341501178977
    vertex 500.1141034531042 375.49379366260143 323.6701491178977
  endloop
endfacet
facet normal -0.9961404794471937 -0.046191034854364904 -0.07463600676481608
  outer loop
    vertex 475.6960884531042 398.62578266260124 319.2461491178977
    vertex 475.41608945310423 397.51579766260124 323.67014911789767
    vertex 475.36610245310425 398.5938006626014 323.67014911789767
  endloop
endfacet
facet normal -0.9785792260503995 0.19231139286721535 -0.07347806826579528
  outer loop
    vertex 475.94009145310423 402.8817946626013 323.2541491178977
    vertex 475.65809445310424 401.6057936626013 323.6701491178978
    vertex 475.88409245310424 402.75578766260116 323.6701491178977
  endloop
endfacet
facet normal -0.308759128906505 -0.9509744119225273 -0.017761424084231796
  outer loop
    vertex 494.6981024531041 376.9297986626012 323.6701491178977
    vertex 496.37809545310427 376.4537856626013 319.9521481178977
    vertex 496.2380964531042 376.4297986626013 323.6701491178977
  endloop
endfacet
facet normal -0.9961660800242164 0.04671325968162313 -0.07396629218167042
  outer loop
    vertex 475.41608945310423 399.65977966260135 323.67014911789767
    vertex 475.6960884531042 398.62578266260124 319.2461491178977
    vertex 475.36610245310425 398.5938006626014 323.67014911789767
  endloop
endfacet
facet normal -0.9350819302696786 -0.34676572220133495 -0.0733165574022594
  outer loop
    vertex 476.3700994531043 393.1137896626012 322.3341481178977
    vertex 476.62209845310434 392.15178366260125 323.67014911789767
    vertex 476.2660954531043 393.1117746626013 323.67014911789767
  endloop
endfacet
facet normal 0.550300451038479 -0.834743181856614 -0.019319263203920346
  outer loop
    vertex 531.7200904531043 380.76979466260127 323.6701491178977
    vertex 531.9300974531042 381.0197946626012 318.85014911789773
    vertex 533.0700964531042 381.6597796626013 323.6701491178977
  endloop
endfacet
facet normal -0.9556441485911235 -0.2848607464933386 -0.0748239024029397
  outer loop
    vertex 475.9221014531043 394.26579766260124 323.67014911789767
    vertex 476.3700994531043 393.1137896626012 322.3341481178977
    vertex 476.2660954531043 393.1117746626013 323.67014911789767
  endloop
endfacet
facet normal 0.46807488695190075 0.8835983438871833 -0.012643847705212388
  outer loop
    vertex 527.9380924531042 418.65578166260116 323.6701491178977
    vertex 529.3160984531042 417.9258006626014 323.67014911789767
    vertex 527.8641034531042 418.64177366260145 319.9521481178977
  endloop
endfacet
facet normal 0.5170891864990927 -0.8557993188146946 -0.015043241738773949
  outer loop
    vertex 530.5240914531042 380.0437816626015 323.6701491178977
    vertex 530.5680974531042 380.07979266260133 323.1341501178977
    vertex 531.1860944531043 380.44377566260135 323.6701491178977
  endloop
endfacet
facet normal -0.9033277530616172 0.4230512560787909 -0.07089855625333645
  outer loop
    vertex 477.96209545310427 407.6077776626013 321.3861481178976
    vertex 477.0100994531042 405.9577836626013 323.67014911789767
    vertex 477.5720954531043 407.15779566260136 323.67014911789767
  endloop
endfacet
facet normal -0.9342671682472125 -0.34863627393810404 -0.07481715598637846
  outer loop
    vertex 476.3700994531043 393.1137896626012 322.3341481178977
    vertex 476.7760904531043 392.0957836626013 322.0081501178977
    vertex 476.62209845310434 392.15178366260125 323.67014911789767
  endloop
endfacet
facet normal 0.9968296906177405 0.07176240225771077 0.03436168687859378
  outer loop
    vertex 480.52409145310423 398.05977266260135 326.4541491178977
    vertex 480.4840984531042 397.6317946626014 328.50815011789774
    vertex 480.6640904531042 395.37578266260147 327.99814811789776
  endloop
endfacet
facet normal -0.008452793172758521 0.981372183719663 0.19193016258232773
  outer loop
    vertex 477.93409545310425 396.9537856626013 329.3721491178977
    vertex 480.4340954531042 397.02577666260146 329.11414911789774
    vertex 477.9700904531042 397.0378006626013 328.9441511178977
  endloop
endfacet
facet normal -0.007972331321527698 0.9805028213046213 0.19634321823525705
  outer loop
    vertex 480.39809945310424 396.9397776626012 329.54215111789773
    vertex 480.4340954531042 397.02577666260146 329.11414911789774
    vertex 477.93409545310425 396.9537856626013 329.3721491178977
  endloop
endfacet
facet normal 0.9997491249069343 -0.01540972957265547 0.01625507558630714
  outer loop
    vertex 480.4920934531042 398.05977266260135 328.4221481178977
    vertex 480.4840984531042 397.6317946626014 328.50815011789774
    vertex 480.52409145310423 398.05977266260135 326.4541491178977
  endloop
endfacet
facet normal -0.25850449768570705 -0.9658673296582689 -0.01660500451868313
  outer loop
    vertex 497.8280924531043 376.0017896626013 323.6701491178977
    vertex 496.37809545310427 376.4537856626013 319.9521481178977
    vertex 498.02609045310413 375.97578866260136 322.10014911789773
  endloop
endfacet
facet normal 0.9997491421008244 0.015408613735852257 0.016255075865865255
  outer loop
    vertex 480.4840984531042 398.4877816626013 328.5081501178977
    vertex 480.4920934531042 398.05977266260135 328.4221481178977
    vertex 480.52409145310423 398.05977266260135 326.4541491178977
  endloop
endfacet
facet normal -0.10242114339411004 -0.9947411268193566 -1.5810767488029839e-18
  outer loop
    vertex 517.6360914531042 417.97578866260153 330.71615011789766
    vertex 516.0820904531043 418.13579266260143 329.16615111789764
    vertex 517.6360914531042 417.97578866260153 327.6161501178977
  endloop
endfacet
facet normal 0.042375548850340505 0.8301114460764281 -0.555984981768873
  outer loop
    vertex 477.8681004531042 397.2817886626013 330.16214911789774
    vertex 480.3640874531043 397.02577666260146 329.97014811789774
    vertex 477.8980994531042 397.0378006626013 329.8001501178977
  endloop
endfacet
facet normal 0.0428364641823909 0.8322142359630298 -0.5527969815373648
  outer loop
    vertex 480.33408945310424 397.26778066260135 330.3321511178977
    vertex 480.3640874531043 397.02577666260146 329.97014811789774
    vertex 477.8681004531042 397.2817886626013 330.16214911789774
  endloop
endfacet
facet normal 0.9877519905071865 0.04503401747205761 0.1493919091497849
  outer loop
    vertex 480.4840984531042 397.6317946626014 328.50815011789774
    vertex 480.4640934531042 397.26778066260135 328.75015111789764
    vertex 480.6640904531042 395.37578266260147 327.99814811789776
  endloop
endfacet
facet normal 0.865495258236561 0.49556002192760423 0.07306314144040991
  outer loop
    vertex 481.34209945310437 393.41777466260135 326.87214911789766
    vertex 482.2160924531043 390.84779766260135 333.9501511178977
    vertex 483.1840954531043 391.0537916626012 321.0861491178977
  endloop
endfacet
facet normal -0.9554405986524472 0.2853114911896504 -0.07570082854098172
  outer loop
    vertex 476.2600994531042 404.0638016626013 323.6701491178977
    vertex 475.94009145310423 402.8817946626013 323.2541491178977
    vertex 475.9160894531042 402.91179366260127 323.6701491178977
  endloop
endfacet
facet normal -0.15558658059302655 -0.9870697371445304 0.03855061546587258
  outer loop
    vertex 514.9560984531042 418.3157846626016 333.95015111789763
    vertex 520.0200934531043 417.44578966260156 332.11215011789767
    vertex 520.0820904531043 417.5078016626017 333.95015111789763
  endloop
endfacet
facet normal 0.9111869016166181 -0.3963434628056858 0.11247350716282266
  outer loop
    vertex 483.17609945310426 405.98979666260135 321.08614911789766
    vertex 481.1360914531042 402.9417916626012 326.8721491178977
    vertex 481.5840894531043 402.32979266260133 321.0861491178977
  endloop
endfacet
facet normal -0.05994857985238827 -0.5549175660122614 0.8297425279595528
  outer loop
    vertex 478.02009345310415 398.49977566260134 328.3381481178977
    vertex 480.4640934531042 398.8517956626014 328.75015111789764
    vertex 478.00008945310424 398.86378966260116 328.58014911789763
  endloop
endfacet
facet normal -0.05994857985238827 -0.5549175660122614 0.8297425279595528
  outer loop
    vertex 480.4640934531042 398.8517956626014 328.75015111789764
    vertex 478.02009345310415 398.49977566260134 328.3381481178977
    vertex 480.4840984531042 398.4877816626013 328.5081501178977
  endloop
endfacet
facet normal 0.9973467180382223 0.049386811348422065 0.053483332760984804
  outer loop
    vertex 481.2920964531042 398.05977266260135 323.5181481178977
    vertex 481.34209945310437 393.41777466260135 326.87214911789766
    vertex 481.5881024531043 394.71577866260134 321.0861491178977
  endloop
endfacet
facet normal -0.2244411506106481 -0.9743581246471745 -0.01588756893328194
  outer loop
    vertex 499.27808945310414 375.6617936626013 323.6701491178977
    vertex 498.02609045310413 375.97578866260136 322.10014911789773
    vertex 499.3681004531042 375.6497996626015 323.1341501178977
  endloop
endfacet
facet normal -0.05401203595251973 0.557012169305746 0.8287461271207068
  outer loop
    vertex 480.4640934531042 397.26778066260135 328.75015111789764
    vertex 478.02009345310415 397.64378766260126 328.33814811789773
    vertex 478.00008945310424 397.2817886626013 328.58014911789763
  endloop
endfacet
facet normal -0.05457377202856883 0.5548838063438403 0.8301359315581668
  outer loop
    vertex 480.4840984531042 397.6317946626014 328.50815011789774
    vertex 478.02009345310415 397.64378766260126 328.33814811789773
    vertex 480.4640934531042 397.26778066260135 328.75015111789764
  endloop
endfacet
facet normal -0.15760942567642625 -0.9875015285749927 -5.757578778478826e-18
  outer loop
    vertex 515.3980994531044 418.2417796626015 328.1281491178977
    vertex 514.9720894531042 418.30977266260146 328.0421511178977
    vertex 514.9720894531042 418.30977266260146 326.0661491178977
  endloop
endfacet
facet normal -0.15383230268062548 -0.9880969702675829 -2.9079554768761353e-18
  outer loop
    vertex 514.5480934531042 418.37578266260147 328.1281491178977
    vertex 514.9720894531042 418.30977266260146 326.0661491178977
    vertex 514.9720894531042 418.30977266260146 328.0421511178977
  endloop
endfacet
facet normal 0.993492625828225 -0.03822525612624811 0.10729041065734318
  outer loop
    vertex 480.6181004531042 400.74379366260126 327.99814811789764
    vertex 480.4340954531042 399.09380066260127 329.1141491178976
    vertex 480.4640934531042 398.8517956626014 328.75015111789764
  endloop
endfacet
facet normal 0.49096292911829253 -0.8709901497426256 -0.018208824314197316
  outer loop
    vertex 530.5240914531042 380.0437816626015 323.6701491178977
    vertex 529.4120914531043 379.44978766260135 322.1001491178977
    vertex 530.5680974531042 380.07979266260133 323.1341501178977
  endloop
endfacet
facet normal -0.975360016071123 -0.20997629497368056 -0.06769634110396641
  outer loop
    vertex 475.8880894531043 394.42378666260123 323.67014911789767
    vertex 475.94408945310425 394.2977796626013 323.25414911789767
    vertex 475.9221014531043 394.26579766260124 323.67014911789767
  endloop
endfacet
facet normal 0.9092314247093298 0.39626765174647216 0.1275545549965937
  outer loop
    vertex 481.5881024531043 394.71577866260134 321.0861491178977
    vertex 481.34209945310437 393.41777466260135 326.87214911789766
    vertex 483.1840954531043 391.0537916626012 321.0861491178977
  endloop
endfacet
facet normal 0.9147543114601928 -0.40145851494883894 0.04533884030345006
  outer loop
    vertex 482.2080974531043 406.18379666260137 333.95015111789763
    vertex 480.7660954531043 402.7018016626014 332.21214911789775
    vertex 481.1360914531042 402.9417916626012 326.8721491178977
  endloop
endfacet
facet normal -0.9771474754415594 0.2004140082541915 -0.07083104216144123
  outer loop
    vertex 475.9160894531042 402.91179366260127 323.6701491178977
    vertex 475.94009145310423 402.8817946626013 323.2541491178977
    vertex 475.88409245310424 402.75578766260116 323.6701491178977
  endloop
endfacet
facet normal -0.11981838300720381 -0.9927637464212147 0.007981158139852314
  outer loop
    vertex 514.9720894531042 418.30977266260163 332.26615011789767
    vertex 515.3980994531044 418.2417796626015 330.20414911789766
    vertex 517.6360914531042 417.97578866260153 330.71615011789766
  endloop
endfacet
facet normal 0.15209944607943493 -0.9883279205739458 0.008583700618574542
  outer loop
    vertex 514.6360914531043 374.8977856626014 322.33215011789775
    vertex 516.3020914531043 375.1417736626014 320.90415011789776
    vertex 517.7160924531041 375.3717846626013 322.33215011789775
  endloop
endfacet
facet normal -0.05713640649922947 -0.9983203826936347 -0.009583556270497444
  outer loop
    vertex 505.96609245310424 374.7237746626014 323.6701491178978
    vertex 505.92210145310423 374.72978666260127 323.30614911789775
    vertex 507.4420904531042 374.64778566260145 322.7861501178977
  endloop
endfacet
facet normal -0.7853782510069486 -0.6170946973389759 -0.04873538100173666
  outer loop
    vertex 479.3381024531043 387.3457836626013 323.67014911789767
    vertex 479.3920874531043 387.3097726626013 323.2561491178977
    vertex 479.7120954531042 386.86980166260133 323.67014911789767
  endloop
endfacet
facet normal -0.06651117759996208 0.19775788661592336 0.9779918616918395
  outer loop
    vertex 480.4840984531042 397.6317946626014 328.50815011789774
    vertex 478.0280894531042 398.0717966626014 328.25215011789766
    vertex 478.02009345310415 397.64378766260126 328.33814811789773
  endloop
endfacet
facet normal -0.06651117759996208 0.19775788661592336 0.9779918616918395
  outer loop
    vertex 478.0280894531042 398.0717966626014 328.25215011789766
    vertex 480.4840984531042 397.6317946626014 328.50815011789774
    vertex 480.4920934531042 398.05977266260135 328.4221481178977
  endloop
endfacet
facet normal 0.05438642258473187 -0.5581285857116195 -0.8279701678502568
  outer loop
    vertex 477.8681004531042 398.86378966260116 330.1621491178977
    vertex 480.3121014531043 398.4877816626013 330.57615111789767
    vertex 477.8480964531043 398.49977566260134 330.40614911789766
  endloop
endfacet
facet normal 0.05438642258473187 -0.5581285857116195 -0.8279701678502568
  outer loop
    vertex 480.3121014531043 398.4877816626013 330.57615111789767
    vertex 477.8681004531042 398.86378966260116 330.1621491178977
    vertex 480.33408945310424 398.8517956626014 330.3321511178977
  endloop
endfacet
facet normal 0.09522015638058626 -0.9953304134399306 -0.01582687272816531
  outer loop
    vertex 513.2021004531043 374.7417796626013 323.6701491178978
    vertex 513.1721014531042 374.7517896626014 322.8601491178977
    vertex 513.4320964531042 374.76378266260144 323.6701491178977
  endloop
endfacet
facet normal 0.9911365518851791 0.12547067755814081 0.04365139849144167
  outer loop
    vertex 480.39809945310424 396.9397776626012 329.54215111789773
    vertex 480.52808945310426 395.37578266260147 331.0861491178977
    vertex 480.6640904531042 395.37578266260147 327.99814811789776
  endloop
endfacet
facet normal -0.9861894498395576 0.14229454723306467 -0.08475040326091571
  outer loop
    vertex 478.05808845310423 402.7777906626013 333.95015111789775
    vertex 478.93609445310426 402.73778166260126 323.66614911789776
    vertex 477.93409545310425 399.19179166260136 329.37214911789766
  endloop
endfacet
facet normal -0.12697309799650514 -0.9910943599212068 -0.04012233938273777
  outer loop
    vertex 515.7581004531042 418.1857806626014 328.37214911789766
    vertex 515.3980994531044 418.2417796626015 328.1281491178977
    vertex 517.6360914531042 417.97578866260153 327.6161501178977
  endloop
endfacet
facet normal -0.97846718853146 -0.1929602090004918 -0.07326881130349265
  outer loop
    vertex 475.66209145310427 395.5697826626013 323.6701491178977
    vertex 475.94408945310425 394.2977796626013 323.25414911789767
    vertex 475.8880894531043 394.42378666260123 323.67014911789767
  endloop
endfacet
facet normal -0.10979408330126882 -0.9939341007798413 0.0063452800570591794
  outer loop
    vertex 513.8641034531042 418.48180066260153 329.16615111789764
    vertex 512.3081034531042 418.64378766260137 327.6161501178977
    vertex 513.9481024531043 418.46977666260136 328.73615111789763
  endloop
endfacet
facet normal 0.06847221804773998 0.19306334042895873 -0.9787942081653502
  outer loop
    vertex 480.3060894531043 398.05977266260135 330.66015111789767
    vertex 477.8480964531043 397.64378766260126 330.40614911789766
    vertex 477.84209945310425 398.0717966626014 330.4901491178977
  endloop
endfacet
facet normal 0.06847221804773998 0.19306334042895873 -0.9787942081653502
  outer loop
    vertex 477.8480964531043 397.64378766260126 330.40614911789766
    vertex 480.3060894531043 398.05977266260135 330.66015111789767
    vertex 480.3121014531043 397.6317946626014 330.5761511178977
  endloop
endfacet
facet normal 0.9914120692893476 -0.030118918759576212 0.12725941851261133
  outer loop
    vertex 480.6181004531042 400.74379366260126 327.99814811789764
    vertex 480.4640934531042 398.8517956626014 328.75015111789764
    vertex 480.4840984531042 398.4877816626013 328.5081501178977
  endloop
endfacet
facet normal -0.03160439551803274 -0.9994590262431696 -0.009100387079400894
  outer loop
    vertex 507.5041024531042 374.6377756626013 323.6701491178978
    vertex 507.4420904531042 374.64778566260145 322.7861501178977
    vertex 509.52609045310425 374.58977166260144 321.9201491178978
  endloop
endfacet
facet normal 0.9874815102652095 0.14010743638381987 -0.072458078599251
  outer loop
    vertex 481.0480934531042 398.52177866260126 321.08614911789766
    vertex 481.2920964531042 398.05977266260135 323.5181481178977
    vertex 481.5881024531043 394.71577866260134 321.0861491178977
  endloop
endfacet
facet normal -0.9975626084909212 -0.004647767873758016 -0.06962212575453854
  outer loop
    vertex 478.3460974531042 398.5137826626013 323.66614911789765
    vertex 478.0280894531042 398.0717966626014 328.25215011789766
    vertex 478.02009345310415 398.49977566260134 328.3381481178977
  endloop
endfacet
facet normal 0.0 0.0 1.0
  outer loop
    vertex 530.9680914531042 413.84779766260135 323.6661491178977
    vertex 533.2680944531043 415.58177666260127 323.66614911789765
    vertex 526.2940954531042 416.53780066260134 323.66614911789765
  endloop
endfacet
facet normal 0.0 0.0 1.0
  outer loop
    vertex 533.2680944531043 415.58177666260127 323.66614911789765
    vertex 530.9680914531042 413.84779766260135 323.6661491178977
    vertex 534.8040904531042 410.13377866260134 323.66614911789765
  endloop
endfacet
facet normal -0.8114299003624522 -0.5814724601099213 -0.05891769625075906
  outer loop
    vertex 478.6300944531042 388.33379066260125 323.67014911789767
    vertex 478.75208845310425 388.27379266260135 322.5821501178977
    vertex 479.3381024531043 387.3457836626013 323.67014911789767
  endloop
endfacet
facet normal -0.9869090375719446 -0.08402765781854711 -0.13765865130948868
  outer loop
    vertex 478.00008945310424 397.2817886626013 328.58014911789763
    vertex 478.9400914531043 394.29179866260137 323.66614911789765
    vertex 477.9700904531042 397.0378006626013 328.9441511178977
  endloop
endfacet
facet normal 0.9945050303957297 -0.04796806009028245 0.09305272553108847
  outer loop
    vertex 480.6181004531042 400.74379366260126 327.99814811789764
    vertex 480.39809945310424 399.17778466260125 329.5421511178976
    vertex 480.4340954531042 399.09380066260127 329.1141491178976
  endloop
endfacet
facet normal 0.06659929369788237 -0.19306224299052377 -0.9789236458531438
  outer loop
    vertex 477.8480964531043 398.49977566260134 330.40614911789766
    vertex 480.3060894531043 398.05977266260135 330.66015111789767
    vertex 477.84209945310425 398.0717966626014 330.4901491178977
  endloop
endfacet
facet normal 0.06659929369788237 -0.19306224299052377 -0.9789236458531438
  outer loop
    vertex 480.3060894531043 398.05977266260135 330.66015111789767
    vertex 477.8480964531043 398.49977566260134 330.40614911789766
    vertex 480.3121014531043 398.4877816626013 330.57615111789767
  endloop
endfacet
facet normal 0.9925749645317669 0.07209656834564926 0.09796440484963448
  outer loop
    vertex 480.4340954531042 397.02577666260146 329.11414911789774
    vertex 480.39809945310424 396.9397776626012 329.54215111789773
    vertex 480.6640904531042 395.37578266260147 327.99814811789776
  endloop
endfacet
facet normal -0.9880571538372144 0.13800920800229047 -0.06853115537975467
  outer loop
    vertex 478.93609445310426 402.73778166260126 323.66614911789776
    vertex 478.3460974531042 398.5137826626013 323.66614911789765
    vertex 478.02009345310415 398.49977566260134 328.3381481178977
  endloop
endfacet
facet normal -0.12755035118569638 -0.9910545506441445 0.0392655772902716
  outer loop
    vertex 514.1880924531043 418.43178266260156 328.37214911789766
    vertex 512.3081034531042 418.64378766260137 327.6161501178977
    vertex 514.5480934531042 418.37578266260147 328.1281491178977
  endloop
endfacet
facet normal -0.12037861353281826 -0.9927031883342365 0.007026327273760777
  outer loop
    vertex 514.5480934531042 418.37578266260147 328.1281491178977
    vertex 512.3081034531042 418.64378766260137 327.6161501178977
    vertex 514.9720894531042 418.30977266260146 326.0661491178977
  endloop
endfacet
facet normal 0.48756945412268704 -0.8729542702328321 -0.01506218738325853
  outer loop
    vertex 530.5240914531042 380.0437816626015 323.6701491178977
    vertex 529.3280924531042 379.3757826626013 323.67014911789767
    vertex 529.4120914531043 379.44978766260135 322.1001491178977
  endloop
endfacet
facet normal 0.9931770002917243 0.10605067191928153 0.04850465005544532
  outer loop
    vertex 480.16608945310423 398.05977266260135 332.6301481178977
    vertex 480.52808945310426 395.37578266260147 331.0861491178977
    vertex 480.3121014531043 397.6317946626014 330.5761511178977
  endloop
endfacet
facet normal 0.9965674315433741 -0.022824506158736064 0.07957635519205639
  outer loop
    vertex 481.1360914531042 402.9417916626012 326.8721491178977
    vertex 481.2920964531042 398.05977266260135 323.5181481178977
    vertex 481.5840894531043 402.32979266260133 321.0861491178977
  endloop
endfacet
facet normal -0.9976247791254664 0.004831296180033818 -0.0687128710802093
  outer loop
    vertex 478.3460974531042 398.5137826626013 323.66614911789765
    vertex 478.02009345310415 397.64378766260126 328.33814811789773
    vertex 478.0280894531042 398.0717966626014 328.25215011789766
  endloop
endfacet
facet normal -0.9861786289052545 -0.05090875814237124 -0.15767057504478715
  outer loop
    vertex 478.02009345310415 397.64378766260126 328.33814811789773
    vertex 478.9400914531043 394.29179866260137 323.66614911789765
    vertex 478.00008945310424 397.2817886626013 328.58014911789763
  endloop
endfacet
facet normal 0.642281570985496 0.723520154167977 -0.25296831834273237
  outer loop
    vertex 546.2900974531043 411.5737806626013 319.08014911789775
    vertex 537.0480934531042 411.7077836626014 295.9981481178977
    vertex 545.7380964531043 412.06380166260124 319.08014911789775
  endloop
endfacet
facet normal -0.9858053282819825 -0.13869366870351127 -0.09461459185777582
  outer loop
    vertex 478.3460974531042 398.5137826626013 323.66614911789765
    vertex 478.9400914531043 394.29179866260137 323.66614911789765
    vertex 478.02009345310415 397.64378766260126 328.33814811789773
  endloop
endfacet
facet normal -0.12697315161885914 -0.9910943496924228 0.04012242235617878
  outer loop
    vertex 517.6360914531042 417.97578866260153 330.71615011789766
    vertex 515.3980994531044 418.2417796626015 330.20414911789766
    vertex 515.7581004531042 418.1857806626014 329.9601501178977
  endloop
endfacet
facet normal 0.007972604164792287 -0.9805031762791554 -0.19634143446893532
  outer loop
    vertex 477.8980994531042 399.1057936626013 329.80015011789766
    vertex 477.93409545310425 399.19179166260136 329.37214911789766
    vertex 480.39809945310424 399.17778466260125 329.5421511178976
  endloop
endfacet
facet normal 0.008456196304479498 -0.9813781330172175 -0.19189959035834522
  outer loop
    vertex 480.3640874531043 399.09380066260127 329.9701481178977
    vertex 477.8980994531042 399.1057936626013 329.80015011789766
    vertex 480.39809945310424 399.17778466260125 329.5421511178976
  endloop
endfacet
facet normal -0.06842958139538129 -0.19776654684377046 0.9778577531213546
  outer loop
    vertex 478.0280894531042 398.0717966626014 328.25215011789766
    vertex 480.4840984531042 398.4877816626013 328.5081501178977
    vertex 478.02009345310415 398.49977566260134 328.3381481178977
  endloop
endfacet
facet normal -0.06842958139538129 -0.19776654684377046 0.9778577531213546
  outer loop
    vertex 480.4840984531042 398.4877816626013 328.5081501178977
    vertex 478.0280894531042 398.0717966626014 328.25215011789766
    vertex 480.4920934531042 398.05977266260135 328.4221481178977
  endloop
endfacet
facet normal -0.10911541327330575 0.9938986952327107 -0.01610000623948078
  outer loop
    vertex 502.75810045310425 422.24177966260135 323.67014911789767
    vertex 502.61009045310425 422.2157786626014 323.0681501178977
    vertex 502.5940984531042 422.2237746626014 323.67014911789767
  endloop
endfacet
facet normal -0.9184639999032312 0.3896881115393986 -0.06758000152866714
  outer loop
    vertex 477.2240884531043 406.1198016626013 321.75014911789765
    vertex 476.76809445310425 405.08980266260136 322.0081501178977
    vertex 476.61610245310425 405.0197946626013 323.67014911789767
  endloop
endfacet
facet normal -0.15760942567642627 -0.9875015285749927 -2.872973626666767e-18
  outer loop
    vertex 514.9720894531042 418.30977266260163 332.26615011789767
    vertex 514.9720894531042 418.30977266260146 330.28814911789766
    vertex 515.3980994531044 418.2417796626015 330.20414911789766
  endloop
endfacet
facet normal -0.1538323026806254 -0.9880969702675829 -8.706242377939142e-18
  outer loop
    vertex 514.9720894531042 418.30977266260163 332.26615011789767
    vertex 514.5480934531042 418.37578266260147 330.20414911789766
    vertex 514.9720894531042 418.30977266260146 330.28814911789766
  endloop
endfacet
facet normal 0.1506723988488148 0.9880241387827531 0.03325852383589699
  outer loop
    vertex 517.6920904531042 421.8817946626013 322.3321501178977
    vertex 516.2760904531042 422.14580166260134 320.9041501178977
    vertex 514.6100904531042 422.35179566260143 322.3321501178977
  endloop
endfacet
facet normal 0.9824915362276604 -0.13829033544831906 -0.12484456080504033
  outer loop
    vertex 481.5840894531043 402.32979266260133 321.0861491178977
    vertex 481.2920964531042 398.05977266260135 323.5181481178977
    vertex 481.0480934531042 398.52177866260126 321.08614911789766
  endloop
endfacet
facet normal 0.7263984540570351 -0.6868992029105305 -0.022688565058804698
  outer loop
    vertex 493.50410245310434 382.3017776626011 321.0861491178977
    vertex 493.32209545310434 381.86177466260136 328.58014911789775
    vertex 491.89610045310417 380.3537796626013 328.58014911789763
  endloop
endfacet
facet normal -0.988735721291252 0.07352430996186306 -0.13036812987574742
  outer loop
    vertex 478.93609445310426 402.73778166260126 323.66614911789776
    vertex 478.00008945310424 398.86378966260116 328.58014911789763
    vertex 477.9700904531042 399.1057936626013 328.94415111789766
  endloop
endfacet
facet normal -0.9883500145915486 0.10997051727995212 -0.1052175555031846
  outer loop
    vertex 478.93609445310426 402.73778166260126 323.66614911789776
    vertex 477.9700904531042 399.1057936626013 328.94415111789766
    vertex 477.93409545310425 399.19179166260136 329.37214911789766
  endloop
endfacet
facet normal 0.7786114814280349 -0.627493828570633 0.0039567782614508655
  outer loop
    vertex 493.50410245310434 382.3017776626011 321.0861491178977
    vertex 491.89610045310417 380.3537796626013 328.58014911789763
    vertex 492.0580884531041 380.5237926626013 323.66614911789765
  endloop
endfacet
facet normal -0.09768016388890773 -0.9951829713934057 0.008333008534020928
  outer loop
    vertex 530.6900914531043 403.42378666260134 298.24214811789767
    vertex 530.0301034531043 403.4697766626013 295.99814811789764
    vertex 530.6820964531042 403.4057816626012 295.99814811789764
  endloop
endfacet
facet normal -0.09768016388890773 -0.9951829713934057 0.008333008534020928
  outer loop
    vertex 530.0301034531043 403.4697766626013 295.99814811789764
    vertex 530.6900914531043 403.42378666260134 298.24214811789767
    vertex 530.0380994531043 403.48778166260126 298.24214811789767
  endloop
endfacet
facet normal 0.2876144106131462 0.9577436864508446 -0.00223201057321842
  outer loop
    vertex 528.7600994531042 397.06380166260124 298.24214811789767
    vertex 529.3820934531043 396.87178466260127 295.99814811789764
    vertex 528.7561014531043 397.0597726626014 295.99814811789764
  endloop
endfacet
facet normal 0.28959238160669265 0.957148675153619 -0.0016328401746358214
  outer loop
    vertex 529.3880894531043 396.8737986626012 298.24214811789767
    vertex 529.3820934531043 396.87178466260127 295.99814811789764
    vertex 528.7600994531042 397.06380166260124 298.24214811789767
  endloop
endfacet
facet normal 0.6365733692559229 -0.7712003984420693 0.004928589753279814
  outer loop
    vertex 528.1780984531042 402.9237866626013 298.24214811789767
    vertex 527.6721014531042 402.4917796626013 295.99814811789764
    vertex 528.1760994531043 402.90779566260125 295.99814811789764
  endloop
endfacet
facet normal 0.6350438413586805 -0.7724564073126964 0.0055152836711024915
  outer loop
    vertex 527.6721014531042 402.50780166260137 298.24214811789767
    vertex 527.6721014531042 402.4917796626013 295.99814811789764
    vertex 528.1780984531042 402.9237866626013 298.24214811789767
  endloop
endfacet
facet normal -0.4714677364434153 0.8818822922734724 0.0013401743947257447
  outer loop
    vertex 531.3200964531043 397.06380166260124 298.24214811789767
    vertex 531.8860914531042 397.3698016626013 295.99814811789764
    vertex 531.3101024531043 397.0617876626013 295.99814811789764
  endloop
endfacet
facet normal -0.4714677364434153 0.8818822922734724 0.0013401743947257447
  outer loop
    vertex 531.8860914531042 397.3698016626013 295.99814811789764
    vertex 531.3200964531043 397.06380166260124 298.24214811789767
    vertex 531.9000984531043 397.3737986626015 298.24214811789767
  endloop
endfacet
facet normal 0.7712212888800953 0.6365661295761517 -0.001134131633724463
  outer loop
    vertex 527.2581004531042 398.2857866626014 295.99814811789764
    vertex 527.6741004531043 397.78578666260137 298.24214811789767
    vertex 527.6741004531043 397.7817886626014 295.99814811789764
  endloop
endfacet
facet normal 0.772465039678227 0.6350550115534175 -0.0017014040683901777
  outer loop
    vertex 527.2581004531042 398.29179866260137 298.24214811789767
    vertex 527.6741004531043 397.78578666260137 298.24214811789767
    vertex 527.2581004531042 398.2857866626014 295.99814811789764
  endloop
endfacet
facet normal 0.08380106696659188 -0.9964170599350457 0.011420325987491164
  outer loop
    vertex 509.1880924531043 376.8037916626016 333.9501511178977
    vertex 513.7400944531042 377.1317946626016 329.1661511178977
    vertex 513.8240944531043 377.1437876626014 329.5961511178977
  endloop
endfacet
facet normal -0.9951500584799465 -0.09800037114749192 0.008502256307179875
  outer loop
    vertex 533.3040904531043 400.78978366260145 295.99814811789776
    vertex 533.3681004531043 400.13979066260123 295.99814811789776
    vertex 533.3860914531042 400.1517836626014 298.2421481178977
  endloop
endfacet
facet normal -0.9948561623779328 -0.1010094438350898 0.0076359959912491475
  outer loop
    vertex 533.3200964531043 400.80177766260124 298.2421481178977
    vertex 533.3040904531043 400.78978366260145 295.99814811789776
    vertex 533.3860914531042 400.1517836626014 298.2421481178977
  endloop
endfacet
facet normal 0.1051834296819937 -0.9938581145108039 0.034387415450465954
  outer loop
    vertex 509.1880924531043 376.8037916626016 333.9501511178977
    vertex 513.8240944531043 377.1437876626014 329.5961511178977
    vertex 514.0641004531043 377.18178266260156 329.9601501178977
  endloop
endfacet
facet normal -0.10880260202257167 -0.9940423189992353 0.006470072004264857
  outer loop
    vertex 517.6360914531042 417.97578866260153 330.71615011789766
    vertex 515.9980904531043 418.1477856626013 329.59615111789765
    vertex 516.0820904531043 418.13579266260143 329.16615111789764
  endloop
endfacet
facet normal -0.12064731191151738 -0.9924041957586842 -0.02404450808571807
  outer loop
    vertex 515.9980904531043 418.1477856626013 328.73615111789763
    vertex 515.7581004531042 418.1857806626014 328.37214911789766
    vertex 517.6360914531042 417.97578866260153 327.6161501178977
  endloop
endfacet
facet normal 0.8818397132828002 0.47154758406664465 -0.0012633440621278743
  outer loop
    vertex 526.9501014531043 398.86177466260125 295.99814811789764
    vertex 527.2581004531042 398.29179866260137 298.24214811789767
    vertex 527.2581004531042 398.2857866626014 295.99814811789764
  endloop
endfacet
facet normal 0.8812551399737716 0.4726399878228982 -0.0009056382163248851
  outer loop
    vertex 526.9481024531042 398.8698016626013 298.24214811789767
    vertex 527.2581004531042 398.29179866260137 298.24214811789767
    vertex 526.9501014531043 398.86177466260125 295.99814811789764
  endloop
endfacet
facet normal -0.7711920434487084 -0.6365419903940679 0.008782174364249763
  outer loop
    vertex 532.3901044531042 402.4957776626013 295.99814811789764
    vertex 532.8061044531042 401.9917796626014 295.99814811789764
    vertex 532.8200964531043 402.00578766260116 298.24214811789767
  endloop
endfacet
facet normal -0.7724323886560913 -0.6350281686618712 0.00935039897519988
  outer loop
    vertex 532.4040964531042 402.51179966260133 298.24214811789767
    vertex 532.3901044531042 402.4957776626013 295.99814811789764
    vertex 532.8200964531043 402.00578766260116 298.24214811789767
  endloop
endfacet
facet normal 0.9952003576170615 -0.09785713082240984 0.0004797354261027814
  outer loop
    vertex 526.7581004531042 400.78578666260125 295.99814811789776
    vertex 526.6940894531042 400.14580166260134 298.2421481178977
    vertex 526.6940894531042 400.1357926626014 295.99814811789776
  endloop
endfacet
facet normal 0.9952003576170615 -0.09785713082240984 0.0004797354261027814
  outer loop
    vertex 526.6940894531042 400.14580166260134 298.2421481178977
    vertex 526.7581004531042 400.78578666260125 295.99814811789776
    vertex 526.7581004531042 400.79777966260144 298.2421481178977
  endloop
endfacet
facet normal -0.9986259773392375 0.05225774316963773 -0.003909688231679202
  outer loop
    vertex 478.05808845310423 402.7777906626013 333.95015111789775
    vertex 477.8681004531042 398.86378966260116 330.1621491178977
    vertex 477.8480964531043 398.49977566260134 330.40614911789766
  endloop
endfacet
facet normal -0.9938864952537768 0.007689794901117214 -0.11013855640302964
  outer loop
    vertex 477.4620954531042 398.5137826626013 333.95015111789763
    vertex 477.84209945310425 398.0717966626014 330.4901491178977
    vertex 477.8480964531043 397.64378766260126 330.40614911789766
  endloop
endfacet
facet normal -0.9933039549571457 0.021607579230265194 -0.11349169831446049
  outer loop
    vertex 477.4620954531042 398.5137826626013 333.95015111789763
    vertex 477.8480964531043 397.64378766260126 330.40614911789766
    vertex 477.8681004531042 397.2817886626013 330.16214911789774
  endloop
endfacet
facet normal 0.47023992765118167 -0.8825165314390236 0.006243571049182567
  outer loop
    vertex 528.7581004531042 403.2337846626013 298.24214811789767
    vertex 528.1760994531043 402.90779566260125 295.99814811789764
    vertex 528.7541024531042 403.21577866260117 295.99814811789764
  endloop
endfacet
facet normal 0.47136553491790506 -0.8819184413559703 0.0058647495951162625
  outer loop
    vertex 528.1780984531042 402.9237866626013 298.24214811789767
    vertex 528.1760994531043 402.90779566260125 295.99814811789764
    vertex 528.7581004531042 403.2337846626013 298.24214811789767
  endloop
endfacet
facet normal 0.06354611640330585 -0.9979471793692415 -0.00795727836843493
  outer loop
    vertex 509.1880924531043 376.8037916626016 333.9501511178977
    vertex 509.1880924531043 376.88579266260143 323.6661491178977
    vertex 513.7400944531042 377.1317946626016 329.1661511178977
  endloop
endfacet
facet normal 0.6332412695878805 0.7739532241092246 -0.001378905967035659
  outer loop
    vertex 527.6741004531043 397.78578666260137 298.24214811789767
    vertex 528.1800974531043 397.36778666260136 295.99814811789764
    vertex 527.6741004531043 397.7817886626014 295.99814811789764
  endloop
endfacet
facet normal 0.6317445097413034 0.7751742358019609 -0.001943851991836146
  outer loop
    vertex 528.1820964531042 397.37178466260116 298.24214811789767
    vertex 528.1800974531043 397.36778666260136 295.99814811789764
    vertex 527.6741004531043 397.78578666260137 298.24214811789767
  endloop
endfacet
facet normal -0.9951340937011309 0.09829853712017159 0.006747825847126935
  outer loop
    vertex 533.3681004531043 400.13979066260123 295.99814811789776
    vertex 533.3040904531043 399.4917796626013 295.99814811789776
    vertex 533.3200964531043 399.4997756626013 298.2421481178977
  endloop
endfacet
facet normal -0.9948889542987389 0.10070075296461642 0.007438209913773479
  outer loop
    vertex 533.3860914531042 400.1517836626014 298.2421481178977
    vertex 533.3681004531043 400.13979066260123 295.99814811789776
    vertex 533.3200964531043 399.4997756626013 298.2421481178977
  endloop
endfacet
facet normal -0.8818062409803294 -0.4715296853679067 0.00880393008741594
  outer loop
    vertex 532.8061044531042 401.9917796626014 295.99814811789764
    vertex 533.1141034531042 401.41579166260124 295.99814811789776
    vertex 533.1300944531043 401.4277846626014 298.2421481178977
  endloop
endfacet
facet normal -0.8812240760576951 -0.472623327439032 0.00844500661451549
  outer loop
    vertex 532.8200964531043 402.00578766260116 298.24214811789767
    vertex 532.8061044531042 401.9917796626014 295.99814811789764
    vertex 533.1300944531043 401.4277846626014 298.2421481178977
  endloop
endfacet
facet normal -0.9940973417237217 -0.007315706543159682 -0.10824488724925894
  outer loop
    vertex 477.4620954531042 398.5137826626013 333.95015111789763
    vertex 477.8480964531043 398.49977566260134 330.40614911789766
    vertex 477.84209945310425 398.0717966626014 330.4901491178977
  endloop
endfacet
facet normal -0.9577362695004424 0.2876052916834127 0.004943104194212039
  outer loop
    vertex 533.3040904531043 399.4917796626013 295.99814811789776
    vertex 533.1161024531042 398.8657726626013 295.99814811789776
    vertex 533.1300944531043 398.8737986626013 298.2421481178977
  endloop
endfacet
facet normal -0.9568758930541165 0.29043931874822404 0.005790286431152402
  outer loop
    vertex 533.3200964531043 399.4997756626013 298.2421481178977
    vertex 533.3040904531043 399.4917796626013 295.99814811789776
    vertex 533.1300944531043 398.8737986626013 298.2421481178977
  endloop
endfacet
facet normal 0.09767743217596934 -0.9951881528203984 0.007723971092157301
  outer loop
    vertex 530.0380994531043 403.48778166260126 298.24214811789767
    vertex 529.3800944531042 403.4057816626012 295.99814811789764
    vertex 530.0301034531043 403.4697766626013 295.99814811789764
  endloop
endfacet
facet normal 0.09767743217596934 -0.9951881528203984 0.007723971092157301
  outer loop
    vertex 529.3800944531042 403.4057816626012 295.99814811789764
    vertex 530.0380994531043 403.48778166260126 298.24214811789767
    vertex 529.3840924531042 403.42378666260134 298.24214811789767
  endloop
endfacet
facet normal -0.04205603451214061 -0.8336065675259012 0.55075528189823
  outer loop
    vertex 480.4640934531042 398.8517956626014 328.75015111789764
    vertex 477.9700904531042 399.1057936626013 328.94415111789766
    vertex 478.00008945310424 398.86378966260116 328.58014911789763
  endloop
endfacet
facet normal -0.04205603451214061 -0.8336065675259012 0.55075528189823
  outer loop
    vertex 477.9700904531042 399.1057936626013 328.94415111789766
    vertex 480.4640934531042 398.8517956626014 328.75015111789764
    vertex 480.4340954531042 399.09380066260127 329.1141491178976
  endloop
endfacet
facet normal -0.6332022082088712 -0.7739284249356939 0.009473995776092734
  outer loop
    vertex 532.4040964531042 402.51179966260133 298.24214811789767
    vertex 531.8840924531042 402.90977966260135 295.99814811789764
    vertex 532.3901044531042 402.4957776626013 295.99814811789764
  endloop
endfacet
facet normal -0.631719683600873 -0.775145645518935 0.008914571456139213
  outer loop
    vertex 531.8961004531043 402.9258006626014 298.24214811789767
    vertex 531.8840924531042 402.90977966260135 295.99814811789764
    vertex 532.4040964531042 402.51179966260133 298.24214811789767
  endloop
endfacet
facet normal -0.9918350436330461 0.1120450815267793 -0.06090275795964453
  outer loop
    vertex 478.05808845310423 402.7777906626013 333.95015111789775
    vertex 477.93409545310425 399.19179166260136 329.37214911789766
    vertex 477.8980994531042 399.1057936626013 329.80015011789766
  endloop
endfacet
facet normal -0.1213756721182204 -0.992327147943774 -0.02355371884917252
  outer loop
    vertex 512.3081034531042 418.64378766260137 330.71615011789766
    vertex 513.9481024531043 418.46977666260136 329.59615111789765
    vertex 514.1880924531043 418.43178266260156 329.9601501178977
  endloop
endfacet
facet normal 0.8602985191446196 -0.04605267484615677 0.5077062232207606
  outer loop
    vertex 540.2960944531043 389.92177266260126 319.08014911789763
    vertex 537.3341044531043 385.1477856626012 323.66614911789765
    vertex 540.1520974531043 387.2318006626014 319.08014911789775
  endloop
endfacet
facet normal -0.9783339397707407 -0.1891108052436223 -0.08426034436655035
  outer loop
    vertex 477.93409545310425 396.9537856626013 329.3721491178977
    vertex 478.9400914531043 394.29179866260137 323.66614911789765
    vertex 478.06210145310433 394.2517896626013 333.95015111789763
  endloop
endfacet
facet normal 0.2904310694864497 -0.9568691256692624 0.007160322471683719
  outer loop
    vertex 529.3840924531042 403.42378666260134 298.24214811789767
    vertex 528.7541024531042 403.21577866260117 295.99814811789764
    vertex 529.3800944531042 403.4057816626012 295.99814811789764
  endloop
endfacet
facet normal 0.2904310694864497 -0.9568691256692624 0.007160322471683719
  outer loop
    vertex 528.7541024531042 403.21577866260117 295.99814811789764
    vertex 529.3840924531042 403.42378666260134 298.24214811789767
    vertex 528.7581004531042 403.2337846626013 298.24214811789767
  endloop
endfacet
facet normal 0.9567658270685186 0.2908591637919156 -0.00031463019756324575
  outer loop
    vertex 526.7600994531043 399.48579866260116 295.99814811789776
    vertex 526.9481024531042 398.8698016626013 298.24214811789767
    vertex 526.9501014531043 398.86177466260125 295.99814811789764
  endloop
endfacet
facet normal 0.9567658270685186 0.2908591637919156 -0.00031463019756324575
  outer loop
    vertex 526.9481024531042 398.8698016626013 298.24214811789767
    vertex 526.7600994531043 399.48579866260116 295.99814811789776
    vertex 526.7581004531042 399.4957776626015 298.2421481178977
  endloop
endfacet
facet normal 0.8877691517285926 -0.4543575290364917 0.07365574686980542
  outer loop
    vertex 482.2080974531043 406.18379666260137 333.95015111789763
    vertex 481.1360914531042 402.9417916626012 326.8721491178977
    vertex 483.17609945310426 405.98979666260135 321.08614911789766
  endloop
endfacet
facet normal -0.10354516696173677 -0.9946247525568959 -1.3314531226791698e-18
  outer loop
    vertex 512.3081034531042 418.64378766260137 330.71615011789766
    vertex 512.3081034531042 418.64378766260137 327.6161501178977
    vertex 513.8641034531042 418.48180066260153 329.16615111789764
  endloop
endfacet
facet normal -0.03353465231700168 0.8314662386634059 0.5545622787901338
  outer loop
    vertex 477.9700904531042 397.0378006626013 328.9441511178977
    vertex 480.4640934531042 397.26778066260135 328.75015111789764
    vertex 478.00008945310424 397.2817886626013 328.58014911789763
  endloop
endfacet
facet normal -0.0339741371909714 0.8335558358636391 0.5513895415219616
  outer loop
    vertex 480.4340954531042 397.02577666260146 329.11414911789774
    vertex 480.4640934531042 397.26778066260135 328.75015111789764
    vertex 477.9700904531042 397.0378006626013 328.9441511178977
  endloop
endfacet
facet normal -0.9964947882341976 0.07789433028795274 -0.030505906494859316
  outer loop
    vertex 478.05808845310423 402.7777906626013 333.95015111789775
    vertex 477.8980994531042 399.1057936626013 329.80015011789766
    vertex 477.8681004531042 398.86378966260116 330.1621491178977
  endloop
endfacet
facet normal -0.09770494328076815 0.9952152805896106 -0.0005379028206920196
  outer loop
    vertex 530.0400974531042 396.8097726626013 298.24214811789767
    vertex 530.6840954531042 396.87178466260127 295.99814811789764
    vertex 530.0341014531043 396.80778966260135 295.99814811789764
  endloop
endfacet
facet normal -0.09770494328076815 0.9952152805896106 -0.0005379028206920196
  outer loop
    vertex 530.6840954531042 396.87178466260127 295.99814811789764
    vertex 530.0400974531042 396.8097726626013 298.24214811789767
    vertex 530.6941044531043 396.8737986626012 298.24214811789767
  endloop
endfacet
facet normal 0.0187618025019536 0.9813977148707573 -0.1910667946382462
  outer loop
    vertex 477.8980994531042 397.0378006626013 329.8001501178977
    vertex 480.39809945310424 396.9397776626012 329.54215111789773
    vertex 477.93409545310425 396.9537856626013 329.3721491178977
  endloop
endfacet
facet normal 0.01826285032756507 0.9805200465033109 -0.19556816382800712
  outer loop
    vertex 480.3640874531043 397.02577666260146 329.97014811789774
    vertex 480.39809945310424 396.9397776626012 329.54215111789773
    vertex 477.8980994531042 397.0378006626013 329.8001501178977
  endloop
endfacet
facet normal 0.9948827653744353 0.10103510392762224 0.00043696138406515715
  outer loop
    vertex 526.6940894531042 400.1357926626014 295.99814811789776
    vertex 526.7581004531042 399.4957776626015 298.2421481178977
    vertex 526.7600994531043 399.48579866260116 295.99814811789776
  endloop
endfacet
facet normal 0.9951862407636768 0.09800079144391334 -0.00043711672083758367
  outer loop
    vertex 526.6940894531042 400.14580166260134 298.2421481178977
    vertex 526.7581004531042 399.4957776626015 298.2421481178977
    vertex 526.6940894531042 400.1357926626014 295.99814811789776
  endloop
endfacet
facet normal 0.8818376166113736 -0.4715464629100858 0.0025201678831053976
  outer loop
    vertex 527.2561014531043 401.98778166260126 295.99814811789764
    vertex 526.9481024531042 401.42378666260123 298.2421481178977
    vertex 526.9481024531042 401.41179366260144 295.99814811789776
  endloop
endfacet
facet normal 0.8825197917118176 -0.4702660943410913 0.002935600467700686
  outer loop
    vertex 527.2561014531043 402.00178966260137 298.24214811789767
    vertex 526.9481024531042 401.42378666260123 298.2421481178977
    vertex 527.2561014531043 401.98778166260126 295.99814811789764
  endloop
endfacet
facet normal 0.9911603876960009 0.05719245028440294 0.11970843534513201
  outer loop
    vertex 480.4640934531042 397.26778066260135 328.75015111789764
    vertex 480.4340954531042 397.02577666260146 329.11414911789774
    vertex 480.6640904531042 395.37578266260147 327.99814811789776
  endloop
endfacet
facet normal -0.7724620348620043 0.6350533045335618 0.00311530060425919
  outer loop
    vertex 532.4060954531043 397.7897836626014 298.24214811789767
    vertex 532.8081034531042 398.2897836626013 295.99814811789764
    vertex 532.3921024531043 397.7837716626013 295.99814811789764
  endloop
endfacet
facet normal -0.7724620348620043 0.6350533045335618 0.00311530060425919
  outer loop
    vertex 532.8081034531042 398.2897836626013 295.99814811789764
    vertex 532.4060954531043 397.7897836626014 298.24214811789767
    vertex 532.8220954531042 398.2957956626014 298.24214811789767
  endloop
endfacet
facet normal -0.6331999590526455 0.7739839710128085 0.002573804765725733
  outer loop
    vertex 531.9000984531043 397.3737986626015 298.24214811789767
    vertex 532.3921024531043 397.7837716626013 295.99814811789764
    vertex 531.8860914531042 397.3698016626013 295.99814811789764
  endloop
endfacet
facet normal -0.6350523652691923 0.7724667756508661 0.001890471253119926
  outer loop
    vertex 532.4060954531043 397.7897836626014 298.24214811789767
    vertex 532.3921024531043 397.7837716626013 295.99814811789764
    vertex 531.9000984531043 397.3737986626015 298.24214811789767
  endloop
endfacet
facet normal 0.09770462431276278 0.9952147958369901 -0.00114740360821772
  outer loop
    vertex 529.3880894531043 396.8737986626012 298.24214811789767
    vertex 530.0341014531043 396.80778966260135 295.99814811789764
    vertex 529.3820934531043 396.87178466260127 295.99814811789764
  endloop
endfacet
facet normal 0.09770462431276278 0.9952147958369901 -0.00114740360821772
  outer loop
    vertex 530.0341014531043 396.80778966260135 295.99814811789764
    vertex 529.3880894531043 396.8737986626012 298.24214811789767
    vertex 530.0400974531042 396.8097726626013 298.24214811789767
  endloop
endfacet
facet normal -0.018259517731290583 -0.9805368023552616 0.19548444756332795
  outer loop
    vertex 477.93409545310425 399.19179166260136 329.37214911789766
    vertex 477.9700904531042 399.1057936626013 328.94415111789766
    vertex 480.4340954531042 399.09380066260127 329.1141491178976
  endloop
endfacet
facet normal -0.01875675648154184 -0.9814111391783044 0.19099832455557064
  outer loop
    vertex 480.39809945310424 399.17778466260125 329.5421511178976
    vertex 477.93409545310425 399.19179166260136 329.37214911789766
    vertex 480.4340954531042 399.09380066260127 329.1141491178976
  endloop
endfacet
facet normal 0.05973002887827741 0.560192552589224 -0.82620616535691
  outer loop
    vertex 480.3121014531043 397.6317946626014 330.5761511178977
    vertex 477.8681004531042 397.2817886626013 330.16214911789774
    vertex 477.8480964531043 397.64378766260126 330.40614911789766
  endloop
endfacet
facet normal 0.06021532197714421 0.5582868574315362 -0.8274599082846301
  outer loop
    vertex 480.33408945310424 397.26778066260135 330.3321511178977
    vertex 477.8681004531042 397.2817886626013 330.16214911789774
    vertex 480.3121014531043 397.6317946626014 330.5761511178977
  endloop
endfacet
facet normal -0.9844871947425139 -0.13695043468162518 -0.10967926799778309
  outer loop
    vertex 477.9700904531042 397.0378006626013 328.9441511178977
    vertex 478.9400914531043 394.29179866260137 323.66614911789765
    vertex 477.93409545310425 396.9537856626013 329.3721491178977
  endloop
endfacet
facet normal 0.9147642958524864 0.4026187403486109 0.03323300999913741
  outer loop
    vertex 481.14809945310435 393.41777466260135 332.21214911789764
    vertex 482.2160924531043 390.84779766260135 333.9501511178977
    vertex 481.34209945310437 393.41777466260135 326.87214911789766
  endloop
endfacet
facet normal -0.9873714515303337 0.046435278706498224 -0.1514641264271236
  outer loop
    vertex 478.93609445310426 402.73778166260126 323.66614911789776
    vertex 478.02009345310415 398.49977566260134 328.3381481178977
    vertex 478.00008945310424 398.86378966260116 328.58014911789763
  endloop
endfacet
facet normal -0.11981837712296745 -0.9927637470903258 -0.007981163248192062
  outer loop
    vertex 515.3980994531044 418.2417796626015 328.1281491178977
    vertex 514.9720894531042 418.30977266260146 326.0661491178977
    vertex 517.6360914531042 417.97578866260153 327.6161501178977
  endloop
endfacet
facet normal 0.5960533475512791 -0.8024481254794936 -0.028238498319869607
  outer loop
    vertex 537.3341044531043 385.1477856626012 323.66614911789765
    vertex 537.0660984531042 385.2277726626017 315.73614911789764
    vertex 537.6681034531042 385.63179466260124 316.96214911789775
  endloop
endfacet
facet normal 0.03150363401414803 0.9991670894954908 -0.025935464387834332
  outer loop
    vertex 537.6640904531042 390.1237986626013 323.66614911789765
    vertex 540.2960944531043 389.92177266260126 319.08014911789763
    vertex 535.5400974531042 390.1237986626013 321.08614911789766
  endloop
endfacet
facet normal 0.47155469770209496 0.8818345662703851 -0.001991182012754941
  outer loop
    vertex 528.1820964531042 397.37178466260116 298.24214811789767
    vertex 528.7561014531043 397.0597726626014 295.99814811789764
    vertex 528.1800974531043 397.36778666260136 295.99814811789764
  endloop
endfacet
facet normal 0.470247713739201 0.8825311438761134 -0.0024223566569347354
  outer loop
    vertex 528.7600994531042 397.06380166260124 298.24214811789767
    vertex 528.7561014531043 397.0597726626014 295.99814811789764
    vertex 528.1820964531042 397.37178466260116 298.24214811789767
  endloop
endfacet
facet normal -0.9846030578131569 0.1376208792842838 -0.10778363572454769
  outer loop
    vertex 478.05808845310423 402.7777906626013 333.95015111789775
    vertex 477.8480964531043 398.49977566260134 330.40614911789766
    vertex 477.4620954531042 398.5137826626013 333.95015111789763
  endloop
endfacet
facet normal 0.03410897878262725 -0.8321588490008953 -0.553487332823355
  outer loop
    vertex 480.3640874531043 399.09380066260127 329.9701481178977
    vertex 477.8681004531042 398.86378966260116 330.1621491178977
    vertex 477.8980994531042 399.1057936626013 329.80015011789766
  endloop
endfacet
facet normal 0.03410897878262725 -0.8321588490008953 -0.553487332823355
  outer loop
    vertex 477.8681004531042 398.86378966260116 330.1621491178977
    vertex 480.3640874531043 399.09380066260127 329.9701481178977
    vertex 480.33408945310424 398.8517956626014 330.3321511178977
  endloop
endfacet
facet normal 0.7712156959812971 -0.6365615131969077 0.003973687021768832
  outer loop
    vertex 527.6721014531042 402.4917796626013 295.99814811789764
    vertex 527.2561014531043 402.00178966260137 298.24214811789767
    vertex 527.2561014531043 401.98778166260126 295.99814811789764
  endloop
endfacet
facet normal 0.7724582171161748 -0.6350494026234939 0.00453420745491324
  outer loop
    vertex 527.6721014531042 402.50780166260137 298.24214811789767
    vertex 527.2561014531043 402.00178966260137 298.24214811789767
    vertex 527.6721014531042 402.4917796626013 295.99814811789764
  endloop
endfacet
facet normal -0.4715456537089354 -0.8817975524867514 0.008818894295082636
  outer loop
    vertex 531.8961004531043 402.9258006626014 298.24214811789767
    vertex 531.3081034531042 403.2177926626015 295.99814811789764
    vertex 531.8840924531042 402.90977966260135 295.99814811789764
  endloop
endfacet
facet normal -0.4702337571717574 -0.8825020856491436 0.008383462354207285
  outer loop
    vertex 531.3180974531042 403.2337846626013 298.24214811789767
    vertex 531.3081034531042 403.2177926626015 295.99814811789764
    vertex 531.8961004531043 402.9258006626014 298.24214811789767
  endloop
endfacet
facet normal 0.7925392034357382 -0.607085354737603 0.05769734032487591
  outer loop
    vertex 485.43409545310425 409.6497996626013 328.5801491178977
    vertex 483.17609945310426 405.98979666260135 321.08614911789766
    vertex 485.76209845310433 409.3657726626012 321.0861491178977
  endloop
endfacet
facet normal -0.881832848817213 0.4715430947515352 0.004235155140381117
  outer loop
    vertex 533.1161024531042 398.8657726626013 295.99814811789776
    vertex 532.8081034531042 398.2897836626013 295.99814811789764
    vertex 532.8220954531042 398.2957956626014 298.24214811789767
  endloop
endfacet
facet normal -0.8825171526739605 0.4702646880836478 0.0038207823590294503
  outer loop
    vertex 533.1300944531043 398.8737986626013 298.2421481178977
    vertex 533.1161024531042 398.8657726626013 295.99814811789776
    vertex 532.8220954531042 398.2957956626014 298.24214811789767
  endloop
endfacet
facet normal -0.9956580879026059 -0.09057819930836027 -0.02146070372056963
  outer loop
    vertex 477.8681004531042 397.2817886626013 330.16214911789774
    vertex 477.8980994531042 397.0378006626013 329.8001501178977
    vertex 478.06210145310433 394.2517896626013 333.95015111789763
  endloop
endfacet
facet normal 0.6484969824184303 0.758789884458151 0.060741872198476675
  outer loop
    vertex 488.99609145310427 384.3517956626012 328.58014911789763
    vertex 489.25810045310425 384.72777266260124 321.08614911789766
    vertex 485.44608845310427 387.3857926626012 328.58014911789763
  endloop
endfacet
facet normal 0.6465485263269947 -0.7605612692673926 0.05934272318291644
  outer loop
    vertex 488.98209945310424 412.68779466260133 328.58014911789763
    vertex 485.76209845310433 409.3657726626012 321.0861491178977
    vertex 489.2440924531043 412.3257946626012 321.08614911789766
  endloop
endfacet
facet normal 0.5588871754980624 0.025355323787534252 0.828855978212999
  outer loop
    vertex 540.2960944531043 410.5837906626015 319.08014911789763
    vertex 540.1520974531043 413.7578016626013 319.08014911789775
    vertex 533.2680944531043 415.58177666260127 323.66614911789765
  endloop
endfacet
facet normal 0.09810912830945916 -0.9944069058295578 -0.03910888109934809
  outer loop
    vertex 513.8240944531043 377.1437876626014 328.7361511178977
    vertex 509.1880924531043 376.88579266260143 323.6661491178977
    vertex 514.0641004531043 377.18178266260156 328.37214911789766
  endloop
endfacet
facet normal 0.9568946498282497 -0.29043109303355985 0.0015522014700311013
  outer loop
    vertex 526.9481024531042 401.41179366260144 295.99814811789776
    vertex 526.7581004531042 400.79777966260144 298.2421481178977
    vertex 526.7581004531042 400.78578666260125 295.99814811789776
  endloop
endfacet
facet normal 0.9568946498282497 -0.29043109303355985 0.0015522014700311013
  outer loop
    vertex 526.7581004531042 400.79777966260144 298.2421481178977
    vertex 526.9481024531042 401.41179366260144 295.99814811789776
    vertex 526.9481024531042 401.42378666260123 298.2421481178977
  endloop
endfacet
facet normal 0.9666200291262935 0.14272984319090906 0.21277666966700604
  outer loop
    vertex 480.0800914531043 398.05977266260135 333.95015111789763
    vertex 480.59010145310435 394.6057936626014 333.95015111789763
    vertex 481.14809945310435 393.41777466260135 332.21214911789764
  endloop
endfacet
facet normal -0.9568655010320256 -0.2904105500812475 0.008374087188354421
  outer loop
    vertex 533.3200964531043 400.80177766260124 298.2421481178977
    vertex 533.1141034531042 401.41579166260124 295.99814811789776
    vertex 533.3040904531043 400.78978366260145 295.99814811789776
  endloop
endfacet
facet normal -0.9568655010320256 -0.2904105500812475 0.008374087188354421
  outer loop
    vertex 533.1141034531042 401.41579166260124 295.99814811789776
    vertex 533.3200964531043 400.80177766260124 298.2421481178977
    vertex 533.1300944531043 401.4277846626014 298.2421481178977
  endloop
endfacet
facet normal 0.070801562188659 -0.997392351876669 -0.013986965702847612
  outer loop
    vertex 513.7400944531042 377.1317946626016 329.1661511178977
    vertex 509.1880924531043 376.88579266260143 323.6661491178977
    vertex 513.8240944531043 377.1437876626014 328.7361511178977
  endloop
endfacet
facet normal 0.6456065197974019 0.7614391709685678 0.058331899590079284
  outer loop
    vertex 485.44608845310427 387.3857926626012 328.58014911789763
    vertex 489.25810045310425 384.72777266260124 321.08614911789766
    vertex 485.77409145310423 387.68178266260117 321.08614911789766
  endloop
endfacet
facet normal -0.29043600105395956 0.9568943199205645 0.000435655304919873
  outer loop
    vertex 530.6941044531043 396.8737986626012 298.24214811789767
    vertex 531.3101024531043 397.0617876626013 295.99814811789764
    vertex 530.6840954531042 396.87178466260127 295.99814811789764
  endloop
endfacet
facet normal -0.29043600105395956 0.9568943199205645 0.000435655304919873
  outer loop
    vertex 531.3101024531043 397.0617876626013 295.99814811789764
    vertex 530.6941044531043 396.8737986626012 298.24214811789767
    vertex 531.3200964531043 397.06380166260124 298.24214811789767
  endloop
endfacet
facet normal 0.9898210652666825 -0.11476716154913554 0.0841591194362473
  outer loop
    vertex 480.7660954531043 402.7018016626014 332.21214911789775
    vertex 480.58608745310426 402.4237866626014 333.95015111789775
    vertex 480.0800914531043 398.05977266260135 333.95015111789763
  endloop
endfacet
facet normal 0.7807357131910134 -0.6211375453175318 0.06811678166965034
  outer loop
    vertex 485.43409545310425 409.6497996626013 328.5801491178977
    vertex 482.2080974531043 406.18379666260137 333.95015111789763
    vertex 483.17609945310426 405.98979666260135 321.08614911789766
  endloop
endfacet
facet normal 0.5862780018091185 -0.8092728361915745 -0.03681821827780741
  outer loop
    vertex 538.0901014531042 386.16579166260146 311.09414911789776
    vertex 537.5480934531042 385.88377866260146 308.66214911789774
    vertex 538.0361004531042 386.2457776626016 308.47614911789776
  endloop
endfacet
facet normal -0.9631079763997371 0.2683642365993509 0.020091349124716662
  outer loop
    vertex 503.6000954531042 379.3937876626014 321.08614911789766
    vertex 503.11610245310413 377.09578366260166 328.5801491178977
    vertex 503.6120884531042 378.8757826626014 328.58014911789763
  endloop
endfacet
facet normal -0.2876007594252457 -0.9577160823537385 0.008106095177658834
  outer loop
    vertex 531.3180974531042 403.2337846626013 298.24214811789767
    vertex 530.6820964531042 403.4057816626012 295.99814811789764
    vertex 531.3081034531042 403.2177926626015 295.99814811789764
  endloop
endfacet
facet normal -0.2895736241342501 -0.9571161008729839 0.008711237308914143
  outer loop
    vertex 530.6900914531043 403.42378666260134 298.24214811789767
    vertex 530.6820964531042 403.4057816626012 295.99814811789764
    vertex 531.3180974531042 403.2337846626013 298.24214811789767
  endloop
endfacet
facet normal -0.9884761825803859 -0.1408404514439898 -0.055486968815756633
  outer loop
    vertex 477.8980994531042 397.0378006626013 329.8001501178977
    vertex 477.93409545310425 396.9537856626013 329.3721491178977
    vertex 478.06210145310433 394.2517896626013 333.95015111789763
  endloop
endfacet
facet normal -0.9884103783847363 -0.13914902194656809 -0.06068338811121242
  outer loop
    vertex 477.4620954531042 398.5137826626013 333.95015111789763
    vertex 477.8681004531042 397.2817886626013 330.16214911789774
    vertex 478.06210145310433 394.2517896626013 333.95015111789763
  endloop
endfacet
facet normal 0.49511149214235206 0.8665493481476384 0.06290339874344587
  outer loop
    vertex 493.32209545310434 381.86177466260136 328.58014911789775
    vertex 493.50410245310434 382.3017776626011 321.0861491178977
    vertex 489.25810045310425 384.72777266260124 321.08614911789766
  endloop
endfacet
facet normal 0.4993247648398941 -0.8651544510249998 -0.046717824106180326
  outer loop
    vertex 531.1920904531042 383.0917856626014 328.58014911789763
    vertex 526.3141004531042 380.5417986626014 323.66614911789776
    vertex 530.9840984531043 383.2377816626014 323.66614911789765
  endloop
endfacet
facet normal 0.4993247648398941 -0.8651544510249998 -0.046717824106180326
  outer loop
    vertex 526.3141004531042 380.5417986626014 323.66614911789776
    vertex 531.1920904531042 383.0917856626014 328.58014911789763
    vertex 526.4781014531043 380.37178466260144 328.58014911789775
  endloop
endfacet
facet normal 0.7916961108977338 0.60809142574669 0.058669292843543316
  outer loop
    vertex 483.1840954531043 391.0537916626012 321.0861491178977
    vertex 485.44608845310427 387.3857926626012 328.58014911789763
    vertex 485.77409145310423 387.68178266260117 321.08614911789766
  endloop
endfacet
facet normal -0.6455577320926215 0.7594765395812436 0.08031562961921491
  outer loop
    vertex 529.3560924531042 384.37178466260144 328.58014911789763
    vertex 532.3460974531042 387.70579966260135 321.0861491178977
    vertex 528.8661024531043 384.7477916626013 321.08614911789766
  endloop
endfacet
facet normal 0.2125160801707247 -0.7294148998773712 0.6502236688292382
  outer loop
    vertex 479.83408945310435 390.15379766260145 333.95015111789775
    vertex 483.3040904531043 386.37779666260127 328.58014911789763
    vertex 482.2160924531043 390.84779766260135 333.9501511178977
  endloop
endfacet
facet normal -0.6625550918504479 -0.002933071959773542 0.7490074414529694
  outer loop
    vertex 509.1880924531043 376.8037916626016 333.9501511178977
    vertex 509.1800974531042 378.60979166260165 333.95015111789763
    vertex 503.11610245310413 377.09578366260166 328.5801491178977
  endloop
endfacet
facet normal 0.0 0.0 1.0
  outer loop
    vertex 526.4781014531043 380.37178466260144 328.58014911789775
    vertex 529.3560924531042 384.37178466260144 328.58014911789763
    vertex 525.0341014531042 381.8777966626014 328.5801491178977
  endloop
endfacet
facet normal 0.0 0.0 1.0
  outer loop
    vertex 529.3560924531042 384.37178466260144 328.58014911789763
    vertex 526.4781014531043 380.37178466260144 328.58014911789775
    vertex 531.1920904531042 383.0917856626014 328.58014911789763
  endloop
endfacet
facet normal 0.0 0.0 1.0
  outer loop
    vertex 529.3560924531042 384.37178466260144 328.58014911789763
    vertex 531.1920904531042 383.0917856626014 328.58014911789763
    vertex 532.9040964531042 387.4097796626014 328.58014911789775
  endloop
endfacet
facet normal 0.0 0.0 1.0
  outer loop
    vertex 532.9040964531042 387.4097796626014 328.58014911789775
    vertex 531.1920904531042 383.0917856626014 328.58014911789763
    vertex 535.0621014531043 386.4037976626014 328.58014911789775
  endloop
endfacet
facet normal 0.0 0.0 1.0
  outer loop
    vertex 532.9040964531042 387.4097796626014 328.58014911789775
    vertex 535.0621014531043 386.4037976626014 328.58014911789775
    vertex 535.5400974531042 390.1237986626013 328.58014911789763
  endloop
endfacet
facet normal 0.0 0.0 1.0
  outer loop
    vertex 535.5400974531042 390.1237986626013 328.58014911789763
    vertex 535.0621014531043 386.4037976626014 328.58014911789775
    vertex 537.9360944531043 390.1237986626013 328.58014911789763
  endloop
endfacet
facet normal 0.0 0.0 1.0
  outer loop
    vertex 509.1880924531043 376.8037916626016 333.9501511178977
    vertex 514.6060924531043 379.14378766260165 333.95015111789763
    vertex 509.1800974531042 378.60979166260165 333.95015111789763
  endloop
endfacet
facet normal 0.0 0.0 1.0
  outer loop
    vertex 514.6060924531043 379.14378766260165 333.95015111789763
    vertex 509.1880924531043 376.8037916626016 333.9501511178977
    vertex 515.2600994531042 377.2137956626016 333.9501511178977
  endloop
endfacet
facet normal 0.0 0.0 1.0
  outer loop
    vertex 514.6060924531043 379.14378766260165 333.95015111789763
    vertex 515.2600994531042 377.2137956626016 333.9501511178977
    vertex 520.1000954531042 380.0938006626016 333.95015111789775
  endloop
endfacet
facet normal 0.0 0.0 1.0
  outer loop
    vertex 520.1000954531042 380.0938006626016 333.95015111789775
    vertex 515.2600994531042 377.2137956626016 333.9501511178977
    vertex 521.0980964531043 378.4258006626017 333.95015111789763
  endloop
endfacet
facet normal -0.717342072351263 0.6967211430944201 8.803813224436379e-17
  outer loop
    vertex 535.5400974531042 390.1237986626013 321.08614911789766
    vertex 532.9040964531042 387.4097796626014 328.58014911789775
    vertex 535.5400974531042 390.1237986626013 328.58014911789763
  endloop
endfacet
facet normal 0.0 0.0 1.0
  outer loop
    vertex 479.83408945310435 390.15379766260145 333.95015111789775
    vertex 480.59010145310435 394.6057936626014 333.95015111789763
    vertex 480.0800914531043 398.05977266260135 333.95015111789763
  endloop
endfacet
facet normal 0.0 0.0 1.0
  outer loop
    vertex 480.59010145310435 394.6057936626014 333.95015111789763
    vertex 479.83408945310435 390.15379766260145 333.95015111789775
    vertex 482.2160924531043 390.84779766260135 333.9501511178977
  endloop
endfacet
facet normal 0.0 0.0 1.0
  outer loop
    vertex 478.06210145310433 394.2517896626013 333.95015111789763
    vertex 478.05808845310423 402.7777906626013 333.95015111789775
    vertex 477.4620954531042 398.5137826626013 333.95015111789763
  endloop
endfacet
facet normal 0.0 0.0 1.0
  outer loop
    vertex 478.05808845310423 402.7777906626013 333.95015111789775
    vertex 478.06210145310433 394.2517896626013 333.95015111789763
    vertex 479.8260934531043 406.87779666260127 333.95015111789763
  endloop
endfacet
facet normal 0.0 0.0 1.0
  outer loop
    vertex 479.8260934531043 406.87779666260127 333.95015111789763
    vertex 478.06210145310433 394.2517896626013 333.95015111789763
    vertex 479.83408945310435 390.15379766260145 333.95015111789775
  endloop
endfacet
facet normal 0.0 0.0 1.0
  outer loop
    vertex 479.8260934531043 406.87779666260127 333.95015111789763
    vertex 479.83408945310435 390.15379766260145 333.95015111789775
    vertex 480.0800914531043 398.05977266260135 333.95015111789763
  endloop
endfacet
facet normal 0.0 0.0 1.0
  outer loop
    vertex 479.8260934531043 406.87779666260127 333.95015111789763
    vertex 480.0800914531043 398.05977266260135 333.95015111789763
    vertex 480.58608745310426 402.4237866626014 333.95015111789775
  endloop
endfacet
facet normal 0.0 0.0 1.0
  outer loop
    vertex 479.8260934531043 406.87779666260127 333.95015111789763
    vertex 480.58608745310426 402.4237866626014 333.95015111789775
    vertex 482.2080974531043 406.18379666260137 333.95015111789763
  endloop
endfacet
facet normal -0.26971422366622755 0.960303675238774 0.07121157823716422
  outer loop
    vertex 520.1000954531042 380.0938006626016 333.95015111789775
    vertex 525.0341014531042 381.8777966626014 328.5801491178977
    vertex 524.6220984531043 382.3177996626014 321.0861491178977
  endloop
endfacet
facet normal -0.9153257853723364 0.3947489331282068 -0.07969935022732876
  outer loop
    vertex 478.05808845310423 402.7777906626013 333.95015111789775
    vertex 480.6880924531042 406.79979366260125 323.66614911789765
    vertex 478.93609445310426 402.73778166260126 323.66614911789776
  endloop
endfacet
facet normal -0.9153257853723364 0.3947489331282068 -0.07969935022732876
  outer loop
    vertex 480.6880924531042 406.79979366260125 323.66614911789765
    vertex 478.05808845310423 402.7777906626013 333.95015111789775
    vertex 479.8260934531043 406.87779666260127 333.95015111789763
  endloop
endfacet
facet normal 0.0 0.0 1.0
  outer loop
    vertex 529.3420994531043 412.7097976626015 328.58014911789775
    vertex 526.4580974531042 416.70778366260134 328.58014911789763
    vertex 525.0160954531042 415.19777366260143 328.58014911789763
  endloop
endfacet
facet normal 0.0 0.0 1.0
  outer loop
    vertex 526.4580974531042 416.70778366260134 328.58014911789763
    vertex 529.3420994531043 412.7097976626015 328.58014911789775
    vertex 531.1760994531041 413.9937936626013 328.58014911789775
  endloop
endfacet
facet normal 0.0 0.0 1.0
  outer loop
    vertex 531.1760994531041 413.9937936626013 328.58014911789775
    vertex 529.3420994531043 412.7097976626015 328.58014911789775
    vertex 532.2720924531043 410.13377866260134 328.58014911789763
  endloop
endfacet
facet normal 0.0 0.0 1.0
  outer loop
    vertex 531.1760994531041 413.9937936626013 328.58014911789775
    vertex 532.2720924531043 410.13377866260134 328.58014911789763
    vertex 535.0480934531041 410.13377866260134 328.58014911789763
  endloop
endfacet
facet normal 0.6193434159171376 0.37056675565271446 0.6921661742422214
  outer loop
    vertex 525.0341014531042 381.8777966626014 328.5801491178977
    vertex 520.1000954531042 380.0938006626016 333.95015111789775
    vertex 521.0980964531043 378.4258006626017 333.95015111789763
  endloop
endfacet
facet normal -0.7725745740555718 0.6326831554422524 -0.05329683238698586
  outer loop
    vertex 483.2920964531043 410.6577956626013 328.58014911789763
    vertex 483.5361004531043 410.5417986626013 323.66614911789765
    vertex 479.8260934531043 406.87779666260127 333.95015111789763
  endloop
endfacet
facet normal -0.648410994620149 0.7572641833038772 0.07819295838386627
  outer loop
    vertex 532.9040964531042 387.4097796626014 328.58014911789775
    vertex 532.3460974531042 387.70579966260135 321.0861491178977
    vertex 529.3560924531042 384.37178466260144 328.58014911789763
  endloop
endfacet
facet normal 0.32762866272362584 -0.9447013190654763 -0.014102379865751153
  outer loop
    vertex 521.0980964531043 378.4258006626017 333.95015111789763
    vertex 520.9840984531043 378.53978366260145 323.66614911789765
    vertex 526.4781014531043 380.37178466260144 328.58014911789775
  endloop
endfacet
facet normal 0.9177450834176074 -0.39590099567665377 0.031723232575560166
  outer loop
    vertex 482.2080974531043 406.18379666260137 333.95015111789763
    vertex 480.58608745310426 402.4237866626014 333.95015111789775
    vertex 480.7660954531043 402.7018016626014 332.21214911789775
  endloop
endfacet
facet normal -0.49708685481566706 -0.8643169075103649 0.07655679043159651
  outer loop
    vertex 529.3420994531043 412.7097976626015 328.58014911789775
    vertex 525.0160954531042 415.19777366260143 328.58014911789763
    vertex 524.6060924531042 414.76979466260127 321.0861491178977
  endloop
endfacet
facet normal -0.6602847698946068 -0.7510153278364072 1.5777218104420236e-30
  outer loop
    vertex 529.3420994531043 412.7097976626015 328.58014911789775
    vertex 532.2720924531043 410.13377866260134 321.08614911789766
    vertex 532.2720924531043 410.13377866260134 328.58014911789763
  endloop
endfacet
facet normal 0.27667208693170936 0.9605533213518407 -0.028104682044108455
  outer loop
    vertex 493.50410245310434 382.3017776626011 321.0861491178977
    vertex 503.6000954531042 379.3937876626014 321.08614911789766
    vertex 498.13409245310413 380.2997936626013 298.24214811789767
  endloop
endfacet
facet normal 0.06988158253878417 -0.9974452093808122 -0.014819537953083925
  outer loop
    vertex 511.2140934531042 374.74577766260165 315.2381501178977
    vertex 511.98209945310424 374.9217726626016 307.0141491178978
    vertex 512.5740944531042 374.9237866626017 309.6701491178977
  endloop
endfacet
facet normal 0.0858325831443236 -0.9961400986485258 -0.01837584107676271
  outer loop
    vertex 512.5740944531042 374.9237866626017 309.6701491178977
    vertex 511.98209945310424 374.9217726626016 307.0141491178978
    vertex 513.9820994531042 375.1537976626016 303.77814811789773
  endloop
endfacet
facet normal -0.20316020368938983 0.978968144694972 -0.018636075481984652
  outer loop
    vertex 519.7821024531041 380.5117996626013 321.0861491178977
    vertex 520.9040964531042 380.3097726626014 298.2421481178977
    vertex 515.3240944531043 379.1517836626013 298.24214811789767
  endloop
endfacet
facet normal -0.20702799467417163 0.9781724598759676 -0.017833904827321848
  outer loop
    vertex 519.7821024531041 380.5117996626013 321.0861491178977
    vertex 515.3240944531043 379.1517836626013 298.24214811789767
    vertex 514.5280894531043 379.39979966260137 321.08614911789766
  endloop
endfacet
facet normal -0.06833019758690156 0.9975773764227603 -0.013052285133939221
  outer loop
    vertex 509.06410045310423 379.0217786626014 321.08614911789766
    vertex 515.3240944531043 379.1517836626013 298.24214811789767
    vertex 509.5200934531042 378.75777066260133 298.24214811789767
  endloop
endfacet
facet normal -0.06833019758690156 0.9975773764227603 -0.013052285133939221
  outer loop
    vertex 515.3240944531043 379.1517836626013 298.24214811789767
    vertex 509.06410045310423 379.0217786626014 321.08614911789766
    vertex 514.5280894531043 379.39979966260137 321.08614911789766
  endloop
endfacet
facet normal 0.06669826032324745 0.9977210615807885 -0.010199281737306021
  outer loop
    vertex 509.06410045310423 379.0217786626014 321.08614911789766
    vertex 509.5200934531042 378.75777066260133 298.24214811789767
    vertex 503.7160924531042 379.1457716626014 298.24214811789767
  endloop
endfacet
facet normal 0.5735228422898635 -0.8169754561278019 -0.060188482756477805
  outer loop
    vertex 491.6400884531043 414.00780166260125 321.0861491178977
    vertex 489.2440924531043 412.3257946626012 321.08614911789766
    vertex 488.4620954531043 413.4597976626011 298.24214811789767
  endloop
endfacet
facet normal 0.06792259130579621 0.9976354833024715 -0.010486374309083705
  outer loop
    vertex 509.06410045310423 379.0217786626014 321.08614911789766
    vertex 503.7160924531042 379.1457716626014 298.24214811789767
    vertex 503.6000954531042 379.3937876626014 321.08614911789766
  endloop
endfacet
facet normal 0.3242282228549745 0.9351525226704513 -0.14270886043759265
  outer loop
    vertex 544.4040964531043 412.67979866260134 319.08014911789775
    vertex 545.1020944531042 412.4377946626012 319.0801491178977
    vertex 537.0480934531042 411.7077836626014 295.9981481178977
  endloop
endfacet
facet normal 0.49665124512951025 0.8445911693664447 -0.2000082431789465
  outer loop
    vertex 545.7380964531043 412.06380166260124 319.08014911789775
    vertex 537.0480934531042 411.7077836626014 295.9981481178977
    vertex 545.1020944531042 412.4377946626012 319.0801491178977
  endloop
endfacet
endsolid Forearm
