solid Forearm
facet normal -0.8782608783892618 0.47696740342700605 0.03405767988313517
  outer loop
    vertex 138.88156316121092 -28.949177134234375 9.533111852386016
    vertex 138.9240677214481 -28.47360854725803 3.969003483202625
    vertex 138.5487649023751 -29.50347689404986 8.713890635078728
  endloop
endfacet
facet normal 0.012632474013183046 -0.7035447330309726 0.7105386894636236
  outer loop
    vertex 154.40138759484051 -24.677453068420338 14.899718509977045
    vertex 150.85246789176585 -26.06720702664064 13.586739420415086
    vertex 153.84933947780894 -25.202294962331795 14.38985743976111
  endloop
endfacet
facet normal -0.05460195054288383 0.9983615818107001 0.017110784942528053
  outer loop
    vertex 155.6011778997221 -30.885291407888097 6.272638202693494
    vertex 156.30225993344615 -30.843852351620594 6.09200854457841
    vertex 156.35050817922743 -30.804833395806337 3.969336893896897
  endloop
endfacet
facet normal -0.2772703201296759 0.9599400509353752 -0.040450811924809184
  outer loop
    vertex 157.00543154964197 -30.666579035469013 6.090708073720183
    vertex 157.75601973312874 -30.53918433304319 3.969006562682297
    vertex 157.06695304896704 -30.738209272520418 3.9691482055362393
  endloop
endfacet
facet normal -0.09201174752660242 -0.8155147208856102 0.5713751642624715
  outer loop
    vertex 138.09981684445032 -29.96773061201155 7.9789720336956185
    vertex 140.97186167884627 -30.43549685079907 7.7738381797787035
    vertex 138.5487649023751 -29.50347689404986 8.713890635078728
  endloop
endfacet
facet normal 0.10723600598416178 -0.759199508787023 0.6419630401184384
  outer loop
    vertex 131.51407263809074 -21.140395279043144 18.163196154615928
    vertex 132.95331670139905 -24.470894430502604 13.98405820253172
    vertex 133.5012373983385 -23.99777688792488 14.452050532329189
  endloop
endfacet
facet normal 0.0218241338372322 -0.9262545696300368 0.37626610187702264
  outer loop
    vertex 150.8461879484812 -30.38850237517384 7.771382431774634
    vertex 155.54559003309035 -33.437549978559 -0.007034601029446042
    vertex 155.6011778997221 -30.885291407888097 6.272638202693494
  endloop
endfacet
facet normal 0.9524925283135609 -0.3033611790299366 -0.0270181154858612
  outer loop
    vertex 153.0517222633049 -26.471288569321192 12.976670959359005
    vertex 152.75365968664264 -26.60505194481027 3.9707222625964764
    vertex 152.96335302228113 -25.94666426515218 3.9707989768376604
  endloop
endfacet
facet normal 0.9641729453987845 -0.2637933998083548 -0.027992384296123978
  outer loop
    vertex 153.0517222633049 -26.471288569321192 12.976670959359005
    vertex 152.83680008718824 -27.166732820059753 12.127563428742725
    vertex 152.75365968664264 -26.60505194481027 3.9707222625964764
  endloop
endfacet
facet normal 0.4115782543713527 0.907019003414784 0.08899364007097572
  outer loop
    vertex 154.3118430204169 -30.559279941138445 7.137702529467086
    vertex 154.9291022280091 -30.789146569971532 6.6257887958901085
    vertex 154.94553578676994 -30.535997848417 3.96970689635336
  endloop
endfacet
facet normal -0.6181622228016159 -0.7859566818442337 0.012147450982300143
  outer loop
    vertex 158.39776656484094 -24.37706683391806 3.9696012706259935
    vertex 158.95372575217857 -24.814336922766458 3.9694052567999196
    vertex 158.93875702901826 -24.64935810909557 13.882028239180558
  endloop
endfacet
facet normal -0.014738832902707662 -0.7402025367003277 0.6722224122022906
  outer loop
    vertex 131.490959167284 -28.914657060512614 7.777646999852498
    vertex 132.9718937381443 -29.264441899474733 7.424959595185825
    vertex 132.51897811943152 -28.676501120257505 8.06242689886777
  endloop
endfacet
facet normal -0.10230902537030699 -0.9016219259166272 0.4202508370416052
  outer loop
    vertex 136.31970321363093 -33.532141176505505 -0.0023752889985608405
    vertex 140.96584151370428 -34.06011713018243 -0.004023863881175415
    vertex 140.97186167884627 -30.43549685079907 7.7738381797787035
  endloop
endfacet
facet normal 0.8163103888206534 -0.5765426788811634 -0.03515520632858215
  outer loop
    vertex 153.84933947780894 -25.202294962331795 14.38985743976111
    vertex 153.3936012491968 -25.80797217712358 13.740591256267605
    vertex 153.30335941138213 -25.34002053005447 3.970788095460807
  endloop
endfacet
facet normal -0.08533651808291169 -0.8087728226665825 0.58189706993369
  outer loop
    vertex 138.5487649023751 -29.50347689404986 8.713890635078728
    vertex 140.97186167884627 -30.43549685079907 7.7738381797787035
    vertex 138.88156316121092 -28.949177134234375 9.533111852386016
  endloop
endfacet
facet normal -0.9535899587275665 -0.3010716957785868 0.004693038990280865
  outer loop
    vertex 159.8961650330868 -26.30694986351803 11.364451329715793
    vertex 159.74843616635965 -25.95423763320247 3.9690912305794113
    vertex 159.95668082677184 -26.61307175702054 3.9689679168484764
  endloop
endfacet
facet normal -0.9535899587275665 -0.3010716957785868 0.004693038990280865
  outer loop
    vertex 159.74843616635965 -25.95423763320247 3.9690912305794113
    vertex 159.8961650330868 -26.30694986351803 11.364451329715793
    vertex 159.70145214034133 -25.675348158142086 12.266643012570487
  endloop
endfacet
facet normal -0.44576477570371836 -0.8949096622748407 -0.020747556698183352
  outer loop
    vertex 136.9369922675126 -24.001769847101404 3.9700714575334852
    vertex 137.572989439851 -24.318562409642592 3.96985881932874
    vertex 137.53020866473778 -24.5503634761534 14.887345637998552
  endloop
endfacet
facet normal -0.27242455829215634 -0.9620900104446458 -0.012948816237203703
  outer loop
    vertex 136.24672060963618 -23.8063153265004 3.970234385905557
    vertex 136.9369922675126 -24.001769847101404 3.9700714575334852
    vertex 136.9021214043365 -24.143552313580297 15.238064722687138
  endloop
endfacet
facet normal -0.09931697444667521 -0.7869510024214078 0.6089698337148562
  outer loop
    vertex 139.08033809107175 -26.971397363643717 12.171885202736782
    vertex 139.15258935452533 -27.65832818776675 11.295971332753851
    vertex 140.97814161518477 -26.11419385272248 13.58913318207245
  endloop
endfacet
facet normal 0.17256389553740753 -0.7762129440173763 0.6063952238407162
  outer loop
    vertex 158.40014931398076 -24.260346088818782 14.533254362776377
    vertex 158.93875702901826 -24.64935810909557 13.882028239180558
    vertex 160.3471616458889 -24.5676754278525 13.585791353337877
  endloop
endfacet
facet normal -0.15709467791306134 -0.8367468077513613 0.5245722465869672
  outer loop
    vertex 134.80635894142515 -23.658634167646458 15.269471593256322
    vertex 135.5135196404507 -23.688961401513442 15.432871328333558
    vertex 136.3370570801905 -22.133238257663194 18.161036481021124
  endloop
endfacet
facet normal 0.6401858952448413 0.7650289919107733 -0.06994755939664599
  outer loop
    vertex 132.9718937381443 -29.264441899474733 7.424959595185825
    vertex 133.52298652730587 -29.771672330048414 6.9210942040786065
    vertex 133.47676009566308 -30.002793824884364 3.970195623618111
  endloop
endfacet
facet normal 0.6053790663949326 0.7918293417799633 -0.0807618688931227
  outer loop
    vertex 132.91943797016788 -29.5766840143474 3.970382627632744
    vertex 132.9718937381443 -29.264441899474733 7.424959595185825
    vertex 133.47676009566308 -30.002793824884364 3.970195623618111
  endloop
endfacet
facet normal -0.22528437259417786 -0.974284738845492 0.004024812743328596
  outer loop
    vertex 135.5135196404507 -23.688961401513442 15.432871328333558
    vertex 135.52868573376944 -23.73981991504925 3.9704772489911897
    vertex 136.2211583773452 -23.852632708967825 15.422309799435961
  endloop
endfacet
facet normal -0.1287689108128016 -0.8178898132959134 0.5607805461273249
  outer loop
    vertex 131.51407263809074 -21.140395279043144 18.163196154615928
    vertex 133.5012373983385 -23.99777688792488 14.452050532329189
    vertex 134.12692868097807 -23.76287381803071 14.938327053210738
  endloop
endfacet
facet normal 0.14648017965903185 -0.846451968049981 0.5119205238622218
  outer loop
    vertex 158.3107978463074 -29.93634373396464 6.619571851856443
    vertex 160.3408511919982 -28.88897839166153 7.770496358695193
    vertex 158.86281215049868 -29.480995133889532 7.214530541796813
  endloop
endfacet
facet normal -0.8670572372574661 -0.4973430618453937 -0.02935346919358869
  outer loop
    vertex 138.87156127934114 -26.291720836167233 12.999197312730995
    vertex 138.58749283639315 -25.263542249357194 3.9694677973909838
    vertex 138.92697736081485 -25.855385038896863 3.9693448560417406
  endloop
endfacet
facet normal 0.6183957532067681 0.7811731659199308 0.0857623300900022
  outer loop
    vertex 153.77315888920475 -30.204333083500554 7.7888627590032335
    vertex 154.3118430204169 -30.559279941138445 7.137702529467086
    vertex 154.31107383070145 -30.210890964196267 3.9699194695934183
  endloop
endfacet
facet normal -0.6040041953635741 0.7937553826128994 0.0716332643138055
  outer loop
    vertex 137.55195782726065 -30.324228399790904 7.356386458640091
    vertex 138.12493989569867 -29.58252940805684 3.9690775583714597
    vertex 137.5666622067566 -30.007355963356467 3.969165487482524
  endloop
endfacet
facet normal 0.9906620624498932 0.13510938380177107 -0.01827928968066651
  outer loop
    vertex 131.90050077262154 -26.818962603997207 10.667059216070147
    vertex 131.97276480640474 -27.46733444194757 9.791101614262171
    vertex 131.91402026664724 -27.824035635268704 3.9708718786043598
  endloop
endfacet
facet normal 0.22952465628582738 -0.8864691281141373 0.40185932496015864
  outer loop
    vertex 158.3107978463074 -29.93634373396464 6.619571851856443
    vertex 159.9610214514935 -32.513186540242444 -0.0072710161253109196
    vertex 160.3408511919982 -28.88897839166153 7.770496358695193
  endloop
endfacet
facet normal 0.22563455853805472 0.9740249299447858 0.0190914074754107
  outer loop
    vertex 134.8320369213607 -30.469319190074756 6.386179660967072
    vertex 135.5397061024679 -30.63304392016391 6.375564701310434
    vertex 135.52106376854817 -30.581566838428497 3.969581475575016
  endloop
endfacet
facet normal 0.8662524586624112 -0.4994695283072357 0.011699066367681608
  outer loop
    vertex 132.50432522567402 -24.973798617853056 13.249075068854564
    vertex 132.12571231484512 -25.847762980783653 3.9710523776471036
    vertex 132.46649462439456 -25.256729859151445 3.9710114304113735
  endloop
endfacet
facet normal 0.05097509837668278 -0.8585610849638531 0.5101709544174178
  outer loop
    vertex 150.8461879484812 -30.38850237517384 7.771382431774634
    vertex 154.3118430204169 -30.559279941138445 7.137702529467086
    vertex 153.77315888920475 -30.204333083500554 7.7888627590032335
  endloop
endfacet
facet normal -0.09661361398079965 -0.8517918985330187 0.5148945243320079
  outer loop
    vertex 135.5135196404507 -23.688961401513442 15.432871328333558
    vertex 140.98316486294655 -22.661214177377108 18.159388867463736
    vertex 136.3370570801905 -22.133238257663194 18.161036481021124
  endloop
endfacet
facet normal -0.7475368294876331 0.6616061962074934 0.058872147059787085
  outer loop
    vertex 138.09981684445032 -29.96773061201155 7.9789720336956185
    vertex 138.58325483753399 -29.06467976342338 3.9689886357531394
    vertex 138.12493989569867 -29.58252940805684 3.9690775583714597
  endloop
endfacet
facet normal 0.44451558900644506 0.8924672964069098 -0.076863619316255
  outer loop
    vertex 133.47676009566308 -30.002793824884364 3.970195623618111
    vertex 133.52298652730587 -29.771672330048414 6.9210942040786065
    vertex 134.11275726800332 -30.319586387421584 3.969982985413368
  endloop
endfacet
facet normal -0.15832986580761924 -0.7735157025421312 0.6136816043471522
  outer loop
    vertex 136.9021214043365 -24.143552313580297 15.238064722687138
    vertex 137.53020866473778 -24.5503634761534 14.887345637998552
    vertex 140.98316486294655 -22.661214177377108 18.159388867463736
  endloop
endfacet
facet normal -0.16201843431649954 -0.7700455438255823 0.6170736482592604
  outer loop
    vertex 136.2211583773452 -23.852632708967825 15.422309799435961
    vertex 136.9021214043365 -24.143552313580297 15.238064722687138
    vertex 140.98316486294655 -22.661214177377108 18.159388867463736
  endloop
endfacet
facet normal 0.17141258981623783 -0.7778879400758485 0.6045726397522827
  outer loop
    vertex 157.78301063627737 -23.96106769624472 15.09330351000096
    vertex 158.40014931398076 -24.260346088818782 14.533254362776377
    vertex 160.3471616458889 -24.5676754278525 13.585791353337877
  endloop
endfacet
facet normal -0.2635947955364212 -0.874703143780887 0.40670897952460466
  outer loop
    vertex 131.84837259101735 -32.53969307849493 -0.00030568573768948625
    vertex 134.8320369213607 -30.469319190074756 6.386179660967072
    vertex 134.15107376433974 -30.178491102786083 6.570315989108661
  endloop
endfacet
facet normal -0.16732640582777514 -0.7636778225535593 0.6235367328815624
  outer loop
    vertex 135.5135196404507 -23.688961401513442 15.432871328333558
    vertex 136.2211583773452 -23.852632708967825 15.422309799435961
    vertex 140.98316486294655 -22.661214177377108 18.159388867463736
  endloop
endfacet
facet normal 0.004568640266093349 0.003955037562071544 0.9999817424353316
  outer loop
    vertex 155.47926495463412 -28.54325240263894 3.9576198812955443
    vertex 153.29900913818287 -29.241133560343044 3.970272161523285
    vertex 153.75510698922537 -29.773643756187575 3.9701192925931124
  endloop
endfacet
facet normal 0.004568640266093349 0.003955037562071544 0.9999817424353316
  outer loop
    vertex 153.29900913818287 -29.241133560343044 3.970272161523285
    vertex 155.47926495463412 -28.54325240263894 3.9576198812955443
    vertex 155.2411328315539 -28.355973156682268 3.9576960477723646
  endloop
endfacet
facet normal 0.004568640266093349 0.003955037562071544 0.9999817424353316
  outer loop
    vertex 153.29900913818287 -29.241133560343044 3.970272161523285
    vertex 155.2411328315539 -28.355973156682268 3.9576960477723646
    vertex 155.0458016726557 -28.127894162288634 3.957747586331343
  endloop
endfacet
facet normal -0.11890088526464153 -0.8508429262993384 0.5117898926802511
  outer loop
    vertex 134.12692868097807 -23.76287381803071 14.938327053210738
    vertex 134.80635894142515 -23.658634167646458 15.269471593256322
    vertex 136.3370570801905 -22.133238257663194 18.161036481021124
  endloop
endfacet
facet normal 0.004454299012288975 -0.004465050128468837 0.9999801110760451
  outer loop
    vertex 155.243520806646 -26.229463845976706 3.957944895365205
    vertex 153.30335941138213 -25.34002053005447 3.970788095460807
    vertex 155.04764739061972 -26.457103546717242 3.9579919123826084
  endloop
endfacet
facet normal 0.004454299012288975 -0.004465050128468837 0.9999801110760451
  outer loop
    vertex 153.30335941138213 -25.34002053005447 3.970788095460807
    vertex 155.243520806646 -26.229463845976706 3.957944895365205
    vertex 154.31756904573962 -24.372507963584635 3.9706289762081672
  endloop
endfacet
facet normal 0.004454299012288975 -0.004465050128468837 0.9999801110760451
  outer loop
    vertex 153.30335941138213 -25.34002053005447 3.970788095460807
    vertex 154.31756904573962 -24.372507963584635 3.9706289762081672
    vertex 153.7606215514857 -24.808535969930595 3.9707119762808127
  endloop
endfacet
facet normal -0.10639217865321658 -0.7812973384761017 0.6150245305770997
  outer loop
    vertex 138.87156127934114 -26.291720836167233 12.999197312730995
    vertex 139.08033809107175 -26.971397363643717 12.171885202736782
    vertex 140.97814161518477 -26.11419385272248 13.58913318207245
  endloop
endfacet
facet normal 0.09224222492957876 0.9955369052606333 -0.019940967983568838
  outer loop
    vertex 134.80302891869295 -30.51503325817321 3.9697571170203965
    vertex 134.8320369213607 -30.469319190074756 6.386179660967072
    vertex 135.52106376854817 -30.581566838428497 3.969581475575016
  endloop
endfacet
facet normal -0.002607271196021119 0.0023884990194612036 0.9999937485851322
  outer loop
    vertex 138.12493989569867 -29.58252940805684 3.9690775583714597
    vertex 136.69723137330675 -28.252668278954193 3.9623233646924114
    vertex 137.5666622067566 -30.007355963356467 3.969165487482524
  endloop
endfacet
facet normal -0.002607271196021119 0.0023884990194612036 0.9999937485851322
  outer loop
    vertex 136.69723137330675 -28.252668278954193 3.9623233646924114
    vertex 138.12493989569867 -29.58252940805684 3.9690775583714597
    vertex 138.58325483753399 -29.06467976342338 3.9689886357531394
  endloop
endfacet
facet normal -0.002607271196021119 0.0023884990194612036 0.9999937485851322
  outer loop
    vertex 136.69723137330675 -28.252668278954193 3.9623233646924114
    vertex 138.58325483753399 -29.06467976342338 3.9689886357531394
    vertex 138.9240677214481 -28.47360854725803 3.969003483202625
  endloop
endfacet
facet normal -0.002607271196021119 0.0023884990194612036 0.9999937485851322
  outer loop
    vertex 136.69723137330675 -28.252668278954193 3.9623233646924114
    vertex 138.9240677214481 -28.47360854725803 3.969003483202625
    vertex 136.90388410587167 -28.019158432586558 3.962326579498681
  endloop
endfacet
facet normal -0.002607271196021119 0.0023884990194612036 0.9999937485851322
  outer loop
    vertex 136.90388410587167 -28.019158432586558 3.962326579498681
    vertex 138.9240677214481 -28.47360854725803 3.969003483202625
    vertex 137.0575342887361 -27.752652925171276 3.962267961647641
  endloop
endfacet
facet normal 0.0008443016096744974 0.0036868421250860887 0.9999928471493866
  outer loop
    vertex 135.84696540871346 -28.673855794033 3.9624860515860547
    vertex 134.80302891869295 -30.51503325817321 3.9697571170203965
    vertex 135.52106376854817 -30.581566838428497 3.969581475575016
  endloop
endfacet
facet normal 0.0008443016096744974 0.0036868421250860887 0.9999928471493866
  outer loop
    vertex 134.80302891869295 -30.51503325817321 3.9697571170203965
    vertex 135.84696540871346 -28.673855794033 3.9624860515860547
    vertex 134.11275726800332 -30.319586387421584 3.969982985413368
  endloop
endfacet
facet normal 0.0008443016096744974 0.0036868421250860887 0.9999928471493866
  outer loop
    vertex 134.11275726800332 -30.319586387421584 3.969982985413368
    vertex 135.84696540871346 -28.673855794033 3.9624860515860547
    vertex 135.52317137412052 -28.703117161724226 3.9625833459645072
  endloop
endfacet
facet normal 0.0008443016096744974 0.0036868421250860887 0.9999928471493866
  outer loop
    vertex 134.11275726800332 -30.319586387421584 3.969982985413368
    vertex 135.19941333056002 -28.673143900508013 3.962650778327059
    vertex 134.8881717694942 -28.58501815361915 3.9627239730234742
  endloop
endfacet
facet normal 0.0008443016096744974 0.0036868421250860887 0.9999928471493866
  outer loop
    vertex 135.19941333056002 -28.673143900508013 3.962650778327059
    vertex 134.11275726800332 -30.319586387421584 3.969982985413368
    vertex 135.52317137412052 -28.703117161724226 3.9625833459645072
  endloop
endfacet
facet normal 0.1719077241634294 -0.7907935933494008 0.5874463610326419
  outer loop
    vertex 159.9548031230128 -26.986206561792194 10.44489273228639
    vertex 160.3408511919982 -28.88897839166153 7.770496358695193
    vertex 160.3471616458889 -24.5676754278525 13.585791353337877
  endloop
endfacet
facet normal -0.14200999543063472 -0.9898649609488901 -0.0007213067609258865
  outer loop
    vertex 157.07462568127542 -23.851334495979575 3.970011433534503
    vertex 157.78301063627737 -23.96106769624472 15.09330351000096
    vertex 157.11091832994262 -23.864855408778954 15.379801825708409
  endloop
endfacet
facet normal -0.6859202313417665 -0.7274507724305734 -0.018133116836877062
  outer loop
    vertex 137.53020866473778 -24.5503634761534 14.887345637998552
    vertex 137.572989439851 -24.318562409642592 3.96985881932874
    vertex 138.0813321277362 -25.05746425517558 14.383522719881537
  endloop
endfacet
facet normal -0.2024037257235336 -0.899896537565645 0.38628869190101345
  outer loop
    vertex 131.84837259101735 -32.53969307849493 -0.00030568573768948625
    vertex 135.5397061024679 -30.63304392016391 6.375564701310434
    vertex 134.8320369213607 -30.469319190074756 6.386179660967072
  endloop
endfacet
facet normal 0.7579170000785236 0.6491414391083544 0.06463136254409252
  outer loop
    vertex 153.33377999055156 -29.73812270311783 8.554158615105276
    vertex 153.75510698922537 -29.773643756187575 3.9701192925931124
    vertex 153.29900913818287 -29.241133560343044 3.970272161523285
  endloop
endfacet
facet normal -0.12304882227537214 -0.7979586288935674 0.5900178081303494
  outer loop
    vertex 131.4972391035016 -24.59335406228375 13.592941525309133
    vertex 131.90050077262154 -26.818962603997207 10.667059216070147
    vertex 131.9675839744662 -26.170492741950863 11.558060510831654
  endloop
endfacet
facet normal -0.06053136580901937 -0.9143683232696449 0.4003330153189378
  outer loop
    vertex 136.24683634074256 -30.663332990951087 6.539020246374955
    vertex 136.31970321363093 -33.532141176505505 -0.0023752889985608405
    vertex 140.97186167884627 -30.43549685079907 7.7738381797787035
  endloop
endfacet
facet normal -0.9948323501280528 -0.10134615955014122 -0.006127893857817977
  outer loop
    vertex 159.9548031230128 -26.986206561792194 10.44489273228639
    vertex 159.95668082677184 -26.61307175702054 3.9689679168484764
    vertex 160.02646823495215 -27.298109967158865 3.9688407036398368
  endloop
endfacet
facet normal -0.27244236021877943 -0.9621717085334587 -0.0008738742622489034
  outer loop
    vertex 135.85033256738095 -25.64819996871077 3.9628391541646804
    vertex 136.16061546126394 -25.73245841883514 -9.584514360043952e-05
    vertex 136.16160462946328 -25.736341009422517 3.9627683310454587
  endloop
endfacet
facet normal -0.27244236021877943 -0.9621717085334587 -0.0008738742622489034
  outer loop
    vertex 136.16061546126394 -25.73245841883514 -9.584514360043952e-05
    vertex 135.85033256738095 -25.64819996871077 3.9628391541646804
    vertex 135.84937391548294 -25.644332691789778 3.838470389136298e-05
  endloop
endfacet
facet normal 0.1489316414216276 -0.8016643026642506 0.5789246168693299
  outer loop
    vertex 159.3183972575455 -29.011647447662586 7.863662788184328
    vertex 160.3408511919982 -28.88897839166153 7.770496358695193
    vertex 159.66029294397765 -28.34833746648762 8.694224891995077
  endloop
endfacet
facet normal -0.9501127029865873 0.3113060307407627 0.019349595550092247
  outer loop
    vertex 138.88156316121092 -28.949177134234375 9.533111852386016
    vertex 139.13426089856847 -27.832097652987645 3.969055034189989
    vertex 138.9240677214481 -28.47360854725803 3.969003483202625
  endloop
endfacet
facet normal 0.15693480088198883 -0.7928203215233532 0.5889035626074419
  outer loop
    vertex 159.70145214034133 -25.675348158142086 12.266643012570487
    vertex 159.8961650330868 -26.30694986351803 11.364451329715793
    vertex 160.3471616458889 -24.5676754278525 13.585791353337877
  endloop
endfacet
facet normal -0.6737046042367061 0.736581640196518 -0.05974607565079686
  outer loop
    vertex 158.86281215049868 -29.480995133889532 7.214530541796813
    vertex 159.3183972575455 -29.011647447662586 7.863662788184328
    vertex 159.40544281246605 -29.24796011463525 3.96873646158328
  endloop
endfacet
facet normal -0.19980232904273898 -0.9009834308878214 0.3851076298578197
  outer loop
    vertex 131.84837259101735 -32.53969307849493 -0.00030568573768948625
    vertex 136.31970321363093 -33.532141176505505 -0.0023752889985608405
    vertex 135.5397061024679 -30.63304392016391 6.375564701310434
  endloop
endfacet
facet normal -0.07350979211441452 -0.8031617109560938 0.5912085727705371
  outer loop
    vertex 138.88156316121092 -28.949177134234375 9.533111852386016
    vertex 140.97186167884627 -30.43549685079907 7.7738381797787035
    vertex 139.0854844766837 -28.32609276516283 10.404932298133255
  endloop
endfacet
facet normal 0.05321980112964595 -0.8521760224644616 0.5205417173525775
  outer loop
    vertex 131.490959167284 -28.914657060512614 7.777646999852498
    vertex 132.51897811943152 -28.676501120257505 8.06242689886777
    vertex 132.18157226572364 -28.14691948636493 8.963898245223946
  endloop
endfacet
facet normal -0.04583291574255915 -0.9825480963717378 0.18027363132418953
  outer loop
    vertex 150.8461879484812 -30.38850237517384 7.771382431774634
    vertex 155.6011778997221 -30.885291407888097 6.272638202693494
    vertex 154.9291022280091 -30.789146569971532 6.6257887958901085
  endloop
endfacet
facet normal -0.1701043410178866 -0.8274885752592505 0.5350954783795936
  outer loop
    vertex 131.51407263809074 -21.140395279043144 18.163196154615928
    vertex 134.12692868097807 -23.76287381803071 14.938327053210738
    vertex 136.3370570801905 -22.133238257663194 18.161036481021124
  endloop
endfacet
facet normal -0.1633865641406629 -0.7821304208303012 0.6013125938063537
  outer loop
    vertex 131.490959167284 -28.914657060512614 7.777646999852498
    vertex 132.18157226572364 -28.14691948636493 8.963898245223946
    vertex 131.97276480640474 -27.46733444194757 9.791101614262171
  endloop
endfacet
facet normal 0.1497878575762175 -0.916418052048791 0.37113548954772074
  outer loop
    vertex 155.54559003309035 -33.437549978559 -0.007034601029446042
    vertex 156.30225993344615 -30.843852351620594 6.09200854457841
    vertex 155.6011778997221 -30.885291407888097 6.272638202693494
  endloop
endfacet
facet normal 0.0035359405552703974 0.0050167178789004225 0.9999811646556716
  outer loop
    vertex 155.75098985504695 -28.682488881188604 3.957497044436451
    vertex 154.31107383070145 -30.210890964196267 3.9699194695934183
    vertex 154.94553578676994 -30.535997848417 3.96970689635336
  endloop
endfacet
facet normal 0.0035359405552703974 0.0050167178789004225 0.9999811646556716
  outer loop
    vertex 154.31107383070145 -30.210890964196267 3.9699194695934183
    vertex 155.75098985504695 -28.682488881188604 3.957497044436451
    vertex 153.75510698922537 -29.773643756187575 3.9701192925931124
  endloop
endfacet
facet normal 0.0035359405552703974 0.0050167178789004225 0.9999811646556716
  outer loop
    vertex 153.75510698922537 -29.773643756187575 3.9701192925931124
    vertex 155.75098985504695 -28.682488881188604 3.957497044436451
    vertex 155.47926495463412 -28.54325240263894 3.9576198812955443
  endloop
endfacet
facet normal -0.09367803581278296 -0.7940718514650393 0.6005616707026376
  outer loop
    vertex 131.51407263809074 -21.140395279043144 18.163196154615928
    vertex 132.50432522567402 -24.973798617853056 13.249075068854564
    vertex 132.95331670139905 -24.470894430502604 13.98405820253172
  endloop
endfacet
facet normal -0.16156726454624482 -0.7293104573906974 0.6648325170805168
  outer loop
    vertex 131.51407263809074 -21.140395279043144 18.163196154615928
    vertex 136.34398655112435 -17.191924318110036 23.668367829289622
    vertex 131.8726254114327 -16.199476186449658 23.670439347550033
  endloop
endfacet
facet normal -0.8965479856851825 -0.44239152606205495 -0.022168604654519104
  outer loop
    vertex 138.53421711516 -25.645481257583764 13.745943342340954
    vertex 138.58749283639315 -25.263542249357194 3.9694677973909838
    vertex 138.87156127934114 -26.291720836167233 12.999197312730995
  endloop
endfacet
facet normal -0.3939148285999448 -0.919135451677841 -0.00459665944433687
  outer loop
    vertex 136.2211583773452 -23.852632708967825 15.422309799435961
    vertex 136.24672060963618 -23.8063153265004 3.970234385905557
    vertex 136.9021214043365 -24.143552313580297 15.238064722687138
  endloop
endfacet
facet normal -0.8525952394680449 0.44020936164109087 0.2815973642631807
  outer loop
    vertex 128.0354611315342 -14.626921821843048 23.6729183853844
    vertex 139.94249114198007 13.641762712164008 15.532705581771218
    vertex 139.19929877523631 14.959916709958655 11.22191948124972
  endloop
endfacet
facet normal 0.27850297933118384 0.9559383725320346 0.09283274435488494
  outer loop
    vertex 154.9291022280091 -30.789146569971532 6.6257887958901085
    vertex 155.63415370437912 -30.736600344816747 3.9695074220746767
    vertex 154.94553578676994 -30.535997848417 3.96970689635336
  endloop
endfacet
facet normal 0.4539599054066393 -0.8908144961430021 -0.01923376574372967
  outer loop
    vertex 154.31756904573962 -24.372507963584635 3.9706289762081672
    vertex 154.9527901202188 -24.048796320363348 3.970518469286146
    vertex 155.02859971572238 -24.25371053522268 15.25042448203912
  endloop
endfacet
facet normal -0.34102544328592194 -0.7543610425975803 0.560928751663464
  outer loop
    vertex 128.02350842950307 -23.021200177343943 13.5953294493335
    vertex 131.490959167284 -28.914657060512614 7.777646999852498
    vertex 131.4972391035016 -24.59335406228375 13.592941525309133
  endloop
endfacet
facet normal -0.34102544328592194 -0.7543610425975803 0.560928751663464
  outer loop
    vertex 131.490959167284 -28.914657060512614 7.777646999852498
    vertex 128.02350842950307 -23.021200177343943 13.5953294493335
    vertex 128.01719798369382 -27.342495511142392 7.780032549820988
  endloop
endfacet
facet normal -0.005361947419119298 -0.0018865524975117288 0.999983845089284
  outer loop
    vertex 159.95668082677184 -26.61307175702054 3.9689679168484764
    vertex 157.80803479935116 -26.720152148508546 3.9572468008900517
    vertex 157.8972260304524 -27.002334087824813 3.9571856446578573
  endloop
endfacet
facet normal -0.005361947419119298 -0.0018865524975117288 0.999983845089284
  outer loop
    vertex 157.80803479935116 -26.720152148508546 3.9572468008900517
    vertex 159.95668082677184 -26.61307175702054 3.9689679168484764
    vertex 159.74843616635965 -25.95423763320247 3.9690912305794113
  endloop
endfacet
facet normal -0.5483863374455163 -0.8361358417675445 -0.012217979160738721
  outer loop
    vertex 136.9021214043365 -24.143552313580297 15.238064722687138
    vertex 136.9369922675126 -24.001769847101404 3.9700714575334852
    vertex 137.53020866473778 -24.5503634761534 14.887345637998552
  endloop
endfacet
facet normal -0.1009988672612752 -0.7984967719235964 0.5934662029463306
  outer loop
    vertex 131.490959167284 -28.914657060512614 7.777646999852498
    vertex 131.90050077262154 -26.818962603997207 10.667059216070147
    vertex 131.4972391035016 -24.59335406228375 13.592941525309133
  endloop
endfacet
facet normal -0.06539473926842547 -0.8009014382023282 0.5952145952187808
  outer loop
    vertex 139.0854844766837 -28.32609276516283 10.404932298133255
    vertex 140.97186167884627 -30.43549685079907 7.7738381797787035
    vertex 140.97814161518477 -26.11419385272248 13.58913318207245
  endloop
endfacet
facet normal -0.1142356665663137 -0.90245790713726 0.41535519538051624
  outer loop
    vertex 131.490959167284 -28.914657060512614 7.777646999852498
    vertex 131.84837259101735 -32.53969307849493 -0.00030568573768948625
    vertex 132.9718937381443 -29.264441899474733 7.424959595185825
  endloop
endfacet
facet normal -0.4427079574825149 0.8937500277653582 0.07225338920134729
  outer loop
    vertex 136.92626660130728 -30.559093340722352 6.8701652632577135
    vertex 137.5666622067566 -30.007355963356467 3.969165487482524
    vertex 136.9299551103055 -30.322749892263275 3.9692766868931644
  endloop
endfacet
facet normal -0.09500946273175197 -0.7940999586640481 0.6003152985233517
  outer loop
    vertex 131.4972391035016 -24.59335406228375 13.592941525309133
    vertex 132.50432522567402 -24.973798617853056 13.249075068854564
    vertex 131.51407263809074 -21.140395279043144 18.163196154615928
  endloop
endfacet
facet normal 0.3347527271154194 -0.7565191271462838 0.5618001619353759
  outer loop
    vertex 160.3471616458889 -24.5676754278525 13.585791353337877
    vertex 163.7441564523994 -27.382614243458907 7.771075458658109
    vertex 163.75049743242818 -23.06130368452857 13.586370448128429
  endloop
endfacet
facet normal 0.3347527271154194 -0.7565191271462838 0.5618001619353759
  outer loop
    vertex 163.7441564523994 -27.382614243458907 7.771075458658109
    vertex 160.3471616458889 -24.5676754278525 13.585791353337877
    vertex 160.3408511919982 -28.88897839166153 7.770496358695193
  endloop
endfacet
facet normal -0.719054594482901 -0.69487457626662 0.010479189439851688
  outer loop
    vertex 158.93875702901826 -24.64935810909557 13.882028239180558
    vertex 158.95372575217857 -24.814336922766458 3.9694052567999196
    vertex 159.37816641202642 -25.115599042698808 13.116736657046784
  endloop
endfacet
facet normal -0.019388630288713786 -0.8024959932190007 0.5963424032240013
  outer loop
    vertex 150.8461879484812 -30.38850237517384 7.771382431774634
    vertex 152.75717374020059 -27.8675533469473 11.225946253041302
    vertex 150.85246789176585 -26.06720702664064 13.586739420415086
  endloop
endfacet
facet normal -0.29132106530143065 -0.7118552198151974 0.6390572610756383
  outer loop
    vertex 128.0285316853506 -19.56821287199485 18.165583229854892
    vertex 131.8726254114327 -16.199476186449658 23.670439347550033
    vertex 128.0354611315342 -14.626921821843048 23.6729183853844
  endloop
endfacet
facet normal 0.16848534672175614 -0.7958410802936227 0.5815923510992294
  outer loop
    vertex 158.93875702901826 -24.64935810909557 13.882028239180558
    vertex 159.37816641202642 -25.115599042698808 13.116736657046784
    vertex 160.3471616458889 -24.5676754278525 13.585791353337877
  endloop
endfacet
facet normal 0.2702707775076237 -0.9627838206022149 -0.0010107482509281584
  outer loop
    vertex 134.89134179838445 -25.734914598201726 3.963086798120902
    vertex 135.20179133631083 -25.64360550444227 0.00020073986778379783
    vertex 135.2027804891034 -25.64748807502918 3.9630034040685858
  endloop
endfacet
facet normal 0.2702707775076237 -0.9627838206022149 -0.0010107482509281584
  outer loop
    vertex 135.20179133631083 -25.64360550444227 0.00020073986778379783
    vertex 134.89134179838445 -25.734914598201726 3.963086798120902
    vertex 134.89035263019014 -25.731032007615077 0.00022262193188057696
  endloop
endfacet
facet normal 0.3307530593669295 -0.7523693436935666 0.5696865667975051
  outer loop
    vertex 160.3299681026734 -21.11467843378553 18.156051652536654
    vertex 160.3471616458889 -24.5676754278525 13.585791353337877
    vertex 163.7554901540562 -19.608331604309196 18.156626138692037
  endloop
endfacet
facet normal -0.6073640213657652 -0.7944234120037825 -0.0006229050285661639
  outer loop
    vertex 136.4483706604942 -25.87918783796229 3.962680609076009
    vertex 136.69866126120039 -26.06743630956878 -0.0002231178508298879
    vertex 136.69965043862445 -26.071295990595566 3.9625752622519568
  endloop
endfacet
facet normal -0.6073640213657652 -0.7944234120037825 -0.0006229050285661639
  outer loop
    vertex 136.69866126120039 -26.06743630956878 -0.0002231178508298879
    vertex 136.4483706604942 -25.87918783796229 3.962680609076009
    vertex 136.44738147587682 -25.875320507083234 -0.00018071104768433937
  endloop
endfacet
facet normal 0.04963047478474431 -0.8400453240075666 0.5402413068117465
  outer loop
    vertex 150.8461879484812 -30.38850237517384 7.771382431774634
    vertex 153.77315888920475 -30.204333083500554 7.7888627590032335
    vertex 153.33377999055156 -29.73812270311783 8.554158615105276
  endloop
endfacet
facet normal 0.040098049160255986 -0.8274657759678968 0.5600826153840057
  outer loop
    vertex 150.8461879484812 -30.38850237517384 7.771382431774634
    vertex 153.33377999055156 -29.73812270311783 8.554158615105276
    vertex 153.01049424558227 -29.178388847076167 9.404254161972606
  endloop
endfacet
facet normal -0.09175462300748301 -0.8452835471812084 0.5263808640343117
  outer loop
    vertex 136.92626660130728 -30.559093340722352 6.8701652632577135
    vertex 140.97186167884627 -30.43549685079907 7.7738381797787035
    vertex 137.55195782726065 -30.324228399790904 7.356386458640091
  endloop
endfacet
facet normal 0.22665497062066148 -0.8962517656324407 0.3812614547704496
  outer loop
    vertex 156.30225993344615 -30.843852351620594 6.09200854457841
    vertex 159.9610214514935 -32.513186540242444 -0.0072710161253109196
    vertex 157.00543154964197 -30.666579035469013 6.090708073720183
  endloop
endfacet
facet normal -0.03635313140459128 0.2639352523306966 0.9638550889081885
  outer loop
    vertex 150.0471748472705 11.850572862147024 15.528462434215733
    vertex 150.00134882990363 -17.663686354794617 23.60870979107467
    vertex 155.56987334745344 -17.09734073063553 23.66365034065168
  endloop
endfacet
facet normal -0.09221351711548795 -0.9957302590804731 -0.004233014614382291
  outer loop
    vertex 135.52868573376944 -23.73981991504925 3.9704772489911897
    vertex 136.24672060963618 -23.8063153265004 3.970234385905557
    vertex 136.2211583773452 -23.852632708967825 15.422309799435961
  endloop
endfacet
facet normal 0.037641480321275206 -0.89386089178841 0.44676148568386204
  outer loop
    vertex 150.8461879484812 -30.38850237517384 7.771382431774634
    vertex 154.9291022280091 -30.789146569971532 6.6257887958901085
    vertex 154.3118430204169 -30.559279941138445 7.137702529467086
  endloop
endfacet
facet normal -0.04581714218033326 -0.9988665975802721 0.012896112625053755
  outer loop
    vertex 134.80635894142515 -23.658634167646458 15.269471593256322
    vertex 134.8105338161185 -23.804702594937 3.9705944517097915
    vertex 135.5135196404507 -23.688961401513442 15.432871328333558
  endloop
endfacet
facet normal -0.8032856724778359 -0.5952000400542149 -0.021657347743707644
  outer loop
    vertex 138.0813321277362 -25.05746425517558 14.383522719881537
    vertex 138.13031159830604 -24.744641700917366 3.9696665800206303
    vertex 138.53421711516 -25.645481257583764 13.745943342340954
  endloop
endfacet
facet normal -0.9896705162784173 0.14225090895047376 -0.01780303659422238
  outer loop
    vertex 159.9548031230128 -26.986206561792194 10.44489273228639
    vertex 160.02646823495215 -27.298109967158865 3.9688407036398368
    vertex 159.87518450397326 -27.65296945862799 9.543280907066787
  endloop
endfacet
facet normal 0.6162230347175893 -0.7871193712918716 -0.02668832742106081
  outer loop
    vertex 153.7606215514857 -24.808535969930595 3.9707119762808127
    vertex 154.31756904573962 -24.372507963584635 3.9706289762081672
    vertex 154.40138759484051 -24.677453068420338 14.899718509977045
  endloop
endfacet
facet normal -0.4303404265295118 -0.9026299812433022 0.008138443039916746
  outer loop
    vertex 157.76324359876187 -24.0519369922137 3.9698114824185535
    vertex 158.40014931398076 -24.260346088818782 14.533254362776377
    vertex 157.78301063627737 -23.96106769624472 15.09330351000096
  endloop
endfacet
facet normal -0.7594335655036017 -0.6504381368998483 0.013816282160588677
  outer loop
    vertex 159.37816641202642 -25.115599042698808 13.116736657046784
    vertex 158.95372575217857 -24.814336922766458 3.9694052567999196
    vertex 159.40979310231572 -25.346831824942544 3.969250493129679
  endloop
endfacet
facet normal 0.1415200381769459 -0.9897087719685979 0.02118078097724339
  outer loop
    vertex 134.11982494276472 -23.998606376526915 3.9707777484025994
    vertex 134.80635894142515 -23.658634167646458 15.269471593256322
    vertex 134.12692868097807 -23.76287381803071 14.938327053210738
  endloop
endfacet
facet normal 0.8562270226274277 -0.5164179196182184 0.013704671457649038
  outer loop
    vertex 132.50432522567402 -24.973798617853056 13.249075068854564
    vertex 132.1714747723832 -25.54740833860959 12.429880964229927
    vertex 132.12571231484512 -25.847762980783653 3.9710523776471036
  endloop
endfacet
facet normal 0.6442766769393204 -0.7645656480249995 0.018626148612611047
  outer loop
    vertex 132.92484015713487 -24.73882686043061 3.9709759232501023
    vertex 133.5012373983385 -23.99777688792488 14.452050532329189
    vertex 132.95331670139905 -24.470894430502604 13.98405820253172
  endloop
endfacet
facet normal -0.005565232113199028 0.00044860226351507867 0.9999844133522959
  outer loop
    vertex 160.02646823495215 -27.298109967158865 3.9688407036398368
    vertex 157.8965671766452 -27.589049426538683 3.9571223438803407
    vertex 159.95517301449493 -27.98295160339564 3.968744105232087
  endloop
endfacet
facet normal -0.005565232113199028 0.00044860226351507867 0.9999844133522959
  outer loop
    vertex 157.8965671766452 -27.589049426538683 3.9571223438803407
    vertex 160.02646823495215 -27.298109967158865 3.9688407036398368
    vertex 157.9271090024928 -27.295710423974892 3.9571442789253997
  endloop
endfacet
facet normal 0.2775335463017593 -0.9606665255924597 -0.009744602776994803
  outer loop
    vertex 154.9527901202188 -24.048796320363348 3.970518469286146
    vertex 155.6418568542418 -23.84972560253589 3.970370642421754
    vertex 155.70681497533224 -23.947187336664218 15.42863998001722
  endloop
endfacet
facet normal -0.6133355230589509 0.7833249810664377 -0.10110148461456124
  outer loop
    vertex 158.3107978463074 -29.93634373396464 6.619571851856443
    vertex 158.94815017146107 -29.779429381092125 3.968810686023227
    vertex 158.39124080773527 -30.21547268998139 3.96889653259739
  endloop
endfacet
facet normal 0.9948482510640566 0.10135161387254457 -0.002192651412937083
  outer loop
    vertex 152.75717374020059 -27.8675533469473 11.225946253041302
    vertex 152.7521213805342 -27.97492414721873 3.970559019423861
    vertex 152.68233395581066 -27.289901196632833 3.970688611860645
  endloop
endfacet
facet normal 0.7846467093618612 0.6161696739844004 -0.06829695710323239
  outer loop
    vertex 132.18157226572364 -28.14691948636493 8.963898245223946
    vertex 132.51897811943152 -28.676501120257505 8.06242689886777
    vertex 132.46225667527114 -29.057821594715133 3.970525607926052
  endloop
endfacet
facet normal -0.0014508412822373754 0.005738671144796869 0.9999824812030788
  outer loop
    vertex 157.75601973312874 -30.53918433304319 3.969006562682297
    vertex 156.65955403217208 -28.769095734282406 3.957258117931625
    vertex 157.06695304896704 -30.738209272520418 3.9691482055362393
  endloop
endfacet
facet normal -0.0014508412822373754 0.005738671144796869 0.9999824812030788
  outer loop
    vertex 156.65955403217208 -28.769095734282406 3.957258117931625
    vertex 157.75601973312874 -30.53918433304319 3.969006562682297
    vertex 156.9546938922865 -28.68384055180626 3.957195264289027
  endloop
endfacet
facet normal 0.2719881369946166 0.9606619866471748 -0.05613377544136049
  outer loop
    vertex 134.11275726800332 -30.319586387421584 3.969982985413368
    vertex 134.15107376433974 -30.178491102786083 6.570315989108661
    vertex 134.80302891869295 -30.51503325817321 3.9697571170203965
  endloop
endfacet
facet normal -0.455995492459285 -0.889926619845643 0.009935901917930385
  outer loop
    vertex 157.76324359876187 -24.0519369922137 3.9698114824185535
    vertex 158.39776656484094 -24.37706683391806 3.9696012706259935
    vertex 158.40014931398076 -24.260346088818782 14.533254362776377
  endloop
endfacet
facet normal -0.8592828321541393 -0.5114038347780365 0.009956512415514724
  outer loop
    vertex 159.37816641202642 -25.115599042698808 13.116736657046784
    vertex 159.40979310231572 -25.346831824942544 3.969250493129679
    vertex 159.70145214034133 -25.675348158142086 12.266643012570487
  endloop
endfacet
facet normal -0.9943149483394754 0.10647712271041303 0.000637061989111894
  outer loop
    vertex 139.0854844766837 -28.32609276516283 10.404932298133255
    vertex 139.2057195158809 -27.16479617414115 3.9691020191661863
    vertex 139.13426089856847 -27.832097652987645 3.969055034189989
  endloop
endfacet
facet normal 0.9502733937957286 -0.31136071182812647 0.005914742076418982
  outer loop
    vertex 132.1714747723832 -25.54740833860959 12.429880964229927
    vertex 131.91551913772437 -26.489273875049708 3.97100082665974
    vertex 132.12571231484512 -25.847762980783653 3.9710523776471036
  endloop
endfacet
facet normal 0.0008179996233660853 -0.006222700115857442 0.9999803042459808
  outer loop
    vertex 156.35607518324588 -25.79029844985225 3.957719054000205
    vertex 155.6418568542418 -23.84972560253589 3.970370642421754
    vertex 156.0492192119731 -25.81883876992592 3.957762751421788
  endloop
endfacet
facet normal 0.0008179996233660853 -0.006222700115857442 0.9999803042459808
  outer loop
    vertex 155.6418568542418 -23.84972560253589 3.970370642421754
    vertex 156.35607518324588 -25.79029844985225 3.957719054000205
    vertex 156.3583322083378 -23.78313203247409 3.970186228029446
  endloop
endfacet
facet normal 0.994312164227252 -0.10647910737616079 -0.0023494173947090193
  outer loop
    vertex 131.9675839744662 -26.170492741950863 11.558060510831654
    vertex 131.8440605370724 -27.15656009450146 3.9709519392924695
    vertex 131.91551913772437 -26.489273875049708 3.97100082665974
  endloop
endfacet
facet normal 0.4159787725187119 -0.9091692415241837 -0.019311941387815244
  outer loop
    vertex 154.9527901202188 -24.048796320363348 3.970518469286146
    vertex 155.70681497533224 -23.947187336664218 15.42863998001722
    vertex 155.02859971572238 -24.25371053522268 15.25042448203912
  endloop
endfacet
facet normal -0.24433206202686955 0.9688746136287495 -0.03979731814380683
  outer loop
    vertex 156.30225993344615 -30.843852351620594 6.09200854457841
    vertex 157.00543154964197 -30.666579035469013 6.090708073720183
    vertex 157.06695304896704 -30.738209272520418 3.9691482055362393
  endloop
endfacet
facet normal 0.09463314425636248 0.993355977715958 0.06548640732341181
  outer loop
    vertex 155.6011778997221 -30.885291407888097 6.272638202693494
    vertex 156.35050817922743 -30.804833395806337 3.969336893896897
    vertex 155.63415370437912 -30.736600344816747 3.9695074220746767
  endloop
endfacet
facet normal -0.3920446788094622 0.9161320089516268 -0.08368459829288692
  outer loop
    vertex 157.00543154964197 -30.666579035469013 6.090708073720183
    vertex 157.68361624310253 -30.360086301588996 6.268866348980471
    vertex 157.75601973312874 -30.53918433304319 3.969006562682297
  endloop
endfacet
facet normal 0.6159450886081341 0.7831450299349793 0.08541375713348756
  outer loop
    vertex 153.75510698922537 -29.773643756187575 3.9701192925931124
    vertex 153.77315888920475 -30.204333083500554 7.7888627590032335
    vertex 154.31107383070145 -30.210890964196267 3.9699194695934183
  endloop
endfacet
facet normal 0.6054307268624118 -0.7955669254183168 0.022954349289367383
  outer loop
    vertex 132.92484015713487 -24.73882686043061 3.9709759232501023
    vertex 133.4830873286406 -24.314000271013168 3.9708884786271823
    vertex 133.5012373983385 -23.99777688792488 14.452050532329189
  endloop
endfacet
facet normal -0.9427512035805266 0.33184313972978335 -0.033170751600588924
  outer loop
    vertex 159.87518450397326 -27.65296945862799 9.543280907066787
    vertex 159.95517301449493 -27.98295160339564 3.968744105232087
    vertex 159.66029294397765 -28.34833746648762 8.694224891995077
  endloop
endfacet
facet normal 0.7517035351628358 0.6557027868232583 -0.07067991635470344
  outer loop
    vertex 132.51897811943152 -28.676501120257505 8.06242689886777
    vertex 132.9718937381443 -29.264441899474733 7.424959595185825
    vertex 132.91943797016788 -29.5766840143474 3.970382627632744
  endloop
endfacet
facet normal 0.00360917672664324 -0.0014952587162838078 0.9999923689932476
  outer loop
    vertex 133.89746536984347 -26.857929533047717 3.9632355621560076
    vertex 131.91551913772437 -26.489273875049708 3.97100082665974
    vertex 133.86520605818578 -27.158827326008723 3.9631643923120228
  endloop
endfacet
facet normal 0.00360917672664324 -0.0014952587162838078 0.9999923689932476
  outer loop
    vertex 131.91551913772437 -26.489273875049708 3.97100082665974
    vertex 133.89746536984347 -26.857929533047717 3.9632355621560076
    vertex 133.99221162574017 -26.56867568448785 3.9632195916159105
  endloop
endfacet
facet normal 0.00360917672664324 -0.0014952587162838078 0.9999923689932476
  outer loop
    vertex 131.91551913772437 -26.489273875049708 3.97100082665974
    vertex 133.99221162574017 -26.56867568448785 3.9632195916159105
    vertex 134.14586180769692 -26.302185456939757 3.9632258186555682
  endloop
endfacet
facet normal 0.00360917672664324 -0.0014952587162838078 0.9999923689932476
  outer loop
    vertex 131.91551913772437 -26.489273875049708 3.97100082665974
    vertex 134.14586180769692 -26.302185456939757 3.9632258186555682
    vertex 132.12571231484512 -25.847762980783653 3.9710523776471036
  endloop
endfacet
facet normal 0.00360917672664324 -0.0014952587162838078 0.9999923689932476
  outer loop
    vertex 132.12571231484512 -25.847762980783653 3.9710523776471036
    vertex 134.14586180769692 -26.302185456939757 3.9632258186555682
    vertex 132.46649462439456 -25.256729859151445 3.9710114304113735
  endloop
endfacet
facet normal -0.00018143419266567105 0.0036805569564747464 0.9999932102680117
  outer loop
    vertex 136.23924624630277 -30.516630764446315 3.969394664336831
    vertex 135.84696540871346 -28.673855794033 3.9624860515860547
    vertex 135.52106376854817 -30.581566838428497 3.969581475575016
  endloop
endfacet
facet normal -0.00018143419266567105 0.0036805569564747464 0.9999932102680117
  outer loop
    vertex 135.84696540871346 -28.673855794033 3.9624860515860547
    vertex 136.23924624630277 -30.516630764446315 3.969394664336831
    vertex 136.15840409955436 -28.58642927101309 3.962403134370884
  endloop
endfacet
facet normal 0.1751709702814885 0.9823281966885071 0.06592757512109426
  outer loop
    vertex 154.9291022280091 -30.789146569971532 6.6257887958901085
    vertex 155.6011778997221 -30.885291407888097 6.272638202693494
    vertex 155.63415370437912 -30.736600344816747 3.9695074220746767
  endloop
endfacet
facet normal -0.9944175416255512 0.10352639855049041 -0.02039700248959515
  outer loop
    vertex 159.87518450397326 -27.65296945862799 9.543280907066787
    vertex 160.02646823495215 -27.298109967158865 3.9688407036398368
    vertex 159.95517301449493 -27.98295160339564 3.968744105232087
  endloop
endfacet
facet normal 0.0054139891883918465 0.0027451222570636065 0.9999815763427155
  outer loop
    vertex 155.0458016726557 -28.127894162288634 3.957747586331343
    vertex 152.96036607414143 -28.633727752084564 3.9704314240736327
    vertex 153.29900913818287 -29.241133560343044 3.970272161523285
  endloop
endfacet
facet normal 0.0054139891883918465 0.0027451222570636065 0.9999815763427155
  outer loop
    vertex 152.96036607414143 -28.633727752084564 3.9704314240736327
    vertex 155.0458016726557 -28.127894162288634 3.957747586331343
    vertex 154.9007384770926 -27.867767116612924 3.9578346317346793
  endloop
endfacet
facet normal -0.15493712423893555 -0.7759303307394495 0.611495387857617
  outer loop
    vertex 137.53020866473778 -24.5503634761534 14.887345637998552
    vertex 138.0813321277362 -25.05746425517558 14.383522719881537
    vertex 140.98316486294655 -22.661214177377108 18.159388867463736
  endloop
endfacet
facet normal -0.8656177195040101 0.49911596334095476 0.03986500744898843
  outer loop
    vertex 138.5487649023751 -29.50347689404986 8.713890635078728
    vertex 138.9240677214481 -28.47360854725803 3.969003483202625
    vertex 138.58325483753399 -29.06467976342338 3.9689886357531394
  endloop
endfacet
facet normal 0.995730562952805 -0.09063572149224798 -0.017487480986970613
  outer loop
    vertex 152.83680008718824 -27.166732820059753 12.127563428742725
    vertex 152.75717374020059 -27.8675533469473 11.225946253041302
    vertex 152.68233395581066 -27.289901196632833 3.970688611860645
  endloop
endfacet
facet normal -0.8712682934446573 0.4883448779580071 -0.04910031578527497
  outer loop
    vertex 159.3183972575455 -29.011647447662586 7.863662788184328
    vertex 159.7454491684842 -28.641346898638442 3.968730338662789
    vertex 159.40544281246605 -29.24796011463525 3.96873646158328
  endloop
endfacet
facet normal 0.005838862254732372 0.0016469868565305611 0.9999815973916043
  outer loop
    vertex 154.9007384770926 -27.867767116612924 3.9578346317346793
    vertex 152.7521213805342 -27.97492414721873 3.970559019423861
    vertex 152.96036607414143 -28.633727752084564 3.9704314240736327
  endloop
endfacet
facet normal 0.005838862254732372 0.0016469868565305611 0.9999815973916043
  outer loop
    vertex 152.7521213805342 -27.97492414721873 3.970559019423861
    vertex 154.9007384770926 -27.867767116612924 3.9578346317346793
    vertex 154.8115777470129 -27.585600471117004 3.9578981595440923
  endloop
endfacet
facet normal 0.7483481884002086 0.6594061356743591 -0.0718229570063413
  outer loop
    vertex 132.51897811943152 -28.676501120257505 8.06242689886777
    vertex 132.91943797016788 -29.5766840143474 3.970382627632744
    vertex 132.46225667527114 -29.057821594715133 3.970525607926052
  endloop
endfacet
facet normal 0.0033391217130330528 0.0018282954803143662 0.9999927537746572
  outer loop
    vertex 134.3500954757284 -28.25003261891671 3.9629118141744666
    vertex 132.12277214138263 -28.466001714423562 3.97071339168731
    vertex 132.46225667527114 -29.057821594715133 3.970525607926052
  endloop
endfacet
facet normal 0.0033391217130330528 0.0018282954803143662 0.9999927537746572
  outer loop
    vertex 132.12277214138263 -28.466001714423562 3.97071339168731
    vertex 134.3500954757284 -28.25003261891671 3.9629118141744666
    vertex 134.14396768660254 -28.01608976953694 3.9630227986276494
  endloop
endfacet
facet normal 0.0033391217130330528 0.0018282954803143662 0.9999927537746572
  outer loop
    vertex 132.12277214138263 -28.466001714423562 3.97071339168731
    vertex 134.14396768660254 -28.01608976953694 3.9630227986276494
    vertex 133.99088589475798 -27.74923982479947 3.963041081424712
  endloop
endfacet
facet normal -0.27967399589335573 -0.9600588018526767 0.00833984449773676
  outer loop
    vertex 157.07462568127542 -23.851334495979575 3.970011433534503
    vertex 157.76324359876187 -24.0519369922137 3.9698114824185535
    vertex 157.78301063627737 -23.96106769624472 15.09330351000096
  endloop
endfacet
facet normal -0.18891364505078045 0.97877010656931 0.07950291315372854
  outer loop
    vertex 136.24683634074256 -30.663332990951087 6.539020246374955
    vertex 136.92626660130728 -30.559093340722352 6.8701652632577135
    vertex 136.9299551103055 -30.322749892263275 3.9692766868931644
  endloop
endfacet
facet normal 0.24442782192693646 -0.9696196386768882 -0.009633076359865668
  outer loop
    vertex 155.6418568542418 -23.84972560253589 3.970370642421754
    vertex 156.40995605047937 -23.769921596251596 15.427279909691618
    vertex 155.70681497533224 -23.947187336664218 15.42863998001722
  endloop
endfacet
facet normal -0.9563600065508118 0.2917979387285651 0.015149284600000612
  outer loop
    vertex 139.0854844766837 -28.32609276516283 10.404932298133255
    vertex 139.13426089856847 -27.832097652987645 3.969055034189989
    vertex 138.88156316121092 -28.949177134234375 9.533111852386016
  endloop
endfacet
facet normal 0.0025735564622960654 0.002974028734745171 0.9999922659502024
  outer loop
    vertex 134.8881717694942 -28.58501815361915 3.9627239730234742
    vertex 133.47676009566308 -30.002793824884364 3.970195623618111
    vertex 134.11275726800332 -30.319586387421584 3.969982985413368
  endloop
endfacet
facet normal 0.0025735564622960654 0.002974028734745171 0.9999922659502024
  outer loop
    vertex 133.47676009566308 -30.002793824884364 3.970195623618111
    vertex 134.8881717694942 -28.58501815361915 3.9627239730234742
    vertex 132.91943797016788 -29.5766840143474 3.970382627632744
  endloop
endfacet
facet normal 0.0025735564622960654 0.002974028734745171 0.9999922659502024
  outer loop
    vertex 132.91943797016788 -29.5766840143474 3.970382627632744
    vertex 134.8881717694942 -28.58501815361915 3.9627239730234742
    vertex 132.46225667527114 -29.057821594715133 3.970525607926052
  endloop
endfacet
facet normal 0.0025735564622960654 0.002974028734745171 0.9999922659502024
  outer loop
    vertex 132.46225667527114 -29.057821594715133 3.970525607926052
    vertex 134.8881717694942 -28.58501815361915 3.9627239730234742
    vertex 134.6013752374439 -28.442156031257575 3.9628093234158195
  endloop
endfacet
facet normal 0.0025735564622960654 0.002974028734745171 0.9999922659502024
  outer loop
    vertex 132.46225667527114 -29.057821594715133 3.970525607926052
    vertex 134.6013752374439 -28.442156031257575 3.9628093234158195
    vertex 134.3500954757284 -28.25003261891671 3.9629118141744666
  endloop
endfacet
facet normal -0.5781934128753602 -0.8158484829333877 0.00914495504817848
  outer loop
    vertex 158.39776656484094 -24.37706683391806 3.9696012706259935
    vertex 158.93875702901826 -24.64935810909557 13.882028239180558
    vertex 158.40014931398076 -24.260346088818782 14.533254362776377
  endloop
endfacet
facet normal 0.0007356654769876495 -0.00396183934612004 0.999991881279694
  outer loop
    vertex 135.2027804891034 -25.64748807502918 3.9630034040685858
    vertex 134.8105338161185 -23.804702594937 3.9705944517097915
    vertex 134.89134179838445 -25.734914598201726 3.963086798120902
  endloop
endfacet
facet normal 0.0007356654769876495 -0.00396183934612004 0.999991881279694
  outer loop
    vertex 134.8105338161185 -23.804702594937 3.9705944517097915
    vertex 135.2027804891034 -25.64748807502918 3.9630034040685858
    vertex 135.52660504136895 -25.618226741763564 3.9629065788761664
  endloop
endfacet
facet normal 0.0007356654769876495 -0.00396183934612004 0.999991881279694
  outer loop
    vertex 134.8105338161185 -23.804702594937 3.9705944517097915
    vertex 135.52660504136895 -25.618226741763564 3.9629065788761664
    vertex 135.52868573376944 -23.73981991504925 3.9704772489911897
  endloop
endfacet
facet normal -0.9968259145589898 -0.07946321475318438 -0.004867603591364076
  outer loop
    vertex 159.8961650330868 -26.30694986351803 11.364451329715793
    vertex 159.95668082677184 -26.61307175702054 3.9689679168484764
    vertex 159.9548031230128 -26.986206561792194 10.44489273228639
  endloop
endfacet
facet normal -0.003928802850373508 -0.0044966906088534575 0.9999821719819466
  outer loop
    vertex 159.40979310231572 -25.346831824942544 3.969250493129679
    vertex 157.22956935692446 -26.044666931018003 3.9574615360271825
    vertex 157.46764044488697 -26.23194610843848 3.9573853848523606
  endloop
endfacet
facet normal -0.003928802850373508 -0.0044966906088534575 0.9999821719819466
  outer loop
    vertex 157.22956935692446 -26.044666931018003 3.9574615360271825
    vertex 159.40979310231572 -25.346831824942544 3.969250493129679
    vertex 158.39776656484094 -24.37706683391806 3.9696012706259935
  endloop
endfacet
facet normal -0.003928802850373508 -0.0044966906088534575 0.9999821719819466
  outer loop
    vertex 158.39776656484094 -24.37706683391806 3.9696012706259935
    vertex 159.40979310231572 -25.346831824942544 3.969250493129679
    vertex 158.95372575217857 -24.814336922766458 3.9694052567999196
  endloop
endfacet
facet normal 0.9951581146296608 -0.09822689480525491 -0.0034356984234194398
  outer loop
    vertex 131.9675839744662 -26.170492741950863 11.558060510831654
    vertex 131.90050077262154 -26.818962603997207 10.667059216070147
    vertex 131.8440605370724 -27.15656009450146 3.9709519392924695
  endloop
endfacet
facet normal -0.7556210489171685 0.6501486636425045 -0.07964637843106039
  outer loop
    vertex 158.86281215049868 -29.480995133889532 7.214530541796813
    vertex 159.40544281246605 -29.24796011463525 3.96873646158328
    vertex 158.94815017146107 -29.779429381092125 3.968810686023227
  endloop
endfacet
facet normal -0.004907899069127896 0.002752340043937668 0.999984168450186
  outer loop
    vertex 159.7454491684842 -28.641346898638442 3.968730338662789
    vertex 157.66112586928767 -28.130830977962074 3.957091899470385
    vertex 159.40544281246605 -29.24796011463525 3.96873646158328
  endloop
endfacet
facet normal -0.004907899069127896 0.002752340043937668 0.999984168450186
  outer loop
    vertex 157.66112586928767 -28.130830977962074 3.957091899470385
    vertex 159.7454491684842 -28.641346898638442 3.968730338662789
    vertex 157.8067424295025 -27.871015084578058 3.9571036894468583
  endloop
endfacet
facet normal -0.005575968255393496 -0.0007468031131407431 0.9999841753063522
  outer loop
    vertex 159.95668082677184 -26.61307175702054 3.9689679168484764
    vertex 157.9271090024928 -27.295710423974892 3.9571442789253997
    vertex 160.02646823495215 -27.298109967158865 3.9688407036398368
  endloop
endfacet
facet normal -0.005575968255393496 -0.0007468031131407431 0.9999841753063522
  outer loop
    vertex 157.9271090024928 -27.295710423974892 3.9571442789253997
    vertex 159.95668082677184 -26.61307175702054 3.9689679168484764
    vertex 157.8972260304524 -27.002334087824813 3.9571856446578573
  endloop
endfacet
facet normal 0.9944593696630474 0.10423333310775279 -0.01363724160609664
  outer loop
    vertex 131.90050077262154 -26.818962603997207 10.667059216070147
    vertex 131.91402026664724 -27.824035635268704 3.9708718786043598
    vertex 131.8440605370724 -27.15656009450146 3.9709519392924695
  endloop
endfacet
facet normal -0.269825350791931 0.9612981838755299 0.05567837773875423
  outer loop
    vertex 136.23924624630277 -30.516630764446315 3.969394664336831
    vertex 136.24683634074256 -30.663332990951087 6.539020246374955
    vertex 136.9299551103055 -30.322749892263275 3.9692766868931644
  endloop
endfacet
facet normal 0.9505954609283259 0.30911774643688467 -0.028539244913728033
  outer loop
    vertex 131.97276480640474 -27.46733444194757 9.791101614262171
    vertex 132.12277214138263 -28.466001714423562 3.97071339168731
    vertex 131.91402026664724 -27.824035635268704 3.9708718786043598
  endloop
endfacet
facet normal -0.09002242015147681 0.9956967030232823 0.022000896768919153
  outer loop
    vertex 135.52106376854817 -30.581566838428497 3.969581475575016
    vertex 135.5397061024679 -30.63304392016391 6.375564701310434
    vertex 136.23924624630277 -30.516630764446315 3.969394664336831
  endloop
endfacet
facet normal -0.1088192451131794 -0.7754690666372279 0.6219373751285451
  outer loop
    vertex 138.53421711516 -25.645481257583764 13.745943342340954
    vertex 138.87156127934114 -26.291720836167233 12.999197312730995
    vertex 140.97814161518477 -26.11419385272248 13.58913318207245
  endloop
endfacet
facet normal 0.005827078367930983 -0.001963253987299934 0.9999810952170424
  outer loop
    vertex 154.90203083028692 -26.71691943993888 3.9579796455689493
    vertex 152.75365968664264 -26.60505194481027 3.9707222625964764
    vertex 154.8122365841579 -26.99890039180294 3.9579633627126696
  endloop
endfacet
facet normal 0.005827078367930983 -0.001963253987299934 0.9999810952170424
  outer loop
    vertex 152.75365968664264 -26.60505194481027 3.9707222625964764
    vertex 154.90203083028692 -26.71691943993888 3.9579796455689493
    vertex 152.96335302228113 -25.94666426515218 3.9707989768376604
  endloop
endfacet
facet normal -0.574294316954052 0.8136959228928471 -0.08991653119330711
  outer loop
    vertex 158.3107978463074 -29.93634373396464 6.619571851856443
    vertex 158.86281215049868 -29.480995133889532 7.214530541796813
    vertex 158.94815017146107 -29.779429381092125 3.968810686023227
  endloop
endfacet
facet normal -0.004770949812626637 -0.0031985137983632757 0.9999835036376187
  outer loop
    vertex 159.74843616635965 -25.95423763320247 3.9690912305794113
    vertex 157.6630021213449 -26.46002513709931 3.957333838642401
    vertex 157.80803479935116 -26.720152148508546 3.9572468008900517
  endloop
endfacet
facet normal -0.004770949812626637 -0.0031985137983632757 0.9999835036376187
  outer loop
    vertex 157.6630021213449 -26.46002513709931 3.957333838642401
    vertex 159.74843616635965 -25.95423763320247 3.9690912305794113
    vertex 157.46764044488697 -26.23194610843848 3.9573853848523606
  endloop
endfacet
facet normal -0.004770949812626637 -0.0031985137983632757 0.9999835036376187
  outer loop
    vertex 157.46764044488697 -26.23194610843848 3.9573853848523606
    vertex 159.74843616635965 -25.95423763320247 3.9690912305794113
    vertex 159.40979310231572 -25.346831824942544 3.969250493129679
  endloop
endfacet
facet normal 0.08998005457769225 -0.9959332288592122 0.004537998706451059
  outer loop
    vertex 134.8105338161185 -23.804702594937 3.9705944517097915
    vertex 135.52868573376944 -23.73981991504925 3.9704772489911897
    vertex 135.5135196404507 -23.688961401513442 15.432871328333558
  endloop
endfacet
facet normal 0.2021284094996263 -0.7973986318578193 0.5685943439609907
  outer loop
    vertex 155.56294387604726 -22.038654669571653 18.156317085034622
    vertex 155.70681497533224 -23.947187336664218 15.42863998001722
    vertex 156.40995605047937 -23.769921596251596 15.427279909691618
  endloop
endfacet
facet normal 0.33980606520266143 -0.8448883784151231 0.4131530782537491
  outer loop
    vertex 157.68361624310253 -30.360086301588996 6.268866348980471
    vertex 159.9610214514935 -32.513186540242444 -0.0072710161253109196
    vertex 158.3107978463074 -29.93634373396464 6.619571851856443
  endloop
endfacet
facet normal 0.006069607975833311 0.0004378763138220946 0.9999814838902535
  outer loop
    vertex 154.8115777470129 -27.585600471117004 3.9578981595440923
    vertex 152.68233395581066 -27.289901196632833 3.970688611860645
    vertex 152.7521213805342 -27.97492414721873 3.970559019423861
  endloop
endfacet
facet normal 0.006069607975833311 0.0004378763138220946 0.9999814838902535
  outer loop
    vertex 152.68233395581066 -27.289901196632833 3.970688611860645
    vertex 154.8115777470129 -27.585600471117004 3.9578981595440923
    vertex 154.78169479151106 -27.292208875413056 3.9579371460483035
  endloop
endfacet
facet normal -0.749990035264243 -0.6607729169206651 -0.02990149274694224
  outer loop
    vertex 138.53421711516 -25.645481257583764 13.745943342340954
    vertex 138.13031159830604 -24.744641700917366 3.9696665800206303
    vertex 138.58749283639315 -25.263542249357194 3.9694677973909838
  endloop
endfacet
facet normal 0.03156011967175941 -0.7771514544011314 0.6285217385011519
  outer loop
    vertex 150.85246789176585 -26.06720702664064 13.586739420415086
    vertex 152.83680008718824 -27.166732820059753 12.127563428742725
    vertex 153.0517222633049 -26.471288569321192 12.976670959359005
  endloop
endfacet
facet normal -0.0016559741299624006 -0.0034202588207119123 0.9999927797635743
  outer loop
    vertex 138.13031159830604 -24.744641700917366 3.9696665800206303
    vertex 136.4483706604942 -25.87918783796229 3.962680609076009
    vertex 136.69965043862445 -26.071295990595566 3.9625752622519568
  endloop
endfacet
facet normal -0.0016559741299624006 -0.0034202588207119123 0.9999927797635743
  outer loop
    vertex 136.4483706604942 -25.87918783796229 3.962680609076009
    vertex 138.13031159830604 -24.744641700917366 3.9696665800206303
    vertex 136.16160462946328 -25.736341009422517 3.9627683310454587
  endloop
endfacet
facet normal -0.0016559741299624006 -0.0034202588207119123 0.9999927797635743
  outer loop
    vertex 136.16160462946328 -25.736341009422517 3.9627683310454587
    vertex 138.13031159830604 -24.744641700917366 3.9696665800206303
    vertex 135.85033256738095 -25.64819996871077 3.9628391541646804
  endloop
endfacet
facet normal -0.0016559741299624006 -0.0034202588207119123 0.9999927797635743
  outer loop
    vertex 135.85033256738095 -25.64819996871077 3.9628391541646804
    vertex 138.13031159830604 -24.744641700917366 3.9696665800206303
    vertex 136.9369922675126 -24.001769847101404 3.9700714575334852
  endloop
endfacet
facet normal -0.0016559741299624006 -0.0034202588207119123 0.9999927797635743
  outer loop
    vertex 136.9369922675126 -24.001769847101404 3.9700714575334852
    vertex 138.13031159830604 -24.744641700917366 3.9696665800206303
    vertex 137.572989439851 -24.318562409642592 3.96985881932874
  endloop
endfacet
facet normal 0.0925473375442213 -0.9957080173579534 0.0007310831481856247
  outer loop
    vertex 155.6418568542418 -23.84972560253589 3.970370642421754
    vertex 156.3583322083378 -23.78313203247409 3.970186228029446
    vertex 156.40995605047937 -23.769921596251596 15.427279909691618
  endloop
endfacet
facet normal 0.7487620017562376 -0.662655295395809 0.015602057873409852
  outer loop
    vertex 132.95331670139905 -24.470894430502604 13.98405820253172
    vertex 132.46649462439456 -25.256729859151445 3.9710114304113735
    vertex 132.92484015713487 -24.73882686043061 3.9709759232501023
  endloop
endfacet
facet normal -0.09698394196306376 -0.7963450315501976 0.597016503730525
  outer loop
    vertex 131.4972391035016 -24.59335406228375 13.592941525309133
    vertex 132.1714747723832 -25.54740833860959 12.429880964229927
    vertex 132.50432522567402 -24.973798617853056 13.249075068854564
  endloop
endfacet
facet normal -0.10352812394256064 -0.797592393225285 0.5942459943677333
  outer loop
    vertex 131.4972391035016 -24.59335406228375 13.592941525309133
    vertex 131.9675839744662 -26.170492741950863 11.558060510831654
    vertex 132.1714747723832 -25.54740833860959 12.429880964229927
  endloop
endfacet
facet normal 0.16330461526132412 -0.7404142549023947 0.652010992063541
  outer loop
    vertex 150.85749114947149 -22.614204442665642 18.15693217074277
    vertex 155.02859971572238 -24.25371053522268 15.25042448203912
    vertex 155.70681497533224 -23.947187336664218 15.42863998001722
  endloop
endfacet
facet normal 0.28713715398723666 -0.8692658404676586 0.4024042164244371
  outer loop
    vertex 157.00543154964197 -30.666579035469013 6.090708073720183
    vertex 159.9610214514935 -32.513186540242444 -0.0072710161253109196
    vertex 157.68361624310253 -30.360086301588996 6.268866348980471
  endloop
endfacet
facet normal 0.8727067445651937 0.4865439169698794 0.04071799172391884
  outer loop
    vertex 153.01049424558227 -29.178388847076167 9.404254161972606
    vertex 153.29900913818287 -29.241133560343044 3.970272161523285
    vertex 152.96036607414143 -28.633727752084564 3.9704314240736327
  endloop
endfacet
facet normal -0.9944462222174678 -0.1042787994111173 -0.01423527698299825
  outer loop
    vertex 139.15258935452533 -27.65832818776675 11.295971332753851
    vertex 139.13572923555165 -26.49735111805822 3.9691863691247247
    vertex 139.2057195158809 -27.16479617414115 3.9691020191661863
  endloop
endfacet
facet normal -0.053418498634199486 -0.804724966043902 0.591239539467134
  outer loop
    vertex 131.490959167284 -28.914657060512614 7.777646999852498
    vertex 131.97276480640474 -27.46733444194757 9.791101614262171
    vertex 131.90050077262154 -26.818962603997207 10.667059216070147
  endloop
endfacet
facet normal 0.9036669058419673 -0.4269051562909789 -0.03373589806393348
  outer loop
    vertex 153.3936012491968 -25.80797217712358 13.740591256267605
    vertex 153.0517222633049 -26.471288569321192 12.976670959359005
    vertex 152.96335302228113 -25.94666426515218 3.9707989768376604
  endloop
endfacet
facet normal 0.7576858501491069 -0.6518786164377369 -0.031087327241931098
  outer loop
    vertex 153.84933947780894 -25.202294962331795 14.38985743976111
    vertex 153.30335941138213 -25.34002053005447 3.970788095460807
    vertex 153.7606215514857 -24.808535969930595 3.9707119762808127
  endloop
endfacet
facet normal 0.012965662349867842 -0.7900258900418387 0.6129363626539301
  outer loop
    vertex 150.85246789176585 -26.06720702664064 13.586739420415086
    vertex 152.75717374020059 -27.8675533469473 11.225946253041302
    vertex 152.83680008718824 -27.166732820059753 12.127563428742725
  endloop
endfacet
facet normal -0.4524767156166457 0.8878691165367344 -0.08338617226526177
  outer loop
    vertex 157.68361624310253 -30.360086301588996 6.268866348980471
    vertex 158.39124080773527 -30.21547268998139 3.96889653259739
    vertex 157.75601973312874 -30.53918433304319 3.969006562682297
  endloop
endfacet
facet normal 0.9625070107055208 0.270642279222641 0.018248590079686485
  outer loop
    vertex 152.81581177320223 -28.54684817386556 10.306331376438381
    vertex 153.01049424558227 -29.178388847076167 9.404254161972606
    vertex 152.96036607414143 -28.633727752084564 3.9704314240736327
  endloop
endfacet
facet normal -0.31821133783052463 -0.8511872101315419 0.41739894320013543
  outer loop
    vertex 131.84837259101735 -32.53969307849493 -0.00030568573768948625
    vertex 134.15107376433974 -30.178491102786083 6.570315989108661
    vertex 133.52298652730587 -29.771672330048414 6.9210942040786065
  endloop
endfacet
facet normal -0.13409191437918844 -0.9909673592641669 0.0017468174283567055
  outer loop
    vertex 156.3583322083378 -23.78313203247409 3.970186228029446
    vertex 157.11091832994262 -23.864855408778954 15.379801825708409
    vertex 156.40995605047937 -23.769921596251596 15.427279909691618
  endloop
endfacet
facet normal -0.37514842092602524 -0.8258295002837787 0.42103360761078684
  outer loop
    vertex 131.84837259101735 -32.53969307849493 -0.00030568573768948625
    vertex 133.52298652730587 -29.771672330048414 6.9210942040786065
    vertex 132.9718937381443 -29.264441899474733 7.424959595185825
  endloop
endfacet
facet normal -0.06640443846106547 -0.9046228879150315 0.4210081723826025
  outer loop
    vertex 136.24683634074256 -30.663332990951087 6.539020246374955
    vertex 140.97186167884627 -30.43549685079907 7.7738381797787035
    vertex 136.92626660130728 -30.559093340722352 6.8701652632577135
  endloop
endfacet
facet normal 0.11025436375260994 -0.9009142166480242 0.419758918326918
  outer loop
    vertex 150.84016780718218 -34.013115045014 -0.006418574255434276
    vertex 155.54559003309035 -33.437549978559 -0.007034601029446042
    vertex 150.8461879484812 -30.38850237517384 7.771382431774634
  endloop
endfacet
facet normal 0.0060697230782534185 -0.0006875045833805304 0.9999813427255536
  outer loop
    vertex 154.8122365841579 -26.99890039180294 3.9579633627126696
    vertex 152.68233395581066 -27.289901196632833 3.970688611860645
    vertex 154.78169479151106 -27.292208875413056 3.9579371460483035
  endloop
endfacet
facet normal 0.0060697230782534185 -0.0006875045833805304 0.9999813427255536
  outer loop
    vertex 152.68233395581066 -27.289901196632833 3.970688611860645
    vertex 154.8122365841579 -26.99890039180294 3.9579633627126696
    vertex 152.75365968664264 -26.60505194481027 3.9707222625964764
  endloop
endfacet
facet normal 0.8718986660977197 -0.48867472338929635 -0.03145998692644147
  outer loop
    vertex 153.3936012491968 -25.80797217712358 13.740591256267605
    vertex 152.96335302228113 -25.94666426515218 3.9707989768376604
    vertex 153.30335941138213 -25.34002053005447 3.970788095460807
  endloop
endfacet
facet normal 0.005406265953018266 -0.0030222090131734767 0.9999808190866092
  outer loop
    vertex 155.04764739061972 -26.457103546717242 3.9579919123826084
    vertex 152.96335302228113 -25.94666426515218 3.9707989768376604
    vertex 154.90203083028692 -26.71691943993888 3.9579796455689493
  endloop
endfacet
facet normal 0.005406265953018266 -0.0030222090131734767 0.9999808190866092
  outer loop
    vertex 152.96335302228113 -25.94666426515218 3.9707989768376604
    vertex 155.04764739061972 -26.457103546717242 3.9579919123826084
    vertex 153.30335941138213 -25.34002053005447 3.970788095460807
  endloop
endfacet
facet normal 0.03533557734989431 -0.7430209731707998 0.6683346694595959
  outer loop
    vertex 150.85246789176585 -26.06720702664064 13.586739420415086
    vertex 153.3936012491968 -25.80797217712358 13.740591256267605
    vertex 153.84933947780894 -25.202294962331795 14.38985743976111
  endloop
endfacet
facet normal 0.1317457834809727 -0.7933058899098633 0.5943978579783951
  outer loop
    vertex 159.8961650330868 -26.30694986351803 11.364451329715793
    vertex 159.9548031230128 -26.986206561792194 10.44489273228639
    vertex 160.3471616458889 -24.5676754278525 13.585791353337877
  endloop
endfacet
facet normal -0.7594664416406781 0.6482654883258737 0.05442959367166955
  outer loop
    vertex 138.5487649023751 -29.50347689404986 8.713890635078728
    vertex 138.58325483753399 -29.06467976342338 3.9689886357531394
    vertex 138.09981684445032 -29.96773061201155 7.9789720336956185
  endloop
endfacet
facet normal 0.0969575137734727 -0.804311107475061 0.586244729541433
  outer loop
    vertex 159.87518450397326 -27.65296945862799 9.543280907066787
    vertex 160.3408511919982 -28.88897839166153 7.770496358695193
    vertex 159.9548031230128 -26.986206561792194 10.44489273228639
  endloop
endfacet
facet normal 0.994472095347828 -0.10357150527389392 -0.017268319831431466
  outer loop
    vertex 152.83680008718824 -27.166732820059753 12.127563428742725
    vertex 152.68233395581066 -27.289901196632833 3.970688611860645
    vertex 152.75365968664264 -26.60505194481027 3.9707222625964764
  endloop
endfacet
facet normal 0.141990001944275 -0.788821924664723 0.5979956609509026
  outer loop
    vertex 155.56294387604726 -22.038654669571653 18.156317085034622
    vertex 157.11091832994262 -23.864855408778954 15.379801825708409
    vertex 157.78301063627737 -23.96106769624472 15.09330351000096
  endloop
endfacet
facet normal 0.029596251949427055 0.9979419058830201 0.05688597677030539
  outer loop
    vertex 135.5397061024679 -30.63304392016391 6.375564701310434
    vertex 136.24683634074256 -30.663332990951087 6.539020246374955
    vertex 136.23924624630277 -30.516630764446315 3.969394664336831
  endloop
endfacet
facet normal 0.996056588639646 0.08869750435240317 -0.00200622760585996
  outer loop
    vertex 152.75717374020059 -27.8675533469473 11.225946253041302
    vertex 152.81581177320223 -28.54684817386556 10.306331376438381
    vertex 152.7521213805342 -27.97492414721873 3.970559019423861
  endloop
endfacet
facet normal -0.6071418548069835 -0.7941443788610973 -0.02671092781723774
  outer loop
    vertex 137.572989439851 -24.318562409642592 3.96985881932874
    vertex 138.13031159830604 -24.744641700917366 3.9696665800206303
    vertex 138.0813321277362 -25.05746425517558 14.383522719881537
  endloop
endfacet
facet normal 0.1908679698167778 -0.9116310099647758 0.36400318648141633
  outer loop
    vertex 155.54559003309035 -33.437549978559 -0.007034601029446042
    vertex 159.9610214514935 -32.513186540242444 -0.0072710161253109196
    vertex 156.30225993344615 -30.843852351620594 6.09200854457841
  endloop
endfacet
facet normal -0.5156709723095764 0.8503048466597616 -0.10519085542106552
  outer loop
    vertex 157.68361624310253 -30.360086301588996 6.268866348980471
    vertex 158.3107978463074 -29.93634373396464 6.619571851856443
    vertex 158.39124080773527 -30.21547268998139 3.96889653259739
  endloop
endfacet
facet normal 0.09949458114308674 -0.8128124304882505 0.573965836236744
  outer loop
    vertex 150.85749114947149 -22.614204442665642 18.15693217074277
    vertex 155.70681497533224 -23.947187336664218 15.42863998001722
    vertex 155.56294387604726 -22.038654669571653 18.156317085034622
  endloop
endfacet
facet normal -0.0014557173618641682 -0.005997420736691283 0.9999809557343928
  outer loop
    vertex 157.76324359876187 -24.0519369922137 3.9698114824185535
    vertex 156.66286626673391 -25.819527850189374 3.957608904219358
    vertex 156.95781393176654 -25.905422768348878 3.95752144051639
  endloop
endfacet
facet normal -0.0014557173618641682 -0.005997420736691283 0.9999809557343928
  outer loop
    vertex 156.66286626673391 -25.819527850189374 3.957608904219358
    vertex 157.76324359876187 -24.0519369922137 3.9698114824185535
    vertex 157.07462568127542 -23.851334495979575 3.970011433534503
  endloop
endfacet
facet normal -0.8628503530226163 0.5032922810892094 -0.04675626251922529
  outer loop
    vertex 159.66029294397765 -28.34833746648762 8.694224891995077
    vertex 159.7454491684842 -28.641346898638442 3.968730338662789
    vertex 159.3183972575455 -29.011647447662586 7.863662788184328
  endloop
endfacet
facet normal -0.40633104350431226 0.9099156599329075 0.0833581123440206
  outer loop
    vertex 136.92626660130728 -30.559093340722352 6.8701652632577135
    vertex 137.55195782726065 -30.324228399790904 7.356386458640091
    vertex 137.5666622067566 -30.007355963356467 3.969165487482524
  endloop
endfacet
facet normal -0.9959091029963294 -0.08957347148576902 -0.011901755124129394
  outer loop
    vertex 139.08033809107175 -26.971397363643717 12.171885202736782
    vertex 139.13572923555165 -26.49735111805822 3.9691863691247247
    vertex 139.15258935452533 -27.65832818776675 11.295971332753851
  endloop
endfacet
facet normal -0.005329589667378264 0.0016697779161094848 0.9999844035362194
  outer loop
    vertex 159.95517301449493 -27.98295160339564 3.968744105232087
    vertex 157.8067424295025 -27.871015084578058 3.9571036894468583
    vertex 159.7454491684842 -28.641346898638442 3.968730338662789
  endloop
endfacet
facet normal -0.005329589667378264 0.0016697779161094848 0.9999844035362194
  outer loop
    vertex 157.8067424295025 -27.871015084578058 3.9571036894468583
    vertex 159.95517301449493 -27.98295160339564 3.968744105232087
    vertex 157.8965671766452 -27.589049426538683 3.9571223438803407
  endloop
endfacet
facet normal 0.001947611422275996 -0.005999959905718262 0.9999801034475025
  outer loop
    vertex 156.0492192119731 -25.81883876992592 3.957762751421788
    vertex 154.9527901202188 -24.048796320363348 3.970518469286146
    vertex 155.75407936043013 -25.904086323013928 3.957825607543064
  endloop
endfacet
facet normal 0.001947611422275996 -0.005999959905718262 0.9999801034475025
  outer loop
    vertex 154.9527901202188 -24.048796320363348 3.970518469286146
    vertex 156.0492192119731 -25.81883876992592 3.957762751421788
    vertex 155.6418568542418 -23.84972560253589 3.970370642421754
  endloop
endfacet
facet normal -0.08054650698710228 -0.852792309241571 0.5160014898337071
  outer loop
    vertex 155.56294387604726 -22.038654669571653 18.156317085034622
    vertex 156.40995605047937 -23.769921596251596 15.427279909691618
    vertex 157.11091832994262 -23.864855408778954 15.379801825708409
  endloop
endfacet
facet normal 0.16372109485735303 -0.786812425872427 0.595081178992796
  outer loop
    vertex 157.78301063627737 -23.96106769624472 15.09330351000096
    vertex 160.3471616458889 -24.5676754278525 13.585791353337877
    vertex 160.3299681026734 -21.11467843378553 18.156051652536654
  endloop
endfacet
facet normal -0.011645276179472547 -0.8046521009048441 0.5936323643907268
  outer loop
    vertex 150.8461879484812 -30.38850237517384 7.771382431774634
    vertex 152.81581177320223 -28.54684817386556 10.306331376438381
    vertex 152.75717374020059 -27.8675533469473 11.225946253041302
  endloop
endfacet
facet normal 0.7328115921670199 -0.6801999332244952 0.017754470620933147
  outer loop
    vertex 132.95331670139905 -24.470894430502604 13.98405820253172
    vertex 132.50432522567402 -24.973798617853056 13.249075068854564
    vertex 132.46649462439456 -25.256729859151445 3.9710114304113735
  endloop
endfacet
facet normal 0.521471002817546 0.8515655141332111 -0.05389033642039197
  outer loop
    vertex 133.52298652730587 -29.771672330048414 6.9210942040786065
    vertex 134.15107376433974 -30.178491102786083 6.570315989108661
    vertex 134.11275726800332 -30.319586387421584 3.969982985413368
  endloop
endfacet
facet normal 0.38761000303346554 0.9215588106011712 -0.022087194293340853
  outer loop
    vertex 134.15107376433974 -30.178491102786083 6.570315989108661
    vertex 134.8320369213607 -30.469319190074756 6.386179660967072
    vertex 134.80302891869295 -30.51503325817321 3.9697571170203965
  endloop
endfacet
facet normal 0.16536796587157965 -0.7936481775894557 0.5854707559498011
  outer loop
    vertex 159.37816641202642 -25.115599042698808 13.116736657046784
    vertex 159.70145214034133 -25.675348158142086 12.266643012570487
    vertex 160.3471616458889 -24.5676754278525 13.585791353337877
  endloop
endfacet
facet normal -0.00028046851205206706 0.005973106903443211 0.9999821215058466
  outer loop
    vertex 157.06695304896704 -30.738209272520418 3.9691482055362393
    vertex 156.35272861063748 -28.797620849385222 3.9573618941363793
    vertex 156.35050817922743 -30.804833395806337 3.969336893896897
  endloop
endfacet
facet normal -0.00028046851205206706 0.005973106903443211 0.9999821215058466
  outer loop
    vertex 156.35272861063748 -28.797620849385222 3.9573618941363793
    vertex 157.06695304896704 -30.738209272520418 3.9691482055362393
    vertex 156.65955403217208 -28.769095734282406 3.957258117931625
  endloop
endfacet
facet normal 0.0039314763405374495 0.00029361261240423936 0.9999922286125117
  outer loop
    vertex 133.99088589475798 -27.74923982479947 3.963041081424712
    vertex 131.91402026664724 -27.824035635268704 3.9708718786043598
    vertex 132.12277214138263 -28.466001714423562 3.97071339168731
  endloop
endfacet
facet normal 0.0039314763405374495 0.00029361261240423936 0.9999922286125117
  outer loop
    vertex 131.91402026664724 -27.824035635268704 3.9708718786043598
    vertex 133.99088589475798 -27.74923982479947 3.963041081424712
    vertex 131.8440605370724 -27.15656009450146 3.9709519392924695
  endloop
endfacet
facet normal 0.0039314763405374495 0.00029361261240423936 0.9999922286125117
  outer loop
    vertex 131.8440605370724 -27.15656009450146 3.9709519392924695
    vertex 133.99088589475798 -27.74923982479947 3.963041081424712
    vertex 133.8967895093972 -27.459781569773604 3.9631353955688127
  endloop
endfacet
facet normal 0.0039314763405374495 0.00029361261240423936 0.9999922286125117
  outer loop
    vertex 131.8440605370724 -27.15656009450146 3.9709519392924695
    vertex 133.8967895093972 -27.459781569773604 3.9631353955688127
    vertex 133.86520605818578 -27.158827326008723 3.9631643923120228
  endloop
endfacet
facet normal 0.0039314763405374495 0.00029361261240423936 0.9999922286125117
  outer loop
    vertex 131.8440605370724 -27.15656009450146 3.9709519392924695
    vertex 133.86520605818578 -27.158827326008723 3.9631643923120228
    vertex 131.91551913772437 -26.489273875049708 3.97100082665974
  endloop
endfacet
facet normal -0.9620227749408472 -0.2723028109772756 -0.019061994360153253
  outer loop
    vertex 138.87156127934114 -26.291720836167233 12.999197312730995
    vertex 138.92697736081485 -25.855385038896863 3.9693448560417406
    vertex 139.08033809107175 -26.971397363643717 12.171885202736782
  endloop
endfacet
facet normal 0.021727376677160598 -0.8167924909744947 0.5765222873319027
  outer loop
    vertex 150.8461879484812 -30.38850237517384 7.771382431774634
    vertex 153.01049424558227 -29.178388847076167 9.404254161972606
    vertex 152.81581177320223 -28.54684817386556 10.306331376438381
  endloop
endfacet
facet normal -0.0032961944694910755 -0.0006640415782986829 0.999994347059423
  outer loop
    vertex 139.13572923555165 -26.49735111805822 3.9691863691247247
    vertex 137.18453983165966 -27.16252417322425 3.9623274450495396
    vertex 139.2057195158809 -27.16479617414115 3.9691020191661863
  endloop
endfacet
facet normal -0.0032961944694910755 -0.0006640415782986829 0.999994347059423
  outer loop
    vertex 137.18453983165966 -27.16252417322425 3.9623274450495396
    vertex 139.13572923555165 -26.49735111805822 3.9691863691247247
    vertex 137.15298689662404 -26.861585242969138 3.9624193716839113
  endloop
endfacet
facet normal -0.0032961944694910755 -0.0006640415782986829 0.999994347059423
  outer loop
    vertex 137.15298689662404 -26.861585242969138 3.9624193716839113
    vertex 139.13572923555165 -26.49735111805822 3.9691863691247247
    vertex 137.05885998652215 -26.572119303814787 3.9624507534581337
  endloop
endfacet
facet normal 0.18480879095262928 -0.782737238945016 0.594279501207437
  outer loop
    vertex 159.66029294397765 -28.34833746648762 8.694224891995077
    vertex 160.3408511919982 -28.88897839166153 7.770496358695193
    vertex 159.87518450397326 -27.65296945862799 9.543280907066787
  endloop
endfacet
facet normal -0.002517792454173572 -0.00552674483011543 0.9999815577363118
  outer loop
    vertex 158.39776656484094 -24.37706683391806 3.9696012706259935
    vertex 156.95781393176654 -25.905422768348878 3.95752144051639
    vertex 157.22956935692446 -26.044666931018003 3.9574615360271825
  endloop
endfacet
facet normal -0.002517792454173572 -0.00552674483011543 0.9999815577363118
  outer loop
    vertex 156.95781393176654 -25.905422768348878 3.95752144051639
    vertex 158.39776656484094 -24.37706683391806 3.9696012706259935
    vertex 157.76324359876187 -24.0519369922137 3.9698114824185535
  endloop
endfacet
facet normal -0.0033289621333799316 0.0006367967610080955 0.9999942562340045
  outer loop
    vertex 139.13426089856847 -27.832097652987645 3.969055034189989
    vertex 137.0575342887361 -27.752652925171276 3.962267961647641
    vertex 138.9240677214481 -28.47360854725803 3.969003483202625
  endloop
endfacet
facet normal -0.0033289621333799316 0.0006367967610080955 0.9999942562340045
  outer loop
    vertex 137.0575342887361 -27.752652925171276 3.962267961647641
    vertex 139.13426089856847 -27.832097652987645 3.969055034189989
    vertex 139.2057195158809 -27.16479617414115 3.9691020191661863
  endloop
endfacet
facet normal -0.0033289621333799316 0.0006367967610080955 0.9999942562340045
  outer loop
    vertex 137.0575342887361 -27.752652925171276 3.962267961647641
    vertex 139.2057195158809 -27.16479617414115 3.9691020191661863
    vertex 137.1523415702843 -27.46342205441485 3.962316818217497
  endloop
endfacet
facet normal -0.0033289621333799316 0.0006367967610080955 0.9999942562340045
  outer loop
    vertex 137.1523415702843 -27.46342205441485 3.962316818217497
    vertex 139.2057195158809 -27.16479617414115 3.9691020191661863
    vertex 137.18453983165966 -27.16252417322425 3.9623274450495396
  endloop
endfacet
facet normal 0.866649817978884 0.4971480370551918 -0.04197525758511572
  outer loop
    vertex 132.18157226572364 -28.14691948636493 8.963898245223946
    vertex 132.46225667527114 -29.057821594715133 3.970525607926052
    vertex 132.12277214138263 -28.466001714423562 3.97071339168731
  endloop
endfacet
facet normal -0.9949298985863075 0.10056989111228486 -0.0004403415755814614
  outer loop
    vertex 139.15258935452533 -27.65832818776675 11.295971332753851
    vertex 139.2057195158809 -27.16479617414115 3.9691020191661863
    vertex 139.0854844766837 -28.32609276516283 10.404932298133255
  endloop
endfacet
facet normal 0.15046511152502723 -0.7529437486415919 0.6406527621069847
  outer loop
    vertex 150.85749114947149 -22.614204442665642 18.15693217074277
    vertex 154.40138759484051 -24.677453068420338 14.899718509977045
    vertex 155.02859971572238 -24.25371053522268 15.25042448203912
  endloop
endfacet
facet normal 0.9528566865136113 -0.3034202559539942 -0.0005322058943578476
  outer loop
    vertex 154.90203083028692 -26.71691943993888 3.9579796455689493
    vertex 154.8112473664649 -26.995063580034525 -0.004893198954654339
    vertex 154.90104162912925 -26.713067368614784 -0.004879295326531661
  endloop
endfacet
facet normal 0.9528566865136113 -0.3034202559539942 -0.0005322058943578476
  outer loop
    vertex 154.8112473664649 -26.995063580034525 -0.004893198954654339
    vertex 154.90203083028692 -26.71691943993888 3.9579796455689493
    vertex 154.8122365841579 -26.99890039180294 3.9579633627126696
  endloop
endfacet
facet normal 0.8733748180003995 0.48704862634015705 0.0002507248197386006
  outer loop
    vertex 154.899749234054 -27.863953193472955 -0.005020506857309083
    vertex 155.0458016726557 -28.127894162288634 3.957747586331343
    vertex 155.04481242973978 -28.12408023930852 -0.005107075423544119
  endloop
endfacet
facet normal 0.8733748180003995 0.48704862634015705 0.0002507248197386006
  outer loop
    vertex 155.0458016726557 -28.127894162288634 3.957747586331343
    vertex 154.899749234054 -27.863953193472955 -0.005020506857309083
    vertex 154.9007384770926 -27.867767116612924 3.9578346317346793
  endloop
endfacet
facet normal 0.0002517925043658454 -0.0009482747842019172 0.9999995186876185
  outer loop
    vertex 152.1175015760635 13.628258930632857 15.529628448925678
    vertex 149.8471751004005 11.850890115436705 15.528486976033001
    vertex 150.0471748472705 11.850572862147024 15.528462434215733
  endloop
endfacet
facet normal 0.0002517925043658454 -0.0009482747842019172 0.9999995186876185
  outer loop
    vertex 149.8471751004005 11.850890115436705 15.528486976033001
    vertex 152.1175015760635 13.628258930632857 15.529628448925678
    vertex 142.20884968721327 11.859144717904883 15.53047220638296
  endloop
endfacet
facet normal 0.0002517925043658454 -0.0009482747842019172 0.9999995186876185
  outer loop
    vertex 142.20884968721327 11.859144717904883 15.53047220638296
    vertex 152.1175015760635 13.628258930632857 15.529628448925678
    vertex 142.00884994034328 11.859461971194564 15.530496748200243
  endloop
endfacet
facet normal 0.0002517925043658454 -0.0009482747842019172 0.9999995186876185
  outer loop
    vertex 142.00884994034328 11.859461971194564 15.530496748200243
    vertex 152.1175015760635 13.628258930632857 15.529628448925678
    vertex 139.94249114198007 13.641762712164008 15.532705581771218
  endloop
endfacet
facet normal -0.09003810819372471 0.9959378273488255 0.0009915284141906286
  outer loop
    vertex 135.8459762240954 -28.669988463154304 -0.0003752685377282126
    vertex 135.52317137412052 -28.703117161724226 3.9625833459645072
    vertex 135.84696540871346 -28.673855794033 3.9624860515860547
  endloop
endfacet
facet normal -0.09003810819372471 0.9959378273488255 0.0009915284141906286
  outer loop
    vertex 135.52317137412052 -28.703117161724226 3.9625833459645072
    vertex 135.8459762240954 -28.669988463154304 -0.0003752685377282126
    vertex 135.52218216427846 -28.699272719630223 -0.0002760742468379953
  endloop
endfacet
facet normal -0.001058903226815079 -0.7248148999559764 0.6889428419874645
  outer loop
    vertex 142.16302966714537 -17.651252676358236 23.609671625274846
    vertex 145.92009967117744 -22.84100579154533 18.15796858566686
    vertex 145.96210589804505 -17.659150583687367 23.609722468020028
  endloop
endfacet
facet normal -0.001058903226815079 -0.7248148999559764 0.6889428419874645
  outer loop
    vertex 145.92009967117744 -22.84100579154533 18.15796858566686
    vertex 142.16302966714537 -17.651252676358236 23.609671625274846
    vertex 141.9228629661919 -17.65461481257868 23.610735144965375
  endloop
endfacet
facet normal 0.7579986364753485 -0.6522556221292802 -0.0008188420225240839
  outer loop
    vertex 155.243520806646 -26.229463845976706 3.957944895365205
    vertex 155.04665817292206 -26.453266734946297 -0.004864649284672275
    vertex 155.24253156384015 -26.22564992314995 -0.004909289552528831
  endloop
endfacet
facet normal 0.7579986364753485 -0.6522556221292802 -0.0008188420225240839
  outer loop
    vertex 155.04665817292206 -26.453266734946297 -0.004864649284672275
    vertex 155.243520806646 -26.229463845976706 3.957944895365205
    vertex 155.04764739061972 -26.457103546717242 3.9579919123826084
  endloop
endfacet
facet normal -0.44589333972085715 -0.8950857757787697 -0.0007639313440698705
  outer loop
    vertex 136.16160462946328 -25.736341009422517 3.9627683310454587
    vertex 136.44738147587682 -25.875320507083234 -0.00018071104768433937
    vertex 136.4483706604942 -25.87918783796229 3.962680609076009
  endloop
endfacet
facet normal -0.44589333972085715 -0.8950857757787697 -0.0007639313440698705
  outer loop
    vertex 136.44738147587682 -25.875320507083234 -0.00018071104768433937
    vertex 136.16160462946328 -25.736341009422517 3.9627683310454587
    vertex 136.16061546126394 -25.73245841883514 -9.584514360043952e-05
  endloop
endfacet
facet normal -0.0006411935016841224 -0.7248182729919004 0.6889398086973436
  outer loop
    vertex 149.80134908303364 -17.66336910150493 23.608734332891938
    vertex 145.92009967117744 -22.84100579154533 18.15796858566686
    vertex 150.00134882990363 -17.663686354794617 23.60870979107467
  endloop
endfacet
facet normal -0.0006411935016841224 -0.7248182729919004 0.6889398086973436
  outer loop
    vertex 145.92009967117744 -22.84100579154533 18.15796858566686
    vertex 149.80134908303364 -17.66336910150493 23.608734332891938
    vertex 145.96210589804505 -17.659150583687367 23.609722468020028
  endloop
endfacet
facet normal 0.8723283831166989 -0.48891994545167516 -0.0006920610789402088
  outer loop
    vertex 155.04764739061972 -26.457103546717242 3.9579919123826084
    vertex 154.90104162912925 -26.713067368614784 -0.004879295326531661
    vertex 155.04665817292206 -26.453266734946297 -0.004864649284672275
  endloop
endfacet
facet normal 0.8723283831166989 -0.48891994545167516 -0.0006920610789402088
  outer loop
    vertex 154.90104162912925 -26.713067368614784 -0.004879295326531661
    vertex 155.04764739061972 -26.457103546717242 3.9579919123826084
    vertex 154.90203083028692 -26.71691943993888 3.9579796455689493
  endloop
endfacet
facet normal 0.03877840827022214 -0.76303488454332 0.6451929943993427
  outer loop
    vertex 150.85246789176585 -26.06720702664064 13.586739420415086
    vertex 153.0517222633049 -26.471288569321192 12.976670959359005
    vertex 153.3936012491968 -25.80797217712358 13.740591256267605
  endloop
endfacet
facet normal -0.8674103066882265 -0.49759349592626534 -0.0002695605958704988
  outer loop
    vertex 137.05885998652215 -26.572119303814787 3.9624507534581337
    vertex 136.90478903379025 -26.301394418502788 -0.00033172307583676094
    vertex 137.05787081844224 -26.56823671338763 -0.0004129458937832584
  endloop
endfacet
facet normal -0.8674103066882265 -0.49759349592626534 -0.0002695605958704988
  outer loop
    vertex 136.90478903379025 -26.301394418502788 -0.00033172307583676094
    vertex 137.05885998652215 -26.572119303814787 3.9624507534581337
    vertex 136.90577822697293 -26.305254119989733 3.9625295995265493
  endloop
endfacet
facet normal 0.1481123458476173 -0.8478718568128063 0.5090933582677345
  outer loop
    vertex 158.86281215049868 -29.480995133889532 7.214530541796813
    vertex 160.3408511919982 -28.88897839166153 7.770496358695193
    vertex 159.3183972575455 -29.011647447662586 7.863662788184328
  endloop
endfacet
facet normal 0.031840780019134034 0.2638383416776295 0.9640412305438869
  outer loop
    vertex 142.00884994034328 11.859461971194564 15.530496748200243
    vertex 136.34398655112435 -17.191924318110036 23.668367829289622
    vertex 141.9228629661919 -17.65461481257868 23.610735144965375
  endloop
endfacet
facet normal -0.02653423267364976 -0.7339701052227718 0.6786632590141403
  outer loop
    vertex 140.98316486294655 -22.661214177377108 18.159388867463736
    vertex 145.92009967117744 -22.84100579154533 18.15796858566686
    vertex 141.9228629661919 -17.65461481257868 23.610735144965375
  endloop
endfacet
facet normal -0.15114776662746568 -0.7356745014970544 0.6602555418098282
  outer loop
    vertex 131.51407263809074 -21.140395279043144 18.163196154615928
    vertex 136.3370570801905 -22.133238257663194 18.161036481021124
    vertex 136.34398655112435 -17.191924318110036 23.668367829289622
  endloop
endfacet
facet normal -0.0823615316660753 -0.7268965606776668 0.6817902670004885
  outer loop
    vertex 136.3370570801905 -22.133238257663194 18.161036481021124
    vertex 140.98316486294655 -22.661214177377108 18.159388867463736
    vertex 141.9228629661919 -17.65461481257868 23.610735144965375
  endloop
endfacet
facet normal -0.05474664249339184 -0.7431698899756131 0.6668592953309836
  outer loop
    vertex 136.3370570801905 -22.133238257663194 18.161036481021124
    vertex 141.9228629661919 -17.65461481257868 23.610735144965375
    vertex 136.34398655112435 -17.191924318110036 23.668367829289622
  endloop
endfacet
facet normal 0.9503203532632992 -0.31127308406781484 -0.0005415795690066305
  outer loop
    vertex 133.99221162574017 -26.56867568448785 3.9632195916159105
    vertex 133.8964761852272 -26.85406220216433 0.00037424203228236786
    vertex 133.99122245766313 -26.56479309405997 0.0003558922640000879
  endloop
endfacet
facet normal 0.9503203532632992 -0.31127308406781484 -0.0005415795690066305
  outer loop
    vertex 133.8964761852272 -26.85406220216433 0.00037424203228236786
    vertex 133.99221162574017 -26.56867568448785 3.9632195916159105
    vertex 133.89746536984347 -26.857929533047717 3.9632355621560076
  endloop
endfacet
facet normal 0.7487995151583583 -0.6627960370527786 -0.00083628089737019
  outer loop
    vertex 134.35254502552334 -26.06869088393015 3.9631684625393966
    vertex 134.14487263105494 -26.298310495898566 0.00036211682492681474
    vertex 134.3515558811767 -26.064800683799213 0.0003653239801705431
  endloop
endfacet
facet normal 0.7487995151583583 -0.6627960370527786 -0.00083628089737019
  outer loop
    vertex 134.14487263105494 -26.298310495898566 0.00036211682492681474
    vertex 134.35254502552334 -26.06869088393015 3.9631684625393966
    vertex 134.14586180769692 -26.302185456939757 3.9632258186555682
  endloop
endfacet
facet normal -0.6055237920528527 0.7958266605378513 0.0009293197003066593
  outer loop
    vertex 136.69624218012478 -28.248808577469408 -0.0005379579099750667
    vertex 136.44549022774842 -28.44422683601562 3.9623469860998823
    vertex 136.69723137330675 -28.252668278954193 3.9623233646924114
  endloop
endfacet
facet normal -0.6055237920528527 0.7958266605378513 0.0009293197003066593
  outer loop
    vertex 136.44549022774842 -28.44422683601562 3.9623469860998823
    vertex 136.69624218012478 -28.248808577469408 -0.0005379579099750667
    vertex 136.4445010676381 -28.44033661541875 -0.0005190949589841768
  endloop
endfacet
facet normal 0.8663123873499206 -0.49950210492106295 -0.0007033516253874734
  outer loop
    vertex 134.14586180769692 -26.302185456939757 3.9632258186555682
    vertex 133.99122245766313 -26.56479309405997 0.0003558922640000879
    vertex 134.14487263105494 -26.298310495898566 0.00036211682492681474
  endloop
endfacet
facet normal 0.8663123873499206 -0.49950210492106295 -0.0007033516253874734
  outer loop
    vertex 133.99122245766313 -26.56479309405997 0.0003558922640000879
    vertex 134.14586180769692 -26.302185456939757 3.9632258186555682
    vertex 133.99221162574017 -26.56867568448785 3.9632195916159105
  endloop
endfacet
facet normal -0.0004428823617896623 -0.00400151449051131 0.9999918958356593
  outer loop
    vertex 136.9369922675126 -24.001769847101404 3.9700714575334852
    vertex 135.52660504136895 -25.618226741763564 3.9629065788761664
    vertex 135.85033256738095 -25.64819996871077 3.9628391541646804
  endloop
endfacet
facet normal -0.0004428823617896623 -0.00400151449051131 0.9999918958356593
  outer loop
    vertex 135.52660504136895 -25.618226741763564 3.9629065788761664
    vertex 136.9369922675126 -24.001769847101404 3.9700714575334852
    vertex 135.52868573376944 -23.73981991504925 3.9704772489911897
  endloop
endfacet
facet normal -0.0004428823617896623 -0.00400151449051131 0.9999918958356593
  outer loop
    vertex 135.52868573376944 -23.73981991504925 3.9704772489911897
    vertex 136.9369922675126 -24.001769847101404 3.9700714575334852
    vertex 136.24672060963618 -23.8063153265004 3.970234385905557
  endloop
endfacet
facet normal -0.6164612452340449 0.7873847176948767 0.0009162232535103594
  outer loop
    vertex 157.46429375300332 -28.354633901039378 -0.0057181296677342305
    vertex 157.2267613565465 -28.54521471186889 3.9571817671864227
    vertex 157.4652829872363 -28.358455453253548 3.957136052771385
  endloop
endfacet
facet normal -0.6164612452340449 0.7873847176948767 0.0009162232535103594
  outer loop
    vertex 157.2267613565465 -28.54521471186889 3.9571817671864227
    vertex 157.46429375300332 -28.354633901039378 -0.0057181296677342305
    vertex 157.22577215538843 -28.541362640547323 -0.0056771737090276445
  endloop
endfacet
facet normal -0.09260580768817671 0.9957023667332597 0.0009804408221289697
  outer loop
    vertex 156.65856479782403 -28.765274181909824 -0.005596541344609591
    vertex 156.35272861063748 -28.797620849385222 3.9573618941363793
    vertex 156.65955403217208 -28.769095734282406 3.957258117931625
  endloop
endfacet
facet normal -0.09260580768817671 0.9957023667332597 0.0009804408221289697
  outer loop
    vertex 156.35272861063748 -28.797620849385222 3.9573618941363793
    vertex 156.65856479782403 -28.765274181909824 -0.005596541344609591
    vertex 156.35173935106326 -28.793822185801304 -0.0054908652274053785
  endloop
endfacet
facet normal 0.6181639672219688 0.7860489469416093 0.0006021963002150601
  outer loop
    vertex 155.4782757204015 -28.539430850425486 -0.005234301143557069
    vertex 155.2411328315539 -28.355973156682268 3.9576960477723646
    vertex 155.47926495463412 -28.54325240263894 3.9576198812955443
  endloop
endfacet
facet normal 0.6181639672219688 0.7860489469416093 0.0006021963002150601
  outer loop
    vertex 155.2411328315539 -28.355973156682268 3.9576960477723646
    vertex 155.4782757204015 -28.539430850425486 -0.005234301143557069
    vertex 155.2401435805497 -28.352166863702625 -0.005156709112739512
  endloop
endfacet
facet normal -0.9948523962169987 -0.10133453041929 0.00015061871619259531
  outer loop
    vertex 157.9271090024928 -27.295710423974892 3.9571442789253997
    vertex 157.89623679598205 -26.99851253529671 -0.005669491455458839
    vertex 157.9261197681419 -27.291888871604108 -0.005710380350766996
  endloop
endfacet
facet normal -0.9948523962169987 -0.10133453041929 0.00015061871619259531
  outer loop
    vertex 157.89623679598205 -26.99851253529671 -0.005669491455458839
    vertex 157.9271090024928 -27.295710423974892 3.9571442789253997
    vertex 157.8972260304524 -27.002334087824813 3.9571856446578573
  endloop
endfacet
facet normal 0.4560720824071174 0.8899425299790894 0.0007409340409826333
  outer loop
    vertex 155.75000058749484 -28.678697847769335 -0.005353333220430986
    vertex 155.47926495463412 -28.54325240263894 3.9576198812955443
    vertex 155.75098985504695 -28.682488881188604 3.957497044436451
  endloop
endfacet
facet normal 0.4560720824071174 0.8899425299790894 0.0007409340409826333
  outer loop
    vertex 155.47926495463412 -28.54325240263894 3.9576198812955443
    vertex 155.75000058749484 -28.678697847769335 -0.005353333220430986
    vertex 155.4782757204015 -28.539430850425486 -0.005234301143557069
  endloop
endfacet
facet normal -0.7488696282295172 0.6627168210565201 0.000833669074151452
  outer loop
    vertex 136.69624218012478 -28.248808577469408 -0.0005379579099750667
    vertex 136.90388410587167 -28.019158432586558 3.962326579498681
    vertex 136.90289492911313 -28.015283471390934 -0.000537599169110691
  endloop
endfacet
facet normal -0.7488696282295172 0.6627168210565201 0.000833669074151452
  outer loop
    vertex 136.90388410587167 -28.019158432586558 3.962326579498681
    vertex 136.69624218012478 -28.248808577469408 -0.0005379579099750667
    vertex 136.69723137330675 -28.252668278954193 3.9623233646924114
  endloop
endfacet
facet normal 0.9948527993201125 0.10133057301195049 -0.00015052576473543783
  outer loop
    vertex 154.78070555727558 -27.288387323195636 -0.004917036390806717
    vertex 154.8115777470129 -27.585600471117004 3.9578981595440923
    vertex 154.8105885206258 -27.58177128858265 -0.004958881439077051
  endloop
endfacet
facet normal 0.9948527993201125 0.10133057301195049 -0.00015052576473543783
  outer loop
    vertex 154.8115777470129 -27.585600471117004 3.9578981595440923
    vertex 154.78070555727558 -27.288387323195636 -0.004917036390806717
    vertex 154.78169479151106 -27.292208875413056 3.9579371460483035
  endloop
endfacet
facet normal -0.9528197593773391 0.3035361988718032 0.0005311445821070842
  outer loop
    vertex 157.80575320324022 -27.86718590219634 -0.0057528746990870875
    vertex 157.8965671766452 -27.589049426538683 3.9571223438803407
    vertex 157.89557795038218 -27.58522024415624 -0.005734220265632615
  endloop
endfacet
facet normal -0.9528197593773391 0.3035361988718032 0.0005311445821070842
  outer loop
    vertex 157.8965671766452 -27.589049426538683 3.9571223438803407
    vertex 157.80575320324022 -27.86718590219634 -0.0057528746990870875
    vertex 157.8067424295025 -27.871015084578058 3.9571036894468583
  endloop
endfacet
facet normal 0.9945385385432384 0.10436989005473461 -0.0001462950529674276
  outer loop
    vertex 133.86520605818578 -27.158827326008723 3.9631643923120228
    vertex 133.89580032478452 -27.455914238896 0.00027407544512355063
    vertex 133.86421688153584 -27.15495236496429 0.00030069048138942864
  endloop
endfacet
facet normal 0.9945385385432384 0.10436989005473461 -0.0001462950529674276
  outer loop
    vertex 133.89580032478452 -27.455914238896 0.00027407544512355063
    vertex 133.86520605818578 -27.158827326008723 3.9631643923120228
    vertex 133.8967895093972 -27.459781569773604 3.9631353955688127
  endloop
endfacet
facet normal -0.2775169558310664 0.9607202234409926 0.0009957397989545978
  outer loop
    vertex 156.9537046580572 -28.680018999587755 -0.0056589181500450916
    vertex 156.65955403217208 -28.769095734282406 3.957258117931625
    vertex 156.9546938922865 -28.68384055180626 3.957195264289027
  endloop
endfacet
facet normal -0.2775169558310664 0.9607202234409926 0.0009957397989545978
  outer loop
    vertex 156.65955403217208 -28.769095734282406 3.957258117931625
    vertex 156.9537046580572 -28.680018999587755 -0.0056589181500450916
    vertex 156.65856479782403 -28.765274181909824 -0.005596541344609591
  endloop
endfacet
facet normal -0.4540313006567577 0.8909851993620682 0.0009759824120071621
  outer loop
    vertex 157.22577215538843 -28.541362640547323 -0.0056771737090276445
    vertex 156.9546938922865 -28.68384055180626 3.957195264289027
    vertex 157.2267613565465 -28.54521471186889 3.9571817671864227
  endloop
endfacet
facet normal -0.4540313006567577 0.8909851993620682 0.0009759824120071621
  outer loop
    vertex 156.9546938922865 -28.68384055180626 3.957195264289027
    vertex 157.22577215538843 -28.541362640547323 -0.0056771737090276445
    vertex 156.9537046580572 -28.680018999587755 -0.0056589181500450916
  endloop
endfacet
facet normal 0.6073949200238099 0.7943997855551205 0.0006259706449991163
  outer loop
    vertex 134.60038606067997 -28.438281070056174 -5.4855251946725346e-05
    vertex 134.3500954757284 -28.25003261891671 3.9629118141744666
    vertex 134.6013752374439 -28.442156031257575 3.9628093234158195
  endloop
endfacet
facet normal 0.6073949200238099 0.7943997855551205 0.0006259706449991163
  outer loop
    vertex 134.3500954757284 -28.25003261891671 3.9629118141744666
    vertex 134.60038606067997 -28.438281070056174 -5.4855251946725346e-05
    vertex 134.349136800104 -28.246172951694795 5.0483921071406304e-05
  endloop
endfacet
facet normal 0.8673948932305051 0.49762036254457653 0.00027199015611491034
  outer loop
    vertex 133.98989671811273 -27.74536486375648 0.0001773795941058804
    vertex 134.14396768660254 -28.01608976953694 3.9630227986276494
    vertex 134.14297854303436 -28.012184289383306 0.00015433834065034692
  endloop
endfacet
facet normal 0.8673948932305051 0.49762036254457653 0.00027199015611491034
  outer loop
    vertex 134.14396768660254 -28.01608976953694 3.9630227986276494
    vertex 133.98989671811273 -27.74536486375648 0.0001773795941058804
    vertex 133.99088589475798 -27.74923982479947 3.963041081424712
  endloop
endfacet
facet normal 0.953531170090424 0.3012943824686815 5.252430759327847e-05
  outer loop
    vertex 154.8105885206258 -27.58177128858265 -0.004958881439077051
    vertex 154.9007384770926 -27.867767116612924 3.9578346317346793
    vertex 154.899749234054 -27.863953193472955 -0.005020506857309083
  endloop
endfacet
facet normal 0.953531170090424 0.3012943824686815 5.252430759327847e-05
  outer loop
    vertex 154.9007384770926 -27.867767116612924 3.9578346317346793
    vertex 154.8105885206258 -27.58177128858265 -0.004958881439077051
    vertex 154.8115777470129 -27.585600471117004 3.9578981595440923
  endloop
endfacet
facet normal -0.0003305843194493172 -0.006221412657714115 0.9999805921809434
  outer loop
    vertex 157.07462568127542 -23.851334495979575 3.970011433534503
    vertex 156.35607518324588 -25.79029844985225 3.957719054000205
    vertex 156.66286626673391 -25.819527850189374 3.957608904219358
  endloop
endfacet
facet normal -0.0003305843194493172 -0.006221412657714115 0.9999805921809434
  outer loop
    vertex 156.35607518324588 -25.79029844985225 3.957719054000205
    vertex 157.07462568127542 -23.851334495979575 3.970011433534503
    vertex 156.3583322083378 -23.78313203247409 3.970186228029446
  endloop
endfacet
facet normal 0.44586495317698827 0.8950999154215862 0.000764814194033326
  outer loop
    vertex 134.88718260141934 -28.58113556318369 -0.000139726328418121
    vertex 134.6013752374439 -28.442156031257575 3.9628093234158195
    vertex 134.8881717694942 -28.58501815361915 3.9627239730234742
  endloop
endfacet
facet normal 0.44586495317698827 0.8950999154215862 0.000764814194033326
  outer loop
    vertex 134.6013752374439 -28.442156031257575 3.9628093234158195
    vertex 134.88718260141934 -28.58113556318369 -0.000139726328418121
    vertex 134.60038606067997 -28.438281070056174 -5.4855251946725346e-05
  endloop
endfacet
facet normal -0.8663240147885939 0.49948193783611433 0.0007036874676931746
  outer loop
    vertex 136.90289492911313 -28.015283471390934 -0.000537599169110691
    vertex 137.0575342887361 -27.752652925171276 3.962267961647641
    vertex 137.05654509555845 -27.748793223685414 -0.0005933609547569621
  endloop
endfacet
facet normal -0.8663240147885939 0.49948193783611433 0.0007036874676931746
  outer loop
    vertex 137.0575342887361 -27.752652925171276 3.962267961647641
    vertex 136.90289492911313 -28.015283471390934 -0.000537599169110691
    vertex 136.90388410587167 -28.019158432586558 3.962326579498681
  endloop
endfacet
facet normal 0.0032100040901798235 -0.005370077871719882 0.999980428877182
  outer loop
    vertex 155.48204242079797 -26.042719846916686 3.957901560178349
    vertex 154.31756904573962 -24.372507963584635 3.9706289762081672
    vertex 155.243520806646 -26.229463845976706 3.957944895365205
  endloop
endfacet
facet normal 0.0032100040901798235 -0.005370077871719882 0.999980428877182
  outer loop
    vertex 154.31756904573962 -24.372507963584635 3.9706289762081672
    vertex 155.48204242079797 -26.042719846916686 3.957901560178349
    vertex 155.75407936043013 -25.904086323013928 3.957825607543064
  endloop
endfacet
facet normal 0.0032100040901798235 -0.005370077871719882 0.999980428877182
  outer loop
    vertex 154.31756904573962 -24.372507963584635 3.9706289762081672
    vertex 155.75407936043013 -25.904086323013928 3.957825607543064
    vertex 154.9527901202188 -24.048796320363348 3.970518469286146
  endloop
endfacet
facet normal 0.001960273782304934 0.005735350111094872 0.9999816313741977
  outer loop
    vertex 156.0459069774174 -28.768406654022563 3.957411965134047
    vertex 154.94553578676994 -30.535997848417 3.96970689635336
    vertex 155.63415370437912 -30.736600344816747 3.9695074220746767
  endloop
endfacet
facet normal 0.001960273782304934 0.005735350111094872 0.9999816313741977
  outer loop
    vertex 154.94553578676994 -30.535997848417 3.96970689635336
    vertex 156.0459069774174 -28.768406654022563 3.957411965134047
    vertex 155.75098985504695 -28.682488881188604 3.957497044436451
  endloop
endfacet
facet normal 0.08998304481336902 -0.9959427980949578 -0.0009972807535317738
  outer loop
    vertex 135.2027804891034 -25.64748807502918 3.9630034040685858
    vertex 135.5256158803687 -25.614351801034953 0.00010534270802641225
    vertex 135.52660504136895 -25.618226741763564 3.9629065788761664
  endloop
endfacet
facet normal 0.08998304481336902 -0.9959427980949578 -0.0009972807535317738
  outer loop
    vertex 135.5256158803687 -25.614351801034953 0.00010534270802641225
    vertex 135.2027804891034 -25.64748807502918 3.9630034040685858
    vertex 135.20179133631083 -25.64360550444227 0.00020073986778379783
  endloop
endfacet
facet normal 0.7503107681873044 0.6610851204645323 0.0004632953399520494
  outer loop
    vertex 134.14297854303436 -28.012184289383306 0.00015433834065034692
    vertex 134.3500954757284 -28.25003261891671 3.9629118141744666
    vertex 134.349136800104 -28.246172951694795 5.0483921071406304e-05
  endloop
endfacet
facet normal 0.7503107681873044 0.6610851204645323 0.0004632953399520494
  outer loop
    vertex 134.3500954757284 -28.25003261891671 3.9629118141744666
    vertex 134.14297854303436 -28.012184289383306 0.00015433834065034692
    vertex 134.14396768660254 -28.01608976953694 3.9630227986276494
  endloop
endfacet
facet normal -0.05231290312064663 0.2500678045718284 0.9668140737927411
  outer loop
    vertex 152.1175015760635 13.628258930632857 15.529628448925678
    vertex 155.56987334745344 -17.09734073063553 23.66365034065168
    vertex 159.98530478922433 -16.172969682155852 23.663473055837102
  endloop
endfacet
facet normal -0.27961710649086347 -0.96011121193861 -0.0008570107646614125
  outer loop
    vertex 156.66286626673391 -25.819527850189374 3.957608904219358
    vertex 156.95682471245865 -25.901601235515603 -0.005273137282974142
    vertex 156.95781393176654 -25.905422768348878 3.95752144051639
  endloop
endfacet
facet normal -0.27961710649086347 -0.96011121193861 -0.0008570107646614125
  outer loop
    vertex 156.95682471245865 -25.901601235515603 -0.005273137282974142
    vertex 156.66286626673391 -25.819527850189374 3.957608904219358
    vertex 156.66187705599137 -25.81569868795966 -0.0051856711012837975
  endloop
endfacet
facet normal 0.6056008335500281 -0.7957680340303626 -0.0009308162884788366
  outer loop
    vertex 134.35254502552334 -26.06869088393015 3.9631684625393966
    vertex 134.6032664855806 -25.873249702325552 0.00028162626815501484
    vertex 134.6042556622226 -25.877124663366377 3.9631453280987845
  endloop
endfacet
facet normal 0.6056008335500281 -0.7957680340303626 -0.0009308162884788366
  outer loop
    vertex 134.6032664855806 -25.873249702325552 0.00028162626815501484
    vertex 134.35254502552334 -26.06869088393015 3.9631684625393966
    vertex 134.3515558811767 -26.064800683799213 0.0003653239801705431
  endloop
endfacet
facet normal 0.04168442076468735 -0.9056325338834661 0.42200962386813573
  outer loop
    vertex 145.90879648695628 -30.61528846480708 7.772417421144737
    vertex 150.84016780718218 -34.013115045014 -0.006418574255434276
    vertex 150.8461879484812 -30.38850237517384 7.771382431774634
  endloop
endfacet
facet normal 0.04168442076468735 -0.9056325338834661 0.42200962386813573
  outer loop
    vertex 150.84016780718218 -34.013115045014 -0.006418574255434276
    vertex 145.90879648695628 -30.61528846480708 7.772417421144737
    vertex 145.90277632193374 -34.239908744345236 -0.0054441456780341315
  endloop
endfacet
facet normal -0.44389110186288483 0.8960801938484143 0.0009878661561368183
  outer loop
    vertex 136.4445010676381 -28.44033661541875 -0.0005190949589841768
    vertex 136.15840409955436 -28.58642927101309 3.962403134370884
    vertex 136.44549022774842 -28.44422683601562 3.9623469860998823
  endloop
endfacet
facet normal -0.44389110186288483 0.8960801938484143 0.0009878661561368183
  outer loop
    vertex 136.15840409955436 -28.58642927101309 3.962403134370884
    vertex 136.4445010676381 -28.44033661541875 -0.0005190949589841768
    vertex 136.15741491493338 -28.582561940134394 -0.00045818575288233043
  endloop
endfacet
facet normal -0.09220103459222305 -0.9957399593481409 -0.0009500407815992104
  outer loop
    vertex 135.52660504136895 -25.618226741763564 3.9629065788761664
    vertex 135.84937391548294 -25.644332691789778 3.838470389136298e-05
    vertex 135.85033256738095 -25.64819996871077 3.9628391541646804
  endloop
endfacet
facet normal -0.09220103459222305 -0.9957399593481409 -0.0009500407815992104
  outer loop
    vertex 135.84937391548294 -25.644332691789778 3.838470389136298e-05
    vertex 135.52660504136895 -25.618226741763564 3.9629065788761664
    vertex 135.5256158803687 -25.614351801034953 0.00010534270802641225
  endloop
endfacet
facet normal 0.44389110147254196 -0.8960801940418188 -0.0009878661195086985
  outer loop
    vertex 134.6042556622226 -25.877124663366377 3.9631453280987845
    vertex 134.89035263019014 -25.731032007615077 0.00022262193188057696
    vertex 134.89134179838445 -25.734914598201726 3.963086798120902
  endloop
endfacet
facet normal 0.44389110147254196 -0.8960801940418188 -0.0009878661195086985
  outer loop
    vertex 134.89035263019014 -25.731032007615077 0.00022262193188057696
    vertex 134.6042556622226 -25.877124663366377 3.9631453280987845
    vertex 134.6032664855806 -25.873249702325552 0.00028162626815501484
  endloop
endfacet
facet normal -0.9943232239667142 0.10640113786577969 0.0003523369227043051
  outer loop
    vertex 137.15135240220516 -27.459539463981915 -0.0005468811344296878
    vertex 137.18453983165966 -27.16252417322425 3.9623274450495396
    vertex 137.18355065502055 -27.158649212179093 -0.0005362567810724067
  endloop
endfacet
facet normal -0.9943232239667142 0.10640113786577969 0.0003523369227043051
  outer loop
    vertex 137.18453983165966 -27.16252417322425 3.9623274450495396
    vertex 137.15135240220516 -27.459539463981915 -0.0005468811344296878
    vertex 137.1523415702843 -27.46342205441485 3.962316818217497
  endloop
endfacet
facet normal -0.45604189044828175 -0.8899580012107904 -0.0007417797870566602
  outer loop
    vertex 156.95781393176654 -25.905422768348878 3.95752144051639
    vertex 157.228549596447 -26.0408529737642 -0.005393118076656742
    vertex 157.22956935692446 -26.044666931018003 3.9574615360271825
  endloop
endfacet
facet normal -0.45604189044828175 -0.8899580012107904 -0.0007417797870566602
  outer loop
    vertex 157.228549596447 -26.0408529737642 -0.005393118076656742
    vertex 156.95781393176654 -25.905422768348878 3.95752144051639
    vertex 156.95682471245865 -25.901601235515603 -0.005273137282974142
  endloop
endfacet
facet normal 0.7595335966345643 0.6504679282387423 0.00043579371460815235
  outer loop
    vertex 155.04481242973978 -28.12408023930852 -0.005107075423544119
    vertex 155.2411328315539 -28.355973156682268 3.9576960477723646
    vertex 155.2401435805497 -28.352166863702625 -0.005156709112739512
  endloop
endfacet
facet normal 0.7595335966345643 0.6504679282387423 0.00043579371460815235
  outer loop
    vertex 155.2411328315539 -28.355973156682268 3.9576960477723646
    vertex 155.04481242973978 -28.12408023930852 -0.005107075423544119
    vertex 155.0458016726557 -28.127894162288634 3.957747586331343
  endloop
endfacet
facet normal -0.9502549576991083 0.3114726668421586 0.0005414596014437376
  outer loop
    vertex 137.0575342887361 -27.752652925171276 3.962267961647641
    vertex 137.15135240220516 -27.459539463981915 -0.0005468811344296878
    vertex 137.05654509555845 -27.748793223685414 -0.0005933609547569621
  endloop
endfacet
facet normal -0.9502549576991083 0.3114726668421586 0.0005414596014437376
  outer loop
    vertex 137.15135240220516 -27.459539463981915 -0.0005468811344296878
    vertex 137.0575342887361 -27.752652925171276 3.962267961647641
    vertex 137.1523415702843 -27.46342205441485 3.962316818217497
  endloop
endfacet
facet normal 0.2796551260591763 0.9601001426689059 0.0008523590634972324
  outer loop
    vertex 156.0449177430636 -28.764585101648894 -0.005442694142152005
    vertex 155.75098985504695 -28.682488881188604 3.957497044436451
    vertex 156.0459069774174 -28.768406654022563 3.957411965134047
  endloop
endfacet
facet normal 0.2796551260591763 0.9601001426689059 0.0008523590634972324
  outer loop
    vertex 155.75098985504695 -28.682488881188604 3.957497044436451
    vertex 156.0449177430636 -28.764585101648894 -0.005442694142152005
    vertex 155.75000058749484 -28.678697847769335 -0.005353333220430986
  endloop
endfacet
facet normal 0.45406186308935165 -0.8909696292798726 -0.000971693734291198
  outer loop
    vertex 155.48204242079797 -26.042719846916686 3.957901560178349
    vertex 155.7530901412417 -25.90026479033293 -0.004968493419131824
    vertex 155.75407936043013 -25.904086323013928 3.957825607543064
  endloop
endfacet
facet normal 0.45406186308935165 -0.8909696292798726 -0.000971693734291198
  outer loop
    vertex 155.7530901412417 -25.90026479033293 -0.004968493419131824
    vertex 155.48204242079797 -26.042719846916686 3.957901560178349
    vertex 155.48105317788026 -26.03890592393369 -0.004953101576541877
  endloop
endfacet
facet normal -0.953501549491256 -0.30138810927046183 -5.203988943432755e-05
  outer loop
    vertex 157.8972260304524 -27.002334087824813 3.9571856446578573
    vertex 157.80704554833792 -26.716345855536485 -0.005605955995082296
    vertex 157.89623679598205 -26.99851253529671 -0.005669491455458839
  endloop
endfacet
facet normal -0.953501549491256 -0.30138810927046183 -5.203988943432755e-05
  outer loop
    vertex 157.80704554833792 -26.716345855536485 -0.005605955995082296
    vertex 157.8972260304524 -27.002334087824813 3.9571856446578573
    vertex 157.80803479935116 -26.720152148508546 3.9572468008900517
  endloop
endfacet
facet normal 0.9510111848086547 0.3091564687880434 6.46169206683001e-05
  outer loop
    vertex 133.89580032478452 -27.455914238896 0.00027407544512355063
    vertex 133.99088589475798 -27.74923982479947 3.963041081424712
    vertex 133.98989671811273 -27.74536486375648 0.0001773795941058804
  endloop
endfacet
facet normal 0.9510111848086547 0.3091564687880434 6.46169206683001e-05
  outer loop
    vertex 133.99088589475798 -27.74923982479947 3.963041081424712
    vertex 133.89580032478452 -27.455914238896 0.00027407544512355063
    vertex 133.8967895093972 -27.459781569773604 3.9631353955688127
  endloop
endfacet
facet normal -0.8723406048653499 0.4888981428395211 0.0006892250887563304
  outer loop
    vertex 157.66013662636743 -28.12701705497366 -0.005762762284490731
    vertex 157.8067424295025 -27.871015084578058 3.9571036894468583
    vertex 157.80575320324022 -27.86718590219634 -0.0057528746990870875
  endloop
endfacet
facet normal -0.8723406048653499 0.4888981428395211 0.0006892250887563304
  outer loop
    vertex 157.8067424295025 -27.871015084578058 3.9571036894468583
    vertex 157.66013662636743 -28.12701705497366 -0.005762762284490731
    vertex 157.66112586928767 -28.130830977962074 3.957091899470385
  endloop
endfacet
facet normal 0.2724450949718135 0.962170934394973 0.0008736311029224331
  outer loop
    vertex 135.19839364491895 -28.66926127580391 -0.0002129133737662411
    vertex 134.8881717694942 -28.58501815361915 3.9627239730234742
    vertex 135.19941333056002 -28.673143900508013 3.962650778327059
  endloop
endfacet
facet normal 0.2724450949718135 0.962170934394973 0.0008736311029224331
  outer loop
    vertex 134.8881717694942 -28.58501815361915 3.9627239730234742
    vertex 135.19839364491895 -28.66926127580391 -0.0002129133737662411
    vertex 134.88718260141934 -28.58113556318369 -0.000139726328418121
  endloop
endfacet
facet normal 0.9943018646683959 -0.10660055246081027 -0.00035232371616459793
  outer loop
    vertex 133.8964761852272 -26.85406220216433 0.00037424203228236786
    vertex 133.86520605818578 -27.158827326008723 3.9631643923120228
    vertex 133.86421688153584 -27.15495236496429 0.00030069048138942864
  endloop
endfacet
facet normal 0.9943018646683959 -0.10660055246081027 -0.00035232371616459793
  outer loop
    vertex 133.86520605818578 -27.158827326008723 3.9631643923120228
    vertex 133.8964761852272 -26.85406220216433 0.00037424203228236786
    vertex 133.89746536984347 -26.857929533047717 3.9632355621560076
  endloop
endfacet
facet normal 0.09482377479142133 0.9954936365449466 0.00093345210040136
  outer loop
    vertex 156.35173935106326 -28.793822185801304 -0.0054908652274053785
    vertex 156.0459069774174 -28.768406654022563 3.957411965134047
    vertex 156.35272861063748 -28.797620849385222 3.9573618941363793
  endloop
endfacet
facet normal 0.09482377479142133 0.9954936365449466 0.00093345210040136
  outer loop
    vertex 156.0459069774174 -28.768406654022563 3.957411965134047
    vertex 156.35173935106326 -28.793822185801304 -0.0054908652274053785
    vertex 156.0449177430636 -28.764585101648894 -0.005442694142152005
  endloop
endfacet
facet normal -0.35017807679658036 -0.8550603192203755 0.3824227569402713
  outer loop
    vertex 128.01117781855038 -30.967115790528645 0.002170506161115132
    vertex 131.84837259101735 -32.53969307849493 -0.00030568573768948625
    vertex 131.490959167284 -28.914657060512614 7.777646999852498
  endloop
endfacet
facet normal 0.19802242132950956 0.2284013402727092 0.9532155833873198
  outer loop
    vertex 139.94249114198007 13.641762712164008 15.532705581771218
    vertex 136.34398655112435 -17.191924318110036 23.668367829289622
    vertex 142.00884994034328 11.859461971194564 15.530496748200243
  endloop
endfacet
facet normal -0.9946232164895855 0.10355933536838942 0.000348249865282957
  outer loop
    vertex 157.89557795038218 -27.58522024415624 -0.005734220265632615
    vertex 157.9271090024928 -27.295710423974892 3.9571442789253997
    vertex 157.9261197681419 -27.291888871604108 -0.005710380350766996
  endloop
endfacet
facet normal -0.9946232164895855 0.10355933536838942 0.000348249865282957
  outer loop
    vertex 157.9271090024928 -27.295710423974892 3.9571442789253997
    vertex 157.89557795038218 -27.58522024415624 -0.005734220265632615
    vertex 157.8965671766452 -27.589049426538683 3.9571223438803407
  endloop
endfacet
facet normal 0.27750549711179845 -0.9607235324034482 -0.0009966739559000353
  outer loop
    vertex 155.75407936043013 -25.904086323013928 3.957825607543064
    vertex 156.04823000123383 -25.815009607695487 -0.005031823898876771
    vertex 156.0492192119731 -25.81883876992592 3.957762751421788
  endloop
endfacet
facet normal 0.27750549711179845 -0.9607235324034482 -0.0009966739559000353
  outer loop
    vertex 156.04823000123383 -25.815009607695487 -0.005031823898876771
    vertex 155.75407936043013 -25.904086323013928 3.957825607543064
    vertex 155.7530901412417 -25.90026479033293 -0.004968493419131824
  endloop
endfacet
facet normal -0.7594619086366972 -0.6505516269505085 -0.0004358921328487935
  outer loop
    vertex 157.6630021213449 -26.46002513709931 3.957333838642401
    vertex 157.46665118542603 -26.228147445009355 -0.00546689767427264
    vertex 157.66201288711162 -26.456203584877194 -0.005520343796663602
  endloop
endfacet
facet normal -0.7594619086366972 -0.6505516269505085 -0.0004358921328487935
  outer loop
    vertex 157.46665118542603 -26.228147445009355 -0.00546689767427264
    vertex 157.6630021213449 -26.46002513709931 3.957333838642401
    vertex 157.46764044488697 -26.23194610843848 3.9573853848523606
  endloop
endfacet
facet normal -0.7580381374109731 0.6522097161469773 0.0008175536568677886
  outer loop
    vertex 157.46429375300332 -28.354633901039378 -0.0057181296677342305
    vertex 157.66112586928767 -28.130830977962074 3.957091899470385
    vertex 157.66013662636743 -28.12701705497366 -0.005762762284490731
  endloop
endfacet
facet normal -0.7580381374109731 0.6522097161469773 0.0008175536568677886
  outer loop
    vertex 157.66112586928767 -28.130830977962074 3.957091899470385
    vertex 157.46429375300332 -28.354633901039378 -0.0057181296677342305
    vertex 157.4652829872363 -28.358455453253548 3.957136052771385
  endloop
endfacet
facet normal 0.09259662869630803 -0.9957032166021306 -0.0009842775262554459
  outer loop
    vertex 156.0492192119731 -25.81883876992592 3.957762751421788
    vertex 156.3550859488942 -25.7864768974757 -0.00513560527596979
    vertex 156.35607518324588 -25.79029844985225 3.957719054000205
  endloop
endfacet
facet normal 0.09259662869630803 -0.9957032166021306 -0.0009842775262554459
  outer loop
    vertex 156.3550859488942 -25.7864768974757 -0.00513560527596979
    vertex 156.0492192119731 -25.81883876992592 3.957762751421788
    vertex 156.04823000123383 -25.815009607695487 -0.005031823898876771
  endloop
endfacet
facet normal -0.6182684340079179 -0.7859667840734985 -0.0005981994314668782
  outer loop
    vertex 157.22956935692446 -26.044666931018003 3.9574615360271825
    vertex 157.46665118542603 -26.228147445009355 -0.00546689767427264
    vertex 157.46764044488697 -26.23194610843848 3.9573853848523606
  endloop
endfacet
facet normal -0.6182684340079179 -0.7859667840734985 -0.0005981994314668782
  outer loop
    vertex 157.46665118542603 -26.228147445009355 -0.00546689767427264
    vertex 157.22956935692446 -26.044666931018003 3.9574615360271825
    vertex 157.228549596447 -26.0408529737642 -0.005393118076656742
  endloop
endfacet
facet normal 0.9946225305491162 -0.10356592284132969 -0.00034835340734472406
  outer loop
    vertex 154.8122365841579 -26.99890039180294 3.9579633627126696
    vertex 154.78070555727558 -27.288387323195636 -0.004917036390806717
    vertex 154.8112473664649 -26.995063580034525 -0.004893198954654339
  endloop
endfacet
facet normal 0.9946225305491162 -0.10356592284132969 -0.00034835340734472406
  outer loop
    vertex 154.78070555727558 -27.288387323195636 -0.004917036390806717
    vertex 154.8122365841579 -26.99890039180294 3.9579633627126696
    vertex 154.78169479151106 -27.292208875413056 3.9579371460483035
  endloop
endfacet
facet normal -0.0952635537659659 0.23862316476218698 0.9664283939137741
  outer loop
    vertex 152.1175015760635 13.628258930632857 15.529628448925678
    vertex 159.98530478922433 -16.172969682155852 23.663473055837102
    vertex 163.76241961642182 -14.66702529413912 23.66395748448194
  endloop
endfacet
facet normal -0.8734244612535504 -0.48695959552115314 -0.0002506268548953043
  outer loop
    vertex 157.80803479935116 -26.720152148508546 3.9572468008900517
    vertex 157.66201288711162 -26.456203584877194 -0.005520343796663602
    vertex 157.80704554833792 -26.716345855536485 -0.005605955995082296
  endloop
endfacet
facet normal -0.8734244612535504 -0.48695959552115314 -0.0002506268548953043
  outer loop
    vertex 157.66201288711162 -26.456203584877194 -0.005520343796663602
    vertex 157.80803479935116 -26.720152148508546 3.9572468008900517
    vertex 157.6630021213449 -26.46002513709931 3.957333838642401
  endloop
endfacet
facet normal -0.09483307626699698 -0.9954927469040784 -0.0009372871014908158
  outer loop
    vertex 156.35607518324588 -25.79029844985225 3.957719054000205
    vertex 156.66187705599137 -25.81569868795966 -0.0051856711012837975
    vertex 156.66286626673391 -25.819527850189374 3.957608904219358
  endloop
endfacet
facet normal -0.09483307626699698 -0.9954927469040784 -0.0009372871014908158
  outer loop
    vertex 156.66187705599137 -25.81569868795966 -0.0051856711012837975
    vertex 156.35607518324588 -25.79029844985225 3.957719054000205
    vertex 156.3550859488942 -25.7864768974757 -0.00513560527596979
  endloop
endfacet
facet normal -0.9945484477786197 -0.10427542208267743 0.00014618692782961953
  outer loop
    vertex 137.18453983165966 -27.16252417322425 3.9623274450495396
    vertex 137.15199772843263 -26.857702652379963 -0.00044480450514894945
    vertex 137.18355065502055 -27.158649212179093 -0.0005362567810724067
  endloop
endfacet
facet normal -0.9945484477786197 -0.10427542208267743 0.00014618692782961953
  outer loop
    vertex 137.15199772843263 -26.857702652379963 -0.00044480450514894945
    vertex 137.18453983165966 -27.16252417322425 3.9623274450495396
    vertex 137.15298689662404 -26.861585242969138 3.9624193716839113
  endloop
endfacet
facet normal 0.09223905352320683 0.9957364407512572 0.000947399156113578
  outer loop
    vertex 135.52218216427846 -28.699272719630223 -0.0002760742468379953
    vertex 135.19941333056002 -28.673143900508013 3.962650778327059
    vertex 135.52317137412052 -28.703117161724226 3.9625833459645072
  endloop
endfacet
facet normal 0.09223905352320683 0.9957364407512572 0.000947399156113578
  outer loop
    vertex 135.19941333056002 -28.673143900508013 3.962650778327059
    vertex 135.52218216427846 -28.699272719630223 -0.0002760742468379953
    vertex 135.19839364491895 -28.66926127580391 -0.0002129133737662411
  endloop
endfacet
facet normal 0.6164612479949405 -0.7873847208070391 -0.0009116798460469903
  outer loop
    vertex 155.243520806646 -26.229463845976706 3.957944895365205
    vertex 155.48105317788026 -26.03890592393369 -0.004953101576541877
    vertex 155.48204242079797 -26.042719846916686 3.957901560178349
  endloop
endfacet
facet normal 0.6164612479949405 -0.7873847208070391 -0.0009116798460469903
  outer loop
    vertex 155.48105317788026 -26.03890592393369 -0.004953101576541877
    vertex 155.243520806646 -26.229463845976706 3.957944895365205
    vertex 155.24253156384015 -26.22564992314995 -0.004909289552528831
  endloop
endfacet
facet normal -0.2702707226565138 0.9627838398880141 0.0010070378428011586
  outer loop
    vertex 136.15741491493338 -28.582561940134394 -0.00045818575288233043
    vertex 135.84696540871346 -28.673855794033 3.9624860515860547
    vertex 136.15840409955436 -28.58642927101309 3.962403134370884
  endloop
endfacet
facet normal -0.2702707226565138 0.9627838398880141 0.0010070378428011586
  outer loop
    vertex 135.84696540871346 -28.673855794033 3.9624860515860547
    vertex 136.15741491493338 -28.582561940134394 -0.00045818575288233043
    vertex 135.8459762240954 -28.669988463154304 -0.0003752685377282126
  endloop
endfacet
facet normal -0.028871467829652133 -0.7975276696731122 0.602591117135937
  outer loop
    vertex 140.98316486294655 -22.661214177377108 18.159388867463736
    vertex 145.91507641532448 -26.293993096896234 13.587714805145334
    vertex 145.92009967117744 -22.84100579154533 18.15796858566686
  endloop
endfacet
facet normal -0.028871467829652133 -0.7975276696731122 0.602591117135937
  outer loop
    vertex 145.91507641532448 -26.293993096896234 13.587714805145334
    vertex 140.98316486294655 -22.661214177377108 18.159388867463736
    vertex 140.97814161518477 -26.11419385272248 13.58913318207245
  endloop
endfacet
facet normal 0.3420529358628464 -0.8580345165163605 0.3831142878230243
  outer loop
    vertex 159.9610214514935 -32.513186540242444 -0.0072710161253109196
    vertex 163.7381362872578 -31.00723452284371 -0.006786585001745575
    vertex 160.3408511919982 -28.88897839166153 7.770496358695193
  endloop
endfacet
facet normal 0.03400662573133471 -0.7372295918390325 0.6747859500043125
  outer loop
    vertex 145.92009967117744 -22.84100579154533 18.15796858566686
    vertex 150.85749114947149 -22.614204442665642 18.15693217074277
    vertex 150.00134882990363 -17.663686354794617 23.60870979107467
  endloop
endfacet
facet normal 0.055638353592187356 0.2486538292541989 0.966993095532111
  outer loop
    vertex 139.94249114198007 13.641762712164008 15.532705581771218
    vertex 131.8726254114327 -16.199476186449658 23.670439347550033
    vertex 136.34398655112435 -17.191924318110036 23.668367829289622
  endloop
endfacet
facet normal 0.28118359090219774 -0.7054562460745526 0.6505899423459803
  outer loop
    vertex 159.98530478922433 -16.172969682155852 23.663473055837102
    vertex 160.3299681026734 -21.11467843378553 18.156051652536654
    vertex 163.76241961642182 -14.66702529413912 23.66395748448194
  endloop
endfacet
facet normal 0.15401112109978143 -0.7355364324704325 0.6597474752405328
  outer loop
    vertex 155.56294387604726 -22.038654669571653 18.156317085034622
    vertex 159.98530478922433 -16.172969682155852 23.663473055837102
    vertex 155.56987334745344 -17.09734073063553 23.66365034065168
  endloop
endfacet
facet normal 0.09780473923449867 0.23712805395864223 0.966542559336659
  outer loop
    vertex 139.94249114198007 13.641762712164008 15.532705581771218
    vertex 128.0354611315342 -14.626921821843048 23.6729183853844
    vertex 131.8726254114327 -16.199476186449658 23.670439347550033
  endloop
endfacet
facet normal 0.4538917888507244 0.8857283636770092 0.09730112944841413
  outer loop
    vertex 154.31107383070145 -30.210890964196267 3.9699194695934183
    vertex 154.3118430204169 -30.559279941138445 7.137702529467086
    vertex 154.94553578676994 -30.535997848417 3.96970689635336
  endloop
endfacet
facet normal 0.8915539477575977 0.45095082884282206 0.04212965943151014
  outer loop
    vertex 153.01049424558227 -29.178388847076167 9.404254161972606
    vertex 153.33377999055156 -29.73812270311783 8.554158615105276
    vertex 153.29900913818287 -29.241133560343044 3.970272161523285
  endloop
endfacet
facet normal -0.12471680135659385 -0.7915804740184382 0.5982023676082574
  outer loop
    vertex 138.0813321277362 -25.05746425517558 14.383522719881537
    vertex 140.97814161518477 -26.11419385272248 13.58913318207245
    vertex 140.98316486294655 -22.661214177377108 18.159388867463736
  endloop
endfacet
facet normal -0.9522109914760409 0.303316029026985 -0.03596684928536691
  outer loop
    vertex 159.66029294397765 -28.34833746648762 8.694224891995077
    vertex 159.95517301449493 -27.98295160339564 3.968744105232087
    vertex 159.7454491684842 -28.641346898638442 3.968730338662789
  endloop
endfacet
facet normal 0.0023487681221814817 -0.0034483297032468357 0.9999912961174042
  outer loop
    vertex 134.35254502552334 -26.06869088393015 3.9631684625393966
    vertex 132.46649462439456 -25.256729859151445 3.9710114304113735
    vertex 134.14586180769692 -26.302185456939757 3.9632258186555682
  endloop
endfacet
facet normal 0.0023487681221814817 -0.0034483297032468357 0.9999912961174042
  outer loop
    vertex 132.46649462439456 -25.256729859151445 3.9710114304113735
    vertex 134.35254502552334 -26.06869088393015 3.9631684625393966
    vertex 134.6042556622226 -25.877124663366377 3.9631453280987845
  endloop
endfacet
facet normal 0.0023487681221814817 -0.0034483297032468357 0.9999912961174042
  outer loop
    vertex 132.46649462439456 -25.256729859151445 3.9710114304113735
    vertex 134.6042556622226 -25.877124663366377 3.9631453280987845
    vertex 134.89134179838445 -25.734914598201726 3.963086798120902
  endloop
endfacet
facet normal 0.0023487681221814817 -0.0034483297032468357 0.9999912961174042
  outer loop
    vertex 132.46649462439456 -25.256729859151445 3.9710114304113735
    vertex 134.89134179838445 -25.734914598201726 3.963086798120902
    vertex 134.8105338161185 -23.804702594937 3.9705944517097915
  endloop
endfacet
facet normal 0.0023487681221814817 -0.0034483297032468357 0.9999912961174042
  outer loop
    vertex 132.46649462439456 -25.256729859151445 3.9710114304113735
    vertex 134.8105338161185 -23.804702594937 3.9705944517097915
    vertex 132.92484015713487 -24.73882686043061 3.9709759232501023
  endloop
endfacet
facet normal 0.0023487681221814817 -0.0034483297032468357 0.9999912961174042
  outer loop
    vertex 132.92484015713487 -24.73882686043061 3.9709759232501023
    vertex 134.8105338161185 -23.804702594937 3.9705944517097915
    vertex 133.4830873286406 -24.314000271013168 3.9708884786271823
  endloop
endfacet
facet normal 0.0023487681221814817 -0.0034483297032468357 0.9999912961174042
  outer loop
    vertex 133.4830873286406 -24.314000271013168 3.9708884786271823
    vertex 134.8105338161185 -23.804702594937 3.9705944517097915
    vertex 134.11982494276472 -23.998606376526915 3.9707777484025994
  endloop
endfacet
facet normal 0.1519611779349976 -0.783832715654735 0.6020914168711686
  outer loop
    vertex 155.56294387604726 -22.038654669571653 18.156317085034622
    vertex 157.78301063627737 -23.96106769624472 15.09330351000096
    vertex 160.3299681026734 -21.11467843378553 18.156051652536654
  endloop
endfacet
facet normal 0.06790356544197643 -0.7332824700344226 0.6765248886334363
  outer loop
    vertex 150.00134882990363 -17.663686354794617 23.60870979107467
    vertex 150.85749114947149 -22.614204442665642 18.15693217074277
    vertex 155.56987334745344 -17.09734073063553 23.66365034065168
  endloop
endfacet
facet normal -0.3386313188606637 -0.750347521801672 0.5677212576720878
  outer loop
    vertex 128.0285316853506 -19.56821287199485 18.165583229854892
    vertex 131.4972391035016 -24.59335406228375 13.592941525309133
    vertex 131.51407263809074 -21.140395279043144 18.163196154615928
  endloop
endfacet
facet normal -0.3386313188606637 -0.750347521801672 0.5677212576720878
  outer loop
    vertex 131.4972391035016 -24.59335406228375 13.592941525309133
    vertex 128.0285316853506 -19.56821287199485 18.165583229854892
    vertex 128.02350842950307 -23.021200177343943 13.5953294493335
  endloop
endfacet
facet normal 0.14198133880097769 -0.7323258766961317 0.6659880702786832
  outer loop
    vertex 155.56294387604726 -22.038654669571653 18.156317085034622
    vertex 160.3299681026734 -21.11467843378553 18.156051652536654
    vertex 159.98530478922433 -16.172969682155852 23.663473055837102
  endloop
endfacet
facet normal 0.3110516598110229 -0.707591901792058 0.6344766074861282
  outer loop
    vertex 160.3299681026734 -21.11467843378553 18.156051652536654
    vertex 163.7554901540562 -19.608331604309196 18.156626138692037
    vertex 163.76241961642182 -14.66702529413912 23.66395748448194
  endloop
endfacet
facet normal 0.0907600530542237 -0.7413053139565204 0.6650030407971226
  outer loop
    vertex 150.85749114947149 -22.614204442665642 18.15693217074277
    vertex 155.56294387604726 -22.038654669571653 18.156317085034622
    vertex 155.56987334745344 -17.09734073063553 23.66365034065168
  endloop
endfacet
facet normal -0.032869604818885616 -0.9059089514589773 0.42219493216468945
  outer loop
    vertex 140.97186167884627 -30.43549685079907 7.7738381797787035
    vertex 145.90277632193374 -34.239908744345236 -0.0054441456780341315
    vertex 145.90879648695628 -30.61528846480708 7.772417421144737
  endloop
endfacet
facet normal -0.032869604818885616 -0.9059089514589773 0.42219493216468945
  outer loop
    vertex 145.90277632193374 -34.239908744345236 -0.0054441456780341315
    vertex 140.97186167884627 -30.43549685079907 7.7738381797787035
    vertex 140.96584151370428 -34.06011713018243 -0.004023863881175415
  endloop
endfacet
facet normal 0.33298071506925697 -0.7525195714991824 0.5681884704063023
  outer loop
    vertex 160.3471616458889 -24.5676754278525 13.585791353337877
    vertex 163.75049743242818 -23.06130368452857 13.586370448128429
    vertex 163.7554901540562 -19.608331604309196 18.156626138692037
  endloop
endfacet
facet normal -0.002995550065305181 -0.0020120648684948768 0.9999934891161898
  outer loop
    vertex 139.13572923555165 -26.49735111805822 3.9691863691247247
    vertex 136.90577822697293 -26.305254119989733 3.9625295995265493
    vertex 137.05885998652215 -26.572119303814787 3.9624507534581337
  endloop
endfacet
facet normal -0.002995550065305181 -0.0020120648684948768 0.9999934891161898
  outer loop
    vertex 136.90577822697293 -26.305254119989733 3.9625295995265493
    vertex 139.13572923555165 -26.49735111805822 3.9691863691247247
    vertex 138.92697736081485 -25.855385038896863 3.9693448560417406
  endloop
endfacet
facet normal -0.002995550065305181 -0.0020120648684948768 0.9999934891161898
  outer loop
    vertex 136.90577822697293 -26.305254119989733 3.9625295995265493
    vertex 138.92697736081485 -25.855385038896863 3.9693448560417406
    vertex 136.69965043862445 -26.071295990595566 3.9625752622519568
  endloop
endfacet
facet normal -0.002995550065305181 -0.0020120648684948768 0.9999934891161898
  outer loop
    vertex 136.69965043862445 -26.071295990595566 3.9625752622519568
    vertex 138.92697736081485 -25.855385038896863 3.9693448560417406
    vertex 138.13031159830604 -24.744641700917366 3.9696665800206303
  endloop
endfacet
facet normal -0.002995550065305181 -0.0020120648684948768 0.9999934891161898
  outer loop
    vertex 138.13031159830604 -24.744641700917366 3.9696665800206303
    vertex 138.92697736081485 -25.855385038896863 3.9693448560417406
    vertex 138.58749283639315 -25.263542249357194 3.9694677973909838
  endloop
endfacet
facet normal -0.7503242827624237 -0.6610697862097764 -0.00045657158818635
  outer loop
    vertex 136.90577822697293 -26.305254119989733 3.9625295995265493
    vertex 136.69866126120039 -26.06743630956878 -0.0002231178508298879
    vertex 136.90478903379025 -26.301394418502788 -0.00033172307583676094
  endloop
endfacet
facet normal -0.7503242827624237 -0.6610697862097764 -0.00045657158818635
  outer loop
    vertex 136.69866126120039 -26.06743630956878 -0.0002231178508298879
    vertex 136.90577822697293 -26.305254119989733 3.9625295995265493
    vertex 136.69965043862445 -26.071295990595566 3.9625752622519568
  endloop
endfacet
facet normal -0.31372847092816036 -0.6965183261576666 0.6453190434626899
  outer loop
    vertex 128.0285316853506 -19.56821287199485 18.165583229854892
    vertex 131.51407263809074 -21.140395279043144 18.163196154615928
    vertex 131.8726254114327 -16.199476186449658 23.670439347550033
  endloop
endfacet
facet normal 0.0007952377144593006 0.005971921066854877 0.9999818517131943
  outer loop
    vertex 156.35272861063748 -28.797620849385222 3.9573618941363793
    vertex 155.63415370437912 -30.736600344816747 3.9695074220746767
    vertex 156.35050817922743 -30.804833395806337 3.969336893896897
  endloop
endfacet
facet normal 0.0007952377144593006 0.005971921066854877 0.9999818517131943
  outer loop
    vertex 155.63415370437912 -30.736600344816747 3.9695074220746767
    vertex 156.35272861063748 -28.797620849385222 3.9573618941363793
    vertex 156.0459069774174 -28.768406654022563 3.957411965134047
  endloop
endfacet
facet normal -0.0012527007608236094 0.003402285304945408 0.9999934275761554
  outer loop
    vertex 136.9299551103055 -30.322749892263275 3.9692766868931644
    vertex 136.15840409955436 -28.58642927101309 3.962403134370884
    vertex 136.23924624630277 -30.516630764446315 3.969394664336831
  endloop
endfacet
facet normal -0.0012527007608236094 0.003402285304945408 0.9999934275761554
  outer loop
    vertex 136.15840409955436 -28.58642927101309 3.962403134370884
    vertex 136.9299551103055 -30.322749892263275 3.9692766868931644
    vertex 137.5666622067566 -30.007355963356467 3.969165487482524
  endloop
endfacet
facet normal -0.0012527007608236094 0.003402285304945408 0.9999934275761554
  outer loop
    vertex 136.15840409955436 -28.58642927101309 3.962403134370884
    vertex 137.5666622067566 -30.007355963356467 3.969165487482524
    vertex 136.44549022774842 -28.44422683601562 3.9623469860998823
  endloop
endfacet
facet normal -0.0012527007608236094 0.003402285304945408 0.9999934275761554
  outer loop
    vertex 136.44549022774842 -28.44422683601562 3.9623469860998823
    vertex 137.5666622067566 -30.007355963356467 3.969165487482524
    vertex 136.69723137330675 -28.252668278954193 3.9623233646924114
  endloop
endfacet
facet normal -0.1980213975807111 0.2299944757628959 0.952832654362104
  outer loop
    vertex 152.1175015760635 13.628258930632857 15.529628448925678
    vertex 150.0471748472705 11.850572862147024 15.528462434215733
    vertex 155.56987334745344 -17.09734073063553 23.66365034065168
  endloop
endfacet
facet normal 0.8567135034223295 0.43310603885585325 0.28010914330030395
  outer loop
    vertex 163.76241961642182 -14.66702529413912 23.66395748448194
    vertex 152.86152137634122 14.944758158563259 11.218467587662449
    vertex 152.1175015760635 13.628258930632857 15.529628448925678
  endloop
endfacet
facet normal -0.6007041740789959 0.7961574394442912 0.07271744537304138
  outer loop
    vertex 137.55195782726065 -30.324228399790904 7.356386458640091
    vertex 138.09981684445032 -29.96773061201155 7.9789720336956185
    vertex 138.12493989569867 -29.58252940805684 3.9690775583714597
  endloop
endfacet
facet normal -0.08382314068104896 -0.7943658265625277 0.6016283027551123
  outer loop
    vertex 139.0854844766837 -28.32609276516283 10.404932298133255
    vertex 140.97814161518477 -26.11419385272248 13.58913318207245
    vertex 139.15258935452533 -27.65832818776675 11.295971332753851
  endloop
endfacet
facet normal -0.09257680394897098 0.995573810858404 0.016196373157857248
  outer loop
    vertex 156.30225993344615 -30.843852351620594 6.09200854457841
    vertex 157.06695304896704 -30.738209272520418 3.9691482055362393
    vertex 156.35050817922743 -30.804833395806337 3.969336893896897
  endloop
endfacet
facet normal 0.7043948238727621 -0.7090504025124974 -0.03279418848098136
  outer loop
    vertex 153.7606215514857 -24.808535969930595 3.9707119762808127
    vertex 154.40138759484051 -24.677453068420338 14.899718509977045
    vertex 153.84933947780894 -25.202294962331795 14.38985743976111
  endloop
endfacet
facet normal 0.08910470628917536 -0.794743393699298 0.6003692942584945
  outer loop
    vertex 150.85246789176585 -26.06720702664064 13.586739420415086
    vertex 154.40138759484051 -24.677453068420338 14.899718509977045
    vertex 150.85749114947149 -22.614204442665642 18.15693217074277
  endloop
endfacet
facet normal -0.13067467451501974 -0.9084816711592444 0.39697000215142236
  outer loop
    vertex 135.5397061024679 -30.63304392016391 6.375564701310434
    vertex 136.31970321363093 -33.532141176505505 -0.0023752889985608405
    vertex 136.24683634074256 -30.663332990951087 6.539020246374955
  endloop
endfacet
facet normal -0.9507061752521067 -0.3091407067954362 -0.02428562825065086
  outer loop
    vertex 139.08033809107175 -26.971397363643717 12.171885202736782
    vertex 138.92697736081485 -25.855385038896863 3.9693448560417406
    vertex 139.13572923555165 -26.49735111805822 3.9691863691247247
  endloop
endfacet
facet normal -0.09478728332638872 -0.9954971620774453 -0.0008781886788506628
  outer loop
    vertex 156.3583322083378 -23.78313203247409 3.970186228029446
    vertex 157.07462568127542 -23.851334495979575 3.970011433534503
    vertex 157.11091832994262 -23.864855408778954 15.379801825708409
  endloop
endfacet
facet normal -0.10664125110198103 -0.7675129789287538 0.6321008390591764
  outer loop
    vertex 138.0813321277362 -25.05746425517558 14.383522719881537
    vertex 138.53421711516 -25.645481257583764 13.745943342340954
    vertex 140.97814161518477 -26.11419385272248 13.58913318207245
  endloop
endfacet
facet normal -0.0039255227057920835 0.004248572103372624 0.9999832698133349
  outer loop
    vertex 158.94815017146107 -29.779429381092125 3.968810686023227
    vertex 157.4652829872363 -28.358455453253548 3.957136052771385
    vertex 158.39124080773527 -30.21547268998139 3.96889653259739
  endloop
endfacet
facet normal -0.0039255227057920835 0.004248572103372624 0.9999832698133349
  outer loop
    vertex 157.4652829872363 -28.358455453253548 3.957136052771385
    vertex 158.94815017146107 -29.779429381092125 3.968810686023227
    vertex 159.40544281246605 -29.24796011463525 3.96873646158328
  endloop
endfacet
facet normal -0.0039255227057920835 0.004248572103372624 0.9999832698133349
  outer loop
    vertex 157.4652829872363 -28.358455453253548 3.957136052771385
    vertex 159.40544281246605 -29.24796011463525 3.96873646158328
    vertex 157.66112586928767 -28.130830977962074 3.957091899470385
  endloop
endfacet
facet normal -0.950985307496512 -0.3092360597064595 -6.559716159716892e-05
  outer loop
    vertex 137.15298689662404 -26.861585242969138 3.9624193716839113
    vertex 137.05787081844224 -26.56823671338763 -0.0004129458937832584
    vertex 137.15199772843263 -26.857702652379963 -0.00044480450514894945
  endloop
endfacet
facet normal -0.950985307496512 -0.3092360597064595 -6.559716159716892e-05
  outer loop
    vertex 137.05787081844224 -26.56823671338763 -0.0004129458937832584
    vertex 137.15298689662404 -26.861585242969138 3.9624193716839113
    vertex 137.05885998652215 -26.572119303814787 3.9624507534581337
  endloop
endfacet
facet normal 0.4437839117536729 -0.8959330336194777 0.018969421130029022
  outer loop
    vertex 133.4830873286406 -24.314000271013168 3.9708884786271823
    vertex 134.11982494276472 -23.998606376526915 3.9707777484025994
    vertex 134.12692868097807 -23.76287381803071 14.938327053210738
  endloop
endfacet
facet normal 0.27026480867969205 -0.9627042878937359 0.012545407938540965
  outer loop
    vertex 134.11982494276472 -23.998606376526915 3.9707777484025994
    vertex 134.8105338161185 -23.804702594937 3.9705944517097915
    vertex 134.80635894142515 -23.658634167646458 15.269471593256322
  endloop
endfacet
facet normal -0.002716477966777264 0.005110850684238581 0.9999832498360857
  outer loop
    vertex 158.39124080773527 -30.21547268998139 3.96889653259739
    vertex 156.9546938922865 -28.68384055180626 3.957195264289027
    vertex 157.75601973312874 -30.53918433304319 3.969006562682297
  endloop
endfacet
facet normal -0.002716477966777264 0.005110850684238581 0.9999832498360857
  outer loop
    vertex 156.9546938922865 -28.68384055180626 3.957195264289027
    vertex 158.39124080773527 -30.21547268998139 3.96889653259739
    vertex 157.2267613565465 -28.54521471186889 3.9571817671864227
  endloop
endfacet
facet normal -0.002716477966777264 0.005110850684238581 0.9999832498360857
  outer loop
    vertex 157.2267613565465 -28.54521471186889 3.9571817671864227
    vertex 158.39124080773527 -30.21547268998139 3.96889653259739
    vertex 157.4652829872363 -28.358455453253548 3.957136052771385
  endloop
endfacet
facet normal 0.5700342809402941 -0.8211677633831413 -0.027284115034411287
  outer loop
    vertex 154.31756904573962 -24.372507963584635 3.9706289762081672
    vertex 155.02859971572238 -24.25371053522268 15.25042448203912
    vertex 154.40138759484051 -24.677453068420338 14.899718509977045
  endloop
endfacet
facet normal 0.9474793060683926 -0.3197419348868053 0.006932506545203893
  outer loop
    vertex 132.1714747723832 -25.54740833860959 12.429880964229927
    vertex 131.9675839744662 -26.170492741950863 11.558060510831654
    vertex 131.91551913772437 -26.489273875049708 3.97100082665974
  endloop
endfacet
facet normal -0.8733683174196626 -0.4869264302829961 0.011420753889564029
  outer loop
    vertex 159.70145214034133 -25.675348158142086 12.266643012570487
    vertex 159.40979310231572 -25.346831824942544 3.969250493129679
    vertex 159.74843616635965 -25.95423763320247 3.9690912305794113
  endloop
endfacet
facet normal 0.03674827350908619 -0.7973530902745851 0.6023932385275175
  outer loop
    vertex 145.92009967117744 -22.84100579154533 18.15796858566686
    vertex 150.85246789176585 -26.06720702664064 13.586739420415086
    vertex 150.85749114947149 -22.614204442665642 18.15693217074277
  endloop
endfacet
facet normal 0.03674827350908619 -0.7973530902745851 0.6023932385275175
  outer loop
    vertex 150.85246789176585 -26.06720702664064 13.586739420415086
    vertex 145.92009967117744 -22.84100579154533 18.15796858566686
    vertex 145.91507641532448 -26.293993096896234 13.587714805145334
  endloop
endfacet
facet normal -0.09475075142379956 -0.8256582587904138 0.5561571134093383
  outer loop
    vertex 137.55195782726065 -30.324228399790904 7.356386458640091
    vertex 140.97186167884627 -30.43549685079907 7.7738381797787035
    vertex 138.09981684445032 -29.96773061201155 7.9789720336956185
  endloop
endfacet
facet normal 0.9437478020489416 0.32910003001670163 -0.032144305417879375
  outer loop
    vertex 131.97276480640474 -27.46733444194757 9.791101614262171
    vertex 132.18157226572364 -28.14691948636493 8.963898245223946
    vertex 132.12277214138263 -28.466001714423562 3.97071339168731
  endloop
endfacet
facet normal 0.03696488505327604 -0.8021259813345826 0.5960096537314064
  outer loop
    vertex 145.91507641532448 -26.293993096896234 13.587714805145334
    vertex 150.8461879484812 -30.38850237517384 7.771382431774634
    vertex 150.85246789176585 -26.06720702664064 13.586739420415086
  endloop
endfacet
facet normal 0.03696488505327604 -0.8021259813345826 0.5960096537314064
  outer loop
    vertex 150.8461879484812 -30.38850237517384 7.771382431774634
    vertex 145.91507641532448 -26.293993096896234 13.587714805145334
    vertex 145.90879648695628 -30.61528846480708 7.772417421144737
  endloop
endfacet
facet normal 0.3322840017314603 -0.9427675691239943 0.02786849119277252
  outer loop
    vertex 133.4830873286406 -24.314000271013168 3.9708884786271823
    vertex 134.12692868097807 -23.76287381803071 14.938327053210738
    vertex 133.5012373983385 -23.99777688792488 14.452050532329189
  endloop
endfacet
facet normal -0.029047071693508664 -0.802299958401958 0.596213925008674
  outer loop
    vertex 140.97814161518477 -26.11419385272248 13.58913318207245
    vertex 145.90879648695628 -30.61528846480708 7.772417421144737
    vertex 145.91507641532448 -26.293993096896234 13.587714805145334
  endloop
endfacet
facet normal -0.029047071693508664 -0.802299958401958 0.596213925008674
  outer loop
    vertex 145.90879648695628 -30.61528846480708 7.772417421144737
    vertex 140.97814161518477 -26.11419385272248 13.58913318207245
    vertex 140.97186167884627 -30.43549685079907 7.7738381797787035
  endloop
endfacet
facet normal 0.37232936853719495 -0.8413486131832455 0.3917950387885524
  outer loop
    vertex 160.3408511919982 -28.88897839166153 7.770496358695193
    vertex 163.7381362872578 -31.00723452284371 -0.006786585001745575
    vertex 163.7441564523994 -27.382614243458907 7.771075458658109
  endloop
endfacet
facet normal 0.9533518825317041 0.30134659426652377 0.01761868886220513
  outer loop
    vertex 152.81581177320223 -28.54684817386556 10.306331376438381
    vertex 152.96036607414143 -28.633727752084564 3.9704314240736327
    vertex 152.7521213805342 -27.97492414721873 3.970559019423861
  endloop
endfacet
facet normal -0.3792573142969242 -0.838579402591314 0.39108627577796573
  outer loop
    vertex 128.01117781855038 -30.967115790528645 0.002170506161115132
    vertex 131.490959167284 -28.914657060512614 7.777646999852498
    vertex 128.01719798369382 -27.342495511142392 7.780032549820988
  endloop
endfacet
facet normal 0.7784563182106305 0.6241435358552745 0.06671287198154124
  outer loop
    vertex 153.33377999055156 -29.73812270311783 8.554158615105276
    vertex 153.77315888920475 -30.204333083500554 7.7888627590032335
    vertex 153.75510698922537 -29.773643756187575 3.9701192925931124
  endloop
endfacet
facet normal 0.999998734349817 -0.0015862664481507626 -0.00012270908633652317
  outer loop
    vertex 149.84913304905507 11.607204398192412 34.634624289281874
    vertex 149.80134908303364 -17.66336910150493 23.608734332891938
    vertex 149.8471751004005 11.850890115436705 15.528486976033001
  endloop
endfacet
facet normal 0.999998734349817 -0.0015862664481507626 -0.00012270908633652317
  outer loop
    vertex 149.80134908303364 -17.66336910150493 23.608734332891938
    vertex 149.84913304905507 11.607204398192412 34.634624289281874
    vertex 149.83667707277993 3.9743053043147065 31.797436060815038
  endloop
endfacet
facet normal 0.999998734349817 -0.0015862664481507626 -0.00012270908633652317
  outer loop
    vertex 149.80134908303364 -17.66336910150493 23.608734332891938
    vertex 149.83667707277993 3.9743053043147065 31.797436060815038
    vertex 149.83560482781704 3.308583149636062 31.66516478036241
  endloop
endfacet
facet normal 0.999998734349817 -0.0015862664481507626 -0.00012270908633652317
  outer loop
    vertex 149.83667707277993 3.9743053043147065 31.797436060815038
    vertex 149.84913304905507 11.607204398192412 34.634624289281874
    vertex 149.83767962008648 4.583109209425132 32.097502101201144
  endloop
endfacet
facet normal 0.999998734349817 -0.0015862664481507626 -0.00012270908633652317
  outer loop
    vertex 149.83767962008648 4.583109209425132 32.097502101201144
    vertex 149.84913304905507 11.607204398192412 34.634624289281874
    vertex 149.8385441477948 5.09350588493028 32.54491389675098
  endloop
endfacet
facet normal 0.999998734349817 -0.0015862664481507626 -0.00012270908633652317
  outer loop
    vertex 149.8385441477948 5.09350588493028 32.54491389675098
    vertex 149.84913304905507 11.607204398192412 34.634624289281874
    vertex 149.8392117397703 5.470712640864448 33.109181072980775
  endloop
endfacet
facet normal 0.999998734349817 -0.0015862664481507626 -0.00012270908633652317
  outer loop
    vertex 149.8392117397703 5.470712640864448 33.109181072980775
    vertex 149.84913304905507 11.607204398192412 34.634624289281874
    vertex 149.83963690072315 5.689023460174755 33.75184975432608
  endloop
endfacet
facet normal 0.999998734349817 -0.0015862664481507626 -0.00012270908633652317
  outer loop
    vertex 149.83963690072315 5.689023460174755 33.75184975432608
    vertex 149.84913304905507 11.607204398192412 34.634624289281874
    vertex 149.83979065663692 5.733560821300754 34.42912313221342
  endloop
endfacet
facet normal 0.999998734349817 -0.0015862664481507626 -0.00012270908633652317
  outer loop
    vertex 149.83979065663692 5.733560821300754 34.42912313221342
    vertex 149.84913304905507 11.607204398192412 34.634624289281874
    vertex 149.8396625292999 5.601289576683099 35.09484614518693
  endloop
endfacet
facet normal 0.999998734349817 -0.0015862664481507626 -0.00012270908633652317
  outer loop
    vertex 149.8396625292999 5.601289576683099 35.09484614518693
    vertex 149.84913304905507 11.607204398192412 34.634624289281874
    vertex 149.84915181132595 11.542249964911253 35.62719370019923
  endloop
endfacet
facet normal 0.999998734349817 -0.0015862664481507626 -0.00012270908633652317
  outer loop
    vertex 149.8396625292999 5.601289576683099 35.09484614518693
    vertex 149.84915181132595 11.542249964911253 35.62719370019923
    vertex 149.839261250379 5.3012237930538335 35.70365087007178
  endloop
endfacet
facet normal 0.999998734349817 -0.0015862664481507626 -0.00012270908633652317
  outer loop
    vertex 149.839261250379 5.3012237930538335 35.70365087007178
    vertex 149.84915181132595 11.542249964911253 35.62719370019923
    vertex 149.84898515000384 11.36151913603945 36.60532940344443
  endloop
endfacet
facet normal 0.999998734349817 -0.0015862664481507626 -0.00012270908633652317
  outer loop
    vertex 149.839261250379 5.3012237930538335 35.70365087007178
    vertex 149.84898515000384 11.36151913603945 36.60532940344443
    vertex 149.8386141663689 4.853812457685494 36.21404827096445
  endloop
endfacet
facet normal 0.999998734349817 -0.0015862664481507626 -0.00012270908633652317
  outer loop
    vertex 149.8386141663689 4.853812457685494 36.21404827096445
    vertex 149.84898515000384 11.36151913603945 36.60532940344443
    vertex 149.83776537497613 4.289545913701069 36.59125560846568
  endloop
endfacet
facet normal 0.999998734349817 -0.0015862664481507626 -0.00012270908633652317
  outer loop
    vertex 149.83776537497613 4.289545913701069 36.59125560846568
    vertex 149.84898515000384 11.36151913603945 36.60532940344443
    vertex 149.8367727199308 3.646877993578277 36.809566825889355
  endloop
endfacet
facet normal 0.999998734349817 -0.0015862664481507626 -0.00012270908633652317
  outer loop
    vertex 149.8367727199308 3.646877993578277 36.809566825889355
    vertex 149.84898515000384 11.36151913603945 36.60532940344443
    vertex 149.84863535804652 11.067498441838886 37.555574015779264
  endloop
endfacet
facet normal 0.999998734349817 -0.0015862664481507626 -0.00012270908633652317
  outer loop
    vertex 149.8367727199308 3.646877993578277 36.809566825889355
    vertex 149.84863535804652 11.067498441838886 37.555574015779264
    vertex 149.8357038490344 2.9696054540148316 36.85410437454441
  endloop
endfacet
facet normal 0.999998734349817 -0.0015862664481507626 -0.00012270908633652317
  outer loop
    vertex 149.80134908303364 -17.66336910150493 23.608734332891938
    vertex 149.83204742647243 0.9769648105970655 32.81561828483504
    vertex 149.8269217002843 -2.8556072414126867 40.588153998454736
  endloop
endfacet
facet normal 0.999998734349817 -0.0015862664481507626 -0.00012270908633652317
  outer loop
    vertex 149.83204742647243 0.9769648105970655 32.81561828483504
    vertex 149.80134908303364 -17.66336910150493 23.608734332891938
    vertex 149.8326945104825 1.424376145965404 32.30522088394236
  endloop
endfacet
facet normal 0.999998734349817 -0.0015862664481507626 -0.00012270908633652317
  outer loop
    vertex 149.8326945104825 1.424376145965404 32.30522088394236
    vertex 149.80134908303364 -17.66336910150493 23.608734332891938
    vertex 149.8335433018753 1.9886426899498242 31.928013546441143
  endloop
endfacet
facet normal 0.999998734349817 -0.0015862664481507626 -0.00012270908633652317
  outer loop
    vertex 149.8335433018753 1.9886426899498242 31.928013546441143
    vertex 149.80134908303364 -17.66336910150493 23.608734332891938
    vertex 149.83453595692063 2.6313106100726165 31.70970232901746
  endloop
endfacet
facet normal 0.999998734349817 -0.0015862664481507626 -0.00012270908633652317
  outer loop
    vertex 149.83453595692063 2.6313106100726165 31.70970232901746
    vertex 149.80134908303364 -17.66336910150493 23.608734332891938
    vertex 149.83560482781704 3.308583149636062 31.66516478036241
  endloop
endfacet
facet normal 0.999998734349817 -0.0015862664481507626 -0.00012270908633652317
  outer loop
    vertex 149.8269217002843 -2.8556072414126867 40.588153998454736
    vertex 149.83204742647243 0.9769648105970655 32.81561828483504
    vertex 149.8316461475515 0.6768990269677944 33.42442300971989
  endloop
endfacet
facet normal 0.999998734349817 -0.0015862664481507626 -0.00012270908633652317
  outer loop
    vertex 149.8269217002843 -2.8556072414126867 40.588153998454736
    vertex 149.8316461475515 0.6768990269677944 33.42442300971989
    vertex 149.8315180202145 0.544627782350145 34.0901460226934
  endloop
endfacet
facet normal 0.999998734349817 -0.0015862664481507626 -0.00012270908633652317
  outer loop
    vertex 149.8269217002843 -2.8556072414126867 40.588153998454736
    vertex 149.8315180202145 0.544627782350145 34.0901460226934
    vertex 149.83167177612827 0.5891651434761441 34.76741940058074
  endloop
endfacet
facet normal 0.999998734349817 -0.0015862664481507626 -0.00012270908633652317
  outer loop
    vertex 149.8269217002843 -2.8556072414126867 40.588153998454736
    vertex 149.83167177612827 0.5891651434761441 34.76741940058074
    vertex 149.83209693708113 0.8074759627864561 35.41008808192604
  endloop
endfacet
facet normal 0.999998734349817 -0.0015862664481507626 -0.00012270908633652317
  outer loop
    vertex 149.8269217002843 -2.8556072414126867 40.588153998454736
    vertex 149.83209693708113 0.8074759627864561 35.41008808192604
    vertex 149.83276452905662 1.184682718720619 35.97435525815584
  endloop
endfacet
facet normal 0.999998734349817 -0.0015862664481507626 -0.00012270908633652317
  outer loop
    vertex 149.8269217002843 -2.8556072414126867 40.588153998454736
    vertex 149.83276452905662 1.184682718720619 35.97435525815584
    vertex 149.83362905676492 1.6950793942257674 36.42176705370568
  endloop
endfacet
facet normal 0.999998734349817 -0.0015862664481507626 -0.00012270908633652317
  outer loop
    vertex 149.8269217002843 -2.8556072414126867 40.588153998454736
    vertex 149.83362905676492 1.6950793942257674 36.42176705370568
    vertex 149.8346316040715 2.303883299336187 36.72183309409178
  endloop
endfacet
facet normal 0.999998734349817 -0.0015862664481507626 -0.00012270908633652317
  outer loop
    vertex 149.8269217002843 -2.8556072414126867 40.588153998454736
    vertex 149.8346316040715 2.303883299336187 36.72183309409178
    vertex 149.8357038490344 2.9696054540148316 36.85410437454441
  endloop
endfacet
facet normal 0.999998734349817 -0.0015862664481507626 -0.00012270908633652317
  outer loop
    vertex 149.8269217002843 -2.8556072414126867 40.588153998454736
    vertex 149.8357038490344 2.9696054540148316 36.85410437454441
    vertex 149.84863535804652 11.067498441838886 37.555574015779264
  endloop
endfacet
facet normal 0.999998734349817 -0.0015862664481507626 -0.00012270908633652317
  outer loop
    vertex 149.8269217002843 -2.8556072414126867 40.588153998454736
    vertex 149.84863535804652 11.067498441838886 37.555574015779264
    vertex 149.84810724796174 10.664233076805214 38.464853885075684
  endloop
endfacet
facet normal 0.999998734349817 -0.0015862664481507626 -0.00012270908633652317
  outer loop
    vertex 149.8269217002843 -2.8556072414126867 40.588153998454736
    vertex 149.84810724796174 10.664233076805214 38.464853885075684
    vertex 149.8474080855918 10.15727124508398 39.3206589601912
  endloop
endfacet
facet normal 0.999998734349817 -0.0015862664481507626 -0.00012270908633652317
  outer loop
    vertex 149.8269217002843 -2.8556072414126867 40.588153998454736
    vertex 149.8474080855918 10.15727124508398 39.3206589601912
    vertex 149.84654749014922 9.55358782718921 40.11121490671105
  endloop
endfacet
facet normal 0.999998734349817 -0.0015862664481507626 -0.00012270908633652317
  outer loop
    vertex 149.8269217002843 -2.8556072414126867 40.588153998454736
    vertex 149.84654749014922 9.55358782718921 40.11121490671105
    vertex 149.84553730187577 8.861488418225843 40.82564510055506
  endloop
endfacet
facet normal 0.999998734349817 -0.0015862664481507626 -0.00012270908633652317
  outer loop
    vertex 149.8269217002843 -2.8556072414126867 40.588153998454736
    vertex 149.84553730187577 8.861488418225843 40.82564510055506
    vertex 149.82818419144309 -2.110713663279569 41.2473543303844
  endloop
endfacet
facet normal 0.999998734349817 -0.0015862664481507626 -0.00012270908633652317
  outer loop
    vertex 149.82818419144309 -2.110713663279569 41.2473543303844
    vertex 149.84553730187577 8.861488418225843 40.82564510055506
    vertex 149.84439141914032 8.090495057880887 41.45412027070941
  endloop
endfacet
facet normal 0.999998734349817 -0.0015862664481507626 -0.00012270908633652317
  outer loop
    vertex 149.82818419144309 -2.110713663279569 41.2473543303844
    vertex 149.84439141914032 8.090495057880887 41.45412027070941
    vertex 149.8295497356434 -1.2937563239246834 41.81479768016186
  endloop
endfacet
facet normal 0.999998734349817 -0.0015862664481507626 -0.00012270908633652317
  outer loop
    vertex 149.8295497356434 -1.2937563239246834 41.81479768016186
    vertex 149.84439141914032 8.090495057880887 41.45412027070941
    vertex 149.8431256072221 7.251215224329219 41.98799373226893
  endloop
endfacet
facet normal 0.999998734349817 -0.0015862664481507626 -0.00012270908633652317
  outer loop
    vertex 149.8295497356434 -1.2937563239246834 41.81479768016186
    vertex 149.8431256072221 7.251215224329219 41.98799373226893
    vertex 149.83099954545978 -0.41597508297893465 42.28267705066132
  endloop
endfacet
facet normal 0.999998734349817 -0.0015862664481507626 -0.00012270908633652317
  outer loop
    vertex 149.83099954545978 -0.41597508297893465 42.28267705066132
    vertex 149.8431256072221 7.251215224329219 41.98799373226893
    vertex 149.84175728141093 6.3551958944644875 42.41992034922735
  endloop
endfacet
facet normal 0.999998734349817 -0.0015862664481507626 -0.00012270908633652317
  outer loop
    vertex 149.83099954545978 -0.41597508297893465 42.28267705066132
    vertex 149.84175728141093 6.3551958944644875 42.41992034922735
    vertex 149.83251367412348 0.5105533727342403 42.64455526555114
  endloop
endfacet
facet normal 0.999998734349817 -0.0015862664481507626 -0.00012270908633652317
  outer loop
    vertex 149.83251367412348 0.5105533727342403 42.64455526555114
    vertex 149.84175728141093 6.3551958944644875 42.41992034922735
    vertex 149.84030526740176 5.414764678321783 42.74395759030203
  endloop
endfacet
facet normal 0.999998734349817 -0.0015862664481507626 -0.00012270908633652317
  outer loop
    vertex 149.83251367412348 0.5105533727342403 42.64455526555114
    vertex 149.84030526740176 5.414764678321783 42.74395759030203
    vertex 149.8340712899557 1.4730816826306543 42.895453533230956
  endloop
endfacet
facet normal 0.999998734349817 -0.0015862664481507626 -0.00012270908633652317
  outer loop
    vertex 149.8340712899557 1.4730816826306543 42.895453533230956
    vertex 149.84030526740176 5.414764678321783 42.74395759030203
    vertex 149.83878954228945 4.44286021339579 42.955647287447256
  endloop
endfacet
facet normal 0.999998734349817 -0.0015862664481507626 -0.00012270908633652317
  outer loop
    vertex 149.8340712899557 1.4730816826306543 42.895453533230956
    vertex 149.83878954228945 4.44286021339579 42.955647287447256
    vertex 149.8356509629706 2.458367193056688 43.031919946025
  endloop
endfacet
facet normal 0.999998734349817 -0.0015862664481507626 -0.00012270908633652317
  outer loop
    vertex 149.8356509629706 2.458367193056688 43.031919946025
    vertex 149.83878954228945 4.44286021339579 42.955647287447256
    vertex 149.83723095971743 3.45285415232263 43.05207697220632
  endloop
endfacet
facet normal 0.0005372183801678886 0.26405646992401255 0.9645070720775878
  outer loop
    vertex 150.0471748472705 11.850572862147024 15.528462434215733
    vertex 149.80134908303364 -17.66336910150493 23.608734332891938
    vertex 150.00134882990363 -17.663686354794617 23.60870979107467
  endloop
endfacet
facet normal 0.0005372183801678886 0.26405646992401255 0.9645070720775878
  outer loop
    vertex 149.80134908303364 -17.66336910150493 23.608734332891938
    vertex 150.0471748472705 11.850572862147024 15.528462434215733
    vertex 149.8471751004005 11.850890115436705 15.528486976033001
  endloop
endfacet
facet normal -0.999998734349817 0.0015862664481280536 0.0001227090864113877
  outer loop
    vertex 142.16302966714537 -17.651252676358236 23.609671625274846
    vertex 142.19621654103236 2.6434270352193128 31.710639621400333
    vertex 142.19728541192876 3.3206995747827524 31.666102072745282
  endloop
endfacet
facet normal -0.999998734349817 0.0015862664481280536 0.0001227090864113877
  outer loop
    vertex 142.19621654103236 2.6434270352193128 31.710639621400333
    vertex 142.16302966714537 -17.651252676358236 23.609671625274846
    vertex 142.195223885987 2.0007591150965207 31.928950838824015
  endloop
endfacet
facet normal -0.999998734349817 0.0015862664481280536 0.0001227090864113877
  outer loop
    vertex 142.195223885987 2.0007591150965207 31.928950838824015
    vertex 142.16302966714537 -17.651252676358236 23.609671625274846
    vertex 142.19437509459422 1.4364925711120948 32.30615817632525
  endloop
endfacet
facet normal -0.999998734349817 0.0015862664481280536 0.0001227090864113877
  outer loop
    vertex 142.19437509459422 1.4364925711120948 32.30615817632525
    vertex 142.16302966714537 -17.651252676358236 23.609671625274846
    vertex 142.19372801058415 0.9890812357437619 32.81655557721791
  endloop
endfacet
facet normal -0.999998734349817 0.0015862664481280536 0.0001227090864113877
  outer loop
    vertex 142.19372801058415 0.9890812357437619 32.81655557721791
    vertex 142.16302966714537 -17.651252676358236 23.609671625274846
    vertex 142.188602284396 -2.843490816265996 40.589091290837615
  endloop
endfacet
facet normal -0.999998734349817 0.0015862664481280536 0.0001227090864113877
  outer loop
    vertex 142.19372801058415 0.9890812357437619 32.81655557721791
    vertex 142.188602284396 -2.843490816265996 40.589091290837615
    vertex 142.19332673166323 0.6890154521144851 33.42536030210276
  endloop
endfacet
facet normal -0.999998734349817 0.0015862664481280536 0.0001227090864113877
  outer loop
    vertex 142.19332673166323 0.6890154521144851 33.42536030210276
    vertex 142.188602284396 -2.843490816265996 40.589091290837615
    vertex 142.1931986043262 0.5567442074968301 34.09108331507628
  endloop
endfacet
facet normal -0.999998734349817 0.0015862664481280536 0.0001227090864113877
  outer loop
    vertex 142.1931986043262 0.5567442074968301 34.09108331507628
    vertex 142.188602284396 -2.843490816265996 40.589091290837615
    vertex 142.19335236024 0.6012815686228349 34.76835669296361
  endloop
endfacet
facet normal -0.999998734349817 0.0015862664481280536 0.0001227090864113877
  outer loop
    vertex 142.19335236024 0.6012815686228349 34.76835669296361
    vertex 142.188602284396 -2.843490816265996 40.589091290837615
    vertex 142.19377752119283 0.8195923879331468 35.41102537430891
  endloop
endfacet
facet normal -0.999998734349817 0.0015862664481280536 0.0001227090864113877
  outer loop
    vertex 142.19377752119283 0.8195923879331468 35.41102537430891
    vertex 142.188602284396 -2.843490816265996 40.589091290837615
    vertex 142.19444511316834 1.1967991438673156 35.97529255053872
  endloop
endfacet
facet normal -0.999998734349817 0.0015862664481280536 0.0001227090864113877
  outer loop
    vertex 142.19444511316834 1.1967991438673156 35.97529255053872
    vertex 142.188602284396 -2.843490816265996 40.589091290837615
    vertex 142.19530964087664 1.7071958193724637 36.42270434608855
  endloop
endfacet
facet normal -0.999998734349817 0.0015862664481280536 0.0001227090864113877
  outer loop
    vertex 142.19530964087664 1.7071958193724637 36.42270434608855
    vertex 142.188602284396 -2.843490816265996 40.589091290837615
    vertex 142.1963121881832 2.3159997244828774 36.72277038647466
  endloop
endfacet
facet normal -0.999998734349817 0.0015862664481280536 0.0001227090864113877
  outer loop
    vertex 142.1963121881832 2.3159997244828774 36.72277038647466
    vertex 142.188602284396 -2.843490816265996 40.589091290837615
    vertex 142.1973844331461 2.981721879161528 36.85504166692729
  endloop
endfacet
facet normal -0.999998734349817 0.0015862664481280536 0.0001227090864113877
  outer loop
    vertex 142.1973844331461 2.981721879161528 36.85504166692729
    vertex 142.188602284396 -2.843490816265996 40.589091290837615
    vertex 142.21031594215825 11.079614866985583 37.556511308162136
  endloop
endfacet
facet normal -0.999998734349817 0.0015862664481280536 0.0001227090864113877
  outer loop
    vertex 142.21031594215825 11.079614866985583 37.556511308162136
    vertex 142.188602284396 -2.843490816265996 40.589091290837615
    vertex 142.20978783207346 10.67634950195191 38.46579117745856
  endloop
endfacet
facet normal -0.999998734349817 0.0015862664481280536 0.0001227090864113877
  outer loop
    vertex 142.20978783207346 10.67634950195191 38.46579117745856
    vertex 142.188602284396 -2.843490816265996 40.589091290837615
    vertex 142.2090886697035 10.169387670230666 39.32159625257408
  endloop
endfacet
facet normal -0.999998734349817 0.0015862664481280536 0.0001227090864113877
  outer loop
    vertex 142.2090886697035 10.169387670230666 39.32159625257408
    vertex 142.188602284396 -2.843490816265996 40.589091290837615
    vertex 142.20822807426094 9.565704252335895 40.11215219909393
  endloop
endfacet
facet normal -0.999998734349817 0.0015862664481280536 0.0001227090864113877
  outer loop
    vertex 142.20822807426094 9.565704252335895 40.11215219909393
    vertex 142.188602284396 -2.843490816265996 40.589091290837615
    vertex 142.2072178859875 8.873604843372535 40.826582392937944
  endloop
endfacet
facet normal -0.999998734349817 0.0015862664481280536 0.0001227090864113877
  outer loop
    vertex 142.2072178859875 8.873604843372535 40.826582392937944
    vertex 142.188602284396 -2.843490816265996 40.589091290837615
    vertex 142.1898647755548 -2.098597238132878 41.24829162276727
  endloop
endfacet
facet normal -0.999998734349817 0.0015862664481280536 0.0001227090864113877
  outer loop
    vertex 142.2072178859875 8.873604843372535 40.826582392937944
    vertex 142.1898647755548 -2.098597238132878 41.24829162276727
    vertex 142.20607200325205 8.102611483027582 41.45505756309229
  endloop
endfacet
facet normal -0.999998734349817 0.0015862664481280536 0.0001227090864113877
  outer loop
    vertex 142.20607200325205 8.102611483027582 41.45505756309229
    vertex 142.1898647755548 -2.098597238132878 41.24829162276727
    vertex 142.1912303197551 -1.2816398987779871 41.815734972544725
  endloop
endfacet
facet normal -0.999998734349817 0.0015862664481280536 0.0001227090864113877
  outer loop
    vertex 142.20607200325205 8.102611483027582 41.45505756309229
    vertex 142.1912303197551 -1.2816398987779871 41.815734972544725
    vertex 142.20480619133386 7.26333164947591 41.98893102465181
  endloop
endfacet
facet normal -0.999998734349817 0.0015862664481280536 0.0001227090864113877
  outer loop
    vertex 142.20480619133386 7.26333164947591 41.98893102465181
    vertex 142.1912303197551 -1.2816398987779871 41.815734972544725
    vertex 142.1926801295715 -0.4038586578322383 42.2836143430442
  endloop
endfacet
facet normal -0.999998734349817 0.0015862664481280536 0.0001227090864113877
  outer loop
    vertex 142.20480619133386 7.26333164947591 41.98893102465181
    vertex 142.1926801295715 -0.4038586578322383 42.2836143430442
    vertex 142.20343786552266 6.3673123196111785 42.420857641610226
  endloop
endfacet
facet normal -0.999998734349817 0.0015862664481280536 0.0001227090864113877
  outer loop
    vertex 142.20343786552266 6.3673123196111785 42.420857641610226
    vertex 142.1926801295715 -0.4038586578322383 42.2836143430442
    vertex 142.1941942582352 0.522669797880931 42.64549255793401
  endloop
endfacet
facet normal -0.999998734349817 0.0015862664481280536 0.0001227090864113877
  outer loop
    vertex 142.20343786552266 6.3673123196111785 42.420857641610226
    vertex 142.1941942582352 0.522669797880931 42.64549255793401
    vertex 142.20198585151348 5.426881103468468 42.7448948826849
  endloop
endfacet
facet normal -0.999998734349817 0.0015862664481280536 0.0001227090864113877
  outer loop
    vertex 142.20198585151348 5.426881103468468 42.7448948826849
    vertex 142.1941942582352 0.522669797880931 42.64549255793401
    vertex 142.1957518740674 1.485198107777345 42.89639082561383
  endloop
endfacet
facet normal -0.999998734349817 0.0015862664481280536 0.0001227090864113877
  outer loop
    vertex 142.20198585151348 5.426881103468468 42.7448948826849
    vertex 142.1957518740674 1.485198107777345 42.89639082561383
    vertex 142.20047012640117 4.4549766385424805 42.95658457983013
  endloop
endfacet
facet normal -0.999998734349817 0.0015862664481280536 0.0001227090864113877
  outer loop
    vertex 142.20047012640117 4.4549766385424805 42.95658457983013
    vertex 142.1957518740674 1.485198107777345 42.89639082561383
    vertex 142.19733154708234 2.470483618203379 43.03285723840788
  endloop
endfacet
facet normal -0.999998734349817 0.0015862664481280536 0.0001227090864113877
  outer loop
    vertex 142.20047012640117 4.4549766385424805 42.95658457983013
    vertex 142.19733154708234 2.470483618203379 43.03285723840788
    vertex 142.19891154382913 3.464970577469315 43.053014264589194
  endloop
endfacet
facet normal -0.999998734349817 0.0015862664481280536 0.0001227090864113877
  outer loop
    vertex 142.16302966714537 -17.651252676358236 23.609671625274846
    vertex 142.2108136331668 11.619320823339109 34.635561581664746
    vertex 142.20884968721327 11.859144717904883 15.53047220638296
  endloop
endfacet
facet normal -0.999998734349817 0.0015862664481280536 0.0001227090864113877
  outer loop
    vertex 142.2108136331668 11.619320823339109 34.635561581664746
    vertex 142.16302966714537 -17.651252676358236 23.609671625274846
    vertex 142.19835765689163 3.9864217294614033 31.79837335319791
  endloop
endfacet
facet normal -0.999998734349817 0.0015862664481280536 0.0001227090864113877
  outer loop
    vertex 142.19835765689163 3.9864217294614033 31.79837335319791
    vertex 142.16302966714537 -17.651252676358236 23.609671625274846
    vertex 142.19728541192876 3.3206995747827524 31.666102072745282
  endloop
endfacet
facet normal -0.999998734349817 0.0015862664481280536 0.0001227090864113877
  outer loop
    vertex 142.2108136331668 11.619320823339109 34.635561581664746
    vertex 142.19835765689163 3.9864217294614033 31.79837335319791
    vertex 142.19936020419823 4.595225634571823 32.098439393584016
  endloop
endfacet
facet normal -0.999998734349817 0.0015862664481280536 0.0001227090864113877
  outer loop
    vertex 142.2108136331668 11.619320823339109 34.635561581664746
    vertex 142.19936020419823 4.595225634571823 32.098439393584016
    vertex 142.20022473190653 5.105622310076959 32.545851189133856
  endloop
endfacet
facet normal -0.999998734349817 0.0015862664481280536 0.0001227090864113877
  outer loop
    vertex 142.2108136331668 11.619320823339109 34.635561581664746
    vertex 142.20022473190653 5.105622310076959 32.545851189133856
    vertex 142.20089232388204 5.482829066011139 33.11011836536366
  endloop
endfacet
facet normal -0.999998734349817 0.0015862664481280536 0.0001227090864113877
  outer loop
    vertex 142.2108136331668 11.619320823339109 34.635561581664746
    vertex 142.20089232388204 5.482829066011139 33.11011836536366
    vertex 142.20131748483487 5.701139885321446 33.75278704670895
  endloop
endfacet
facet normal -0.999998734349817 0.0015862664481280536 0.0001227090864113877
  outer loop
    vertex 142.2108136331668 11.619320823339109 34.635561581664746
    vertex 142.20131748483487 5.701139885321446 33.75278704670895
    vertex 142.20147124074865 5.745677246447445 34.43006042459629
  endloop
endfacet
facet normal -0.999998734349817 0.0015862664481280536 0.0001227090864113877
  outer loop
    vertex 142.2108136331668 11.619320823339109 34.635561581664746
    vertex 142.20147124074865 5.745677246447445 34.43006042459629
    vertex 142.2013431134116 5.613406001829795 35.09578343756981
  endloop
endfacet
facet normal -0.999998734349817 0.0015862664481280536 0.0001227090864113877
  outer loop
    vertex 142.2108136331668 11.619320823339109 34.635561581664746
    vertex 142.2013431134116 5.613406001829795 35.09578343756981
    vertex 142.2108323954377 11.554366390057945 35.62813099258211
  endloop
endfacet
facet normal -0.999998734349817 0.0015862664481280536 0.0001227090864113877
  outer loop
    vertex 142.2108323954377 11.554366390057945 35.62813099258211
    vertex 142.2013431134116 5.613406001829795 35.09578343756981
    vertex 142.2009418344907 5.3133402182005245 35.704588162454655
  endloop
endfacet
facet normal -0.999998734349817 0.0015862664481280536 0.0001227090864113877
  outer loop
    vertex 142.2108323954377 11.554366390057945 35.62813099258211
    vertex 142.2009418344907 5.3133402182005245 35.704588162454655
    vertex 142.21066573411557 11.373635561186136 36.6062666958273
  endloop
endfacet
facet normal -0.999998734349817 0.0015862664481280536 0.0001227090864113877
  outer loop
    vertex 142.21066573411557 11.373635561186136 36.6062666958273
    vertex 142.2009418344907 5.3133402182005245 35.704588162454655
    vertex 142.20029475048062 4.86592888283218 36.21498556334733
  endloop
endfacet
facet normal -0.999998734349817 0.0015862664481280536 0.0001227090864113877
  outer loop
    vertex 142.21066573411557 11.373635561186136 36.6062666958273
    vertex 142.20029475048062 4.86592888283218 36.21498556334733
    vertex 142.19944595908785 4.301662338847765 36.59219290084855
  endloop
endfacet
facet normal -0.999998734349817 0.0015862664481280536 0.0001227090864113877
  outer loop
    vertex 142.21066573411557 11.373635561186136 36.6062666958273
    vertex 142.19944595908785 4.301662338847765 36.59219290084855
    vertex 142.19845330404252 3.658994418724968 36.810504118272235
  endloop
endfacet
facet normal -0.999998734349817 0.0015862664481280536 0.0001227090864113877
  outer loop
    vertex 142.21066573411557 11.373635561186136 36.6062666958273
    vertex 142.19845330404252 3.658994418724968 36.810504118272235
    vertex 142.21031594215825 11.079614866985583 37.556511308162136
  endloop
endfacet
facet normal -0.999998734349817 0.0015862664481280536 0.0001227090864113877
  outer loop
    vertex 142.21031594215825 11.079614866985583 37.556511308162136
    vertex 142.19845330404252 3.658994418724968 36.810504118272235
    vertex 142.1973844331461 2.981721879161528 36.85504166692729
  endloop
endfacet
facet normal -0.0002813739344193987 -0.2522368956005275 0.9676654738733411
  outer loop
    vertex 149.8340712899557 1.4730816826306543 42.895453533230956
    vertex 142.1941942582352 0.522669797880931 42.64549255793401
    vertex 149.83251367412348 0.5105533727342403 42.64455526555114
  endloop
endfacet
facet normal -0.0002813739344193987 -0.2522368956005275 0.9676654738733411
  outer loop
    vertex 142.1941942582352 0.522669797880931 42.64549255793401
    vertex 149.8340712899557 1.4730816826306543 42.895453533230956
    vertex 142.1957518740674 1.485198107777345 42.89639082561383
  endloop
endfacet
facet normal 0.0015747957710144243 0.9978435510263096 -0.06561834875615521
  outer loop
    vertex 149.8315180202145 0.544627782350145 34.0901460226934
    vertex 142.19335236024 0.6012815686228349 34.76835669296361
    vertex 149.83167177612827 0.5891651434761441 34.76741940058074
  endloop
endfacet
facet normal 0.0015747957710144243 0.9978435510263096 -0.06561834875615521
  outer loop
    vertex 142.19335236024 0.6012815686228349 34.76835669296361
    vertex 149.8315180202145 0.544627782350145 34.0901460226934
    vertex 142.1931986043262 0.5567442074968301 34.09108331507628
  endloop
endfacet
facet normal 0.0005912148510852312 0.44209485781162877 -0.8969681082187458
  outer loop
    vertex 142.19530964087664 1.7071958193724637 36.42270434608855
    vertex 149.8346316040715 2.303883299336187 36.72183309409178
    vertex 149.83362905676492 1.6950793942257674 36.42176705370568
  endloop
endfacet
facet normal 0.0005912148510852312 0.44209485781162877 -0.8969681082187458
  outer loop
    vertex 149.8346316040715 2.303883299336187 36.72183309409178
    vertex 142.19530964087664 1.7071958193724637 36.42270434608855
    vertex 142.1963121881832 2.3159997244828774 36.72277038647466
  endloop
endfacet
facet normal 0.00022653265546800468 0.06561807246442233 0.9978447861511378
  outer loop
    vertex 149.83560482781704 3.308583149636062 31.66516478036241
    vertex 142.19621654103236 2.6434270352193128 31.710639621400333
    vertex 149.83453595692063 2.6313106100726165 31.70970232901746
  endloop
endfacet
facet normal 0.00022653265546800468 0.06561807246442233 0.9978447861511378
  outer loop
    vertex 142.19621654103236 2.6434270352193128 31.710639621400333
    vertex 149.83560482781704 3.308583149636062 31.66516478036241
    vertex 142.19728541192876 3.3206995747827524 31.666102072745282
  endloop
endfacet
facet normal 0.0006264008800997572 0.32164310590298123 0.9468607712050495
  outer loop
    vertex 149.83453595692063 2.6313106100726165 31.70970232901746
    vertex 142.195223885987 2.0007591150965207 31.928950838824015
    vertex 149.8335433018753 1.9886426899498242 31.928013546441143
  endloop
endfacet
facet normal 0.0006264008800997572 0.32164310590298123 0.9468607712050495
  outer loop
    vertex 142.195223885987 2.0007591150965207 31.928950838824015
    vertex 149.83453595692063 2.6313106100726165 31.70970232901746
    vertex 142.19621654103236 2.6434270352193128 31.710639621400333
  endloop
endfacet
facet normal 0.0015821585129776566 0.9833536215038684 0.18169521691466395
  outer loop
    vertex 142.2108323954377 11.554366390057945 35.62813099258211
    vertex 149.84898515000384 11.36151913603945 36.60532940344443
    vertex 149.84915181132595 11.542249964911253 35.62719370019923
  endloop
endfacet
facet normal 0.0015821585129776566 0.9833536215038684 0.18169521691466395
  outer loop
    vertex 149.84898515000384 11.36151913603945 36.60532940344443
    vertex 142.2108323954377 11.554366390057945 35.62813099258211
    vertex 142.21066573411557 11.373635561186136 36.6062666958273
  endloop
endfacet
facet normal 0.0012737315455099297 0.7519809255020211 0.659183635483371
  outer loop
    vertex 142.19437509459422 1.4364925711120948 32.30615817632525
    vertex 149.83204742647243 0.9769648105970655 32.81561828483504
    vertex 149.8326945104825 1.424376145965404 32.30522088394236
  endloop
endfacet
facet normal 0.0012737315455099297 0.7519809255020211 0.659183635483371
  outer loop
    vertex 149.83204742647243 0.9769648105970655 32.81561828483504
    vertex 142.19437509459422 1.4364925711120948 32.30615817632525
    vertex 142.19372801058415 0.9890812357437619 32.81655557721791
  endloop
endfacet
facet normal -0.0012505468157369404 -0.8313488279591252 0.5557495500525851
  outer loop
    vertex 142.20089232388204 5.482829066011139 33.11011836536366
    vertex 149.8385441477948 5.09350588493028 32.54491389675098
    vertex 149.8392117397703 5.470712640864448 33.109181072980775
  endloop
endfacet
facet normal -0.0012505468157369404 -0.8313488279591252 0.5557495500525851
  outer loop
    vertex 149.8385441477948 5.09350588493028 32.54491389675098
    vertex 142.20089232388204 5.482829066011139 33.11011836536366
    vertex 142.20022473190653 5.105622310076959 32.545851189133856
  endloop
endfacet
facet normal 0.0009835809199293883 0.5557486932147987 0.8313497594626569
  outer loop
    vertex 149.8335433018753 1.9886426899498242 31.928013546441143
    vertex 142.19437509459422 1.4364925711120948 32.30615817632525
    vertex 149.8326945104825 1.424376145965404 32.30522088394236
  endloop
endfacet
facet normal 0.0009835809199293883 0.5557486932147987 0.8313497594626569
  outer loop
    vertex 142.19437509459422 1.4364925711120948 32.30615817632525
    vertex 149.8335433018753 1.9886426899498242 31.928013546441143
    vertex 142.195223885987 2.0007591150965207 31.928950838824015
  endloop
endfacet
facet normal 0.0007993429487773222 0.4342305933317449 0.9008013947955515
  outer loop
    vertex 149.8431256072221 7.251215224329219 41.98799373226893
    vertex 142.20343786552266 6.3673123196111785 42.420857641610226
    vertex 149.84175728141093 6.3551958944644875 42.41992034922735
  endloop
endfacet
facet normal 0.0007993429487773222 0.4342305933317449 0.9008013947955515
  outer loop
    vertex 142.20343786552266 6.3673123196111785 42.420857641610226
    vertex 149.8431256072221 7.251215224329219 41.98799373226893
    vertex 142.20480619133386 7.26333164947591 41.98893102465181
  endloop
endfacet
facet normal 0.0014770794712047047 0.8969669004233913 0.44209523609861445
  outer loop
    vertex 142.19372801058415 0.9890812357437619 32.81655557721791
    vertex 149.8316461475515 0.6768990269677944 33.42442300971989
    vertex 149.83204742647243 0.9769648105970655 32.81561828483504
  endloop
endfacet
facet normal 0.0014770794712047047 0.8969669004233913 0.44209523609861445
  outer loop
    vertex 149.8316461475515 0.6768990269677944 33.42442300971989
    vertex 142.19372801058415 0.9890812357437619 32.81655557721791
    vertex 142.19332673166323 0.6890154521144851 33.42536030210276
  endloop
endfacet
facet normal 0.0015797668719264332 0.9808260633890268 0.19487877697023728
  outer loop
    vertex 142.19332673166323 0.6890154521144851 33.42536030210276
    vertex 149.8315180202145 0.544627782350145 34.0901460226934
    vertex 149.8316461475515 0.6768990269677944 33.42442300971989
  endloop
endfacet
facet normal 0.0015797668719264332 0.9808260633890268 0.19487877697023728
  outer loop
    vertex 149.8315180202145 0.544627782350145 34.0901460226934
    vertex 142.19332673166323 0.6890154521144851 33.42536030210276
    vertex 142.1931986043262 0.5567442074968301 34.09108331507628
  endloop
endfacet
facet normal 0.0012247036810069066 0.7182412510759495 0.6957930765347904
  outer loop
    vertex 142.20822807426094 9.565704252335895 40.11215219909393
    vertex 149.84553730187577 8.861488418225843 40.82564510055506
    vertex 149.84654749014922 9.55358782718921 40.11121490671105
  endloop
endfacet
facet normal 0.0012247036810069066 0.7182412510759495 0.6957930765347904
  outer loop
    vertex 149.84553730187577 8.861488418225843 40.82564510055506
    vertex 142.20822807426094 9.565704252335895 40.11215219909393
    vertex 142.2072178859875 8.873604843372535 40.826582392937944
  endloop
endfacet
facet normal 0.0001887733952710619 0.19487872417364885 -0.9808273279375205
  outer loop
    vertex 142.1963121881832 2.3159997244828774 36.72277038647466
    vertex 149.8357038490344 2.9696054540148316 36.85410437454441
    vertex 149.8346316040715 2.303883299336187 36.72183309409178
  endloop
endfacet
facet normal 0.0001887733952710619 0.19487872417364885 -0.9808273279375205
  outer loop
    vertex 149.8357038490344 2.9696054540148316 36.85410437454441
    vertex 142.1963121881832 2.3159997244828774 36.72277038647466
    vertex 142.1973844331461 2.981721879161528 36.85504166692729
  endloop
endfacet
facet normal -0.0006378550465196215 -0.470375487209293 0.8824661433582368
  outer loop
    vertex 149.83099954545978 -0.41597508297893465 42.28267705066132
    vertex 142.1912303197551 -1.2816398987779871 41.815734972544725
    vertex 149.8295497356434 -1.2937563239246834 41.81479768016186
  endloop
endfacet
facet normal -0.0006378550465196215 -0.470375487209293 0.8824661433582368
  outer loop
    vertex 142.1912303197551 -1.2816398987779871 41.815734972544725
    vertex 149.83099954545978 -0.41597508297893465 42.28267705066132
    vertex 142.1926801295715 -0.4038586578322383 42.2836143430442
  endloop
endfacet
facet normal -0.0012737315455099297 -0.7519809255020211 -0.659183635483371
  outer loop
    vertex 149.8386141663689 4.853812457685494 36.21404827096445
    vertex 142.2009418344907 5.3133402182005245 35.704588162454655
    vertex 149.839261250379 5.3012237930538335 35.70365087007178
  endloop
endfacet
facet normal -0.0012737315455099297 -0.7519809255020211 -0.659183635483371
  outer loop
    vertex 142.2009418344907 5.3133402182005245 35.704588162454655
    vertex 149.8386141663689 4.853812457685494 36.21404827096445
    vertex 142.20029475048062 4.86592888283218 36.21498556334733
  endloop
endfacet
facet normal 0.0009549210914289165 0.5367212937251644 0.8437590538700577
  outer loop
    vertex 149.84439141914032 8.090495057880887 41.45412027070941
    vertex 142.20480619133386 7.26333164947591 41.98893102465181
    vertex 149.8431256072221 7.251215224329219 41.98799373226893
  endloop
endfacet
facet normal 0.0009549210914289165 0.5367212937251644 0.8437590538700577
  outer loop
    vertex 142.20480619133386 7.26333164947591 41.98893102465181
    vertex 149.84439141914032 8.090495057880887 41.45412027070941
    vertex 142.20607200325205 8.102611483027582 41.45505756309229
  endloop
endfacet
facet normal -0.0009835809199293883 -0.5557486932147987 -0.8313497594626569
  outer loop
    vertex 142.19944595908785 4.301662338847765 36.59219290084855
    vertex 149.8386141663689 4.853812457685494 36.21404827096445
    vertex 149.83776537497613 4.289545913701069 36.59125560846568
  endloop
endfacet
facet normal -0.0009835809199293883 -0.5557486932147987 -0.8313497594626569
  outer loop
    vertex 149.8386141663689 4.853812457685494 36.21404827096445
    vertex 142.19944595908785 4.301662338847765 36.59219290084855
    vertex 142.20029475048062 4.86592888283218 36.21498556334733
  endloop
endfacet
facet normal 0.0013483228716728382 0.9999190456056153 0.012652440894509545
  outer loop
    vertex 149.8471751004005 11.850890115436705 15.528486976033001
    vertex 142.2108136331668 11.619320823339109 34.635561581664746
    vertex 149.84913304905507 11.607204398192412 34.634624289281874
  endloop
endfacet
facet normal 0.0013483228716728382 0.9999190456056153 0.012652440894509545
  outer loop
    vertex 142.2108136331668 11.619320823339109 34.635561581664746
    vertex 149.8471751004005 11.850890115436705 15.528486976033001
    vertex 142.20884968721327 11.859144717904883 15.53047220638296
  endloop
endfacet
facet normal 0.0014625049407808446 0.9468596496755777 -0.3216436924541515
  outer loop
    vertex 149.83167177612827 0.5891651434761441 34.76741940058074
    vertex 142.19377752119283 0.8195923879331468 35.41102537430891
    vertex 149.83209693708113 0.8074759627864561 35.41008808192604
  endloop
endfacet
facet normal 0.0014625049407808446 0.9468596496755777 -0.3216436924541515
  outer loop
    vertex 142.19377752119283 0.8195923879331468 35.41102537430891
    vertex 149.83167177612827 0.5891651434761441 34.76741940058074
    vertex 142.19335236024 0.6012815686228349 34.76835669296361
  endloop
endfacet
facet normal 0.0014998047284347639 0.9141304263162903 0.40541745678815316
  outer loop
    vertex 142.21031594215825 11.079614866985583 37.556511308162136
    vertex 149.84810724796174 10.664233076805214 38.464853885075684
    vertex 149.84863535804652 11.067498441838886 37.555574015779264
  endloop
endfacet
facet normal 0.0014998047284347639 0.9141304263162903 0.40541745678815316
  outer loop
    vertex 149.84810724796174 10.664233076805214 38.464853885075684
    vertex 142.21031594215825 11.079614866985583 37.556511308162136
    vertex 142.20978783207346 10.67634950195191 38.46579117745856
  endloop
endfacet
facet normal -0.0014770794712047047 -0.8969669004233913 -0.44209523609861445
  outer loop
    vertex 149.839261250379 5.3012237930538335 35.70365087007178
    vertex 142.2013431134116 5.613406001829795 35.09578343756981
    vertex 149.8396625292999 5.601289576683099 35.09484614518693
  endloop
endfacet
facet normal -0.0014770794712047047 -0.8969669004233913 -0.44209523609861445
  outer loop
    vertex 142.2013431134116 5.613406001829795 35.09578343756981
    vertex 149.839261250379 5.3012237930538335 35.70365087007178
    vertex 142.2009418344907 5.3133402182005245 35.704588162454655
  endloop
endfacet
facet normal 0.0013351964060456807 0.7947731207860813 0.6069051851207982
  outer loop
    vertex 142.2090886697035 10.169387670230666 39.32159625257408
    vertex 149.84654749014922 9.55358782718921 40.11121490671105
    vertex 149.8474080855918 10.15727124508398 39.3206589601912
  endloop
endfacet
facet normal 0.0013351964060456807 0.7947731207860813 0.6069051851207982
  outer loop
    vertex 149.84654749014922 9.55358782718921 40.11121490671105
    vertex 142.2090886697035 10.169387670230666 39.32159625257408
    vertex 142.20822807426094 9.565704252335895 40.11215219909393
  endloop
endfacet
facet normal 0.0006327672887417081 0.3257656630960081 0.9454503330969726
  outer loop
    vertex 149.84175728141093 6.3551958944644875 42.41992034922735
    vertex 142.20198585151348 5.426881103468468 42.7448948826849
    vertex 149.84030526740176 5.414764678321783 42.74395759030203
  endloop
endfacet
facet normal 0.0006327672887417081 0.3257656630960081 0.9454503330969726
  outer loop
    vertex 142.20198585151348 5.426881103468468 42.7448948826849
    vertex 149.84175728141093 6.3551958944644875 42.41992034922735
    vertex 142.20343786552266 6.3673123196111785 42.420857641610226
  endloop
endfacet
facet normal -0.0008041362337087009 -0.5704705876627323 0.8213176376875482
  outer loop
    vertex 149.8295497356434 -1.2937563239246834 41.81479768016186
    vertex 142.1898647755548 -2.098597238132878 41.24829162276727
    vertex 149.82818419144309 -2.110713663279569 41.2473543303844
  endloop
endfacet
facet normal -0.0008041362337087009 -0.5704705876627323 0.8213176376875482
  outer loop
    vertex 142.1898647755548 -2.098597238132878 41.24829162276727
    vertex 149.8295497356434 -1.2937563239246834 41.81479768016186
    vertex 142.1912303197551 -1.2816398987779871 41.815734972544725
  endloop
endfacet
facet normal 0.0012505468157369404 0.8313488279591252 -0.5557495500525851
  outer loop
    vertex 149.83209693708113 0.8074759627864561 35.41008808192604
    vertex 142.19444511316834 1.1967991438673156 35.97529255053872
    vertex 149.83276452905662 1.184682718720619 35.97435525815584
  endloop
endfacet
facet normal 0.0012505468157369404 0.8313488279591252 -0.5557495500525851
  outer loop
    vertex 142.19444511316834 1.1967991438673156 35.97529255053872
    vertex 149.83209693708113 0.8074759627864561 35.41008808192604
    vertex 142.19377752119283 0.8195923879331468 35.41102537430891
  endloop
endfacet
facet normal 0.0009533659918264307 0.6591829574858945 -0.7519819942348588
  outer loop
    vertex 142.19444511316834 1.1967991438673156 35.97529255053872
    vertex 149.83362905676492 1.6950793942257674 36.42176705370568
    vertex 149.83276452905662 1.184682718720619 35.97435525815584
  endloop
endfacet
facet normal 0.0009533659918264307 0.6591829574858945 -0.7519819942348588
  outer loop
    vertex 149.83362905676492 1.6950793942257674 36.42176705370568
    vertex 142.19444511316834 1.1967991438673156 35.97529255053872
    vertex 142.19530964087664 1.7071958193724637 36.42270434608855
  endloop
endfacet
facet normal 0.00045748589198985333 0.21281878484468023 0.9770915799063528
  outer loop
    vertex 149.84030526740176 5.414764678321783 42.74395759030203
    vertex 142.20047012640117 4.4549766385424805 42.95658457983013
    vertex 149.83878954228945 4.44286021339579 42.955647287447256
  endloop
endfacet
facet normal 0.00045748589198985333 0.21281878484468023 0.9770915799063528
  outer loop
    vertex 142.20047012640117 4.4549766385424805 42.95658457983013
    vertex 149.84030526740176 5.414764678321783 42.74395759030203
    vertex 142.20198585151348 5.426881103468468 42.7448948826849
  endloop
endfacet
facet normal -0.0004627981242430466 -0.3638088683600423 0.9314735063975152
  outer loop
    vertex 149.83251367412348 0.5105533727342403 42.64455526555114
    vertex 142.1926801295715 -0.4038586578322383 42.2836143430442
    vertex 149.83099954545978 -0.41597508297893465 42.28267705066132
  endloop
endfacet
facet normal -0.0004627981242430466 -0.3638088683600423 0.9314735063975152
  outer loop
    vertex 142.1926801295715 -0.4038586578322383 42.2836143430442
    vertex 149.83251367412348 0.5105533727342403 42.64455526555114
    vertex 142.1941942582352 0.522669797880931 42.64549255793401
  endloop
endfacet
facet normal -0.00022653265546800468 -0.06561807246442233 -0.9978447861511378
  outer loop
    vertex 142.1973844331461 2.981721879161528 36.85504166692729
    vertex 149.8367727199308 3.646877993578277 36.809566825889355
    vertex 149.8357038490344 2.9696054540148316 36.85410437454441
  endloop
endfacet
facet normal -0.00022653265546800468 -0.06561807246442233 -0.9978447861511378
  outer loop
    vertex 149.8367727199308 3.646877993578277 36.809566825889355
    vertex 142.1973844331461 2.981721879161528 36.85504166692729
    vertex 142.19845330404252 3.658994418724968 36.810504118272235
  endloop
endfacet
facet normal -0.0015797668719264332 -0.9808260633890268 -0.19487877697023728
  outer loop
    vertex 149.8396625292999 5.601289576683099 35.09484614518693
    vertex 142.20147124074865 5.745677246447445 34.43006042459629
    vertex 149.83979065663692 5.733560821300754 34.42912313221342
  endloop
endfacet
facet normal -0.0015797668719264332 -0.9808260633890268 -0.19487877697023728
  outer loop
    vertex 142.20147124074865 5.745677246447445 34.43006042459629
    vertex 149.8396625292999 5.601289576683099 35.09484614518693
    vertex 142.2013431134116 5.613406001829795 35.09578343756981
  endloop
endfacet
facet normal -0.0006264008800997572 -0.32164310590298123 -0.9468607712050495
  outer loop
    vertex 142.19845330404252 3.658994418724968 36.810504118272235
    vertex 149.83776537497613 4.289545913701069 36.59125560846568
    vertex 149.8367727199308 3.646877993578277 36.809566825889355
  endloop
endfacet
facet normal -0.0006264008800997572 -0.32164310590298123 -0.9468607712050495
  outer loop
    vertex 149.83776537497613 4.289545913701069 36.59125560846568
    vertex 142.19845330404252 3.658994418724968 36.810504118272235
    vertex 142.19944595908785 4.301662338847765 36.59219290084855
  endloop
endfacet
facet normal -0.0009593539565571869 -0.6627170416563274 0.7488692825442047
  outer loop
    vertex 149.82818419144309 -2.110713663279569 41.2473543303844
    vertex 142.188602284396 -2.843490816265996 40.589091290837615
    vertex 149.8269217002843 -2.8556072414126867 40.588153998454736
  endloop
endfacet
facet normal -0.0009593539565571869 -0.6627170416563274 0.7488692825442047
  outer loop
    vertex 142.188602284396 -2.843490816265996 40.589091290837615
    vertex 149.82818419144309 -2.110713663279569 41.2473543303844
    vertex 142.1898647755548 -2.098597238132878 41.24829162276727
  endloop
endfacet
facet normal -0.0015747957710144243 -0.9978435510263096 0.06561834875615521
  outer loop
    vertex 142.20147124074865 5.745677246447445 34.43006042459629
    vertex 149.83963690072315 5.689023460174755 33.75184975432608
    vertex 149.83979065663692 5.733560821300754 34.42912313221342
  endloop
endfacet
facet normal -0.0015747957710144243 -0.9978435510263096 0.06561834875615521
  outer loop
    vertex 149.83963690072315 5.689023460174755 33.75184975432608
    vertex 142.20147124074865 5.745677246447445 34.43006042459629
    vertex 142.20131748483487 5.701139885321446 33.75278704670895
  endloop
endfacet
facet normal -0.0014625049407808446 -0.9468596496755777 0.3216436924541515
  outer loop
    vertex 142.20131748483487 5.701139885321446 33.75278704670895
    vertex 149.8392117397703 5.470712640864448 33.109181072980775
    vertex 149.83963690072315 5.689023460174755 33.75184975432608
  endloop
endfacet
facet normal -0.0014625049407808446 -0.9468596496755777 0.3216436924541515
  outer loop
    vertex 149.8392117397703 5.470712640864448 33.109181072980775
    vertex 142.20131748483487 5.701139885321446 33.75278704670895
    vertex 142.20089232388204 5.482829066011139 33.11011836536366
  endloop
endfacet
facet normal 0.0015516556121353419 0.9553137208696932 0.2955897276343734
  outer loop
    vertex 142.21066573411557 11.373635561186136 36.6062666958273
    vertex 149.84863535804652 11.067498441838886 37.555574015779264
    vertex 149.84898515000384 11.36151913603945 36.60532940344443
  endloop
endfacet
facet normal 0.0015516556121353419 0.9553137208696932 0.2955897276343734
  outer loop
    vertex 149.84863535804652 11.067498441838886 37.555574015779264
    vertex 142.21066573411557 11.373635561186136 36.6062666958273
    vertex 142.21031594215825 11.079614866985583 37.556511308162136
  endloop
endfacet
facet normal -0.0009533659918264307 -0.6591829574858945 0.7519819942348588
  outer loop
    vertex 149.8385441477948 5.09350588493028 32.54491389675098
    vertex 142.19936020419823 4.595225634571823 32.098439393584016
    vertex 149.83767962008648 4.583109209425132 32.097502101201144
  endloop
endfacet
facet normal -0.0009533659918264307 -0.6591829574858945 0.7519819942348588
  outer loop
    vertex 142.19936020419823 4.595225634571823 32.098439393584016
    vertex 149.8385441477948 5.09350588493028 32.54491389675098
    vertex 142.20022473190653 5.105622310076959 32.545851189133856
  endloop
endfacet
facet normal -0.0005912148510852312 -0.44209485781162877 0.8969681082187458
  outer loop
    vertex 149.83767962008648 4.583109209425132 32.097502101201144
    vertex 142.19835765689163 3.9864217294614033 31.79837335319791
    vertex 149.83667707277993 3.9743053043147065 31.797436060815038
  endloop
endfacet
facet normal -0.0005912148510852312 -0.44209485781162877 0.8969681082187458
  outer loop
    vertex 142.19835765689163 3.9864217294614033 31.79837335319791
    vertex 149.83767962008648 4.583109209425132 32.097502101201144
    vertex 142.19936020419823 4.595225634571823 32.098439393584016
  endloop
endfacet
facet normal -0.0001887733952710619 -0.19487872417364885 0.9808273279375205
  outer loop
    vertex 149.83667707277993 3.9743053043147065 31.797436060815038
    vertex 142.19728541192876 3.3206995747827524 31.666102072745282
    vertex 149.83560482781704 3.308583149636062 31.66516478036241
  endloop
endfacet
facet normal -0.0001887733952710619 -0.19487872417364885 0.9808273279375205
  outer loop
    vertex 142.19728541192876 3.3206995747827524 31.666102072745282
    vertex 149.83667707277993 3.9743053043147065 31.797436060815038
    vertex 142.19835765689163 3.9864217294614033 31.79837335319791
  endloop
endfacet
facet normal 0.0015908937660566937 0.9978643497547753 0.06530090769280678
  outer loop
    vertex 149.84913304905507 11.607204398192412 34.634624289281874
    vertex 142.2108323954377 11.554366390057945 35.62813099258211
    vertex 149.84915181132595 11.542249964911253 35.62719370019923
  endloop
endfacet
facet normal 0.0015908937660566937 0.9978643497547753 0.06530090769280678
  outer loop
    vertex 142.2108323954377 11.554366390057945 35.62813099258211
    vertex 149.84913304905507 11.607204398192412 34.634624289281874
    vertex 142.2108136331668 11.619320823339109 34.635561581664746
  endloop
endfacet
facet normal 0.0014273192365237375 0.8603703457035372 0.5096673728950804
  outer loop
    vertex 142.20978783207346 10.67634950195191 38.46579117745856
    vertex 149.8474080855918 10.15727124508398 39.3206589601912
    vertex 149.84810724796174 10.664233076805214 38.464853885075684
  endloop
endfacet
facet normal 0.0014273192365237375 0.8603703457035372 0.5096673728950804
  outer loop
    vertex 149.8474080855918 10.15727124508398 39.3206589601912
    vertex 142.20978783207346 10.67634950195191 38.46579117745856
    vertex 142.2090886697035 10.169387670230666 39.32159625257408
  endloop
endfacet
facet normal -0.0011144580007781415 -0.7536402720024766 0.6572861617282061
  outer loop
    vertex 142.188602284396 -2.843490816265996 40.589091290837615
    vertex 149.80134908303364 -17.66336910150493 23.608734332891938
    vertex 149.8269217002843 -2.8556072414126867 40.588153998454736
  endloop
endfacet
facet normal -0.0011144580007781415 -0.7536402720024766 0.6572861617282061
  outer loop
    vertex 149.80134908303364 -17.66336910150493 23.608734332891938
    vertex 142.188602284396 -2.843490816265996 40.589091290837615
    vertex 145.96210589804505 -17.659150583687367 23.609722468020028
  endloop
endfacet
facet normal -0.0011144580007781415 -0.7536402720024766 0.6572861617282061
  outer loop
    vertex 145.96210589804505 -17.659150583687367 23.609722468020028
    vertex 142.188602284396 -2.843490816265996 40.589091290837615
    vertex 142.16302966714537 -17.651252676358236 23.609671625274846
  endloop
endfacet
facet normal 0.0010973612420340545 0.6318276770777158 0.7751081100574824
  outer loop
    vertex 149.84553730187577 8.861488418225843 40.82564510055506
    vertex 142.20607200325205 8.102611483027582 41.45505756309229
    vertex 149.84439141914032 8.090495057880887 41.45412027070941
  endloop
endfacet
facet normal 0.0010973612420340545 0.6318276770777158 0.7751081100574824
  outer loop
    vertex 142.20607200325205 8.102611483027582 41.45505756309229
    vertex 149.84553730187577 8.861488418225843 40.82564510055506
    vertex 142.2072178859875 8.873604843372535 40.826582392937944
  endloop
endfacet
facet normal -9.6078546707721e-05 -0.13719459805930892 0.9905441095843525
  outer loop
    vertex 149.8356509629706 2.458367193056688 43.031919946025
    vertex 142.1957518740674 1.485198107777345 42.89639082561383
    vertex 149.8340712899557 1.4730816826306543 42.895453533230956
  endloop
endfacet
facet normal -9.6078546707721e-05 -0.13719459805930892 0.9905441095843525
  outer loop
    vertex 142.1957518740674 1.485198107777345 42.89639082561383
    vertex 149.8356509629706 2.458367193056688 43.031919946025
    vertex 142.19733154708234 2.470483618203379 43.03285723840788
  endloop
endfacet
facet normal 0.0005592362745695724 0.2640568458257575 0.9645069566505684
  outer loop
    vertex 142.16302966714537 -17.651252676358236 23.609671625274846
    vertex 142.00884994034328 11.859461971194564 15.530496748200243
    vertex 141.9228629661919 -17.65461481257868 23.610735144965375
  endloop
endfacet
facet normal 0.0005592362745695724 0.2640568458257575 0.9645069566505684
  outer loop
    vertex 142.00884994034328 11.859461971194564 15.530496748200243
    vertex 142.16302966714537 -17.651252676358236 23.609671625274846
    vertex 142.20884968721327 11.859144717904883 15.53047220638296
  endloop
endfacet
facet normal -0.9999998389923889 -1.8767824829636638e-05 0.0005671533876204636
  outer loop
    vertex 128.01117781855038 -30.967115790528645 0.002170506161115132
    vertex 128.01080147158672 -9.1606340605055 4.010395208473606
    vertex 128.01117782528337 52.39276395562582 0.011500615407769582
  endloop
endfacet
facet normal -0.9999998389923889 -1.8767824829636638e-05 0.0005671533876204636
  outer loop
    vertex 128.01080147158672 -9.1606340605055 4.010395208473606
    vertex 128.01117781855038 -30.967115790528645 0.002170506161115132
    vertex 128.01719798369382 -27.342495511142392 7.780032549820988
  endloop
endfacet
facet normal -0.9999998389923889 -1.8767824829636638e-05 0.0005671533876204636
  outer loop
    vertex 128.01080147655833 52.392315605628696 4.017284562759957
    vertex 128.01117782528337 52.39276395562582 0.011500615407769582
    vertex 128.01080147158672 -9.1606340605055 4.010395208473606
  endloop
endfacet
facet normal -0.999999258666409 -8.641112022031958e-05 0.001214578013454369
  outer loop
    vertex 128.01719798369382 -27.342495511142392 7.780032549820988
    vertex 128.0354611315342 -14.626921821843048 23.6729183853844
    vertex 128.01080147158672 -9.1606340605055 4.010395208473606
  endloop
endfacet
facet normal -0.999999258666409 -8.641112022031958e-05 0.001214578013454369
  outer loop
    vertex 128.0354611315342 -14.626921821843048 23.6729183853844
    vertex 128.01719798369382 -27.342495511142392 7.780032549820988
    vertex 128.02350842950307 -23.021200177343943 13.5953294493335
  endloop
endfacet
facet normal -0.999999258666409 -8.641112022031958e-05 0.001214578013454369
  outer loop
    vertex 128.0354611315342 -14.626921821843048 23.6729183853844
    vertex 128.02350842950307 -23.021200177343943 13.5953294493335
    vertex 128.0285316853506 -19.56821287199485 18.165583229854892
  endloop
endfacet
facet normal 8.076989221730111e-11 0.9999999937363239 0.00011192565556266991
  outer loop
    vertex 163.73813629399402 52.392764954765866 0.002548014672181114
    vertex 128.01080147655833 52.392315605628696 4.017284562759957
    vertex 163.76366202440562 52.39231522677944 4.0206435914770715
  endloop
endfacet
facet normal 8.076989221730111e-11 0.9999999937363239 0.00011192565556266991
  outer loop
    vertex 128.01080147655833 52.392315605628696 4.017284562759957
    vertex 163.73813629399402 52.392764954765866 0.002548014672181114
    vertex 128.01117782528337 52.39276395562582 0.011500615407769582
  endloop
endfacet
facet normal -0.7933533205016248 -0.6087614434248647 0.00011767889189122002
  outer loop
    vertex 157.7580388911487 48.84355446539228 4.017216878277122
    vertex 157.51875077165917 49.15462484728378 0.0031625322005251295
    vertex 157.7571286868602 48.84396469838873 0.003076731597741368
  endloop
endfacet
facet normal -0.7933533205016248 -0.6087614434248647 0.00011767889189122002
  outer loop
    vertex 157.51875077165917 49.15462484728378 0.0031625322005251295
    vertex 157.7580388911487 48.84355446539228 4.017216878277122
    vertex 157.51966097594763 49.15421461428731 4.017302678879905
  endloop
endfacet
facet normal -0.9914448357562046 0.13052616955003293 0.00023814900526703746
  outer loop
    vertex 157.90697930792646 47.70573619853499 0.0029264295297972975
    vertex 157.95900076922527 48.09355451233405 4.017094662541555
    vertex 157.9580905649368 48.0939647453305 0.0029545158621734954
  endloop
endfacet
facet normal -0.9914448357562046 0.13052616955003293 0.00023814900526703746
  outer loop
    vertex 157.95900076922527 48.09355451233405 4.017094662541555
    vertex 157.90697930792646 47.70573619853499 0.0029264295297972975
    vertex 157.9078895122149 47.70532596553854 4.017066576209177
  endloop
endfacet
facet normal -0.382683421608313 0.9238795191993304 0.0001811909718373182
  outer loop
    vertex 157.20809062149365 46.794926696606495 0.002991820213695583
    vertex 156.84722942119083 46.64466583031795 4.017198684097774
    vertex 157.20900082578214 46.79451646361002 4.017131966893075
  endloop
endfacet
facet normal -0.382683421608313 0.9238795191993304 0.0001811909718373182
  outer loop
    vertex 156.84722942119083 46.64466583031795 4.017198684097774
    vertex 157.20809062149365 46.794926696606495 0.002991820213695583
    vertex 156.84631921690234 46.6450760633144 0.003058537418392247
  endloop
endfacet
facet normal 0.382683421608313 -0.9238795191993304 -0.0001811909718373182
  outer loop
    vertex 155.70900094406494 49.39259249452342 4.017737606643925
    vertex 156.0698621443678 49.54285336081196 0.003530742759847914
    vertex 156.07077234865625 49.542443127815496 4.017670889439228
  endloop
endfacet
facet normal 0.382683421608313 -0.9238795191993304 -0.0001811909718373182
  outer loop
    vertex 156.0698621443678 49.54285336081196 0.003530742759847914
    vertex 155.70900094406494 49.39259249452342 4.017737606643925
    vertex 155.70809073977648 49.393002727519885 0.0035974599645445774
  endloop
endfacet
facet normal 0.7933533205016248 0.6087614434248647 -0.00011767889189122002
  outer loop
    vertex 155.15905267440993 47.34396472573763 0.003512548580498792
    vertex 155.39834079389942 47.032894343846124 4.0175668946570955
    vertex 155.397430589611 47.03330457684259 0.0034267479777150317
  endloop
endfacet
facet normal 0.7933533205016248 0.6087614434248647 -0.00011767889189122002
  outer loop
    vertex 155.39834079389942 47.032894343846124 4.0175668946570955
    vertex 155.15905267440993 47.34396472573763 0.003512548580498792
    vertex 155.1599628786984 47.34355449274118 4.01765269525988
  endloop
endfacet
facet normal 0.9238795083798604 -0.38268340987645116 -0.00024859830897036133
  outer loop
    vertex 155.1599628801906 48.84355440777131 4.017805990719079
    vertex 155.0092020533437 48.48219322559138 0.003662850648442864
    vertex 155.1590526759021 48.84396464076777 0.0036658440396979022
  endloop
endfacet
facet normal 0.9238795083798604 -0.38268340987645116 -0.00024859830897036133
  outer loop
    vertex 155.0092020533437 48.48219322559138 0.003662850648442864
    vertex 155.1599628801906 48.84355440777131 4.017805990719079
    vertex 155.01011225763216 48.481782992594916 4.0178029973278235
  endloop
endfacet
facet normal -0.3826834234467032 -0.9238795361737774 -7.644420781365543e-06
  outer loop
    vertex 156.84722942407387 49.54244314503581 4.01749482818396
    vertex 157.2080906240782 49.39300276078721 0.003257335737597992
    vertex 157.20900082836667 49.39259252779074 4.017397482416979
  endloop
endfacet
facet normal -0.3826834234467032 -0.9238795361737774 -7.644420781365543e-06
  outer loop
    vertex 157.2080906240782 49.39300276078721 0.003257335737597992
    vertex 156.84722942407387 49.54244314503581 4.01749482818396
    vertex 156.84631921978539 49.54285337803229 0.0033546815045787924
  endloop
endfacet
facet normal -0.9238795083798605 0.3826834098764513 0.00024859830898253476
  outer loop
    vertex 157.75712868536803 47.343964783358594 0.0029234361385422577
    vertex 157.9078895122149 47.70532596553854 4.017066576209177
    vertex 157.90697930792646 47.70573619853499 0.0029264295297972975
  endloop
endfacet
facet normal -0.9238795083798605 0.3826834098764513 0.00024859830898253476
  outer loop
    vertex 157.9078895122149 47.70532596553854 4.017066576209177
    vertex 157.75712868536803 47.343964783358594 0.0029234361385422577
    vertex 157.7580388896565 47.34355455036215 4.017063582817924
  endloop
endfacet
facet normal 0.13052618787827272 -0.9914448533015198 -0.00013091941707917056
  outer loop
    vertex 156.07077234865625 49.542443127815496 4.017670889439228
    vertex 156.45809068212725 49.593964627093314 0.0034479355483191926
    vertex 156.45900088641574 49.593554394096856 4.0175880822277
  endloop
endfacet
facet normal 0.13052618787827272 -0.9914448533015198 -0.00013091941707917056
  outer loop
    vertex 156.45809068212725 49.593964627093314 0.0034479355483191926
    vertex 156.07077234865625 49.542443127815496 4.017670889439228
    vertex 156.0698621443678 49.54285336081196 0.003530742759847914
  endloop
endfacet
facet normal -0.13052618787827272 0.9914448533015198 0.00013091941707917056
  outer loop
    vertex 156.84631921690234 46.6450760633144 0.003058537418392247
    vertex 156.45900088343134 46.593554564036594 4.017281491309302
    vertex 156.84722942119083 46.64466583031795 4.017198684097774
  endloop
endfacet
facet normal -0.13052618787827272 0.9914448533015198 0.00013091941707917056
  outer loop
    vertex 156.45900088343134 46.593554564036594 4.017281491309302
    vertex 156.84631921690234 46.6450760633144 0.003058537418392247
    vertex 156.45809067914288 46.59396479703304 0.003141344629920969
  endloop
endfacet
facet normal 0.9914448357562047 -0.13052616955003296 -0.00023814900531925014
  outer loop
    vertex 155.01011225763216 48.481782992594916 4.0178029973278235
    vertex 154.95809079633335 48.09396467879587 0.003634764316066665
    vertex 155.0092020533437 48.48219322559138 0.003662850648442864
  endloop
endfacet
facet normal 0.9914448357562047 -0.13052616955003296 -0.00023814900531925014
  outer loop
    vertex 154.95809079633335 48.09396467879587 0.003634764316066665
    vertex 155.01011225763216 48.481782992594916 4.0178029973278235
    vertex 154.9590010006218 48.0935544457994 4.017774910995448
  endloop
endfacet
facet normal 0.13052618985119976 0.9914448590911756 7.172592040157402e-05
  outer loop
    vertex 156.45809067914288 46.59396479703304 0.003141344629920969
    vertex 156.0707723457732 46.644665813097625 4.017374745353043
    vertex 156.45900088343134 46.593554564036594 4.017281491309302
  endloop
endfacet
facet normal 0.13052618985119976 0.9914448590911756 7.172592040157402e-05
  outer loop
    vertex 156.0707723457732 46.644665813097625 4.017374745353043
    vertex 156.45809067914288 46.59396479703304 0.003141344629920969
    vertex 156.06986214148475 46.64507604609407 0.0032345986736613693
  endloop
endfacet
facet normal 0.608761414147603 0.7933533496499483 -5.695803348179998e-05
  outer loop
    vertex 155.70809073719195 46.79492666333916 0.0033319444406421698
    vertex 155.39834079389942 47.032894343846124 4.0175668946570955
    vertex 155.70900094148038 46.7945164303427 4.0174720911200215
  endloop
endfacet
facet normal 0.608761414147603 0.7933533496499483 -5.695803348179998e-05
  outer loop
    vertex 155.39834079389942 47.032894343846124 4.0175668946570955
    vertex 155.70809073719195 46.79492666333916 0.0033319444406421698
    vertex 155.397430589611 47.03330457684259 0.0034267479777150317
  endloop
endfacet
facet normal 0.9914448360159039 0.1305262135271485 -0.00021147024040238897
  outer loop
    vertex 154.95809079633335 48.09396467879587 0.003634764316066665
    vertex 155.01011225685974 47.70532590127087 4.017723645759086
    vertex 155.00920205257128 47.705736134267326 0.0035834990797059185
  endloop
endfacet
facet normal 0.9914448360159039 0.1305262135271485 -0.00021147024040238897
  outer loop
    vertex 155.01011225685974 47.70532590127087 4.017723645759086
    vertex 154.95809079633335 48.09396467879587 0.003634764316066665
    vertex 154.9590010006218 48.0935544457994 4.017774910995448
  endloop
endfacet
facet normal -0.608761414147603 -0.7933533496499483 5.695803348179998e-05
  outer loop
    vertex 157.20900082836667 49.39259252779074 4.017397482416979
    vertex 157.51875077165917 49.15462484728378 0.0031625322005251295
    vertex 157.51966097594763 49.15421461428731 4.017302678879905
  endloop
endfacet
facet normal -0.608761414147603 -0.7933533496499483 5.695803348179998e-05
  outer loop
    vertex 157.51875077165917 49.15462484728378 0.0031625322005251295
    vertex 157.20900082836667 49.39259252779074 4.017397482416979
    vertex 157.2080906240782 49.39300276078721 0.003257335737597992
  endloop
endfacet
facet normal -0.923879509141305 -0.3826834508564923 0.00017038012829167522
  outer loop
    vertex 157.90788951298734 48.48178305686258 4.017145927777915
    vertex 157.7571286868602 48.84396469838873 0.003076731597741368
    vertex 157.90697930869885 48.48219328985905 0.0030057810985342445
  endloop
endfacet
facet normal -0.923879509141305 -0.3826834508564923 0.00017038012829167522
  outer loop
    vertex 157.7571286868602 48.84396469838873 0.003076731597741368
    vertex 157.90788951298734 48.48178305686258 4.017145927777915
    vertex 157.7580388911487 48.84355446539228 4.017216878277122
  endloop
endfacet
facet normal -0.991444836015904 -0.13052621352714847 0.00021147024051542627
  outer loop
    vertex 157.95900076922527 48.09355451233405 4.017094662541555
    vertex 157.90697930869885 48.48219328985905 0.0030057810985342445
    vertex 157.9580905649368 48.0939647453305 0.0029545158621734954
  endloop
endfacet
facet normal -0.991444836015904 -0.13052621352714847 0.00021147024051542627
  outer loop
    vertex 157.90697930869885 48.48219328985905 0.0030057810985342445
    vertex 157.95900076922527 48.09355451233405 4.017094662541555
    vertex 157.90788951298734 48.48178305686258 4.017145927777915
  endloop
endfacet
facet normal -0.7933533192903176 0.6087614082345368 0.00024210604869328228
  outer loop
    vertex 157.51875076954852 47.03330462388958 0.0029457396830754917
    vertex 157.7580388896565 47.34355455036215 4.017063582817924
    vertex 157.75712868536803 47.343964783358594 0.0029234361385422577
  endloop
endfacet
facet normal -0.7933533192903176 0.6087614082345368 0.00024210604869328228
  outer loop
    vertex 157.7580388896565 47.34355455036215 4.017063582817924
    vertex 157.51875076954852 47.03330462388958 0.0029457396830754917
    vertex 157.519660973837 47.0328943908931 4.017085886362456
  endloop
endfacet
facet normal -0.6087614125693205 0.7933533226472117 0.00021911466129687855
  outer loop
    vertex 157.51875076954852 47.03330462388958 0.0029457396830754917
    vertex 157.20900082578214 46.79451646361002 4.017131966893075
    vertex 157.519660973837 47.0328943908931 4.017085886362456
  endloop
endfacet
facet normal -0.6087614125693205 0.7933533226472117 0.00021911466129687855
  outer loop
    vertex 157.20900082578214 46.79451646361002 4.017131966893075
    vertex 157.51875076954852 47.03330462388958 0.0029457396830754917
    vertex 157.20809062149365 46.794926696606495 0.002991820213695583
  endloop
endfacet
facet normal 0.3826834234467032 0.9238795361737774 7.644420781365543e-06
  outer loop
    vertex 156.06986214148475 46.64507604609407 0.0032345986736613693
    vertex 155.70900094148038 46.7945164303427 4.0174720911200215
    vertex 156.0707723457732 46.644665813097625 4.017374745353043
  endloop
endfacet
facet normal 0.3826834234467032 0.9238795361737774 7.644420781365543e-06
  outer loop
    vertex 155.70900094148038 46.7945164303427 4.0174720911200215
    vertex 156.06986214148475 46.64507604609407 0.0032345986736613693
    vertex 155.70809073719195 46.79492666333916 0.0033319444406421698
  endloop
endfacet
facet normal 0.9238795091413051 0.38268345085649225 -0.0001703801281255166
  outer loop
    vertex 155.00920205257128 47.705736134267326 0.0035834990797059185
    vertex 155.1599628786984 47.34355449274118 4.01765269525988
    vertex 155.15905267440993 47.34396472573763 0.003512548580498792
  endloop
endfacet
facet normal 0.9238795091413051 0.38268345085649225 -0.0001703801281255166
  outer loop
    vertex 155.1599628786984 47.34355449274118 4.01765269525988
    vertex 155.00920205257128 47.705736134267326 0.0035834990797059185
    vertex 155.01011225685974 47.70532590127087 4.017723645759086
  endloop
endfacet
facet normal 0.6087614125693205 -0.7933533226472117 -0.00021911466129687855
  outer loop
    vertex 155.39834079601007 49.154214567240345 4.017783687174545
    vertex 155.70809073977648 49.393002727519885 0.0035974599645445774
    vertex 155.70900094406494 49.39259249452342 4.017737606643925
  endloop
endfacet
facet normal 0.6087614125693205 -0.7933533226472117 -0.00021911466129687855
  outer loop
    vertex 155.70809073977648 49.393002727519885 0.0035974599645445774
    vertex 155.39834079601007 49.154214567240345 4.017783687174545
    vertex 155.39743059172162 49.15462480023678 0.00364354049516467
  endloop
endfacet
facet normal 0.7933533192903176 -0.6087614082345368 -0.00024210604869328228
  outer loop
    vertex 155.39834079601007 49.154214567240345 4.017783687174545
    vertex 155.1590526759021 48.84396464076777 0.0036658440396979022
    vertex 155.39743059172162 49.15462480023678 0.00364354049516467
  endloop
endfacet
facet normal 0.7933533192903176 -0.6087614082345368 -0.00024210604869328228
  outer loop
    vertex 155.1590526759021 48.84396464076777 0.0036658440396979022
    vertex 155.39834079601007 49.154214567240345 4.017783687174545
    vertex 155.1599628801906 48.84355440777131 4.017805990719079
  endloop
endfacet
facet normal -0.13052618985119976 -0.9914448590911756 -7.172592040157402e-05
  outer loop
    vertex 156.45900088641574 49.593554394096856 4.0175880822277
    vertex 156.84631921978539 49.54285337803229 0.0033546815045787924
    vertex 156.84722942407387 49.54244314503581 4.01749482818396
  endloop
endfacet
facet normal -0.13052618985119976 -0.9914448590911756 -7.172592040157402e-05
  outer loop
    vertex 156.84631921978539 49.54285337803229 0.0033546815045787924
    vertex 156.45900088641574 49.593554394096856 4.0175880822277
    vertex 156.45809068212725 49.593964627093314 0.0034479355483191926
  endloop
endfacet
facet normal 0.00034721189796717777 0.734954496416034 0.6781163378372119
  outer loop
    vertex 139.08723284060815 21.60964844709078 4.014879837982757
    vertex 139.19929877523631 14.959916709958655 11.22191948124972
    vertex 145.88723174799554 21.605846879145606 4.015518281423461
  endloop
endfacet
facet normal 0.9177527741967615 0.38260791761965196 0.10649425725785461
  outer loop
    vertex 163.76241961642182 -14.66702529413912 23.66395748448194
    vertex 163.76366201943074 -9.200609255319483 4.01374976298321
    vertex 152.86152137634122 14.944758158563259 11.218467587662449
  endloop
endfacet
facet normal 0.0009865339933626171 0.7346583439722582 0.6784365441090415
  outer loop
    vertex 145.88723174799554 21.605846879145606 4.015518281423461
    vertex 146.03041007578858 14.952337434260777 11.220193534456083
    vertex 152.86152137634122 14.944758158563259 11.218467587662449
  endloop
endfacet
facet normal 0.9037835795171438 0.32497284938896404 0.27851012289537386
  outer loop
    vertex 152.86152137634122 14.944758158563259 11.218467587662449
    vertex 163.76366201943074 -9.200609255319483 4.01374976298321
    vertex 152.68723065538293 21.60204531120007 4.016156724864165
  endloop
endfacet
facet normal -0.9137990900428895 0.3910285208994088 0.10985407994247644
  outer loop
    vertex 128.0354611315342 -14.626921821843048 23.6729183853844
    vertex 139.19929877523631 14.959916709958655 11.22191948124972
    vertex 128.01080147158672 -9.1606340605055 4.010395208473606
  endloop
endfacet
facet normal -0.8942856624308322 0.32187223317691294 0.31088811408665173
  outer loop
    vertex 139.19929877523631 14.959916709958655 11.22191948124972
    vertex 139.08723284060815 21.60964844709078 4.014879837982757
    vertex 128.01080147158672 -9.1606340605055 4.010395208473606
  endloop
endfacet
facet normal 0.00034681252944024886 0.734350053403258 0.6787708588232862
  outer loop
    vertex 145.88723174799554 21.605846879145606 4.015518281423461
    vertex 152.86152137634122 14.944758158563259 11.218467587662449
    vertex 152.68723065538293 21.60204531120007 4.016156724864165
  endloop
endfacet
facet normal 0.000986533993401405 0.7346583439722586 0.678436544109041
  outer loop
    vertex 139.19929877523631 14.959916709958655 11.22191948124972
    vertex 146.03041007578858 14.952337434260777 11.220193534456083
    vertex 145.88723174799554 21.605846879145606 4.015518281423461
  endloop
endfacet
facet normal -0.0002471195089462568 0.00012652042840876991 -0.9999999614622641
  outer loop
    vertex 135.52218216427846 -28.699272719630223 -0.0002760742468379953
    vertex 155.75000058749484 -28.678697847769335 -0.005353333220430986
    vertex 156.0449177430636 -28.764585101648894 -0.005442694142152005
  endloop
endfacet
facet normal -0.0002471195089462568 0.00012652042840876991 -0.9999999614622641
  outer loop
    vertex 155.75000058749484 -28.678697847769335 -0.005353333220430986
    vertex 135.52218216427846 -28.699272719630223 -0.0002760742468379953
    vertex 135.8459762240954 -28.669988463154304 -0.0003752685377282126
  endloop
endfacet
facet normal -0.0002471195089462568 0.00012652042840876991 -0.9999999614622641
  outer loop
    vertex 155.75000058749484 -28.678697847769335 -0.005353333220430986
    vertex 135.8459762240954 -28.669988463154304 -0.0003752685377282126
    vertex 155.4782757204015 -28.539430850425486 -0.005234301143557069
  endloop
endfacet
facet normal -0.0002471195089462568 0.00012652042840876991 -0.9999999614622641
  outer loop
    vertex 155.4782757204015 -28.539430850425486 -0.005234301143557069
    vertex 135.8459762240954 -28.669988463154304 -0.0003752685377282126
    vertex 136.15741491493338 -28.582561940134394 -0.00045818575288233043
  endloop
endfacet
facet normal -0.0002471195089462568 0.00012652042840876991 -0.9999999614622641
  outer loop
    vertex 155.4782757204015 -28.539430850425486 -0.005234301143557069
    vertex 136.15741491493338 -28.582561940134394 -0.00045818575288233043
    vertex 136.4445010676381 -28.44033661541875 -0.0005190949589841768
  endloop
endfacet
facet normal -0.0002471195089462568 0.00012652042840876991 -0.9999999614622641
  outer loop
    vertex 155.4782757204015 -28.539430850425486 -0.005234301143557069
    vertex 136.4445010676381 -28.44033661541875 -0.0005190949589841768
    vertex 155.2401435805497 -28.352166863702625 -0.005156709112739512
  endloop
endfacet
facet normal -0.0002471195089462568 0.00012652042840876991 -0.9999999614622641
  outer loop
    vertex 155.2401435805497 -28.352166863702625 -0.005156709112739512
    vertex 136.4445010676381 -28.44033661541875 -0.0005190949589841768
    vertex 136.69624218012478 -28.248808577469408 -0.0005379579099750667
  endloop
endfacet
facet normal -0.0002471195089462568 0.00012652042840876991 -0.9999999614622641
  outer loop
    vertex 155.2401435805497 -28.352166863702625 -0.005156709112739512
    vertex 136.69624218012478 -28.248808577469408 -0.0005379579099750667
    vertex 155.04481242973978 -28.12408023930852 -0.005107075423544119
  endloop
endfacet
facet normal -0.0002471195089462568 0.00012652042840876991 -0.9999999614622641
  outer loop
    vertex 155.04481242973978 -28.12408023930852 -0.005107075423544119
    vertex 136.69624218012478 -28.248808577469408 -0.0005379579099750667
    vertex 136.90289492911313 -28.015283471390934 -0.000537599169110691
  endloop
endfacet
facet normal -0.0002471195089462568 0.00012652042840876991 -0.9999999614622641
  outer loop
    vertex 155.04481242973978 -28.12408023930852 -0.005107075423544119
    vertex 136.90289492911313 -28.015283471390934 -0.000537599169110691
    vertex 154.899749234054 -27.863953193472955 -0.005020506857309083
  endloop
endfacet
facet normal -0.0002471195089462568 0.00012652042840876991 -0.9999999614622641
  outer loop
    vertex 154.899749234054 -27.863953193472955 -0.005020506857309083
    vertex 136.90289492911313 -28.015283471390934 -0.000537599169110691
    vertex 137.05654509555845 -27.748793223685414 -0.0005933609547569621
  endloop
endfacet
facet normal -0.0002471195089462568 0.00012652042840876991 -0.9999999614622641
  outer loop
    vertex 154.899749234054 -27.863953193472955 -0.005020506857309083
    vertex 137.05654509555845 -27.748793223685414 -0.0005933609547569621
    vertex 154.8105885206258 -27.58177128858265 -0.004958881439077051
  endloop
endfacet
facet normal -0.0002471195089462568 0.00012652042840876991 -0.9999999614622641
  outer loop
    vertex 154.8105885206258 -27.58177128858265 -0.004958881439077051
    vertex 137.05654509555845 -27.748793223685414 -0.0005933609547569621
    vertex 137.15135240220516 -27.459539463981915 -0.0005468811344296878
  endloop
endfacet
facet normal -0.0002471195089462568 0.00012652042840876991 -0.9999999614622641
  outer loop
    vertex 154.8105885206258 -27.58177128858265 -0.004958881439077051
    vertex 137.15135240220516 -27.459539463981915 -0.0005468811344296878
    vertex 154.78070555727558 -27.288387323195636 -0.004917036390806717
  endloop
endfacet
facet normal -0.0002471195089462568 0.00012652042840876991 -0.9999999614622641
  outer loop
    vertex 154.78070555727558 -27.288387323195636 -0.004917036390806717
    vertex 137.15135240220516 -27.459539463981915 -0.0005468811344296878
    vertex 137.18355065502055 -27.158649212179093 -0.0005362567810724067
  endloop
endfacet
facet normal -0.0002471195089462568 0.00012652042840876991 -0.9999999614622641
  outer loop
    vertex 154.78070555727558 -27.288387323195636 -0.004917036390806717
    vertex 137.18355065502055 -27.158649212179093 -0.0005362567810724067
    vertex 154.8112473664649 -26.995063580034525 -0.004893198954654339
  endloop
endfacet
facet normal -0.0002471195089462568 0.00012652042840876991 -0.9999999614622641
  outer loop
    vertex 154.8112473664649 -26.995063580034525 -0.004893198954654339
    vertex 137.18355065502055 -27.158649212179093 -0.0005362567810724067
    vertex 137.15199772843263 -26.857702652379963 -0.00044480450514894945
  endloop
endfacet
facet normal -0.0002471195089462568 0.00012652042840876991 -0.9999999614622641
  outer loop
    vertex 154.8112473664649 -26.995063580034525 -0.004893198954654339
    vertex 137.15199772843263 -26.857702652379963 -0.00044480450514894945
    vertex 154.90104162912925 -26.713067368614784 -0.004879295326531661
  endloop
endfacet
facet normal -0.0002471195089462568 0.00012652042840876991 -0.9999999614622641
  outer loop
    vertex 154.90104162912925 -26.713067368614784 -0.004879295326531661
    vertex 137.15199772843263 -26.857702652379963 -0.00044480450514894945
    vertex 137.05787081844224 -26.56823671338763 -0.0004129458937832584
  endloop
endfacet
facet normal -0.0002471195089462568 0.00012652042840876991 -0.9999999614622641
  outer loop
    vertex 154.90104162912925 -26.713067368614784 -0.004879295326531661
    vertex 137.05787081844224 -26.56823671338763 -0.0004129458937832584
    vertex 155.04665817292206 -26.453266734946297 -0.004864649284672275
  endloop
endfacet
facet normal -0.0002471195089462568 0.00012652042840876991 -0.9999999614622641
  outer loop
    vertex 155.04665817292206 -26.453266734946297 -0.004864649284672275
    vertex 137.05787081844224 -26.56823671338763 -0.0004129458937832584
    vertex 136.90478903379025 -26.301394418502788 -0.00033172307583676094
  endloop
endfacet
facet normal -0.0002471195089462568 0.00012652042840876991 -0.9999999614622641
  outer loop
    vertex 155.04665817292206 -26.453266734946297 -0.004864649284672275
    vertex 136.90478903379025 -26.301394418502788 -0.00033172307583676094
    vertex 155.24253156384015 -26.22564992314995 -0.004909289552528831
  endloop
endfacet
facet normal -0.0002471195089462568 0.00012652042840876991 -0.9999999614622641
  outer loop
    vertex 155.24253156384015 -26.22564992314995 -0.004909289552528831
    vertex 136.90478903379025 -26.301394418502788 -0.00033172307583676094
    vertex 136.69866126120039 -26.06743630956878 -0.0002231178508298879
  endloop
endfacet
facet normal -0.0002471195089462568 0.00012652042840876991 -0.9999999614622641
  outer loop
    vertex 155.24253156384015 -26.22564992314995 -0.004909289552528831
    vertex 136.69866126120039 -26.06743630956878 -0.0002231178508298879
    vertex 155.48105317788026 -26.03890592393369 -0.004953101576541877
  endloop
endfacet
facet normal -0.0002471195089462568 0.00012652042840876991 -0.9999999614622641
  outer loop
    vertex 155.48105317788026 -26.03890592393369 -0.004953101576541877
    vertex 136.69866126120039 -26.06743630956878 -0.0002231178508298879
    vertex 136.44738147587682 -25.875320507083234 -0.00018071104768433937
  endloop
endfacet
facet normal -0.0002471195089462568 0.00012652042840876991 -0.9999999614622641
  outer loop
    vertex 155.48105317788026 -26.03890592393369 -0.004953101576541877
    vertex 136.44738147587682 -25.875320507083234 -0.00018071104768433937
    vertex 155.7530901412417 -25.90026479033293 -0.004968493419131824
  endloop
endfacet
facet normal -0.0002471195089462568 0.00012652042840876991 -0.9999999614622641
  outer loop
    vertex 155.7530901412417 -25.90026479033293 -0.004968493419131824
    vertex 136.44738147587682 -25.875320507083234 -0.00018071104768433937
    vertex 156.04823000123383 -25.815009607695487 -0.005031823898876771
  endloop
endfacet
facet normal -0.0002471195089462568 0.00012652042840876991 -0.9999999614622641
  outer loop
    vertex 156.04823000123383 -25.815009607695487 -0.005031823898876771
    vertex 136.44738147587682 -25.875320507083234 -0.00018071104768433937
    vertex 136.16061546126394 -25.73245841883514 -9.584514360043952e-05
  endloop
endfacet
facet normal -0.0002471195089462568 0.00012652042840876991 -0.9999999614622641
  outer loop
    vertex 156.04823000123383 -25.815009607695487 -0.005031823898876771
    vertex 136.16061546126394 -25.73245841883514 -9.584514360043952e-05
    vertex 156.3550859488942 -25.7864768974757 -0.00513560527596979
  endloop
endfacet
facet normal -0.0002471195089462568 0.00012652042840876991 -0.9999999614622641
  outer loop
    vertex 128.01117781855038 -30.967115790528645 0.002170506161115132
    vertex 135.52218216427846 -28.699272719630223 -0.0002760742468379953
    vertex 156.35173935106326 -28.793822185801304 -0.0054908652274053785
  endloop
endfacet
facet normal -0.0002471195089462568 0.00012652042840876991 -0.9999999614622641
  outer loop
    vertex 135.52218216427846 -28.699272719630223 -0.0002760742468379953
    vertex 128.01117781855038 -30.967115790528645 0.002170506161115132
    vertex 135.19839364491895 -28.66926127580391 -0.0002129133737662411
  endloop
endfacet
facet normal -0.0002471195089462568 0.00012652042840876991 -0.9999999614622641
  outer loop
    vertex 135.19839364491895 -28.66926127580391 -0.0002129133737662411
    vertex 128.01117781855038 -30.967115790528645 0.002170506161115132
    vertex 134.88718260141934 -28.58113556318369 -0.000139726328418121
  endloop
endfacet
facet normal -0.0002471195089462568 0.00012652042840876991 -0.9999999614622641
  outer loop
    vertex 134.88718260141934 -28.58113556318369 -0.000139726328418121
    vertex 128.01117781855038 -30.967115790528645 0.002170506161115132
    vertex 134.60038606067997 -28.438281070056174 -5.4855251946725346e-05
  endloop
endfacet
facet normal -0.0002471195089462568 0.00012652042840876991 -0.9999999614622641
  outer loop
    vertex 134.60038606067997 -28.438281070056174 -5.4855251946725346e-05
    vertex 128.01117781855038 -30.967115790528645 0.002170506161115132
    vertex 134.349136800104 -28.246172951694795 5.0483921071406304e-05
  endloop
endfacet
facet normal -0.0002471195089462568 0.00012652042840876991 -0.9999999614622641
  outer loop
    vertex 134.349136800104 -28.246172951694795 5.0483921071406304e-05
    vertex 128.01117781855038 -30.967115790528645 0.002170506161115132
    vertex 134.14297854303436 -28.012184289383306 0.00015433834065034692
  endloop
endfacet
facet normal -0.0002471195089462568 0.00012652042840876991 -0.9999999614622641
  outer loop
    vertex 134.14297854303436 -28.012184289383306 0.00015433834065034692
    vertex 128.01117781855038 -30.967115790528645 0.002170506161115132
    vertex 133.98989671811273 -27.74536486375648 0.0001773795941058804
  endloop
endfacet
facet normal -0.0002471195089462568 0.00012652042840876991 -0.9999999614622641
  outer loop
    vertex 133.98989671811273 -27.74536486375648 0.0001773795941058804
    vertex 128.01117781855038 -30.967115790528645 0.002170506161115132
    vertex 133.89580032478452 -27.455914238896 0.00027407544512355063
  endloop
endfacet
facet normal -0.0002471195089462568 0.00012652042840876991 -0.9999999614622641
  outer loop
    vertex 133.89580032478452 -27.455914238896 0.00027407544512355063
    vertex 128.01117781855038 -30.967115790528645 0.002170506161115132
    vertex 133.86421688153584 -27.15495236496429 0.00030069048138942864
  endloop
endfacet
facet normal -0.0002471195089462568 0.00012652042840876991 -0.9999999614622641
  outer loop
    vertex 133.86421688153584 -27.15495236496429 0.00030069048138942864
    vertex 128.01117781855038 -30.967115790528645 0.002170506161115132
    vertex 128.01117782528337 52.39276395562582 0.011500615407769582
  endloop
endfacet
facet normal -0.0002471195089462568 0.00012652042840876991 -0.9999999614622641
  outer loop
    vertex 156.35173935106326 -28.793822185801304 -0.0054908652274053785
    vertex 135.52218216427846 -28.699272719630223 -0.0002760742468379953
    vertex 156.0449177430636 -28.764585101648894 -0.005442694142152005
  endloop
endfacet
facet normal -0.0002471195089462568 0.00012652042840876991 -0.9999999614622641
  outer loop
    vertex 133.86421688153584 -27.15495236496429 0.00030069048138942864
    vertex 128.01117782528337 52.39276395562582 0.011500615407769582
    vertex 133.8964761852272 -26.85406220216433 0.00037424203228236786
  endloop
endfacet
facet normal -0.0002471195089462568 0.00012652042840876991 -0.9999999614622641
  outer loop
    vertex 133.8964761852272 -26.85406220216433 0.00037424203228236786
    vertex 128.01117782528337 52.39276395562582 0.011500615407769582
    vertex 133.99122245766313 -26.56479309405997 0.0003558922640000879
  endloop
endfacet
facet normal -0.0002471195089462568 0.00012652042840876991 -0.9999999614622641
  outer loop
    vertex 133.99122245766313 -26.56479309405997 0.0003558922640000879
    vertex 128.01117782528337 52.39276395562582 0.011500615407769582
    vertex 134.14487263105494 -26.298310495898566 0.00036211682492681474
  endloop
endfacet
facet normal -0.0002471195089462568 0.00012652042840876991 -0.9999999614622641
  outer loop
    vertex 134.14487263105494 -26.298310495898566 0.00036211682492681474
    vertex 128.01117782528337 52.39276395562582 0.011500615407769582
    vertex 134.3515558811767 -26.064800683799213 0.0003653239801705431
  endloop
endfacet
facet normal -0.0002471195089462568 0.00012652042840876991 -0.9999999614622641
  outer loop
    vertex 134.3515558811767 -26.064800683799213 0.0003653239801705431
    vertex 128.01117782528337 52.39276395562582 0.011500615407769582
    vertex 134.6032664855806 -25.873249702325552 0.00028162626815501484
  endloop
endfacet
facet normal -0.0002471195089462568 0.00012652042840876991 -0.9999999614622641
  outer loop
    vertex 134.6032664855806 -25.873249702325552 0.00028162626815501484
    vertex 128.01117782528337 52.39276395562582 0.011500615407769582
    vertex 134.89035263019014 -25.731032007615077 0.00022262193188057696
  endloop
endfacet
facet normal -0.0002471195089462568 0.00012652042840876991 -0.9999999614622641
  outer loop
    vertex 134.89035263019014 -25.731032007615077 0.00022262193188057696
    vertex 128.01117782528337 52.39276395562582 0.011500615407769582
    vertex 135.20179133631083 -25.64360550444227 0.00020073986778379783
  endloop
endfacet
facet normal -0.0002471195089462568 0.00012652042840876991 -0.9999999614622641
  outer loop
    vertex 135.20179133631083 -25.64360550444227 0.00020073986778379783
    vertex 128.01117782528337 52.39276395562582 0.011500615407769582
    vertex 135.5256158803687 -25.614351801034953 0.00010534270802641225
  endloop
endfacet
facet normal -0.0002471195089462568 0.00012652042840876991 -0.9999999614622641
  outer loop
    vertex 135.5256158803687 -25.614351801034953 0.00010534270802641225
    vertex 128.01117782528337 52.39276395562582 0.011500615407769582
    vertex 134.57189182891946 46.95642221187442 0.009304825350922384
  endloop
endfacet
facet normal -0.0002471195089462568 0.00012652042840876991 -0.9999999614622641
  outer loop
    vertex 135.5256158803687 -25.614351801034953 0.00010534270802641225
    vertex 134.57189182891946 46.95642221187442 0.009304825350922384
    vertex 134.79885730666783 46.77163124441523 0.009234647677116582
  endloop
endfacet
facet normal -0.0002471195089462568 0.00012652042840876991 -0.9999999614622641
  outer loop
    vertex 135.5256158803687 -25.614351801034953 0.00010534270802641225
    vertex 134.79885730666783 46.77163124441523 0.009234647677116582
    vertex 135.05788893501924 46.634209544610016 0.009155632941598817
  endloop
endfacet
facet normal -0.0002471195089462568 0.00012652042840876991 -0.9999999614622641
  outer loop
    vertex 135.5256158803687 -25.614351801034953 0.00010534270802641225
    vertex 135.05788893501924 46.634209544610016 0.009155632941598817
    vertex 135.33904392046034 46.54945928052545 0.009026217993544094
  endloop
endfacet
facet normal -0.0002471195089462568 0.00012652042840876991 -0.9999999614622641
  outer loop
    vertex 135.5256158803687 -25.614351801034953 0.00010534270802641225
    vertex 135.33904392046034 46.54945928052545 0.009026217993544094
    vertex 135.63149219278293 46.52062361935214 0.008987497769538654
  endloop
endfacet
facet normal -0.0002471195089462568 0.00012652042840876991 -0.9999999614622641
  outer loop
    vertex 134.57189182891946 46.95642221187442 0.009304825350922384
    vertex 128.01117782528337 52.39276395562582 0.011500615407769582
    vertex 134.3856820641037 47.18150023550737 0.009364548691576508
  endloop
endfacet
facet normal -0.0002471195089462568 0.00012652042840876991 -0.9999999614622641
  outer loop
    vertex 134.3856820641037 47.18150023550737 0.009364548691576508
    vertex 128.01117782528337 52.39276395562582 0.011500615407769582
    vertex 134.24745097538246 47.438209263113826 0.009463554236858617
  endloop
endfacet
facet normal -0.0002471195089462568 0.00012652042840876991 -0.9999999614622641
  outer loop
    vertex 134.24745097538246 47.438209263113826 0.009463554236858617
    vertex 128.01117782528337 52.39276395562582 0.011500615407769582
    vertex 134.16246698151357 47.71665951709919 0.009521013273031073
  endloop
endfacet
facet normal -0.0002471195089462568 0.00012652042840876991 -0.9999999614622641
  outer loop
    vertex 134.16246698151357 47.71665951709919 0.009521013273031073
    vertex 128.01117782528337 52.39276395562582 0.011500615407769582
    vertex 134.13398347950678 48.0061814493809 0.009517383140761846
  endloop
endfacet
facet normal -0.0002471195089462568 0.00012652042840876991 -0.9999999614622641
  outer loop
    vertex 134.13398347950678 48.0061814493809 0.009517383140761846
    vertex 128.01117782528337 52.39276395562582 0.011500615407769582
    vertex 134.16308662862554 48.29564251129129 0.00955939820372938
  endloop
endfacet
facet normal -0.0002471195089462568 0.00012652042840876991 -0.9999999614622641
  outer loop
    vertex 134.16308662862554 48.29564251129129 0.00955939820372938
    vertex 128.01117782528337 52.39276395562582 0.011500615407769582
    vertex 134.24869580450252 48.5739202758785 0.009572186749572342
  endloop
endfacet
facet normal -0.0002471195089462568 0.00012652042840876991 -0.9999999614622641
  outer loop
    vertex 134.24869580450252 48.5739202758785 0.009572186749572342
    vertex 128.01117782528337 52.39276395562582 0.011500615407769582
    vertex 134.38753361133092 48.83030673149822 0.00960172474394701
  endloop
endfacet
facet normal -0.0002471195089462568 0.00012652042840876991 -0.9999999614622641
  outer loop
    vertex 134.38753361133092 48.83030673149822 0.00960172474394701
    vertex 128.01117782528337 52.39276395562582 0.011500615407769582
    vertex 134.57424840888325 49.05496980281925 0.00956890723462584
  endloop
endfacet
facet normal -0.0002471195089462568 0.00012652042840876991 -0.9999999614622641
  outer loop
    vertex 134.57424840888325 49.05496980281925 0.00956890723462584
    vertex 128.01117782528337 52.39276395562582 0.011500615407769582
    vertex 134.80162833757555 49.23925438900359 0.009524223723288615
  endloop
endfacet
facet normal -0.0002471195089462568 0.00012652042840876991 -0.9999999614622641
  outer loop
    vertex 134.80162833757555 49.23925438900359 0.009524223723288615
    vertex 128.01117782528337 52.39276395562582 0.011500615407769582
    vertex 135.0609679398037 49.3760863665367 0.009474229012905866
  endloop
endfacet
facet normal -0.0002471195089462568 0.00012652042840876991 -0.9999999614622641
  outer loop
    vertex 135.0609679398037 49.3760863665367 0.009474229012905866
    vertex 128.01117782528337 52.39276395562582 0.011500615407769582
    vertex 135.34228205705546 49.460212669575085 0.009398733864852297
  endloop
endfacet
facet normal -0.0002471195089462568 0.00012652042840876991 -0.9999999614622641
  outer loop
    vertex 135.34228205705546 49.460212669575085 0.009398733864852297
    vertex 128.01117782528337 52.39276395562582 0.011500615407769582
    vertex 135.63479437126406 49.488410517550626 0.009349932867654339
  endloop
endfacet
facet normal -0.0002471195089462568 0.00012652042840876991 -0.9999999614622641
  outer loop
    vertex 135.63479437126406 49.488410517550626 0.009349932867654339
    vertex 128.01117782528337 52.39276395562582 0.011500615407769582
    vertex 156.0698621443678 49.54285336081196 0.003530742759847914
  endloop
endfacet
facet normal -0.0002471195089462568 0.00012652042840876991 -0.9999999614622641
  outer loop
    vertex 156.0698621443678 49.54285336081196 0.003530742759847914
    vertex 128.01117782528337 52.39276395562582 0.011500615407769582
    vertex 156.45809068212725 49.593964627093314 0.0034479355483191926
  endloop
endfacet
facet normal -0.0002471195089462568 0.00012652042840876991 -0.9999999614622641
  outer loop
    vertex 140.96584151370428 -34.06011713018243 -0.004023863881175415
    vertex 150.84016780718218 -34.013115045014 -0.006418574255434276
    vertex 145.90277632193374 -34.239908744345236 -0.0054441456780341315
  endloop
endfacet
facet normal -0.0002471195089462568 0.00012652042840876991 -0.9999999614622641
  outer loop
    vertex 150.84016780718218 -34.013115045014 -0.006418574255434276
    vertex 140.96584151370428 -34.06011713018243 -0.004023863881175415
    vertex 136.31970321363093 -33.532141176505505 -0.0023752889985608405
  endloop
endfacet
facet normal -0.0002471195089462568 0.00012652042840876991 -0.9999999614622641
  outer loop
    vertex 150.84016780718218 -34.013115045014 -0.006418574255434276
    vertex 136.31970321363093 -33.532141176505505 -0.0023752889985608405
    vertex 155.54559003309035 -33.437549978559 -0.007034601029446042
  endloop
endfacet
facet normal -0.0002471195089462568 0.00012652042840876991 -0.9999999614622641
  outer loop
    vertex 155.54559003309035 -33.437549978559 -0.007034601029446042
    vertex 136.31970321363093 -33.532141176505505 -0.0023752889985608405
    vertex 131.84837259101735 -32.53969307849493 -0.00030568573768948625
  endloop
endfacet
facet normal -0.0002471195089462568 0.00012652042840876991 -0.9999999614622641
  outer loop
    vertex 155.54559003309035 -33.437549978559 -0.007034601029446042
    vertex 131.84837259101735 -32.53969307849493 -0.00030568573768948625
    vertex 159.9610214514935 -32.513186540242444 -0.0072710161253109196
  endloop
endfacet
facet normal -0.0002471195089462568 0.00012652042840876991 -0.9999999614622641
  outer loop
    vertex 159.9610214514935 -32.513186540242444 -0.0072710161253109196
    vertex 131.84837259101735 -32.53969307849493 -0.00030568573768948625
    vertex 128.01117781855038 -30.967115790528645 0.002170506161115132
  endloop
endfacet
facet normal -0.0002471195089462568 0.00012652042840876991 -0.9999999614622641
  outer loop
    vertex 159.9610214514935 -32.513186540242444 -0.0072710161253109196
    vertex 128.01117781855038 -30.967115790528645 0.002170506161115132
    vertex 163.7381362872578 -31.00723452284371 -0.006786585001745575
  endloop
endfacet
facet normal -0.0002471195089462568 0.00012652042840876991 -0.9999999614622641
  outer loop
    vertex 163.7381362872578 -31.00723452284371 -0.006786585001745575
    vertex 128.01117781855038 -30.967115790528645 0.002170506161115132
    vertex 156.35173935106326 -28.793822185801304 -0.0054908652274053785
  endloop
endfacet
facet normal -0.0002471195089462568 0.00012652042840876991 -0.9999999614622641
  outer loop
    vertex 163.7381362872578 -31.00723452284371 -0.006786585001745575
    vertex 156.35173935106326 -28.793822185801304 -0.0054908652274053785
    vertex 156.65856479782403 -28.765274181909824 -0.005596541344609591
  endloop
endfacet
facet normal -0.0002471195089462568 0.00012652042840876991 -0.9999999614622641
  outer loop
    vertex 163.7381362872578 -31.00723452284371 -0.006786585001745575
    vertex 156.65856479782403 -28.765274181909824 -0.005596541344609591
    vertex 156.9537046580572 -28.680018999587755 -0.0056589181500450916
  endloop
endfacet
facet normal -0.0002471195089462568 0.00012652042840876991 -0.9999999614622641
  outer loop
    vertex 163.7381362872578 -31.00723452284371 -0.006786585001745575
    vertex 156.9537046580572 -28.680018999587755 -0.0056589181500450916
    vertex 157.22577215538843 -28.541362640547323 -0.0056771737090276445
  endloop
endfacet
facet normal -0.0002471195089462568 0.00012652042840876991 -0.9999999614622641
  outer loop
    vertex 163.7381362872578 -31.00723452284371 -0.006786585001745575
    vertex 157.22577215538843 -28.541362640547323 -0.0056771737090276445
    vertex 157.46429375300332 -28.354633901039378 -0.0057181296677342305
  endloop
endfacet
facet normal -0.0002471195089462568 0.00012652042840876991 -0.9999999614622641
  outer loop
    vertex 163.7381362872578 -31.00723452284371 -0.006786585001745575
    vertex 157.46429375300332 -28.354633901039378 -0.0057181296677342305
    vertex 157.66013662636743 -28.12701705497366 -0.005762762284490731
  endloop
endfacet
facet normal -0.0002471195089462568 0.00012652042840876991 -0.9999999614622641
  outer loop
    vertex 163.7381362872578 -31.00723452284371 -0.006786585001745575
    vertex 157.66013662636743 -28.12701705497366 -0.005762762284490731
    vertex 157.80575320324022 -27.86718590219634 -0.0057528746990870875
  endloop
endfacet
facet normal -0.0002471195089462568 0.00012652042840876991 -0.9999999614622641
  outer loop
    vertex 163.7381362872578 -31.00723452284371 -0.006786585001745575
    vertex 157.80575320324022 -27.86718590219634 -0.0057528746990870875
    vertex 157.89557795038218 -27.58522024415624 -0.005734220265632615
  endloop
endfacet
facet normal -0.0002471195089462568 0.00012652042840876991 -0.9999999614622641
  outer loop
    vertex 163.7381362872578 -31.00723452284371 -0.006786585001745575
    vertex 157.89557795038218 -27.58522024415624 -0.005734220265632615
    vertex 157.9261197681419 -27.291888871604108 -0.005710380350766996
  endloop
endfacet
facet normal -0.0002471195089462568 0.00012652042840876991 -0.9999999614622641
  outer loop
    vertex 163.7381362872578 -31.00723452284371 -0.006786585001745575
    vertex 157.9261197681419 -27.291888871604108 -0.005710380350766996
    vertex 163.73813629399402 52.392764954765866 0.002548014672181114
  endloop
endfacet
facet normal -0.0002471195089462568 0.00012652042840876991 -0.9999999614622641
  outer loop
    vertex 163.73813629399402 52.392764954765866 0.002548014672181114
    vertex 157.9261197681419 -27.291888871604108 -0.005710380350766996
    vertex 157.89623679598205 -26.99851253529671 -0.005669491455458839
  endloop
endfacet
facet normal -0.0002471195089462568 0.00012652042840876991 -0.9999999614622641
  outer loop
    vertex 163.73813629399402 52.392764954765866 0.002548014672181114
    vertex 157.89623679598205 -26.99851253529671 -0.005669491455458839
    vertex 157.80704554833792 -26.716345855536485 -0.005605955995082296
  endloop
endfacet
facet normal -0.0002471195089462568 0.00012652042840876991 -0.9999999614622641
  outer loop
    vertex 163.73813629399402 52.392764954765866 0.002548014672181114
    vertex 157.80704554833792 -26.716345855536485 -0.005605955995082296
    vertex 157.66201288711162 -26.456203584877194 -0.005520343796663602
  endloop
endfacet
facet normal -0.0002471195089462568 0.00012652042840876991 -0.9999999614622641
  outer loop
    vertex 163.73813629399402 52.392764954765866 0.002548014672181114
    vertex 157.66201288711162 -26.456203584877194 -0.005520343796663602
    vertex 157.46665118542603 -26.228147445009355 -0.00546689767427264
  endloop
endfacet
facet normal -0.0002471195089462568 0.00012652042840876991 -0.9999999614622641
  outer loop
    vertex 163.73813629399402 52.392764954765866 0.002548014672181114
    vertex 157.46665118542603 -26.228147445009355 -0.00546689767427264
    vertex 157.228549596447 -26.0408529737642 -0.005393118076656742
  endloop
endfacet
facet normal -0.0002471195089462568 0.00012652042840876991 -0.9999999614622641
  outer loop
    vertex 163.73813629399402 52.392764954765866 0.002548014672181114
    vertex 157.228549596447 -26.0408529737642 -0.005393118076656742
    vertex 156.95682471245865 -25.901601235515603 -0.005273137282974142
  endloop
endfacet
facet normal -0.0002471195089462568 0.00012652042840876991 -0.9999999614622641
  outer loop
    vertex 163.73813629399402 52.392764954765866 0.002548014672181114
    vertex 156.95682471245865 -25.901601235515603 -0.005273137282974142
    vertex 156.66187705599137 -25.81569868795966 -0.0051856711012837975
  endloop
endfacet
facet normal -0.0002471195089462568 0.00012652042840876991 -0.9999999614622641
  outer loop
    vertex 163.73813629399402 52.392764954765866 0.002548014672181114
    vertex 156.66187705599137 -25.81569868795966 -0.0051856711012837975
    vertex 156.3550859488942 -25.7864768974757 -0.00513560527596979
  endloop
endfacet
facet normal -0.0002471195089462568 0.00012652042840876991 -0.9999999614622641
  outer loop
    vertex 163.73813629399402 52.392764954765866 0.002548014672181114
    vertex 156.3550859488942 -25.7864768974757 -0.00513560527596979
    vertex 136.16061546126394 -25.73245841883514 -9.584514360043952e-05
  endloop
endfacet
facet normal -0.0002471195089462568 0.00012652042840876991 -0.9999999614622641
  outer loop
    vertex 163.73813629399402 52.392764954765866 0.002548014672181114
    vertex 136.16061546126394 -25.73245841883514 -9.584514360043952e-05
    vertex 135.84937391548294 -25.644332691789778 3.838470389136298e-05
  endloop
endfacet
facet normal -0.0002471195089462568 0.00012652042840876991 -0.9999999614622641
  outer loop
    vertex 163.73813629399402 52.392764954765866 0.002548014672181114
    vertex 135.84937391548294 -25.644332691789778 3.838470389136298e-05
    vertex 135.5256158803687 -25.614351801034953 0.00010534270802641225
  endloop
endfacet
facet normal -0.0002471195089462568 0.00012652042840876991 -0.9999999614622641
  outer loop
    vertex 163.73813629399402 52.392764954765866 0.002548014672181114
    vertex 135.5256158803687 -25.614351801034953 0.00010534270802641225
    vertex 157.51875076954852 47.03330462388958 0.0029457396830754917
  endloop
endfacet
facet normal -0.0002471195089462568 0.00012652042840876991 -0.9999999614622641
  outer loop
    vertex 157.51875076954852 47.03330462388958 0.0029457396830754917
    vertex 135.5256158803687 -25.614351801034953 0.00010534270802641225
    vertex 157.20809062149365 46.794926696606495 0.002991820213695583
  endloop
endfacet
facet normal -0.0002471195089462568 0.00012652042840876991 -0.9999999614622641
  outer loop
    vertex 157.20809062149365 46.794926696606495 0.002991820213695583
    vertex 135.5256158803687 -25.614351801034953 0.00010534270802641225
    vertex 156.84631921690234 46.6450760633144 0.003058537418392247
  endloop
endfacet
facet normal -0.0002471195089462568 0.00012652042840876991 -0.9999999614622641
  outer loop
    vertex 156.84631921690234 46.6450760633144 0.003058537418392247
    vertex 135.5256158803687 -25.614351801034953 0.00010534270802641225
    vertex 156.45809067914288 46.59396479703304 0.003141344629920969
  endloop
endfacet
facet normal -0.0002471195089462568 0.00012652042840876991 -0.9999999614622641
  outer loop
    vertex 156.45809067914288 46.59396479703304 0.003141344629920969
    vertex 135.5256158803687 -25.614351801034953 0.00010534270802641225
    vertex 135.63149219278293 46.52062361935214 0.008987497769538654
  endloop
endfacet
facet normal -0.0002471195089462568 0.00012652042840876991 -0.9999999614622641
  outer loop
    vertex 156.45809067914288 46.59396479703304 0.003141344629920969
    vertex 135.63149219278293 46.52062361935214 0.008987497769538654
    vertex 135.92400446243815 46.5487947833812 0.008880513968562579
  endloop
endfacet
facet normal -0.0002471195089462568 0.00012652042840876991 -0.9999999614622641
  outer loop
    vertex 163.73813629399402 52.392764954765866 0.002548014672181114
    vertex 157.51875076954852 47.03330462388958 0.0029457396830754917
    vertex 157.75712868536803 47.343964783358594 0.0029234361385422577
  endloop
endfacet
facet normal -0.0002471195089462568 0.00012652042840876991 -0.9999999614622641
  outer loop
    vertex 163.73813629399402 52.392764954765866 0.002548014672181114
    vertex 157.75712868536803 47.343964783358594 0.0029234361385422577
    vertex 157.90697930792646 47.70573619853499 0.0029264295297972975
  endloop
endfacet
facet normal -0.0002471195089462568 0.00012652042840876991 -0.9999999614622641
  outer loop
    vertex 163.73813629399402 52.392764954765866 0.002548014672181114
    vertex 157.90697930792646 47.70573619853499 0.0029264295297972975
    vertex 157.9580905649368 48.0939647453305 0.0029545158621734954
  endloop
endfacet
facet normal -0.0002471195089462568 0.00012652042840876991 -0.9999999614622641
  outer loop
    vertex 163.73813629399402 52.392764954765866 0.002548014672181114
    vertex 157.9580905649368 48.0939647453305 0.0029545158621734954
    vertex 157.90697930869885 48.48219328985905 0.0030057810985342445
  endloop
endfacet
facet normal -0.0002471195089462568 0.00012652042840876991 -0.9999999614622641
  outer loop
    vertex 163.73813629399402 52.392764954765866 0.002548014672181114
    vertex 157.90697930869885 48.48219328985905 0.0030057810985342445
    vertex 157.7571286868602 48.84396469838873 0.003076731597741368
  endloop
endfacet
facet normal -0.0002471195089462568 0.00012652042840876991 -0.9999999614622641
  outer loop
    vertex 163.73813629399402 52.392764954765866 0.002548014672181114
    vertex 157.7571286868602 48.84396469838873 0.003076731597741368
    vertex 157.51875077165917 49.15462484728378 0.0031625322005251295
  endloop
endfacet
facet normal -0.0002471195089462568 0.00012652042840876991 -0.9999999614622641
  outer loop
    vertex 163.73813629399402 52.392764954765866 0.002548014672181114
    vertex 157.51875077165917 49.15462484728378 0.0031625322005251295
    vertex 157.2080906240782 49.39300276078721 0.003257335737597992
  endloop
endfacet
facet normal -0.0002471195089462568 0.00012652042840876991 -0.9999999614622641
  outer loop
    vertex 163.73813629399402 52.392764954765866 0.002548014672181114
    vertex 157.2080906240782 49.39300276078721 0.003257335737597992
    vertex 156.84631921978539 49.54285337803229 0.0033546815045787924
  endloop
endfacet
facet normal -0.0002471195089462568 0.00012652042840876991 -0.9999999614622641
  outer loop
    vertex 163.73813629399402 52.392764954765866 0.002548014672181114
    vertex 156.84631921978539 49.54285337803229 0.0033546815045787924
    vertex 156.45809068212725 49.593964627093314 0.0034479355483191926
  endloop
endfacet
facet normal -0.0002471195089462568 0.00012652042840876991 -0.9999999614622641
  outer loop
    vertex 163.73813629399402 52.392764954765866 0.002548014672181114
    vertex 156.45809068212725 49.593964627093314 0.0034479355483191926
    vertex 128.01117782528337 52.39276395562582 0.011500615407769582
  endloop
endfacet
facet normal -0.0002471195089462568 0.00012652042840876991 -0.9999999614622641
  outer loop
    vertex 136.20531860377784 46.63292869565534 0.008867010124581541
    vertex 156.45809067914288 46.59396479703304 0.003141344629920969
    vertex 135.92400446243815 46.5487947833812 0.008880513968562579
  endloop
endfacet
facet normal -0.0002471195089462568 0.00012652042840876991 -0.9999999614622641
  outer loop
    vertex 156.45809067914288 46.59396479703304 0.003141344629920969
    vertex 136.20531860377784 46.63292869565534 0.008867010124581541
    vertex 156.06986214148475 46.64507604609407 0.0032345986736613693
  endloop
endfacet
facet normal -0.0002471195089462568 0.00012652042840876991 -0.9999999614622641
  outer loop
    vertex 156.06986214148475 46.64507604609407 0.0032345986736613693
    vertex 136.20531860377784 46.63292869565534 0.008867010124581541
    vertex 136.46465090522472 46.7632642550125 0.008793923975625093
  endloop
endfacet
facet normal -0.0002471195089462568 0.00012652042840876991 -0.9999999614622641
  outer loop
    vertex 156.06986214148475 46.64507604609407 0.0032345986736613693
    vertex 136.46465090522472 46.7632642550125 0.008793923975625093
    vertex 155.70809073719195 46.79492666333916 0.0033319444406421698
  endloop
endfacet
facet normal -0.0002471195089462568 0.00012652042840876991 -0.9999999614622641
  outer loop
    vertex 155.70809073719195 46.79492666333916 0.0033319444406421698
    vertex 136.46465090522472 46.7632642550125 0.008793923975625093
    vertex 136.69206867320372 46.95406429919062 0.008770423100075728
  endloop
endfacet
facet normal -0.0002471195089462568 0.00012652042840876991 -0.9999999614622641
  outer loop
    vertex 155.70809073719195 46.79492666333916 0.0033319444406421698
    vertex 136.69206867320372 46.95406429919062 0.008770423100075728
    vertex 155.397430589611 47.03330457684259 0.0034267479777150317
  endloop
endfacet
facet normal -0.0002471195089462568 0.00012652042840876991 -0.9999999614622641
  outer loop
    vertex 155.397430589611 47.03330457684259 0.0034267479777150317
    vertex 136.69206867320372 46.95406429919062 0.008770423100075728
    vertex 136.87875293201503 47.17870833100271 0.008738560719267176
  endloop
endfacet
facet normal -0.0002471195089462568 0.00012652042840876991 -0.9999999614622641
  outer loop
    vertex 155.397430589611 47.03330457684259 0.0034267479777150317
    vertex 136.87875293201503 47.17870833100271 0.008738560719267176
    vertex 155.15905267440993 47.34396472573763 0.003512548580498792
  endloop
endfacet
facet normal -0.0002471195089462568 0.00012652042840876991 -0.9999999614622641
  outer loop
    vertex 155.15905267440993 47.34396472573763 0.003512548580498792
    vertex 136.87875293201503 47.17870833100271 0.008738560719267176
    vertex 137.01756023413782 47.43510626497633 0.008768110082711753
  endloop
endfacet
facet normal -0.0002471195089462568 0.00012652042840876991 -0.9999999614622641
  outer loop
    vertex 155.15905267440993 47.34396472573763 0.003512548580498792
    vertex 137.01756023413782 47.43510626497633 0.008768110082711753
    vertex 155.00920205257128 47.705736134267326 0.0035834990797059185
  endloop
endfacet
facet normal -0.0002471195089462568 0.00012652042840876991 -0.9999999614622641
  outer loop
    vertex 155.00920205257128 47.705736134267326 0.0035834990797059185
    vertex 137.01756023413782 47.43510626497633 0.008768110082711753
    vertex 137.10319991495783 47.71337255089967 0.008781840933718045
  endloop
endfacet
facet normal -0.0002471195089462568 0.00012652042840876991 -0.9999999614622641
  outer loop
    vertex 155.00920205257128 47.705736134267326 0.0035834990797059185
    vertex 137.10319991495783 47.71337255089967 0.008781840933718045
    vertex 154.95809079633335 48.09396467879587 0.003634764316066665
  endloop
endfacet
facet normal -0.0002471195089462568 0.00012652042840876991 -0.9999999614622641
  outer loop
    vertex 154.95809079633335 48.09396467879587 0.003634764316066665
    vertex 137.10319991495783 47.71337255089967 0.008781840933718045
    vertex 137.13233356206916 48.002829783698964 0.008762811955205679
  endloop
endfacet
facet normal -0.0002471195089462568 0.00012652042840876991 -0.9999999614622641
  outer loop
    vertex 154.95809079633335 48.09396467879587 0.003634764316066665
    vertex 137.13233356206916 48.002829783698964 0.008762811955205679
    vertex 137.1038500796234 48.29235551082746 0.008820218213345757
  endloop
endfacet
facet normal -0.0002471195089462568 0.00012652042840876991 -0.9999999614622641
  outer loop
    vertex 154.95809079633335 48.09396467879587 0.003634764316066665
    vertex 137.1038500796234 48.29235551082746 0.008820218213345757
    vertex 155.0092020533437 48.48219322559138 0.003662850648442864
  endloop
endfacet
facet normal -0.0002471195089462568 0.00012652042840876991 -0.9999999614622641
  outer loop
    vertex 155.0092020533437 48.48219322559138 0.003662850648442864
    vertex 137.1038500796234 48.29235551082746 0.008820218213345757
    vertex 137.01883557248718 48.5708096137757 0.008877686139974118
  endloop
endfacet
facet normal -0.0002471195089462568 0.00012652042840876991 -0.9999999614622641
  outer loop
    vertex 155.0092020533437 48.48219322559138 0.003662850648442864
    vertex 137.01883557248718 48.5708096137757 0.008877686139974118
    vertex 155.1590526759021 48.84396464076777 0.0036658440396979022
  endloop
endfacet
facet normal -0.0002471195089462568 0.00012652042840876991 -0.9999999614622641
  outer loop
    vertex 155.1590526759021 48.84396464076777 0.0036658440396979022
    vertex 137.01883557248718 48.5708096137757 0.008877686139974118
    vertex 136.88057397833722 48.827530120655126 0.008973842031598131
  endloop
endfacet
facet normal -0.0002471195089462568 0.00012652042840876991 -0.9999999614622641
  outer loop
    vertex 155.1590526759021 48.84396464076777 0.0036658440396979022
    vertex 136.88057397833722 48.827530120655126 0.008973842031598131
    vertex 136.69439472703667 49.052604295019925 0.009034510156124045
  endloop
endfacet
facet normal -0.0002471195089462568 0.00012652042840876991 -0.9999999614622641
  outer loop
    vertex 155.1590526759021 48.84396464076777 0.0036658440396979022
    vertex 136.69439472703667 49.052604295019925 0.009034510156124045
    vertex 155.39743059172162 49.15462480023678 0.00364354049516467
  endloop
endfacet
facet normal -0.0002471195089462568 0.00012652042840876991 -0.9999999614622641
  outer loop
    vertex 155.39743059172162 49.15462480023678 0.00364354049516467
    vertex 136.69439472703667 49.052604295019925 0.009034510156124045
    vertex 136.4674292533386 49.2373990774844 0.009103735395041905
  endloop
endfacet
facet normal -0.0002471195089462568 0.00012652042840876991 -0.9999999614622641
  outer loop
    vertex 155.39743059172162 49.15462480023678 0.00364354049516467
    vertex 136.4674292533386 49.2373990774844 0.009103735395041905
    vertex 155.70809073977648 49.393002727519885 0.0035974599645445774
  endloop
endfacet
facet normal -0.0002471195089462568 0.00012652042840876991 -0.9999999614622641
  outer loop
    vertex 155.70809073977648 49.393002727519885 0.0035974599645445774
    vertex 136.4674292533386 49.2373990774844 0.009103735395041905
    vertex 136.20836707434427 49.3747902924534 0.009187516238067774
  endloop
endfacet
facet normal -0.0002471195089462568 0.00012652042840876991 -0.9999999614622641
  outer loop
    vertex 155.70809073977648 49.393002727519885 0.0035974599645445774
    vertex 136.20836707434427 49.3747902924534 0.009187516238067774
    vertex 135.92724261569666 49.45956343183351 0.009251127448731095
  endloop
endfacet
facet normal -0.0002471195089462568 0.00012652042840876991 -0.9999999614622641
  outer loop
    vertex 155.70809073977648 49.393002727519885 0.0035974599645445774
    vertex 135.92724261569666 49.45956343183351 0.009251127448731095
    vertex 156.0698621443678 49.54285336081196 0.003530742759847914
  endloop
endfacet
facet normal -0.0002471195089462568 0.00012652042840876991 -0.9999999614622641
  outer loop
    vertex 156.0698621443678 49.54285336081196 0.003530742759847914
    vertex 135.92724261569666 49.45956343183351 0.009251127448731095
    vertex 135.63479437126406 49.488410517550626 0.009349932867654339
  endloop
endfacet
facet normal 0.001134771889183519 0.9563456726472265 0.2922356355780104
  outer loop
    vertex 146.03041007578858 14.952337434260777 11.220193534456083
    vertex 152.1175015760635 13.628258930632857 15.529628448925678
    vertex 152.86152137634122 14.944758158563259 11.218467587662449
  endloop
endfacet
facet normal 0.001134771889183519 0.9563456726472265 0.2922356355780104
  outer loop
    vertex 152.1175015760635 13.628258930632857 15.529628448925678
    vertex 146.03041007578858 14.952337434260777 11.220193534456083
    vertex 139.94249114198007 13.641762712164008 15.532705581771218
  endloop
endfacet
facet normal 0.001134771889183519 0.9563456726472265 0.2922356355780104
  outer loop
    vertex 139.94249114198007 13.641762712164008 15.532705581771218
    vertex 146.03041007578858 14.952337434260777 11.220193534456083
    vertex 139.19929877523631 14.959916709958655 11.22191948124972
  endloop
endfacet
facet normal -0.9951955219710501 -0.09790718135290935 0.0002385126779071857
  outer loop
    vertex 137.13334296801077 48.00233659122123 4.01806410508311
    vertex 137.1038500796234 48.29235551082746 0.008820218213345757
    vertex 137.13233356206916 48.002829783698964 0.008762811955205679
  endloop
endfacet
facet normal -0.9951955219710501 -0.09790718135290935 0.0002385126779071857
  outer loop
    vertex 137.1038500796234 48.29235551082746 0.008820218213345757
    vertex 137.13334296801077 48.00233659122123 4.01806410508311
    vertex 137.104859485565 48.291862318349715 4.01812151134125
  endloop
endfacet
facet normal -0.09816359901501696 -0.995170286072894 -9.770370251053993e-05
  outer loop
    vertex 135.63580377720567 49.487917325072885 4.018651225995559
    vertex 135.92724261569666 49.45956343183351 0.009251127448731095
    vertex 135.92825202163826 49.459070239355775 4.018552420576635
  endloop
endfacet
facet normal -0.09816359901501696 -0.995170286072894 -9.770370251053993e-05
  outer loop
    vertex 135.92724261569666 49.45956343183351 0.009251127448731095
    vertex 135.63580377720567 49.487917325072885 4.018651225995559
    vertex 135.63479437126406 49.488410517550626 0.009349932867654339
  endloop
endfacet
facet normal -0.8793995255725156 0.47608444213318823 0.0002799670793193691
  outer loop
    vertex 136.87875293201503 47.17870833100271 0.008738560719267176
    vertex 137.01856964007942 47.434613072498585 4.018069403210617
    vertex 137.01756023413782 47.43510626497633 0.008768110082711753
  endloop
endfacet
facet normal -0.8793995255725156 0.47608444213318823 0.0002799670793193691
  outer loop
    vertex 137.01856964007942 47.434613072498585 4.018069403210617
    vertex 136.87875293201503 47.17870833100271 0.008738560719267176
    vertex 136.87976233795663 47.17821513852496 4.0180398538471715
  endloop
endfacet
facet normal 0.7704980397974637 0.637442356069431 -0.00011557213832538688
  outer loop
    vertex 134.3856820641037 47.18150023550737 0.009364548691576508
    vertex 134.57290123486106 46.955929019396685 4.018606118478826
    vertex 134.57189182891946 46.95642221187442 0.009304825350922384
  endloop
endfacet
facet normal 0.7704980397974637 0.637442356069431 -0.00011557213832538688
  outer loop
    vertex 134.57290123486106 46.955929019396685 4.018606118478826
    vertex 134.3856820641037 47.18150023550737 0.009364548691576508
    vertex 134.3866914700453 47.18100704302964 4.018665841819481
  endloop
endfacet
facet normal 0.7690697853011622 -0.6391647606184266 -0.0002722506453261516
  outer loop
    vertex 134.57525781482482 49.05447661034152 4.01887020036253
    vertex 134.38753361133092 48.83030673149822 0.00960172474394701
    vertex 134.57424840888325 49.05496980281925 0.00956890723462584
  endloop
endfacet
facet normal 0.7690697853011622 -0.6391647606184266 -0.0002722506453261516
  outer loop
    vertex 134.38753361133092 48.83030673149822 0.00960172474394701
    vertex 134.57525781482482 49.05447661034152 4.01887020036253
    vertex 134.3885430172725 48.829813539020456 4.018903017871851
  endloop
endfacet
facet normal 0.9564455894398193 0.29191058983939916 -0.00020489199829372052
  outer loop
    vertex 134.16246698151357 47.71665951709919 0.009521013273031073
    vertex 134.24846038132407 47.43771607063609 4.018764847364763
    vertex 134.24745097538246 47.438209263113826 0.009463554236858617
  endloop
endfacet
facet normal 0.9564455894398193 0.29191058983939916 -0.00020489199829372052
  outer loop
    vertex 134.24846038132407 47.43771607063609 4.018764847364763
    vertex 134.16246698151357 47.71665951709919 0.009521013273031073
    vertex 134.16347638745518 47.71616632462144 4.018822306400935
  endloop
endfacet
facet normal -0.4490576854149553 0.8935027394779159 0.00022296910664734357
  outer loop
    vertex 136.46465090522472 46.7632642550125 0.008793923975625093
    vertex 136.20632800971944 46.632435503177604 4.018168303252485
    vertex 136.46566031116632 46.76277106253477 4.01809521710353
  endloop
endfacet
facet normal -0.4490576854149553 0.8935027394779159 0.00022296910664734357
  outer loop
    vertex 136.20632800971944 46.632435503177604 4.018168303252485
    vertex 136.46465090522472 46.7632642550125 0.008793923975625093
    vertex 136.20531860377784 46.63292869565534 0.008867010124581541
  endloop
endfacet
facet normal 0.880466550818381 0.4741082431329191 -0.00016335054424359224
  outer loop
    vertex 134.24745097538246 47.438209263113826 0.009463554236858617
    vertex 134.3866914700453 47.18100704302964 4.018665841819481
    vertex 134.3856820641037 47.18150023550737 0.009364548691576508
  endloop
endfacet
facet normal 0.880466550818381 0.4741082431329191 -0.00016335054424359224
  outer loop
    vertex 134.3866914700453 47.18100704302964 4.018665841819481
    vertex 134.24745097538246 47.438209263113826 0.009463554236858617
    vertex 134.24846038132407 47.43771607063609 4.018764847364763
  endloop
endfacet
facet normal 0.2865105662336491 -0.9580770633622195 -0.00018998868252739304
  outer loop
    vertex 135.0619773457453 49.37559317405896 4.01877552214081
    vertex 135.34228205705546 49.460212669575085 0.009398733864852297
    vertex 135.34329146299706 49.45971947709735 4.018700026992756
  endloop
endfacet
facet normal 0.2865105662336491 -0.9580770633622195 -0.00018998868252739304
  outer loop
    vertex 135.34228205705546 49.460212669575085 0.009398733864852297
    vertex 135.0619773457453 49.37559317405896 4.01877552214081
    vertex 135.0609679398037 49.3760863665367 0.009474229012905866
  endloop
endfacet
facet normal 0.46664733655945023 -0.88444344764258 -0.0002262831812980633
  outer loop
    vertex 134.80263774351715 49.23876119652586 4.018825516851193
    vertex 135.0609679398037 49.3760863665367 0.009474229012905866
    vertex 135.0619773457453 49.37559317405896 4.01877552214081
  endloop
endfacet
facet normal 0.46664733655945023 -0.88444344764258 -0.0002262831812980633
  outer loop
    vertex 135.0609679398037 49.3760863665367 0.009474229012905866
    vertex 134.80263774351715 49.23876119652586 4.018825516851193
    vertex 134.80162833757555 49.23925438900359 0.009524223723288615
  endloop
endfacet
facet normal -0.4685285955931659 -0.8834483318368362 9.284778670353702e-06
  outer loop
    vertex 136.20937648028587 49.37429709997566 4.018488809365972
    vertex 136.4674292533386 49.2373990774844 0.009103735395041905
    vertex 136.4684386592802 49.23690588500665 4.018405028522946
  endloop
endfacet
facet normal -0.4685285955931659 -0.8834483318368362 9.284778670353702e-06
  outer loop
    vertex 136.4674292533386 49.2373990774844 0.009103735395041905
    vertex 136.20937648028587 49.37429709997566 4.018488809365972
    vertex 136.20836707434427 49.3747902924534 0.009187516238067774
  endloop
endfacet
facet normal -0.8804317264598968 -0.474172909775441 0.00016333382187446734
  outer loop
    vertex 137.01984497842875 48.57031642129797 4.018178979267877
    vertex 136.88057397833722 48.827530120655126 0.008973842031598131
    vertex 137.01883557248718 48.5708096137757 0.008877686139974118
  endloop
endfacet
facet normal -0.8804317264598968 -0.474172909775441 0.00016333382187446734
  outer loop
    vertex 136.88057397833722 48.827530120655126 0.008973842031598131
    vertex 137.01984497842875 48.57031642129797 4.018178979267877
    vertex 136.8815833842788 48.82703692817738 4.018275135159501
  endloop
endfacet
facet normal 0.9951953952777729 0.09790846914190111 -0.00023851248749796205
  outer loop
    vertex 134.13499288544838 48.00568825690316 4.0188186762686655
    vertex 134.16246698151357 47.71665951709919 0.009521013273031073
    vertex 134.13398347950678 48.0061814493809 0.009517383140761846
  endloop
endfacet
facet normal 0.9951953952777729 0.09790846914190111 -0.00023851248749796205
  outer loop
    vertex 134.16246698151357 47.71665951709919 0.009521013273031073
    vertex 134.13499288544838 48.00568825690316 4.0188186762686655
    vertex 134.16347638745518 47.71616632462144 4.018822306400935
  endloop
endfacet
facet normal -0.7690945498489165 0.6391349617028312 0.00027225321457197143
  outer loop
    vertex 136.69206867320372 46.95406429919062 0.008770423100075728
    vertex 136.87976233795663 47.17821513852496 4.0180398538471715
    vertex 136.87875293201503 47.17870833100271 0.008738560719267176
  endloop
endfacet
facet normal -0.7690945498489165 0.6391349617028312 0.00027225321457197143
  outer loop
    vertex 136.87976233795663 47.17821513852496 4.0180398538471715
    vertex 136.69206867320372 46.95406429919062 0.008770423100075728
    vertex 136.69307807914532 46.95357110671287 4.01807171622798
  endloop
endfacet
facet normal 0.0981250677570213 0.995174086042075 9.771387081519505e-05
  outer loop
    vertex 135.63149219278293 46.52062361935214 0.008987497769538654
    vertex 135.34005332640194 46.5489660880477 4.0183275111214485
    vertex 135.6325015987245 46.5201304268744 4.018288790897442
  endloop
endfacet
facet normal 0.0981250677570213 0.995174086042075 9.771387081519505e-05
  outer loop
    vertex 135.34005332640194 46.5489660880477 4.0183275111214485
    vertex 135.63149219278293 46.52062361935214 0.008987497769538654
    vertex 135.33904392046034 46.54945928052545 0.009026217993544094
  endloop
endfacet
facet normal -0.6427359356011951 0.7660877570628585 0.00025605713266437115
  outer loop
    vertex 136.69206867320372 46.95406429919062 0.008770423100075728
    vertex 136.46566031116632 46.76277106253477 4.01809521710353
    vertex 136.69307807914532 46.95357110671287 4.01807171622798
  endloop
endfacet
facet normal -0.6427359356011951 0.7660877570628585 0.00025605713266437115
  outer loop
    vertex 136.46566031116632 46.76277106253477 4.01809521710353
    vertex 136.69206867320372 46.95406429919062 0.008770423100075728
    vertex 136.46465090522472 46.7632642550125 0.008793923975625093
  endloop
endfacet
facet normal 0.0959540086225877 -0.9953857577527336 -0.00014660243106888224
  outer loop
    vertex 135.34329146299706 49.45971947709735 4.018700026992756
    vertex 135.63479437126406 49.488410517550626 0.009349932867654339
    vertex 135.63580377720567 49.487917325072885 4.018651225995559
  endloop
endfacet
facet normal 0.0959540086225877 -0.9953857577527336 -0.00014660243106888224
  outer loop
    vertex 135.63479437126406 49.488410517550626 0.009349932867654339
    vertex 135.34329146299706 49.45971947709735 4.018700026992756
    vertex 135.34228205705546 49.460212669575085 0.009398733864852297
  endloop
endfacet
facet normal -0.9557603555972394 0.2941463344051721 0.0002768115589282106
  outer loop
    vertex 137.01756023413782 47.43510626497633 0.008768110082711753
    vertex 137.10420932089943 47.71287935842194 4.018083134061621
    vertex 137.10319991495783 47.71337255089967 0.008781840933718045
  endloop
endfacet
facet normal -0.9557603555972394 0.2941463344051721 0.0002768115589282106
  outer loop
    vertex 137.10420932089943 47.71287935842194 4.018083134061621
    vertex 137.01756023413782 47.43510626497633 0.008768110082711753
    vertex 137.01856964007942 47.434613072498585 4.018069403210617
  endloop
endfacet
facet normal -0.28653436948919014 0.9580699447346152 0.00018999379970180498
  outer loop
    vertex 136.20531860377784 46.63292869565534 0.008867010124581541
    vertex 135.92501386837975 46.54830159090345 4.018181807096466
    vertex 136.20632800971944 46.632435503177604 4.018168303252485
  endloop
endfacet
facet normal -0.28653436948919014 0.9580699447346152 0.00018999379970180498
  outer loop
    vertex 135.92501386837975 46.54830159090345 4.018181807096466
    vertex 136.20531860377784 46.63292869565534 0.008867010124581541
    vertex 135.92400446243815 46.5487947833812 0.008880513968562579
  endloop
endfacet
facet normal 0.9557932161593826 -0.29403954040529506 -0.000276806695420839
  outer loop
    vertex 134.2497052104441 48.573427083400766 4.018873479877477
    vertex 134.16308662862554 48.29564251129129 0.00955939820372938
    vertex 134.24869580450252 48.5739202758785 0.009572186749572342
  endloop
endfacet
facet normal 0.9557932161593826 -0.29403954040529506 -0.000276806695420839
  outer loop
    vertex 134.16308662862554 48.29564251129129 0.00955939820372938
    vertex 134.2497052104441 48.573427083400766 4.018873479877477
    vertex 134.16409603456714 48.29514931881354 4.018860691331633
  endloop
endfacet
facet normal 0.9949835691727904 -0.10003813276753735 -0.0002628089796195656
  outer loop
    vertex 134.16308662862554 48.29564251129129 0.00955939820372938
    vertex 134.13499288544838 48.00568825690316 4.0188186762686655
    vertex 134.13398347950678 48.0061814493809 0.009517383140761846
  endloop
endfacet
facet normal 0.9949835691727904 -0.10003813276753735 -0.0002628089796195656
  outer loop
    vertex 134.13499288544838 48.00568825690316 4.0188186762686655
    vertex 134.16308662862554 48.29564251129129 0.00955939820372938
    vertex 134.16409603456714 48.29514931881354 4.018860691331633
  endloop
endfacet
facet normal 0.629642094478848 -0.7768852993197793 -0.0002540887761306667
  outer loop
    vertex 134.57525781482482 49.05447661034152 4.01887020036253
    vertex 134.80162833757555 49.23925438900359 0.009524223723288615
    vertex 134.80263774351715 49.23876119652586 4.018825516851193
  endloop
endfacet
facet normal 0.629642094478848 -0.7768852993197793 -0.0002540887761306667
  outer loop
    vertex 134.80162833757555 49.23925438900359 0.009524223723288615
    vertex 134.57525781482482 49.05447661034152 4.01887020036253
    vertex 134.57424840888325 49.05496980281925 0.00956890723462584
  endloop
endfacet
facet normal -0.28870925250811474 -0.9574168190936485 -4.508664396132601e-05
  outer loop
    vertex 135.92825202163826 49.459070239355775 4.018552420576635
    vertex 136.20836707434427 49.3747902924534 0.009187516238067774
    vertex 136.20937648028587 49.37429709997566 4.018488809365972
  endloop
endfacet
facet normal -0.28870925250811474 -0.9574168190936485 -4.508664396132601e-05
  outer loop
    vertex 136.20836707434427 49.3747902924534 0.009187516238067774
    vertex 135.92825202163826 49.459070239355775 4.018552420576635
    vertex 135.92724261569666 49.45956343183351 0.009251127448731095
  endloop
endfacet
facet normal -0.7705439898782064 -0.6373868105800449 0.0001155905397616445
  outer loop
    vertex 136.8815833842788 48.82703692817738 4.018275135159501
    vertex 136.69439472703667 49.052604295019925 0.009034510156124045
    vertex 136.88057397833722 48.827530120655126 0.008973842031598131
  endloop
endfacet
facet normal -0.7705439898782064 -0.6373868105800449 0.0001155905397616445
  outer loop
    vertex 136.69439472703667 49.052604295019925 0.009034510156124045
    vertex 136.8815833842788 48.82703692817738 4.018275135159501
    vertex 136.69540413297827 49.05211110254217 4.018335803284028
  endloop
endfacet
facet normal -0.9564174502761341 -0.292002771963071 0.000204873574298295
  outer loop
    vertex 137.104859485565 48.291862318349715 4.01812151134125
    vertex 137.01883557248718 48.5708096137757 0.008877686139974118
    vertex 137.1038500796234 48.29235551082746 0.008820218213345757
  endloop
endfacet
facet normal -0.9564174502761341 -0.292002771963071 0.000204873574298295
  outer loop
    vertex 137.01883557248718 48.5708096137757 0.008877686139974118
    vertex 137.104859485565 48.291862318349715 4.01812151134125
    vertex 137.01984497842875 48.57031642129797 4.018178979267877
  endloop
endfacet
facet normal -0.9949729916835076 0.10014328108471494 0.0002628192508915376
  outer loop
    vertex 137.10319991495783 47.71337255089967 0.008781840933718045
    vertex 137.13334296801077 48.00233659122123 4.01806410508311
    vertex 137.13233356206916 48.002829783698964 0.008762811955205679
  endloop
endfacet
facet normal -0.9949729916835076 0.10014328108471494 0.0002628192508915376
  outer loop
    vertex 137.13334296801077 48.00233659122123 4.01806410508311
    vertex 137.10319991495783 47.71337255089967 0.008781840933718045
    vertex 137.10420932089943 47.71287935842194 4.018083134061621
  endloop
endfacet
facet normal -0.09586402666317352 0.9953944278053694 0.000146580843187744
  outer loop
    vertex 135.92400446243815 46.5487947833812 0.008880513968562579
    vertex 135.6325015987245 46.5201304268744 4.018288790897442
    vertex 135.92501386837975 46.54830159090345 4.018181807096466
  endloop
endfacet
facet normal -0.09586402666317352 0.9953944278053694 0.000146580843187744
  outer loop
    vertex 135.6325015987245 46.5201304268744 4.018288790897442
    vertex 135.92400446243815 46.5487947833812 0.008880513968562579
    vertex 135.63149219278293 46.52062361935214 0.008987497769538654
  endloop
endfacet
facet normal 0.28860911906206654 0.9574470086426735 4.5115567842449674e-05
  outer loop
    vertex 135.33904392046034 46.54945928052545 0.009026217993544094
    vertex 135.05889834096084 46.63371635213228 4.018456926069503
    vertex 135.34005332640194 46.5489660880477 4.0183275111214485
  endloop
endfacet
facet normal 0.28860911906206654 0.9574470086426735 4.5115567842449674e-05
  outer loop
    vertex 135.05889834096084 46.63371635213228 4.018456926069503
    vertex 135.33904392046034 46.54945928052545 0.009026217993544094
    vertex 135.05788893501924 46.634209544610016 0.009155632941598817
  endloop
endfacet
facet normal 0.8793467943050864 -0.47618183182953155 -0.00027996578348538754
  outer loop
    vertex 134.3885430172725 48.829813539020456 4.018903017871851
    vertex 134.24869580450252 48.5739202758785 0.009572186749572342
    vertex 134.38753361133092 48.83030673149822 0.00960172474394701
  endloop
endfacet
facet normal 0.8793467943050864 -0.47618183182953155 -0.00027996578348538754
  outer loop
    vertex 134.24869580450252 48.5739202758785 0.009572186749572342
    vertex 134.3885430172725 48.829813539020456 4.018903017871851
    vertex 134.2497052104441 48.573427083400766 4.018873479877477
  endloop
endfacet
facet normal 0.468652857856526 0.8833824193043297 -9.324171726853284e-06
  outer loop
    vertex 135.05788893501924 46.634209544610016 0.009155632941598817
    vertex 134.79986671260943 46.7711380519375 4.0185359408050205
    vertex 135.05889834096084 46.63371635213228 4.018456926069503
  endloop
endfacet
facet normal 0.468652857856526 0.8833824193043297 -9.324171726853284e-06
  outer loop
    vertex 134.79986671260943 46.7711380519375 4.0185359408050205
    vertex 135.05788893501924 46.634209544610016 0.009155632941598817
    vertex 134.79885730666783 46.77163124441523 0.009234647677116582
  endloop
endfacet
facet normal 0.6313774761851532 0.775475646635896 -6.35665420431781e-05
  outer loop
    vertex 134.79885730666783 46.77163124441523 0.009234647677116582
    vertex 134.57290123486106 46.955929019396685 4.018606118478826
    vertex 134.79986671260943 46.7711380519375 4.0185359408050205
  endloop
endfacet
facet normal 0.6313774761851532 0.775475646635896 -6.35665420431781e-05
  outer loop
    vertex 134.57290123486106 46.955929019396685 4.018606118478826
    vertex 134.79885730666783 46.77163124441523 0.009234647677116582
    vertex 134.57189182891946 46.95642221187442 0.009304825350922384
  endloop
endfacet
facet normal -0.6313853216477133 -0.7754692589437426 6.356930302756157e-05
  outer loop
    vertex 136.4684386592802 49.23690588500665 4.018405028522946
    vertex 136.69439472703667 49.052604295019925 0.009034510156124045
    vertex 136.69540413297827 49.05211110254217 4.018335803284028
  endloop
endfacet
facet normal -0.6313853216477133 -0.7754692589437426 6.356930302756157e-05
  outer loop
    vertex 136.69439472703667 49.052604295019925 0.009034510156124045
    vertex 136.4684386592802 49.23690588500665 4.018405028522946
    vertex 136.4674292533386 49.2373990774844 0.009103735395041905
  endloop
endfacet
facet normal 8.98716389387132e-06 -0.00010293849171677699 0.999999994661449
  outer loop
    vertex 156.45900088343134 46.593554564036594 4.017281491309302
    vertex 136.20632800971944 46.632435503177604 4.018168303252485
    vertex 135.92501386837975 46.54830159090345 4.018181807096466
  endloop
endfacet
facet normal 8.98716389387132e-06 -0.00010293849171677699 0.999999994661449
  outer loop
    vertex 136.20632800971944 46.632435503177604 4.018168303252485
    vertex 156.45900088343134 46.593554564036594 4.017281491309302
    vertex 156.0707723457732 46.644665813097625 4.017374745353043
  endloop
endfacet
facet normal 8.98716389387132e-06 -0.00010293849171677699 0.999999994661449
  outer loop
    vertex 136.20632800971944 46.632435503177604 4.018168303252485
    vertex 156.0707723457732 46.644665813097625 4.017374745353043
    vertex 136.46566031116632 46.76277106253477 4.01809521710353
  endloop
endfacet
facet normal 8.98716389387132e-06 -0.00010293849171677699 0.999999994661449
  outer loop
    vertex 136.46566031116632 46.76277106253477 4.01809521710353
    vertex 156.0707723457732 46.644665813097625 4.017374745353043
    vertex 155.70900094148038 46.7945164303427 4.0174720911200215
  endloop
endfacet
facet normal 8.98716389387132e-06 -0.00010293849171677699 0.999999994661449
  outer loop
    vertex 136.46566031116632 46.76277106253477 4.01809521710353
    vertex 155.70900094148038 46.7945164303427 4.0174720911200215
    vertex 136.69307807914532 46.95357110671287 4.01807171622798
  endloop
endfacet
facet normal 8.98716389387132e-06 -0.00010293849171677699 0.999999994661449
  outer loop
    vertex 136.69307807914532 46.95357110671287 4.01807171622798
    vertex 155.70900094148038 46.7945164303427 4.0174720911200215
    vertex 155.39834079389942 47.032894343846124 4.0175668946570955
  endloop
endfacet
facet normal 8.98716389387132e-06 -0.00010293849171677699 0.999999994661449
  outer loop
    vertex 136.69307807914532 46.95357110671287 4.01807171622798
    vertex 155.39834079389942 47.032894343846124 4.0175668946570955
    vertex 136.87976233795663 47.17821513852496 4.0180398538471715
  endloop
endfacet
facet normal 8.98716389387132e-06 -0.00010293849171677699 0.999999994661449
  outer loop
    vertex 136.87976233795663 47.17821513852496 4.0180398538471715
    vertex 155.39834079389942 47.032894343846124 4.0175668946570955
    vertex 155.1599628786984 47.34355449274118 4.01765269525988
  endloop
endfacet
facet normal 8.98716389387132e-06 -0.00010293849171677699 0.999999994661449
  outer loop
    vertex 136.87976233795663 47.17821513852496 4.0180398538471715
    vertex 155.1599628786984 47.34355449274118 4.01765269525988
    vertex 137.01856964007942 47.434613072498585 4.018069403210617
  endloop
endfacet
facet normal 8.98716389387132e-06 -0.00010293849171677699 0.999999994661449
  outer loop
    vertex 137.01856964007942 47.434613072498585 4.018069403210617
    vertex 155.1599628786984 47.34355449274118 4.01765269525988
    vertex 155.01011225685974 47.70532590127087 4.017723645759086
  endloop
endfacet
facet normal 8.98716389387132e-06 -0.00010293849171677699 0.999999994661449
  outer loop
    vertex 137.01856964007942 47.434613072498585 4.018069403210617
    vertex 155.01011225685974 47.70532590127087 4.017723645759086
    vertex 137.10420932089943 47.71287935842194 4.018083134061621
  endloop
endfacet
facet normal 8.98716389387132e-06 -0.00010293849171677699 0.999999994661449
  outer loop
    vertex 137.10420932089943 47.71287935842194 4.018083134061621
    vertex 155.01011225685974 47.70532590127087 4.017723645759086
    vertex 154.9590010006218 48.0935544457994 4.017774910995448
  endloop
endfacet
facet normal 8.98716389387132e-06 -0.00010293849171677699 0.999999994661449
  outer loop
    vertex 137.10420932089943 47.71287935842194 4.018083134061621
    vertex 154.9590010006218 48.0935544457994 4.017774910995448
    vertex 137.13334296801077 48.00233659122123 4.01806410508311
  endloop
endfacet
facet normal 8.98716389387132e-06 -0.00010293849171677699 0.999999994661449
  outer loop
    vertex 137.13334296801077 48.00233659122123 4.01806410508311
    vertex 154.9590010006218 48.0935544457994 4.017774910995448
    vertex 137.104859485565 48.291862318349715 4.01812151134125
  endloop
endfacet
facet normal 8.98716389387132e-06 -0.00010293849171677699 0.999999994661449
  outer loop
    vertex 137.104859485565 48.291862318349715 4.01812151134125
    vertex 154.9590010006218 48.0935544457994 4.017774910995448
    vertex 155.01011225763216 48.481782992594916 4.0178029973278235
  endloop
endfacet
facet normal 8.98716389387132e-06 -0.00010293849171677699 0.999999994661449
  outer loop
    vertex 137.104859485565 48.291862318349715 4.01812151134125
    vertex 155.01011225763216 48.481782992594916 4.0178029973278235
    vertex 137.01984497842875 48.57031642129797 4.018178979267877
  endloop
endfacet
facet normal 8.98716389387132e-06 -0.00010293849171677699 0.999999994661449
  outer loop
    vertex 137.01984497842875 48.57031642129797 4.018178979267877
    vertex 155.01011225763216 48.481782992594916 4.0178029973278235
    vertex 155.1599628801906 48.84355440777131 4.017805990719079
  endloop
endfacet
facet normal 8.98716389387132e-06 -0.00010293849171677699 0.999999994661449
  outer loop
    vertex 137.01984497842875 48.57031642129797 4.018178979267877
    vertex 155.1599628801906 48.84355440777131 4.017805990719079
    vertex 136.8815833842788 48.82703692817738 4.018275135159501
  endloop
endfacet
facet normal 8.98716389387132e-06 -0.00010293849171677699 0.999999994661449
  outer loop
    vertex 136.8815833842788 48.82703692817738 4.018275135159501
    vertex 155.1599628801906 48.84355440777131 4.017805990719079
    vertex 136.69540413297827 49.05211110254217 4.018335803284028
  endloop
endfacet
facet normal 8.98716389387132e-06 -0.00010293849171677699 0.999999994661449
  outer loop
    vertex 136.69540413297827 49.05211110254217 4.018335803284028
    vertex 155.1599628801906 48.84355440777131 4.017805990719079
    vertex 155.39834079601007 49.154214567240345 4.017783687174545
  endloop
endfacet
facet normal 8.98716389387132e-06 -0.00010293849171677699 0.999999994661449
  outer loop
    vertex 136.69540413297827 49.05211110254217 4.018335803284028
    vertex 155.39834079601007 49.154214567240345 4.017783687174545
    vertex 136.4684386592802 49.23690588500665 4.018405028522946
  endloop
endfacet
facet normal 8.98716389387132e-06 -0.00010293849171677699 0.999999994661449
  outer loop
    vertex 136.4684386592802 49.23690588500665 4.018405028522946
    vertex 155.39834079601007 49.154214567240345 4.017783687174545
    vertex 155.70900094406494 49.39259249452342 4.017737606643925
  endloop
endfacet
facet normal 8.98716389387132e-06 -0.00010293849171677699 0.999999994661449
  outer loop
    vertex 136.4684386592802 49.23690588500665 4.018405028522946
    vertex 155.70900094406494 49.39259249452342 4.017737606643925
    vertex 136.20937648028587 49.37429709997566 4.018488809365972
  endloop
endfacet
facet normal 8.98716389387132e-06 -0.00010293849171677699 0.999999994661449
  outer loop
    vertex 136.20937648028587 49.37429709997566 4.018488809365972
    vertex 155.70900094406494 49.39259249452342 4.017737606643925
    vertex 135.92825202163826 49.459070239355775 4.018552420576635
  endloop
endfacet
facet normal 8.98716389387132e-06 -0.00010293849171677699 0.999999994661449
  outer loop
    vertex 135.92825202163826 49.459070239355775 4.018552420576635
    vertex 155.70900094406494 49.39259249452342 4.017737606643925
    vertex 156.07077234865625 49.542443127815496 4.017670889439228
  endloop
endfacet
facet normal 8.98716389387132e-06 -0.00010293849171677699 0.999999994661449
  outer loop
    vertex 135.92825202163826 49.459070239355775 4.018552420576635
    vertex 156.07077234865625 49.542443127815496 4.017670889439228
    vertex 135.63580377720567 49.487917325072885 4.018651225995559
  endloop
endfacet
facet normal 8.98716389387132e-06 -0.00010293849171677699 0.999999994661449
  outer loop
    vertex 163.76366202440562 52.39231522677944 4.0206435914770715
    vertex 152.68723065538293 21.60204531120007 4.016156724864165
    vertex 163.76366201943074 -9.200609255319483 4.01374976298321
  endloop
endfacet
facet normal 8.98716389387132e-06 -0.00010293849171677699 0.999999994661449
  outer loop
    vertex 152.68723065538293 21.60204531120007 4.016156724864165
    vertex 163.76366202440562 52.39231522677944 4.0206435914770715
    vertex 145.88723174799554 21.605846879145606 4.015518281423461
  endloop
endfacet
facet normal 8.98716389387132e-06 -0.00010293849171677699 0.999999994661449
  outer loop
    vertex 145.88723174799554 21.605846879145606 4.015518281423461
    vertex 163.76366202440562 52.39231522677944 4.0206435914770715
    vertex 139.08723284060815 21.60964844709078 4.014879837982757
  endloop
endfacet
facet normal 8.98716389387132e-06 -0.00010293849171677699 0.999999994661449
  outer loop
    vertex 139.08723284060815 21.60964844709078 4.014879837982757
    vertex 163.76366202440562 52.39231522677944 4.0206435914770715
    vertex 157.519660973837 47.0328943908931 4.017085886362456
  endloop
endfacet
facet normal 8.98716389387132e-06 -0.00010293849171677699 0.999999994661449
  outer loop
    vertex 139.08723284060815 21.60964844709078 4.014879837982757
    vertex 157.519660973837 47.0328943908931 4.017085886362456
    vertex 157.20900082578214 46.79451646361002 4.017131966893075
  endloop
endfacet
facet normal 8.98716389387132e-06 -0.00010293849171677699 0.999999994661449
  outer loop
    vertex 139.08723284060815 21.60964844709078 4.014879837982757
    vertex 157.20900082578214 46.79451646361002 4.017131966893075
    vertex 156.84722942119083 46.64466583031795 4.017198684097774
  endloop
endfacet
facet normal 8.98716389387132e-06 -0.00010293849171677699 0.999999994661449
  outer loop
    vertex 139.08723284060815 21.60964844709078 4.014879837982757
    vertex 156.84722942119083 46.64466583031795 4.017198684097774
    vertex 156.45900088343134 46.593554564036594 4.017281491309302
  endloop
endfacet
facet normal 8.98716389387132e-06 -0.00010293849171677699 0.999999994661449
  outer loop
    vertex 139.08723284060815 21.60964844709078 4.014879837982757
    vertex 156.45900088343134 46.593554564036594 4.017281491309302
    vertex 135.6325015987245 46.5201304268744 4.018288790897442
  endloop
endfacet
facet normal 8.98716389387132e-06 -0.00010293849171677699 0.999999994661449
  outer loop
    vertex 135.6325015987245 46.5201304268744 4.018288790897442
    vertex 156.45900088343134 46.593554564036594 4.017281491309302
    vertex 135.92501386837975 46.54830159090345 4.018181807096466
  endloop
endfacet
facet normal 8.98716389387132e-06 -0.00010293849171677699 0.999999994661449
  outer loop
    vertex 157.519660973837 47.0328943908931 4.017085886362456
    vertex 163.76366202440562 52.39231522677944 4.0206435914770715
    vertex 157.7580388896565 47.34355455036215 4.017063582817924
  endloop
endfacet
facet normal 8.98716389387132e-06 -0.00010293849171677699 0.999999994661449
  outer loop
    vertex 157.7580388896565 47.34355455036215 4.017063582817924
    vertex 163.76366202440562 52.39231522677944 4.0206435914770715
    vertex 157.9078895122149 47.70532596553854 4.017066576209177
  endloop
endfacet
facet normal 8.98716389387132e-06 -0.00010293849171677699 0.999999994661449
  outer loop
    vertex 157.9078895122149 47.70532596553854 4.017066576209177
    vertex 163.76366202440562 52.39231522677944 4.0206435914770715
    vertex 157.95900076922527 48.09355451233405 4.017094662541555
  endloop
endfacet
facet normal 8.98716389387132e-06 -0.00010293849171677699 0.999999994661449
  outer loop
    vertex 157.95900076922527 48.09355451233405 4.017094662541555
    vertex 163.76366202440562 52.39231522677944 4.0206435914770715
    vertex 157.90788951298734 48.48178305686258 4.017145927777915
  endloop
endfacet
facet normal 8.98716389387132e-06 -0.00010293849171677699 0.999999994661449
  outer loop
    vertex 157.90788951298734 48.48178305686258 4.017145927777915
    vertex 163.76366202440562 52.39231522677944 4.0206435914770715
    vertex 157.7580388911487 48.84355446539228 4.017216878277122
  endloop
endfacet
facet normal 8.98716389387132e-06 -0.00010293849171677699 0.999999994661449
  outer loop
    vertex 157.7580388911487 48.84355446539228 4.017216878277122
    vertex 163.76366202440562 52.39231522677944 4.0206435914770715
    vertex 157.51966097594763 49.15421461428731 4.017302678879905
  endloop
endfacet
facet normal 8.98716389387132e-06 -0.00010293849171677699 0.999999994661449
  outer loop
    vertex 157.51966097594763 49.15421461428731 4.017302678879905
    vertex 163.76366202440562 52.39231522677944 4.0206435914770715
    vertex 157.20900082836667 49.39259252779074 4.017397482416979
  endloop
endfacet
facet normal 8.98716389387132e-06 -0.00010293849171677699 0.999999994661449
  outer loop
    vertex 157.20900082836667 49.39259252779074 4.017397482416979
    vertex 163.76366202440562 52.39231522677944 4.0206435914770715
    vertex 156.84722942407387 49.54244314503581 4.01749482818396
  endloop
endfacet
facet normal 8.98716389387132e-06 -0.00010293849171677699 0.999999994661449
  outer loop
    vertex 156.84722942407387 49.54244314503581 4.01749482818396
    vertex 163.76366202440562 52.39231522677944 4.0206435914770715
    vertex 156.45900088641574 49.593554394096856 4.0175880822277
  endloop
endfacet
facet normal 8.98716389387132e-06 -0.00010293849171677699 0.999999994661449
  outer loop
    vertex 139.08723284060815 21.60964844709078 4.014879837982757
    vertex 128.01080147655833 52.392315605628696 4.017284562759957
    vertex 128.01080147158672 -9.1606340605055 4.010395208473606
  endloop
endfacet
facet normal 8.98716389387132e-06 -0.00010293849171677699 0.999999994661449
  outer loop
    vertex 128.01080147655833 52.392315605628696 4.017284562759957
    vertex 139.08723284060815 21.60964844709078 4.014879837982757
    vertex 134.57290123486106 46.955929019396685 4.018606118478826
  endloop
endfacet
facet normal 8.98716389387132e-06 -0.00010293849171677699 0.999999994661449
  outer loop
    vertex 134.57290123486106 46.955929019396685 4.018606118478826
    vertex 139.08723284060815 21.60964844709078 4.014879837982757
    vertex 134.79986671260943 46.7711380519375 4.0185359408050205
  endloop
endfacet
facet normal 8.98716389387132e-06 -0.00010293849171677699 0.999999994661449
  outer loop
    vertex 134.79986671260943 46.7711380519375 4.0185359408050205
    vertex 139.08723284060815 21.60964844709078 4.014879837982757
    vertex 135.05889834096084 46.63371635213228 4.018456926069503
  endloop
endfacet
facet normal 8.98716389387132e-06 -0.00010293849171677699 0.999999994661449
  outer loop
    vertex 135.05889834096084 46.63371635213228 4.018456926069503
    vertex 139.08723284060815 21.60964844709078 4.014879837982757
    vertex 135.34005332640194 46.5489660880477 4.0183275111214485
  endloop
endfacet
facet normal 8.98716389387132e-06 -0.00010293849171677699 0.999999994661449
  outer loop
    vertex 135.34005332640194 46.5489660880477 4.0183275111214485
    vertex 139.08723284060815 21.60964844709078 4.014879837982757
    vertex 135.6325015987245 46.5201304268744 4.018288790897442
  endloop
endfacet
facet normal 8.98716389387132e-06 -0.00010293849171677699 0.999999994661449
  outer loop
    vertex 128.01080147655833 52.392315605628696 4.017284562759957
    vertex 134.57290123486106 46.955929019396685 4.018606118478826
    vertex 134.3866914700453 47.18100704302964 4.018665841819481
  endloop
endfacet
facet normal 8.98716389387132e-06 -0.00010293849171677699 0.999999994661449
  outer loop
    vertex 128.01080147655833 52.392315605628696 4.017284562759957
    vertex 134.3866914700453 47.18100704302964 4.018665841819481
    vertex 134.24846038132407 47.43771607063609 4.018764847364763
  endloop
endfacet
facet normal 8.98716389387132e-06 -0.00010293849171677699 0.999999994661449
  outer loop
    vertex 128.01080147655833 52.392315605628696 4.017284562759957
    vertex 134.24846038132407 47.43771607063609 4.018764847364763
    vertex 134.16347638745518 47.71616632462144 4.018822306400935
  endloop
endfacet
facet normal 8.98716389387132e-06 -0.00010293849171677699 0.999999994661449
  outer loop
    vertex 128.01080147655833 52.392315605628696 4.017284562759957
    vertex 134.16347638745518 47.71616632462144 4.018822306400935
    vertex 134.13499288544838 48.00568825690316 4.0188186762686655
  endloop
endfacet
facet normal 8.98716389387132e-06 -0.00010293849171677699 0.999999994661449
  outer loop
    vertex 128.01080147655833 52.392315605628696 4.017284562759957
    vertex 134.13499288544838 48.00568825690316 4.0188186762686655
    vertex 134.16409603456714 48.29514931881354 4.018860691331633
  endloop
endfacet
facet normal 8.98716389387132e-06 -0.00010293849171677699 0.999999994661449
  outer loop
    vertex 128.01080147655833 52.392315605628696 4.017284562759957
    vertex 134.16409603456714 48.29514931881354 4.018860691331633
    vertex 134.2497052104441 48.573427083400766 4.018873479877477
  endloop
endfacet
facet normal 8.98716389387132e-06 -0.00010293849171677699 0.999999994661449
  outer loop
    vertex 128.01080147655833 52.392315605628696 4.017284562759957
    vertex 134.2497052104441 48.573427083400766 4.018873479877477
    vertex 134.3885430172725 48.829813539020456 4.018903017871851
  endloop
endfacet
facet normal 8.98716389387132e-06 -0.00010293849171677699 0.999999994661449
  outer loop
    vertex 128.01080147655833 52.392315605628696 4.017284562759957
    vertex 134.3885430172725 48.829813539020456 4.018903017871851
    vertex 134.57525781482482 49.05447661034152 4.01887020036253
  endloop
endfacet
facet normal 8.98716389387132e-06 -0.00010293849171677699 0.999999994661449
  outer loop
    vertex 128.01080147655833 52.392315605628696 4.017284562759957
    vertex 134.57525781482482 49.05447661034152 4.01887020036253
    vertex 134.80263774351715 49.23876119652586 4.018825516851193
  endloop
endfacet
facet normal 8.98716389387132e-06 -0.00010293849171677699 0.999999994661449
  outer loop
    vertex 128.01080147655833 52.392315605628696 4.017284562759957
    vertex 134.80263774351715 49.23876119652586 4.018825516851193
    vertex 135.0619773457453 49.37559317405896 4.01877552214081
  endloop
endfacet
facet normal 8.98716389387132e-06 -0.00010293849171677699 0.999999994661449
  outer loop
    vertex 128.01080147655833 52.392315605628696 4.017284562759957
    vertex 135.0619773457453 49.37559317405896 4.01877552214081
    vertex 135.34329146299706 49.45971947709735 4.018700026992756
  endloop
endfacet
facet normal 8.98716389387132e-06 -0.00010293849171677699 0.999999994661449
  outer loop
    vertex 128.01080147655833 52.392315605628696 4.017284562759957
    vertex 135.34329146299706 49.45971947709735 4.018700026992756
    vertex 135.63580377720567 49.487917325072885 4.018651225995559
  endloop
endfacet
facet normal 8.98716389387132e-06 -0.00010293849171677699 0.999999994661449
  outer loop
    vertex 128.01080147655833 52.392315605628696 4.017284562759957
    vertex 135.63580377720567 49.487917325072885 4.018651225995559
    vertex 156.07077234865625 49.542443127815496 4.017670889439228
  endloop
endfacet
facet normal 8.98716389387132e-06 -0.00010293849171677699 0.999999994661449
  outer loop
    vertex 128.01080147655833 52.392315605628696 4.017284562759957
    vertex 156.07077234865625 49.542443127815496 4.017670889439228
    vertex 156.45900088641574 49.593554394096856 4.0175880822277
  endloop
endfacet
facet normal 8.98716389387132e-06 -0.00010293849171677699 0.999999994661449
  outer loop
    vertex 128.01080147655833 52.392315605628696 4.017284562759957
    vertex 156.45900088641574 49.593554394096856 4.0175880822277
    vertex 163.76366202440562 52.39231522677944 4.0206435914770715
  endloop
endfacet
facet normal 0.9999993365497932 -0.0011244563128149831 -0.00024999594771916517
  outer loop
    vertex 163.7441564523994 -27.382614243458907 7.771075458658109
    vertex 163.7381362872578 -31.00723452284371 -0.006786585001745575
    vertex 163.76366201943074 -9.200609255319483 4.01374976298321
  endloop
endfacet
facet normal 0.9999993374976287 -0.0011237056321372295 -0.0002495795583812812
  outer loop
    vertex 163.76241961642182 -14.66702529413912 23.66395748448194
    vertex 163.7441564523994 -27.382614243458907 7.771075458658109
    vertex 163.76366201943074 -9.200609255319483 4.01374976298321
  endloop
endfacet
facet normal 0.9999993374976287 -0.0011237056321372295 -0.0002495795583812812
  outer loop
    vertex 163.7441564523994 -27.382614243458907 7.771075458658109
    vertex 163.76241961642182 -14.66702529413912 23.66395748448194
    vertex 163.75049743242818 -23.06130368452857 13.586370448128429
  endloop
endfacet
facet normal 0.9999993374976287 -0.0011237056321372295 -0.0002495795583812812
  outer loop
    vertex 163.75049743242818 -23.06130368452857 13.586370448128429
    vertex 163.76241961642182 -14.66702529413912 23.66395748448194
    vertex 163.7554901540562 -19.608331604309196 18.156626138692037
  endloop
endfacet
facet normal 0.9999798034730155 8.547770047155895e-07 -0.006355520855023746
  outer loop
    vertex 163.76366202440562 52.39231522677944 4.0206435914770715
    vertex 163.7381362872578 -31.00723452284371 -0.006786585001745575
    vertex 163.73813629399402 52.392764954765866 0.002548014672181114
  endloop
endfacet
facet normal 0.9999798034730155 8.547770047155895e-07 -0.006355520855023746
  outer loop
    vertex 163.7381362872578 -31.00723452284371 -0.006786585001745575
    vertex 163.76366202440562 52.39231522677944 4.0206435914770715
    vertex 163.76366201943074 -9.200609255319483 4.01374976298321
  endloop
endfacet
facet normal 0.0002759103144261184 0.09694390392606363 0.9952898087316441
  outer loop
    vertex 149.83878954228945 4.44286021339579 42.955647287447256
    vertex 142.19891154382913 3.464970577469315 43.053014264589194
    vertex 149.83723095971743 3.45285415232263 43.05207697220632
  endloop
endfacet
facet normal 0.0002759103144261184 0.09694390392606363 0.9952898087316441
  outer loop
    vertex 142.19891154382913 3.464970577469315 43.053014264589194
    vertex 149.83878954228945 4.44286021339579 42.955647287447256
    vertex 142.20047012640117 4.4549766385424805 42.95658457983013
  endloop
endfacet
facet normal 9.053870853201991e-05 -0.02026475027505147 0.9997946447641297
  outer loop
    vertex 149.83723095971743 3.45285415232263 43.05207697220632
    vertex 142.19733154708234 2.470483618203379 43.03285723840788
    vertex 149.8356509629706 2.458367193056688 43.031919946025
  endloop
endfacet
facet normal 9.053870853201991e-05 -0.02026475027505147 0.9997946447641297
  outer loop
    vertex 142.19733154708234 2.470483618203379 43.03285723840788
    vertex 149.83723095971743 3.45285415232263 43.05207697220632
    vertex 142.19891154382913 3.464970577469315 43.053014264589194
  endloop
endfacet
endsolid Forearm
