solid Forearm
facet normal -0.6488689461906244 -0.7600731354118451 -0.035467160792422736
  outer loop
    vertex -259.4752308196685 384.67778466260165 314.97701398358817
    vertex -258.4972338196697 384.0537916626014 310.45701398358796
    vertex -259.6072338196673 384.5677996626017 319.74901398358827
  endloop
endfacet
facet normal -0.49896818657070274 -0.8661749885965927 -0.027778371443210947
  outer loop
    vertex -254.02123581966842 380.4997756626016 315.4290149835868
    vertex -253.46923381966914 380.27177866260143 312.6230139835867
    vertex -252.49323581966783 379.5457956626017 317.72901398358647
  endloop
endfacet
facet normal -0.47294285035898415 -0.8807438626575257 -0.024805416453287776
  outer loop
    vertex -253.2512318196672 379.89979966260125 320.16301398358667
    vertex -251.14722781966643 378.6897776626012 323.01101298358606
    vertex -252.67522681966588 379.44978766260135 325.1590139835865
  endloop
endfacet
facet normal 0.07337640301794587 -0.9970912249585034 -0.020615348430215102
  outer loop
    vertex -230.59923881967043 374.9277846626013 307.85901298358067
    vertex -229.0612288196712 375.1037796626016 304.8210129835803
    vertex -230.11323081966984 374.9177746626016 310.0730139835806
  endloop
endfacet
facet normal 0.09249392713240154 -0.9955978152225946 -0.015161258774337414
  outer loop
    vertex -228.66323381966677 374.8197826626013 321.5690139835802
    vertex -228.26322481966776 374.9137766626018 317.8370139835801
    vertex -227.33722981966667 374.93779466260145 321.9090139835799
  endloop
endfacet
facet normal 0.09165627982636819 -0.9956172228769855 -0.018586873839070588
  outer loop
    vertex -229.6652328196727 375.16579166260146 299.0570129835805
    vertex -228.10123781967272 375.3097726626013 299.0570129835801
    vertex -230.1852368196714 375.02379266260147 304.0990129835806
  endloop
endfacet
facet normal 0.08870848544483884 -0.9959038495131604 -0.017502203717000866
  outer loop
    vertex -229.0612288196712 375.1037796626016 304.8210129835803
    vertex -228.16323381967064 375.1457716626016 306.98301398358007
    vertex -230.11323081966984 374.9177746626016 310.0730139835806
  endloop
endfacet
facet normal 0.0814967718935714 -0.9965374756726746 -0.016472272182699477
  outer loop
    vertex -230.1852368196714 375.02379266260147 304.0990129835806
    vertex -229.0612288196712 375.1037796626016 304.8210129835803
    vertex -230.59923881967043 374.9277846626013 307.85901298358067
  endloop
endfacet
facet normal 0.07075653828363115 -0.9973714681929701 -0.01560982782468944
  outer loop
    vertex -228.8012348196684 374.91179366260167 315.52501298358027
    vertex -228.26322481966776 374.9137766626018 317.8370139835801
    vertex -229.89322981966706 374.75578766260145 320.5430149835805
  endloop
endfacet
facet normal 0.07639630735685889 -0.9968435623987532 -0.021598989013363788
  outer loop
    vertex -229.4772288196691 374.91978866260166 312.76501298358045
    vertex -228.16323381967064 375.1457716626016 306.98301398358007
    vertex -228.8012348196684 374.91179366260167 315.52501298358027
  endloop
endfacet
facet normal 0.08422408901201964 -0.9964259187412492 -0.006456879335467758
  outer loop
    vertex -229.22922781966543 374.7237746626014 326.7290139835804
    vertex -229.18523681966556 374.72978666260127 326.36501398358035
    vertex -227.66723181966543 374.8557936626014 326.72901398358
  endloop
endfacet
facet normal 0.12079191979258976 -0.9924465422766755 -0.021428318550259343
  outer loop
    vertex -226.29323881967008 375.3077896626016 309.1430129835796
    vertex -226.12723881966838 375.18779466260173 315.6490139835796
    vertex -227.59722481966955 375.1057936626017 311.16101398357995
  endloop
endfacet
facet normal 0.12079191979258976 -0.9924465422766755 -0.021428318550259343
  outer loop
    vertex -227.33123281966814 375.0237926626017 316.44301498357987
    vertex -227.59722481966955 375.1057936626017 311.16101398357995
    vertex -226.12723881966838 375.18779466260173 315.6490139835796
  endloop
endfacet
facet normal 0.08827568456618785 -0.9958980935471946 -0.019859274494157152
  outer loop
    vertex -227.59722481966955 375.1057936626017 311.16101398357995
    vertex -227.33123281966814 375.0237926626017 316.44301498357987
    vertex -228.8012348196684 374.91179366260167 315.52501298358027
  endloop
endfacet
facet normal 0.08827568456618785 -0.9958980935471946 -0.019859274494157152
  outer loop
    vertex -228.26322481966776 374.9137766626018 317.8370139835801
    vertex -228.8012348196684 374.91179366260167 315.52501298358027
    vertex -227.33123281966814 375.0237926626017 316.44301498357987
  endloop
endfacet
facet normal 0.03410668229399241 -0.9993036289779709 -0.015132459626729591
  outer loop
    vertex -232.78922581966592 374.58977166260144 324.9790139835813
    vertex -229.89322981966706 374.75578766260145 320.5430149835805
    vertex -230.7052258196657 374.64778566260145 325.8450149835807
  endloop
endfacet
facet normal 0.09136078166343173 -0.9957605272487393 -0.010685501727081844
  outer loop
    vertex -228.66323381966677 374.8197826626013 321.5690139835802
    vertex -227.33722981966667 374.93779466260145 321.9090139835799
    vertex -227.66723181966543 374.8557936626014 326.72901398358
  endloop
endfacet
facet normal 0.12041425320417047 -0.9926029566151364 -0.015484771363240172
  outer loop
    vertex -227.33123281966814 375.0237926626017 316.44301498357987
    vertex -225.96923381966667 375.1037796626014 321.90701298357953
    vertex -227.33722981966667 374.93779466260145 321.9090139835799
  endloop
endfacet
facet normal 0.08469721028854317 -0.9961748605050441 -0.02149488002047066
  outer loop
    vertex -230.1852368196714 375.02379266260147 304.0990129835806
    vertex -228.10123781967272 375.3097726626013 299.0570129835801
    vertex -229.0612288196712 375.1037796626016 304.8210129835803
  endloop
endfacet
facet normal 0.11832565058160456 -0.9927105617050801 -0.022908101047982004
  outer loop
    vertex -226.5512348196726 375.5097856626014 299.0570129835797
    vertex -226.29323881967008 375.3077896626016 309.1430129835796
    vertex -227.59722481966955 375.1057936626017 311.16101398357995
  endloop
endfacet
facet normal 0.058098061203637634 -0.9982337662500624 -0.012408190947681206
  outer loop
    vertex -230.7052258196657 374.64778566260145 325.8450149835807
    vertex -228.66323381966677 374.8197826626013 321.5690139835802
    vertex -229.18523681966556 374.72978666260127 326.36501398358035
  endloop
endfacet
facet normal 0.12428703297011985 -0.9921098170420938 -0.01645734985310752
  outer loop
    vertex -227.33123281966814 375.0237926626017 316.44301498357987
    vertex -226.12723881966838 375.18779466260173 315.6490139835796
    vertex -225.96923381966667 375.1037796626014 321.90701298357953
  endloop
endfacet
facet normal 0.056531540680515725 -0.9982250743780555 -0.01873194574016741
  outer loop
    vertex -230.84923881966765 374.7437936626016 318.29701498358077
    vertex -228.8012348196684 374.91179366260167 315.52501298358027
    vertex -229.89322981966706 374.75578766260145 320.5430149835805
  endloop
endfacet
facet normal 0.1066533479637598 -0.994007534294932 -0.023960073727571342
  outer loop
    vertex -228.16323381967064 375.1457716626016 306.98301398358007
    vertex -226.5512348196726 375.5097856626014 299.0570129835797
    vertex -227.59722481966955 375.1057936626017 311.16101398357995
  endloop
endfacet
facet normal 0.1050024220366874 -0.9941749492975324 -0.024303529695879667
  outer loop
    vertex -229.0612288196712 375.1037796626016 304.8210129835803
    vertex -226.5512348196726 375.5097856626014 299.0570129835797
    vertex -228.16323381967064 375.1457716626016 306.98301398358007
  endloop
endfacet
facet normal -0.6510894202622042 -0.7580626973526404 -0.03772948058304199
  outer loop
    vertex -257.6412308196711 383.57979266260145 305.2090129835877
    vertex -256.97722881967064 382.92177266260137 306.98301398358757
    vertex -258.79323881967025 384.4077956626013 308.467013983588
  endloop
endfacet
facet normal -0.6510894202622042 -0.7580626973526404 -0.03772948058304199
  outer loop
    vertex -258.4972338196697 384.0537916626014 310.45701398358796
    vertex -258.79323881967025 384.4077956626013 308.467013983588
    vertex -256.97722881967064 382.92177266260137 306.98301398358757
  endloop
endfacet
facet normal 0.05855358490736033 -0.9981355195173517 -0.017232596215401352
  outer loop
    vertex -229.4772288196691 374.91978866260166 312.76501298358045
    vertex -228.8012348196684 374.91179366260167 315.52501298358027
    vertex -230.84923881966765 374.7437936626016 318.29701498358077
  endloop
endfacet
facet normal 0.08448245692047297 -0.9962041247246058 -0.02097752021480283
  outer loop
    vertex -228.16323381967064 375.1457716626016 306.98301398358007
    vertex -227.59722481966955 375.1057936626017 311.16101398357995
    vertex -228.8012348196684 374.91179366260167 315.52501298358027
  endloop
endfacet
facet normal -0.4940096405256705 -0.869159246643543 -0.02273057504170472
  outer loop
    vertex -254.19123381966685 380.4077956626013 321.4750139835869
    vertex -252.67522681966588 379.44978766260135 325.1590139835865
    vertex -253.8312328196656 380.07979266260133 326.1930149835868
  endloop
endfacet
facet normal -0.6507006738624543 -0.7584666873817323 -0.0362893533578277
  outer loop
    vertex -259.38523381966974 384.8157846626014 310.4790139835882
    vertex -259.4752308196685 384.67778466260165 314.97701398358817
    vertex -260.3292338196675 385.2277726626017 318.79501398358843
  endloop
endfacet
facet normal -0.5085748984772993 -0.8606144450677051 -0.02635051383960091
  outer loop
    vertex -254.4552258196678 380.68379666260176 317.795013983587
    vertex -254.02123581966842 380.4997756626016 315.4290149835868
    vertex -253.2512318196672 379.89979966260125 320.16301398358667
  endloop
endfacet
facet normal -0.6360527520359398 -0.7708665732982702 -0.0346644313221785
  outer loop
    vertex -256.80723081966954 382.5777786626014 311.1610139835875
    vertex -256.88923181966817 382.4077956626016 316.44301498358755
    vertex -257.8692278196683 383.2477916626016 315.7450149835878
  endloop
endfacet
facet normal -0.6360527520359398 -0.7708665732982702 -0.0346644313221785
  outer loop
    vertex -257.59322681966773 382.92177266260177 317.9350129835877
    vertex -257.8692278196683 383.2477916626016 315.7450149835878
    vertex -256.88923181966817 382.4077956626016 316.44301498358755
  endloop
endfacet
facet normal -0.6478137781154717 -0.7609330402501593 -0.03630726014735749
  outer loop
    vertex -259.38523381966974 384.8157846626014 310.4790139835882
    vertex -258.79323881967025 384.4077956626013 308.467013983588
    vertex -259.4752308196685 384.67778466260165 314.97701398358817
  endloop
endfacet
facet normal -0.5232397584461632 -0.8516777206840641 -0.02941454183899975
  outer loop
    vertex -253.6852368196712 380.66777466260135 304.82101298358674
    vertex -252.5352278196704 379.85777766260145 307.8170129835865
    vertex -252.94323281966987 380.03377166260134 309.9790139835866
  endloop
endfacet
facet normal -0.6492238917222964 -0.7596561178844138 -0.03782751614549762
  outer loop
    vertex -258.20122781966904 383.6617936626015 313.12901398358787
    vertex -256.97722881967064 382.92177266260137 306.98301398358757
    vertex -257.8692278196683 383.2477916626016 315.7450149835878
  endloop
endfacet
facet normal -0.5601907997171955 -0.8276374953483785 -0.03467627727527641
  outer loop
    vertex -255.80723081967002 381.9037976626015 309.1430129835873
    vertex -255.4872388196727 382.10979166260137 299.05701298358724
    vertex -254.87723881966954 381.18977766260156 311.16101398358705
  endloop
endfacet
facet normal -0.5503508373365833 -0.8341712607931845 -0.03566880303053232
  outer loop
    vertex -255.4872388196727 382.10979166260137 299.05701298358724
    vertex -254.39123081967062 381.04777966260144 306.98301398358694
    vertex -254.87723881966954 381.18977766260156 311.16101398358705
  endloop
endfacet
facet normal -0.49758454175142164 -0.8671674657137867 -0.020741509529352505
  outer loop
    vertex -254.19123381966685 380.4077956626013 321.4750139835869
    vertex -253.2512318196672 379.89979966260125 320.16301398358667
    vertex -252.67522681966588 379.44978766260135 325.1590139835865
  endloop
endfacet
facet normal -0.6434437673014304 -0.7643037531689939 -0.042660182989906904
  outer loop
    vertex -257.6412308196711 383.57979266260145 305.2090129835877
    vertex -255.4872388196727 382.10979166260137 299.05701298358724
    vertex -256.97722881967064 382.92177266260137 306.98301398358757
  endloop
endfacet
facet normal -0.653896500842034 -0.7556707599795999 -0.03716273265514423
  outer loop
    vertex -258.79323881967025 384.4077956626013 308.467013983588
    vertex -258.4972338196697 384.0537916626014 310.45701398358796
    vertex -259.4752308196685 384.67778466260165 314.97701398358817
  endloop
endfacet
facet normal -0.5641754188122732 -0.8251973357372085 -0.027485521647019857
  outer loop
    vertex -256.01523881966835 381.78178866260157 315.6490139835874
    vertex -255.14123081966812 381.1577956626017 316.44301498358715
    vertex -256.1972308196667 381.69777366260126 321.90701298358744
  endloop
endfacet
facet normal -0.654124633319287 -0.7555840148051968 -0.03483906795206346
  outer loop
    vertex -259.6072338196673 384.5677996626017 319.74901398358827
    vertex -257.8692278196683 383.2477916626016 315.7450149835878
    vertex -258.98523981966684 383.9517716626013 321.43101398358806
  endloop
endfacet
facet normal -0.5314139508936625 -0.8467449708704384 -0.024943277675731686
  outer loop
    vertex -253.6852368196712 380.66777466260135 304.82101298358674
    vertex -252.8132278196714 380.14177366260134 304.09901298358653
    vertex -252.5352278196704 379.85777766260145 307.8170129835865
  endloop
endfacet
facet normal -0.5594032264275755 -0.8284802690684748 -0.026238788589543583
  outer loop
    vertex -256.1972308196667 381.69777366260126 321.90701298358744
    vertex -255.14123081966812 381.1577956626017 316.44301498358715
    vertex -255.19323281966672 381.0197946626012 321.90901398358716
  endloop
endfacet
facet normal -0.4976942735600867 -0.8668704856104741 -0.028913167293785284
  outer loop
    vertex -254.02123581966842 380.4997756626016 315.4290149835868
    vertex -252.49323581966783 379.5457956626017 317.72901398358647
    vertex -253.2512318196672 379.89979966260125 320.16301398358667
  endloop
endfacet
facet normal -0.6422802840697945 -0.765581095398104 -0.036900177022112096
  outer loop
    vertex -256.97722881967064 382.92177266260137 306.98301398358757
    vertex -256.80723081966954 382.5777786626014 311.1610139835875
    vertex -257.8692278196683 383.2477916626016 315.7450149835878
  endloop
endfacet
facet normal -0.5113388899343664 -0.8590327498309199 -0.02439824499053454
  outer loop
    vertex -253.46923381966914 380.27177866260143 312.6230139835867
    vertex -252.94323281966987 380.03377166260134 309.9790139835866
    vertex -252.49323581966783 379.5457956626017 317.72901398358647
  endloop
endfacet
facet normal -0.5038534072923189 -0.8634258411003807 -0.025051165242775925
  outer loop
    vertex -252.5352278196704 379.85777766260145 307.8170129835865
    vertex -252.03922581966881 379.3917736626015 313.92301398358626
    vertex -252.94323281966987 380.03377166260134 309.9790139835866
  endloop
endfacet
facet normal -0.5038534072923189 -0.8634258411003807 -0.025051165242775925
  outer loop
    vertex -252.49323581966783 379.5457956626017 317.72901398358647
    vertex -252.94323281966987 380.03377166260134 309.9790139835866
    vertex -252.03922581966881 379.3917736626015 313.92301398358626
  endloop
endfacet
facet normal -0.5988526225993155 -0.8003639905498605 -0.02816059369091757
  outer loop
    vertex -256.88923181966817 382.4077956626016 316.44301498358755
    vertex -256.01523881966835 381.78178866260157 315.6490139835874
    vertex -256.1972308196667 381.69777366260126 321.90701298358744
  endloop
endfacet
facet normal -0.05273315089268036 0.9983084492044803 0.024483771030530278
  outer loop
    vertex -262.4572398196682 390.12379866260164 316.27501298358897
    vertex -263.55922981966665 389.92177266260126 322.1390139835893
    vertex -258.8032328196661 390.1237986626013 324.145013983588
  endloop
endfacet
facet normal 0.014784186132963058 -0.9998061516812139 -0.013003341908426438
  outer loop
    vertex -262.4572398196682 410.13377866260174 316.27501298358897
    vertex -257.50322981967213 410.40178366260125 301.3010129835877
    vertex -255.53522781966612 410.13377866260134 324.14501398358715
  endloop
endfacet
facet normal -0.14052167152854325 0.9879255705355906 0.06524359671839366
  outer loop
    vertex -260.97323181967215 391.3237806626014 301.30101298358863
    vertex -262.4572398196682 390.12379866260164 316.27501298358897
    vertex -258.8032328196661 390.1237986626013 324.145013983588
  endloop
endfacet
facet normal -0.07156382449487994 -0.9954480051357877 0.06294353100078573
  outer loop
    vertex -263.55922981966665 410.5837906626015 322.1390139835893
    vertex -262.4572398196682 410.13377866260174 316.27501298358897
    vertex -255.53522781966612 410.13377866260134 324.14501398358715
  endloop
endfacet
facet normal 0.980457232427135 0.1967095819245149 -0.002992617651103176
  outer loop
    vertex -226.37923781966413 377.09578366260166 331.63901398357956
    vertex -226.43523681966542 377.2997936626015 326.7250139835796
    vertex -226.86323081966611 379.3937876626014 324.1450139835797
  endloop
endfacet
facet normal -0.15989106496111755 0.7533117252976496 0.637931259521493
  outer loop
    vertex -220.65122481966537 378.52779066260126 326.72501398357804
    vertex -226.86323081966611 379.3937876626014 324.1450139835797
    vertex -226.43523681966542 377.2997936626015 326.7250139835796
  endloop
endfacet
facet normal -0.268277604225916 0.7163920170433926 0.6440571441939779
  outer loop
    vertex -215.32122381966536 380.5237926626013 326.7250139835767
    vertex -216.76723781966615 382.3017776626011 324.1450139835771
    vertex -220.65122481966537 378.52779066260126 326.72501398357804
  endloop
endfacet
facet normal -0.19679671295111917 0.6832410828026829 0.703173290549529
  outer loop
    vertex -220.65122481966537 378.52779066260126 326.72501398357804
    vertex -216.76723781966615 382.3017776626011 324.1450139835771
    vertex -226.86323081966611 379.3937876626014 324.1450139835797
  endloop
endfacet
facet normal -0.06012668400591664 -0.9980256953316627 -0.018151951085324372
  outer loop
    vertex -236.45122781966842 374.9177746626016 315.37901398358224
    vertex -234.47722881966766 374.74577766260165 318.29701498358173
    vertex -235.42122981966705 374.76179966260133 320.543014983582
  endloop
endfacet
facet normal -0.2024941156659286 0.979236278771683 -0.00961475210603583
  outer loop
    vertex -221.39722781967205 380.2997936626013 301.30101298357823
    vertex -226.9792278196721 379.1457716626014 301.3010129835797
    vertex -226.86323081966611 379.3937876626014 324.1450139835797
  endloop
endfacet
facet normal -0.06227440805784464 -0.9979194603590444 -0.016692775016717967
  outer loop
    vertex -236.45122781966842 374.9177746626016 315.37901398358224
    vertex -235.83722981966912 374.9237866626017 312.7290139835821
    vertex -234.47722881966766 374.74577766260165 318.29701498358173
  endloop
endfacet
facet normal -0.05971037083499524 -0.9980916562015496 -0.015739041762292322
  outer loop
    vertex -234.80323281967037 374.9297986626016 307.8590129835818
    vertex -233.98723881966873 374.77977466260165 314.3030129835816
    vertex -235.2452348196698 374.9217726626016 310.0730139835819
  endloop
endfacet
facet normal -0.05971037083499524 -0.9980916562015496 -0.015739041762292322
  outer loop
    vertex -234.47722881966766 374.74577766260165 318.29701498358173
    vertex -235.2452348196698 374.9217726626016 310.0730139835819
    vertex -233.98723881966873 374.77977466260165 314.3030129835816
  endloop
endfacet
facet normal -0.3037904352409808 -0.9525024267125621 -0.0212249514198696
  outer loop
    vertex -246.47523081966952 377.04777966260144 311.16101398358484
    vertex -245.19922981967002 376.68578066260164 309.14301298358447
    vertex -245.2712358196684 376.56377066260177 315.6490139835845
  endloop
endfacet
facet normal -0.3017791317906758 -0.9531278615934555 -0.021831973569806946
  outer loop
    vertex -246.47523081966952 377.04777966260144 311.16101398358484
    vertex -245.2712358196684 376.56377066260177 315.6490139835845
    vertex -246.41523281966812 376.9077956626016 316.4430149835848
  endloop
endfacet
facet normal -0.262979065862119 -0.9645729762032491 -0.02099963087041572
  outer loop
    vertex -245.19922981967002 376.68578066260164 309.14301298358447
    vertex -243.93723581966952 376.2977796626016 311.1610139835842
    vertex -245.2712358196684 376.56377066260177 315.6490139835845
  endloop
endfacet
facet normal 0.7128226724826887 0.7006629642898509 -0.03090708765310473
  outer loop
    vertex -258.8032328196661 390.1237986626013 324.145013983588
    vertex -257.5152388196721 387.8057756626013 301.3010129835878
    vertex -260.97323181967215 391.3237806626014 301.30101298358863
  endloop
endfacet
facet normal 0.6394235009329672 0.767227661170658 -0.04999302340557032
  outer loop
    vertex -253.8172258196721 384.72377466260144 301.3010129835867
    vertex -257.5152388196721 387.8057756626013 301.3010129835878
    vertex -255.6092328196661 387.70579966260135 324.1450139835873
  endloop
endfacet
facet normal 0.6468846730660897 0.7610376401438552 -0.048599691732052724
  outer loop
    vertex -252.12923781966612 384.7477916626013 324.14501398358624
    vertex -253.8172258196721 384.72377466260144 301.3010129835867
    vertex -255.6092328196661 387.70579966260135 324.1450139835873
  endloop
endfacet
facet normal 0.489371305916994 0.8712870068987997 -0.037076630839748395
  outer loop
    vertex -249.30922981967214 382.19179166260125 301.3010129835856
    vertex -253.8172258196721 384.72377466260144 301.3010129835867
    vertex -252.12923781966612 384.7477916626013 324.14501398358624
  endloop
endfacet
facet normal 0.3494826274282259 0.9365971865017113 -0.025448052242608356
  outer loop
    vertex -244.1672318196721 380.3097726626014 301.30101298358426
    vertex -247.8852338196661 382.3177996626014 324.1450139835852
    vertex -243.04523781966608 380.5117996626013 324.145013983584
  endloop
endfacet
facet normal 0.6029264239647919 0.7964217512677185 -0.046820096034591495
  outer loop
    vertex -257.5152388196721 387.8057756626013 301.3010129835878
    vertex -258.8032328196661 390.1237986626013 324.145013983588
    vertex -255.6092328196661 387.70579966260135 324.1450139835873
  endloop
endfacet
facet normal 0.3435888365279898 0.9387435037846368 -0.02659596803062221
  outer loop
    vertex -244.1672318196721 380.3097726626014 301.30101298358426
    vertex -249.30922981967214 382.19179166260125 301.3010129835856
    vertex -247.8852338196661 382.3177996626014 324.1450139835852
  endloop
endfacet
facet normal 0.49656847264368276 0.8672615317967187 -0.03573775933000409
  outer loop
    vertex -249.30922981967214 382.19179166260125 301.3010129835856
    vertex -252.12923781966612 384.7477916626013 324.14501398358624
    vertex -247.8852338196661 382.3177996626014 324.1450139835852
  endloop
endfacet
facet normal -0.34209562332570875 0.9383881346133081 -0.048972373011231585
  outer loop
    vertex -216.25123181967214 382.1758006626014 301.3010129835769
    vertex -221.39722781967205 380.2997936626013 301.30101298357823
    vertex -212.52123581966615 384.72777266260124 324.14501398357595
  endloop
endfacet
facet normal -0.48789473233810265 0.8711116649285181 -0.055885574007934355
  outer loop
    vertex -211.7412368196721 384.7017716626011 301.30101298357573
    vertex -216.25123181967214 382.1758006626014 301.3010129835769
    vertex -209.0372268196661 387.68178266260117 324.145013983575
  endloop
endfacet
facet normal -0.49594566949332985 0.8680093341330315 0.024447674096820183
  outer loop
    vertex -212.52123581966615 384.72777266260124 324.14501398357595
    vertex -221.39722781967205 380.2997936626013 301.30101298357823
    vertex -216.76723781966615 382.3017776626011 324.1450139835771
  endloop
endfacet
facet normal -0.7926586985607504 0.6088307767379958 -0.031894715747065296
  outer loop
    vertex -208.0412248196721 387.7817886626013 301.30101298357476
    vertex -209.0372268196661 387.68178266260117 324.145013983575
    vertex -206.44723081966612 391.0537916626012 324.14501398357436
  endloop
endfacet
facet normal -0.7868594493701938 0.6162299670453962 -0.03335917642966082
  outer loop
    vertex -208.0412248196721 387.7817886626013 301.30101298357476
    vertex -206.44723081966612 391.0537916626012 324.14501398357436
    vertex -205.2892258196722 391.29579566260134 301.301012983574
  endloop
endfacet
facet normal -0.6395841480490256 0.7683298575271393 -0.024522389702636226
  outer loop
    vertex -208.0412248196721 387.7817886626013 301.30101298357476
    vertex -211.7412368196721 384.7017716626011 301.30101298357573
    vertex -209.0372268196661 387.68178266260117 324.145013983575
  endloop
endfacet
facet normal -0.9159029659000189 0.39917528987832057 -0.042200059314033464
  outer loop
    vertex -205.2892258196722 391.29579566260134 301.301012983574
    vertex -206.44723081966612 391.0537916626012 324.14501398357436
    vertex -204.85123781966612 394.71577866260134 324.14501398357396
  endloop
endfacet
facet normal -0.9128766309490415 0.40593588803263286 -0.04327021463183905
  outer loop
    vertex -205.2892258196722 391.29579566260134 301.301012983574
    vertex -204.85123781966612 394.71577866260134 324.14501398357396
    vertex -203.59322681967208 395.1097916626013 301.3010129835736
  endloop
endfacet
facet normal -0.6465733447754148 0.7625794605833085 0.020383231402377546
  outer loop
    vertex -209.0372268196661 387.68178266260117 324.145013983575
    vertex -216.25123181967214 382.1758006626014 301.3010129835769
    vertex -212.52123581966615 384.72777266260124 324.14501398357595
  endloop
endfacet
facet normal -0.6465275164573766 -0.7605365545051359 -0.05988588919698198
  outer loop
    vertex -212.50722781966616 412.3257946626012 324.14501398357595
    vertex -211.7252308196722 413.4597976626011 301.30101298357573
    vertex -209.0252338196661 409.3657726626012 324.14501398357504
  endloop
endfacet
facet normal -0.9122764414481043 -0.40471270845764035 -0.06292311174492891
  outer loop
    vertex -203.58922881967212 403.0457956626012 301.3010129835736
    vertex -204.8472248196661 402.32979266260133 324.14501398357396
    vertex -205.28122981967212 406.85979166260137 301.301012983574
  endloop
endfacet
facet normal -0.7923587217795385 -0.6069471057149524 -0.061505015113715845
  outer loop
    vertex -206.4392348196661 405.98979666260135 324.1450139835743
    vertex -209.0252338196661 409.3657726626012 324.14501398357504
    vertex -208.02723181967212 410.37779666260104 301.3010129835747
  endloop
endfacet
facet normal -0.6389984388533377 -0.7667147375620874 -0.061883005325345644
  outer loop
    vertex -211.7252308196722 413.4597976626011 301.30101298357573
    vertex -208.02723181967212 410.37779666260104 301.3010129835747
    vertex -209.0252338196661 409.3657726626012 324.14501398357504
  endloop
endfacet
facet normal -0.9152664299046342 -0.3981179553553602 -0.06155855678370867
  outer loop
    vertex -204.8472248196661 402.32979266260133 324.14501398357396
    vertex -206.4392348196661 405.98979666260135 324.1450139835743
    vertex -205.28122981967212 406.85979166260137 301.301012983574
  endloop
endfacet
facet normal -0.9885256334646387 -0.13913966320358026 -0.058798181153240266
  outer loop
    vertex -204.31122881966604 398.52177866260126 324.1450139835738
    vertex -204.8472248196661 402.32979266260133 324.14501398357396
    vertex -203.58922881967212 403.0457956626012 301.3010129835736
  endloop
endfacet
facet normal -0.3668224731116916 -0.9284007127973269 -0.05927385340635217
  outer loop
    vertex -221.04323881966604 416.43379666260154 324.14501398357817
    vertex -216.23322581967204 415.9917796626013 301.3010129835769
    vertex -214.90322381966615 414.00780166260125 324.14501398357663
  endloop
endfacet
facet normal -0.4891631101062232 -0.8709164814533682 -0.047158605196633625
  outer loop
    vertex -216.23322581967204 415.9917796626013 301.3010129835769
    vertex -211.7252308196722 413.4597976626011 301.30101298357573
    vertex -214.90322381966615 414.00780166260125 324.14501398357663
  endloop
endfacet
facet normal -0.9887228256002721 0.14028355867829295 -0.05241848244243612
  outer loop
    vertex -204.85123781966612 394.71577866260134 324.14501398357396
    vertex -204.31122881966604 398.52177866260126 324.1450139835738
    vertex -203.02123581967209 399.07777866260125 301.3010129835734
  endloop
endfacet
facet normal -0.9881710981676727 -0.14144956197554967 -0.05924442727397285
  outer loop
    vertex -203.02123581967209 399.07777866260125 301.3010129835734
    vertex -204.31122881966604 398.52177866260126 324.1450139835738
    vertex -203.58922881967212 403.0457956626012 301.3010129835736
  endloop
endfacet
facet normal -0.7867102897796516 -0.614071904148933 -0.06326623498929132
  outer loop
    vertex -205.28122981967212 406.85979166260137 301.301012983574
    vertex -206.4392348196661 405.98979666260135 324.1450139835743
    vertex -208.02723181967212 410.37779666260104 301.3010129835747
  endloop
endfacet
facet normal -0.3432066642088617 -0.9376993436031051 -0.05412140656830232
  outer loop
    vertex -221.3752238196721 417.8737986626015 301.30101298357823
    vertex -216.23322581967204 415.9917796626013 301.3010129835769
    vertex -221.04323881966604 416.43379666260154 324.14501398357817
  endloop
endfacet
facet normal -0.9884315645728442 0.14248382342270216 -0.05197501533359534
  outer loop
    vertex -203.59322681967208 395.1097916626013 301.3010129835736
    vertex -204.85123781966612 394.71577866260134 324.14501398357396
    vertex -203.02123581967209 399.07777866260125 301.3010129835734
  endloop
endfacet
facet normal -0.20870918767234678 -0.9762262469772368 -0.058504612586430874
  outer loop
    vertex -226.8432268196661 417.67378666260134 324.1450139835797
    vertex -221.3752238196721 417.8737986626015 301.30101298357823
    vertex -221.04323881966604 416.43379666260154 324.14501398357817
  endloop
endfacet
facet normal 0.4944648132361777 -0.8657180808044588 -0.07769654457925837
  outer loop
    vertex -249.2912398196721 416.00780166260137 301.30101298358557
    vertex -247.86922781966612 414.76979466260127 324.1450139835852
    vertex -252.1132308196661 412.34578366260126 324.14501398358635
  endloop
endfacet
facet normal 0.63724969849728 -0.7659357716494668 -0.08517755263484658
  outer loop
    vertex -257.50322981967213 410.40178366260125 301.3010129835877
    vertex -253.80123481967215 413.4818006626014 301.30101298358676
    vertex -252.1132308196661 412.34578366260126 324.14501398358635
  endloop
endfacet
facet normal 0.5419976467202456 -0.8384765500456787 -0.056529867974483644
  outer loop
    vertex -255.53522781966612 410.13377866260134 324.14501398358715
    vertex -257.50322981967213 410.40178366260125 301.3010129835877
    vertex -252.1132308196661 412.34578366260126 324.14501398358635
  endloop
endfacet
facet normal 0.18885516139142006 -0.979587816099818 -0.06885810456736498
  outer loop
    vertex -238.5632278196721 419.03780066260134 301.3010129835828
    vertex -237.99523481966617 417.5437816626014 324.11301498358256
    vertex -243.0252338196661 416.57179666260134 324.1450139835839
  endloop
endfacet
facet normal 0.20201667081062902 -0.9771540390752705 -0.06602460627277434
  outer loop
    vertex -244.1452288196721 417.8837786626014 301.3010129835842
    vertex -238.5632278196721 419.03780066260134 301.3010129835828
    vertex -243.0252338196661 416.57179666260134 324.1450139835839
  endloop
endfacet
facet normal 0.34161074889323667 -0.9370758125088714 -0.07204871859679757
  outer loop
    vertex -249.2912398196721 416.00780166260137 301.30101298358557
    vertex -244.1452288196721 417.8837786626014 301.3010129835842
    vertex -247.86922781966612 414.76979466260127 324.1450139835852
  endloop
endfacet
facet normal -0.05378516912043539 -0.9968083775668817 -0.058993338566038334
  outer loop
    vertex -230.3272358196661 417.8617746626015 324.14501398358055
    vertex -226.9552258196721 419.0317886626014 301.3010129835797
    vertex -226.8432268196661 417.67378666260134 324.1450139835797
  endloop
endfacet
facet normal 0.041627694492683366 -0.9964878975139015 -0.07265676265529503
  outer loop
    vertex -237.99523481966617 417.5437816626014 324.11301498358256
    vertex -232.7592268196721 419.42580066260143 301.30101298358124
    vertex -230.3272358196661 417.8617746626015 324.14501398358055
  endloop
endfacet
facet normal -0.2028639418454115 -0.9775397034734524 -0.05711697849130624
  outer loop
    vertex -226.9552258196721 419.0317886626014 301.3010129835797
    vertex -221.3752238196721 417.8737986626015 301.30101298357823
    vertex -226.8432268196661 417.67378666260134 324.1450139835797
  endloop
endfacet
facet normal 0.34778969199457255 -0.9348997289035478 -0.07074480220053962
  outer loop
    vertex -244.1452288196721 417.8837786626014 301.3010129835842
    vertex -243.0252338196661 416.57179666260134 324.1450139835839
    vertex -247.86922781966612 414.76979466260127 324.1450139835852
  endloop
endfacet
facet normal -0.06760432040457583 -0.9958466829242435 -0.06098393207572774
  outer loop
    vertex -232.7592268196721 419.42580066260143 301.30101298358124
    vertex -226.9552258196721 419.0317886626014 301.3010129835797
    vertex -230.3272358196661 417.8617746626015 324.14501398358055
  endloop
endfacet
facet normal 0.06655231532235341 -0.9955404759879651 -0.06685768463602323
  outer loop
    vertex -238.5632278196721 419.03780066260134 301.3010129835828
    vertex -232.7592268196721 419.42580066260143 301.30101298358124
    vertex -237.99523481966617 417.5437816626014 324.11301498358256
  endloop
endfacet
facet normal 0.4871260318266508 -0.8697288591366875 -0.07924607688470862
  outer loop
    vertex -253.80123481967215 413.4818006626014 301.30101298358676
    vertex -249.2912398196721 416.00780166260137 301.30101298358557
    vertex -252.1132308196661 412.34578366260126 324.14501398358635
  endloop
endfacet
facet normal -0.9508360170256734 -9.460942032829105e-17 -0.30969479932145044
  outer loop
    vertex -263.0472368196727 407.2417796626013 299.05701298358923
    vertex -270.5652268196667 406.6357926626014 322.13901398359116
    vertex -270.5652268196667 407.76579766260124 322.1390139835911
  endloop
endfacet
facet normal -0.9697706662218841 -1.1136727509240733e-17 -0.2440181446851099
  outer loop
    vertex -264.75722781967266 396.7617996626014 299.0570129835896
    vertex -270.5652268196667 396.1917916626013 322.1390139835911
    vertex -270.5652268196667 397.36778666260136 322.1390139835911
  endloop
endfacet
facet normal -0.796827491407403 -0.5514134224669601 -0.24700037745043846
  outer loop
    vertex -261.8532368196727 388.8197826626014 299.05701298358883
    vertex -261.1252398196727 387.76778066260135 299.0570129835887
    vertex -269.4552258196666 389.4657786626012 322.1390139835908
  endloop
endfacet
facet normal 0.00039049044688576614 -0.0013331897110628649 0.9999990350607371
  outer loop
    vertex -236.44123381966543 422.48378466260147 326.72901398358215
    vertex -236.76322481966542 422.4518016626014 326.72901398358226
    vertex -238.44323281966547 419.76378266260133 326.72501398358276
  endloop
endfacet
facet normal 0.00039049044688576614 -0.0013331897110628649 0.9999990350607371
  outer loop
    vertex -236.79923581966545 422.4477736626014 326.72901398358226
    vertex -238.44323281966547 419.76378266260133 326.72501398358276
    vertex -236.76322481966542 422.4518016626014 326.72901398358226
  endloop
endfacet
facet normal 0.00039049044688576614 -0.0013331897110628649 0.9999990350607371
  outer loop
    vertex -238.06522681966544 422.3398026626014 326.7290139835826
    vertex -238.44323281966547 419.76378266260133 326.72501398358276
    vertex -236.79923581966545 422.4477736626014 326.72901398358226
  endloop
endfacet
facet normal 0.00039049044688576614 -0.0013331897110628649 0.9999990350607371
  outer loop
    vertex -238.1152298196654 422.3337906626013 326.7290139835826
    vertex -238.44323281966547 419.76378266260133 326.72501398358276
    vertex -238.06522681966544 422.3398026626014 326.7290139835826
  endloop
endfacet
facet normal 0.00039049044688576614 -0.0013331897110628649 0.9999990350607371
  outer loop
    vertex -239.34522581966544 422.1477856626013 326.72901398358295
    vertex -238.44323281966547 419.76378266260133 326.72501398358276
    vertex -238.1152298196654 422.3337906626013 326.7290139835826
  endloop
endfacet
facet normal 0.00039049044688576614 -0.0013331897110628649 0.9999990350607371
  outer loop
    vertex -244.22722881966544 418.53380266260143 326.72501398358435
    vertex -238.44323281966547 419.76378266260133 326.72501398358276
    vertex -239.34522581966544 422.1477856626013 326.72901398358295
  endloop
endfacet
facet normal 0.00039049044688576614 -0.0013331897110628649 0.9999990350607371
  outer loop
    vertex -240.57523681966543 421.9577836626014 326.72901398358323
    vertex -244.22722881966544 418.53380266260143 326.72501398358435
    vertex -239.34522581966544 422.1477856626013 326.72901398358295
  endloop
endfacet
facet normal 0.00039049044688576614 -0.0013331897110628649 0.9999990350607371
  outer loop
    vertex -240.62523981966544 421.9497876626014 326.7290139835833
    vertex -244.22722881966544 418.53380266260143 326.72501398358435
    vertex -240.57523681966543 421.9577836626014 326.72901398358323
  endloop
endfacet
facet normal 0.00039049044688576614 -0.0013331897110628649 0.9999990350607371
  outer loop
    vertex -241.94723081966544 421.6697886626013 326.7290139835836
    vertex -244.22722881966544 418.53380266260143 326.72501398358435
    vertex -240.62523981966544 421.9497876626014 326.7290139835833
  endloop
endfacet
facet normal 0.00039049044688576614 -0.0013331897110628649 0.9999990350607371
  outer loop
    vertex -242.16923081966544 421.62578266260147 326.7290139835837
    vertex -244.22722881966544 418.53380266260143 326.72501398358435
    vertex -241.94723081966544 421.6697886626013 326.7290139835836
  endloop
endfacet
facet normal 0.00039049044688576614 -0.0013331897110628649 0.9999990350607371
  outer loop
    vertex -242.93123881966542 421.45180166260127 326.7290139835839
    vertex -244.22722881966544 418.53380266260143 326.72501398358435
    vertex -242.16923081966544 421.62578266260147 326.7290139835837
  endloop
endfacet
facet normal 0.00039049044688576614 -0.0013331897110628649 0.9999990350607371
  outer loop
    vertex -243.62122681966542 421.2977796626013 326.7290139835841
    vertex -244.22722881966544 418.53380266260143 326.72501398358435
    vertex -242.93123881966542 421.45180166260127 326.7290139835839
  endloop
endfacet
facet normal 0.00039049044688576614 -0.0013331897110628649 0.9999990350607371
  outer loop
    vertex -245.35123781966544 420.8677866626014 326.72901398358454
    vertex -244.22722881966544 418.53380266260143 326.72501398358435
    vertex -243.62122681966542 421.2977796626013 326.7290139835841
  endloop
endfacet
facet normal 0.00039049044688576614 -0.0013331897110628649 0.9999990350607371
  outer loop
    vertex -249.55723081966545 416.53780066260134 326.7250139835856
    vertex -244.22722881966544 418.53380266260143 326.72501398358435
    vertex -245.35123781966544 420.8677866626014 326.72901398358454
  endloop
endfacet
facet normal 0.00039049044688576614 -0.0013331897110628649 0.9999990350607371
  outer loop
    vertex -247.02523381966543 420.30778966260146 326.729013983585
    vertex -249.55723081966545 416.53780066260134 326.7250139835856
    vertex -245.35123781966544 420.8677866626014 326.72901398358454
  endloop
endfacet
facet normal 0.00039049044688576614 -0.0013331897110628649 0.9999990350607371
  outer loop
    vertex -247.6512248196654 420.07378066260134 326.72901398358516
    vertex -249.55723081966545 416.53780066260134 326.7250139835856
    vertex -247.02523381966543 420.30778966260146 326.729013983585
  endloop
endfacet
facet normal 0.00039049044688576614 -0.0013331897110628649 0.9999990350607371
  outer loop
    vertex -248.42522681966543 419.7937816626014 326.7290139835854
    vertex -249.55723081966545 416.53780066260134 326.7250139835856
    vertex -247.6512248196654 420.07378066260134 326.72901398358516
  endloop
endfacet
facet normal 0.00039049044688576614 -0.0013331897110628649 0.9999990350607371
  outer loop
    vertex -249.75522881966543 419.2777906626014 326.72901398358573
    vertex -249.55723081966545 416.53780066260134 326.7250139835856
    vertex -248.42522681966543 419.7937816626014 326.7290139835854
  endloop
endfacet
facet normal 0.00039049044688576614 -0.0013331897110628649 0.9999990350607371
  outer loop
    vertex -254.75522881966543 416.74779166260123 326.729013983587
    vertex -249.55723081966545 416.53780066260134 326.7250139835856
    vertex -249.75522881966543 419.2777906626014 326.72901398358573
  endloop
endfacet
facet normal 0.00039049044688576614 -0.0013331897110628649 0.9999990350607371
  outer loop
    vertex -253.93923481966542 417.1817826626013 326.72901398358675
    vertex -254.75522881966543 416.74779166260123 326.729013983587
    vertex -249.75522881966543 419.2777906626014 326.72901398358573
  endloop
endfacet
facet normal 2.6179058920661186e-13 0.0 1.0
  outer loop
    vertex -249.75522881966543 419.2777906626014 326.72901398358573
    vertex -251.2012278196654 418.65578166260116 326.72901398358607
    vertex -253.93923481966542 417.1817826626013 326.72901398358675
  endloop
endfacet
facet normal 2.6179058920661186e-13 0.0 1.0
  outer loop
    vertex -252.57923381966543 417.9258006626014 326.7290139835864
    vertex -253.93923481966542 417.1817826626013 326.72901398358675
    vertex -251.2012278196654 418.65578166260116 326.72901398358607
  endloop
endfacet
facet normal -0.8647900385758491 -0.05734884649006146 0.4988479718173072
  outer loop
    vertex -263.55922981966665 389.92177266260126 322.1390139835893
    vertex -260.5972398196654 385.1477856626012 326.7250139835885
    vertex -260.9272258196654 390.1237986626013 326.72501398358855
  endloop
endfacet
facet normal -0.9440142691014327 0.013673620908276653 -0.3296211337644243
  outer loop
    vertex -262.4972338196727 408.34978166260146 299.057012983589
    vertex -270.5652268196667 407.76579766260124 322.1390139835911
    vertex -270.54923581966665 408.86980166260116 322.1390139835911
  endloop
endfacet
facet normal -0.6595478258639995 -0.7510164272216967 -0.031160735569454798
  outer loop
    vertex -259.6072338196673 384.5677996626017 319.74901398358827
    vertex -258.98523981966684 383.9517716626013 321.43101398358806
    vertex -260.5972398196654 385.1477856626012 326.7250139835885
  endloop
endfacet
facet normal -0.03044254102691806 -0.0028985225315490463 0.9995323157672085
  outer loop
    vertex -257.57523681966546 382.60579366260146 326.7290139835877
    vertex -258.07923381966543 386.5197946626014 326.7250139835879
    vertex -258.64322981966546 383.47777266260135 326.699014983588
  endloop
endfacet
facet normal -0.7842846580530616 0.5437746700044048 -0.2986748790979805
  outer loop
    vertex -261.84122781967267 409.42378666260123 299.05701298358883
    vertex -270.5052288196666 409.6057936626013 322.1390139835911
    vertex -261.1132308196727 410.4737746626014 299.0570129835886
  endloop
endfacet
facet normal -0.9034390535163309 0.2346774051566913 -0.35878181683362725
  outer loop
    vertex -270.5052288196666 409.6057936626013 322.1390139835911
    vertex -270.3192398196667 410.3217966626013 322.13901398359104
    vertex -261.1132308196727 410.4737746626014 299.0570129835886
  endloop
endfacet
facet normal -0.8867867733014363 -0.3751146386765803 -0.2699967158099623
  outer loop
    vertex -263.0552318196727 391.0017896626013 299.0570129835891
    vertex -270.55922981966665 392.1277966626012 322.13901398359116
    vertex -263.5332288196727 392.13179466260124 299.05701298358935
  endloop
endfacet
facet normal -0.7520755652929259 -0.6174889138112867 -0.2304122075964801
  outer loop
    vertex -261.8532368196727 388.8197826626014 299.05701298358883
    vertex -269.4552258196666 389.4657786626012 322.1390139835908
    vertex -269.92322881966663 390.03578666260137 322.1390139835909
  endloop
endfacet
facet normal -0.4679673119885178 -0.8767972572789449 -0.11060363709372827
  outer loop
    vertex -268.88523381966667 388.99779166260123 322.1390139835907
    vertex -261.1252398196727 387.76778066260135 299.0570129835887
    vertex -268.23322581966664 388.64979966260125 322.13901398359053
  endloop
endfacet
facet normal 0.0003564810036965541 0.0009944932688008283 0.9999994419520606
  outer loop
    vertex -236.46523581966542 374.7417796626013 326.72901398358226
    vertex -238.46523581966542 377.3057756626014 326.7250139835827
    vertex -236.69523181966542 374.76378266260144 326.7290139835823
  endloop
endfacet
facet normal 0.0003564810036965541 0.0009944932688008283 0.9999994419520606
  outer loop
    vertex -236.76923681966545 374.77177866260143 326.7290139835823
    vertex -236.69523181966542 374.76378266260144 326.7290139835823
    vertex -238.46523581966542 377.3057756626014 326.7250139835827
  endloop
endfacet
facet normal 0.0003564810036965541 0.0009944932688008283 0.9999994419520606
  outer loop
    vertex -238.00123181966543 374.88979066260134 326.7290139835826
    vertex -236.76923681966545 374.77177866260143 326.7290139835823
    vertex -238.46523581966542 377.3057756626014 326.7250139835827
  endloop
endfacet
facet normal 0.0003564810036965541 0.0009944932688008283 0.9999994419520606
  outer loop
    vertex -238.19323281966544 374.9157916626013 326.7290139835827
    vertex -238.00123181966543 374.88979066260134 326.7290139835826
    vertex -238.46523581966542 377.3057756626014 326.7250139835827
  endloop
endfacet
facet normal 0.0003564810036965541 0.0009944932688008283 0.9999994419520606
  outer loop
    vertex -240.46323681966544 375.26378266260133 326.7290139835833
    vertex -238.19323281966544 374.9157916626013 326.7290139835827
    vertex -238.46523581966542 377.3057756626014 326.7250139835827
  endloop
endfacet
facet normal 0.0003564810036965541 0.0009944932688008283 0.9999994419520606
  outer loop
    vertex -244.24723381966547 378.53978366260145 326.72501398358423
    vertex -240.46323681966544 375.26378266260133 326.7290139835833
    vertex -238.46523581966542 377.3057756626014 326.7250139835827
  endloop
endfacet
facet normal 0.0003564810036965541 0.0009944932688008283 0.9999994419520606
  outer loop
    vertex -240.84122781966542 375.3257946626013 326.7290139835834
    vertex -240.46323681966544 375.26378266260133 326.7290139835833
    vertex -244.24723381966547 378.53978366260145 326.72501398358423
  endloop
endfacet
facet normal 0.0003564810036965541 0.0009944932688008283 0.9999994419520606
  outer loop
    vertex -242.19323281966533 375.6037796626013 326.72901398358374
    vertex -240.84122781966542 375.3257946626013 326.7290139835834
    vertex -244.24723381966547 378.53978366260145 326.72501398358423
  endloop
endfacet
facet normal 0.0003564810036965541 0.0009944932688008283 0.9999994419520606
  outer loop
    vertex -242.95522581966537 375.7857866626013 326.7290139835839
    vertex -242.19323281966533 375.6037796626013 326.72901398358374
    vertex -244.24723381966547 378.53978366260145 326.72501398358423
  endloop
endfacet
facet normal 0.0003564810036965541 0.0009944932688008283 0.9999994419520606
  outer loop
    vertex -243.64522881966542 375.95177166260135 326.72901398358414
    vertex -242.95522581966537 375.7857866626013 326.7290139835839
    vertex -244.24723381966547 378.53978366260145 326.72501398358423
  endloop
endfacet
facet normal 0.0003564810036965541 0.0009944932688008283 0.9999994419520606
  outer loop
    vertex -245.37322581966544 376.42378666260134 326.72901398358454
    vertex -243.64522881966542 375.95177166260135 326.72901398358414
    vertex -244.24723381966547 378.53978366260145 326.72501398358423
  endloop
endfacet
facet normal 0.0003564810036965541 0.0009944932688008283 0.9999994419520606
  outer loop
    vertex -249.57723581966542 380.5417986626014 326.7250139835857
    vertex -245.37322581966544 376.42378666260134 326.72901398358454
    vertex -244.24723381966547 378.53978366260145 326.72501398358423
  endloop
endfacet
facet normal 0.0003564810036965541 0.0009944932688008283 0.9999994419520606
  outer loop
    vertex -247.04723681966547 376.9737746626012 326.729013983585
    vertex -245.37322581966544 376.42378666260134 326.72901398358454
    vertex -249.57723581966542 380.5417986626014 326.7250139835857
  endloop
endfacet
facet normal 0.0003564810036965541 0.0009944932688008283 0.9999994419520606
  outer loop
    vertex -247.67322881966544 377.2017716626014 326.72901398358516
    vertex -247.04723681966547 376.9737746626012 326.729013983585
    vertex -249.57723581966542 380.5417986626014 326.7250139835857
  endloop
endfacet
facet normal 0.0003564810036965541 0.0009944932688008283 0.9999994419520606
  outer loop
    vertex -248.44723081966546 377.4857986626013 326.72901398358533
    vertex -247.67322881966544 377.2017716626014 326.72901398358516
    vertex -249.57723581966542 380.5417986626014 326.7250139835857
  endloop
endfacet
facet normal 0.0003564810036965541 0.0009944932688008283 0.9999994419520606
  outer loop
    vertex -249.77723181966542 378.02177866260143 326.7290139835857
    vertex -248.44723081966546 377.4857986626013 326.72901398358533
    vertex -249.57723581966542 380.5417986626014 326.7250139835857
  endloop
endfacet
facet normal 0.0003564810036965541 0.0009944932688008283 0.9999994419520606
  outer loop
    vertex -254.24723381966544 383.2377816626014 326.72501398358685
    vertex -249.77723181966542 378.02177866260143 326.7290139835857
    vertex -249.57723581966542 380.5417986626014 326.7250139835857
  endloop
endfacet
facet normal 0.0003564810036965541 0.0009944932688008283 0.9999994419520606
  outer loop
    vertex -251.2192338196654 378.66777466260146 326.72901398358607
    vertex -249.77723181966542 378.02177866260143 326.7290139835857
    vertex -254.24723381966544 383.2377816626014 326.72501398358685
  endloop
endfacet
facet normal 0.0003564810036965541 0.0009944932688008283 0.9999994419520606
  outer loop
    vertex -252.59122781966545 379.3757826626013 326.7290139835864
    vertex -251.2192338196654 378.66777466260146 326.72901398358607
    vertex -254.24723381966544 383.2377816626014 326.72501398358685
  endloop
endfacet
facet normal 0.0003564810036965541 0.0009944932688008283 0.9999994419520606
  outer loop
    vertex -253.78722681966545 380.0437816626015 326.72901398358675
    vertex -252.59122781966545 379.3757826626013 326.7290139835864
    vertex -254.24723381966544 383.2377816626014 326.72501398358685
  endloop
endfacet
facet normal 0.0003564810036965541 0.0009944932688008283 0.9999994419520606
  outer loop
    vertex -254.44922981966545 380.44377566260135 326.729013983587
    vertex -253.78722681966545 380.0437816626015 326.72901398358675
    vertex -254.24723381966544 383.2377816626014 326.72501398358685
  endloop
endfacet
facet normal 0.0003564810036965541 0.0009944932688008283 0.9999994419520606
  outer loop
    vertex -258.07923381966543 386.5197946626014 326.7250139835879
    vertex -254.44922981966545 380.44377566260135 326.729013983587
    vertex -254.24723381966544 383.2377816626014 326.72501398358685
  endloop
endfacet
facet normal 0.0003564810036965541 0.0009944932688008283 0.9999994419520606
  outer loop
    vertex -254.98322581966542 380.76979466260127 326.7290139835871
    vertex -254.44922981966545 380.44377566260135 326.729013983587
    vertex -258.07923381966543 386.5197946626014 326.7250139835879
  endloop
endfacet
facet normal 0.0003564810036965541 0.0009944932688008283 0.9999994419520606
  outer loop
    vertex -256.33323181966546 381.6597796626013 326.72901398358744
    vertex -254.98322581966542 380.76979466260127 326.7290139835871
    vertex -258.07923381966543 386.5197946626014 326.7250139835879
  endloop
endfacet
facet normal 0.0003564810036965541 0.0009944932688008283 0.9999994419520606
  outer loop
    vertex -257.57523681966546 382.60579366260146 326.7290139835877
    vertex -256.33323181966546 381.6597796626013 326.72901398358744
    vertex -258.07923381966543 386.5197946626014 326.7250139835879
  endloop
endfacet
facet normal -0.9214938952620157 0.29217684069611255 -0.25589391308836495
  outer loop
    vertex -264.3292338196727 403.82777866260125 299.05701298358946
    vertex -270.5652268196667 404.37578266260124 322.13901398359116
    vertex -263.96523581967267 404.9757886626014 299.05701298358946
  endloop
endfacet
facet normal -0.6803449278974554 -0.7320224774516706 -0.03569133774075823
  outer loop
    vertex -259.4752308196685 384.67778466260165 314.97701398358817
    vertex -259.6072338196673 384.5677996626017 319.74901398358827
    vertex -260.5972398196654 385.1477856626012 326.7250139835885
  endloop
endfacet
facet normal -0.959385292773318 -0.14007651231958 -0.2448641066114793
  outer loop
    vertex -264.58523081967274 395.5837906626014 299.0570129835896
    vertex -270.5652268196667 396.1917916626013 322.1390139835911
    vertex -264.75722781967266 396.7617996626014 299.0570129835896
  endloop
endfacet
facet normal -0.8843898145462152 0.37476899456874085 -0.27821368880205444
  outer loop
    vertex -263.5252338196727 406.11378966260133 299.05701298358935
    vertex -270.5652268196667 406.6357926626014 322.13901398359116
    vertex -263.0472368196727 407.2417796626013 299.05701298358923
  endloop
endfacet
facet normal -0.7289462033083653 0.6845017568607908 0.009735375535145991
  outer loop
    vertex -258.04723681967124 414.0397836626013 304.6110129835879
    vertex -260.3112288196727 411.7077836626014 299.0570129835885
    vertex -257.0952258196687 414.9157916626014 314.30101298358755
  endloop
endfacet
facet normal 0.9929828594247232 0.11825836498404863 -2.5995356784086455e-13
  outer loop
    vertex -240.66723181966364 416.02779066260155 333.7750149835833
    vertex -240.66723181966447 416.02779066260155 330.6750149835833
    vertex -240.8992268196636 417.97578866260153 333.77501498358333
  endloop
endfacet
facet normal 0.9929828594247232 0.11825836498404863 -2.5995356784086455e-13
  outer loop
    vertex -240.89922681966442 417.97578866260153 330.67501498358337
    vertex -240.8992268196636 417.97578866260153 333.77501498358333
    vertex -240.66723181966447 416.02779066260155 330.6750149835833
  endloop
endfacet
facet normal -0.7609362238930839 0.5746033796012306 -0.30134203045406494
  outer loop
    vertex -269.99723381966663 410.98579866260127 322.13901398359104
    vertex -269.5532328196667 411.5737806626013 322.1390139835909
    vertex -260.3112288196727 411.7077836626014 299.0570129835885
  endloop
endfacet
facet normal -0.37469462035575324 -0.4681485802951616 0.8002754827208459
  outer loop
    vertex -242.26122581966337 415.8277786626016 334.7030129835837
    vertex -238.00322981966278 416.36177466260165 337.0090159835826
    vertex -243.2832288196632 417.44578966260156 335.171014983584
  endloop
endfacet
facet normal -0.7992408463934177 -0.5700200478887583 -0.19050253137748857
  outer loop
    vertex -260.38123581967267 386.72179066260145 299.0570129835885
    vertex -259.6352338196727 385.6758006626013 299.0570129835883
    vertex -266.99123681966665 388.2757766626013 322.13901398359025
  endloop
endfacet
facet normal -0.335309759447437 -0.03706646807320952 0.9413784797645841
  outer loop
    vertex -238.00322981966278 416.36177466260165 337.0090159835826
    vertex -238.21923381966278 418.3157846626016 337.00901598358263
    vertex -243.2832288196632 417.44578966260156 335.171014983584
  endloop
endfacet
facet normal -0.9214586997370471 -0.2921733164226292 -0.25602464305123585
  outer loop
    vertex -263.9712328196727 393.2697946626013 299.05701298358946
    vertex -270.5652268196667 393.8397716626014 322.13901398359116
    vertex -264.3352308196727 394.4177746626013 299.0570129835896
  endloop
endfacet
facet normal 0.016254621086803863 -0.011558551973663076 0.9998010737989816
  outer loop
    vertex -258.64322981966546 383.47777266260135 326.699014983588
    vertex -258.07923381966543 386.5197946626014 326.7250139835879
    vertex -259.79723681966544 384.4497876626013 326.7290139835883
  endloop
endfacet
facet normal -0.9716728407225695 8.95705455561494e-17 -0.2363300459148865
  outer loop
    vertex -264.95122781967274 399.1237986626014 299.05701298358974
    vertex -270.5652268196667 398.54378166260125 322.13901398359116
    vertex -270.5652268196667 399.71779266260137 322.13901398359116
  endloop
endfacet
facet normal -0.9702955850251266 -0.04760987315665924 -0.23719143673150275
  outer loop
    vertex -264.89322981967274 397.94179166260125 299.0570129835896
    vertex -270.5652268196667 398.54378166260125 322.13901398359116
    vertex -264.95122781967274 399.1237986626014 299.05701298358974
  endloop
endfacet
facet normal -0.7943604251080741 -0.5650219731757019 -0.22302843955593712
  outer loop
    vertex -261.1252398196727 387.76778066260135 299.0570129835887
    vertex -260.38123581967267 386.72179066260145 299.0570129835885
    vertex -268.23322581966664 388.64979966260125 322.13901398359053
  endloop
endfacet
facet normal -0.9129538548156205 -0.27932397559423233 -0.2974783616257354
  outer loop
    vertex -262.5072278196727 389.89378766260137 299.057012983589
    vertex -270.2712358196667 390.6877946626013 322.13901398359104
    vertex -270.48723881966663 391.3937876626012 322.1390139835911
  endloop
endfacet
facet normal -0.8993293890056115 0.3477208981549538 -0.2651354881133526
  outer loop
    vertex -263.96523581967267 404.9757886626014 299.05701298358946
    vertex -270.5652268196667 405.5057876626013 322.13901398359116
    vertex -263.5252338196727 406.11378966260133 299.05701298358935
  endloop
endfacet
facet normal -0.815257582350746 0.49796217482002203 -0.29561587722605576
  outer loop
    vertex -262.4972338196727 408.34978166260146 299.057012983589
    vertex -270.54923581966665 408.86980166260116 322.1390139835911
    vertex -261.84122781967267 409.42378666260123 299.05701298358883
  endloop
endfacet
facet normal -0.8243302578655778 -0.5019572252193435 -0.2617605203566183
  outer loop
    vertex -262.5072278196727 389.89378766260137 299.057012983589
    vertex -261.8532368196727 388.8197826626014 299.05701298358883
    vertex -269.92322881966663 390.03578666260137 322.1390139835909
  endloop
endfacet
facet normal 0.008724222202169792 -0.016718066302736072 0.9998221812932861
  outer loop
    vertex -254.75522881966543 416.74779166260123 326.729013983587
    vertex -255.62523981966547 416.29378166260136 326.7290139835872
    vertex -256.53122981966544 415.58177666260127 326.7250139835874
  endloop
endfacet
facet normal -0.9697507887602116 1.1136499238906268e-17 -0.24409712759257846
  outer loop
    vertex -264.7552288196727 401.48378466260135 299.0570129835896
    vertex -270.5652268196667 400.89378766260126 322.13901398359116
    vertex -270.5652268196667 402.06978266260126 322.1390139835911
  endloop
endfacet
facet normal -0.5809865595309708 -0.812912616587994 -0.04034470766317364
  outer loop
    vertex -259.6352338196727 385.6758006626013 299.0570129835883
    vertex -261.29923581966943 386.2457776626016 311.5350139835888
    vertex -263.41523281966664 387.2318006626014 322.13901398358934
  endloop
endfacet
facet normal -0.8575060532539849 0.42565889033393983 -0.2889599932732091
  outer loop
    vertex -263.0472368196727 407.2417796626013 299.05701298358923
    vertex -270.5652268196667 407.76579766260124 322.1390139835911
    vertex -262.4972338196727 408.34978166260146 299.057012983589
  endloop
endfacet
facet normal 2.6179058920661186e-13 0.0 1.0
  outer loop
    vertex -263.41523281966664 387.2318006626014 322.13901398358934
    vertex -263.55922981966665 389.92177266260126 322.1390139835893
    vertex -266.99123681966665 388.2757766626013 322.13901398359025
  endloop
endfacet
facet normal 2.6179058920661186e-13 0.0 1.0
  outer loop
    vertex -263.55922981966665 410.5837906626015 322.1390139835893
    vertex -266.99123681966665 388.2757766626013 322.13901398359025
    vertex -263.55922981966665 389.92177266260126 322.1390139835893
  endloop
endfacet
facet normal 2.6179058920661186e-13 0.0 1.0
  outer loop
    vertex -270.5612288196666 392.9837846626013 322.13901398359116
    vertex -270.5652268196666 395.01579766260124 322.1390139835911
    vertex -270.5652268196667 393.8397716626014 322.13901398359116
  endloop
endfacet
facet normal 2.6179058920661186e-13 0.0 1.0
  outer loop
    vertex -263.41523281966664 413.7578016626013 322.13901398358934
    vertex -267.66723181966665 412.67979866260134 322.1390139835905
    vertex -263.55922981966665 410.5837906626015 322.1390139835893
  endloop
endfacet
facet normal 2.6179058920661186e-13 0.0 1.0
  outer loop
    vertex -266.99123681966665 388.2757766626013 322.13901398359025
    vertex -263.55922981966665 410.5837906626015 322.1390139835893
    vertex -267.66723181966665 412.67979866260134 322.1390139835905
  endloop
endfacet
facet normal 2.6179058920661186e-13 0.0 1.0
  outer loop
    vertex -267.5272318196666 388.43578066260136 322.13901398359036
    vertex -266.99123681966665 388.2757766626013 322.13901398359025
    vertex -267.66723181966665 412.67979866260134 322.1390139835905
  endloop
endfacet
facet normal 2.6179058920661186e-13 0.0 1.0
  outer loop
    vertex -268.23322581966664 388.64979966260125 322.13901398359053
    vertex -267.5272318196666 388.43578066260136 322.13901398359036
    vertex -267.66723181966665 412.67979866260134 322.1390139835905
  endloop
endfacet
facet normal 2.6179058920661186e-13 0.0 1.0
  outer loop
    vertex -268.36522981966664 412.4377946626012 322.1390139835906
    vertex -268.23322581966664 388.64979966260125 322.13901398359053
    vertex -267.66723181966665 412.67979866260134 322.1390139835905
  endloop
endfacet
facet normal 2.6179058920661186e-13 0.0 1.0
  outer loop
    vertex -268.88523381966667 388.99779166260123 322.1390139835907
    vertex -268.23322581966664 388.64979966260125 322.13901398359053
    vertex -268.36522981966664 412.4377946626012 322.1390139835906
  endloop
endfacet
facet normal 2.6179058920661186e-13 0.0 1.0
  outer loop
    vertex -269.00123181966666 412.06380166260124 322.13901398359076
    vertex -268.88523381966667 388.99779166260123 322.1390139835907
    vertex -268.36522981966664 412.4377946626012 322.1390139835906
  endloop
endfacet
facet normal 2.6179058920661186e-13 0.0 1.0
  outer loop
    vertex -269.4552258196666 389.4657786626012 322.1390139835908
    vertex -268.88523381966667 388.99779166260123 322.1390139835907
    vertex -269.00123181966666 412.06380166260124 322.13901398359076
  endloop
endfacet
facet normal 2.6179058920661186e-13 0.0 1.0
  outer loop
    vertex -269.5532328196667 411.5737806626013 322.1390139835909
    vertex -269.4552258196666 389.4657786626012 322.1390139835908
    vertex -269.00123181966666 412.06380166260124 322.13901398359076
  endloop
endfacet
facet normal 2.6179058920661186e-13 0.0 1.0
  outer loop
    vertex -269.92322881966663 390.03578666260137 322.1390139835909
    vertex -269.4552258196666 389.4657786626012 322.1390139835908
    vertex -269.5532328196667 411.5737806626013 322.1390139835909
  endloop
endfacet
facet normal 2.6179058920661186e-13 0.0 1.0
  outer loop
    vertex -269.99723381966663 410.98579866260127 322.13901398359104
    vertex -269.92322881966663 390.03578666260137 322.1390139835909
    vertex -269.5532328196667 411.5737806626013 322.1390139835909
  endloop
endfacet
facet normal 2.6179058920661186e-13 0.0 1.0
  outer loop
    vertex -270.2712358196667 390.6877946626013 322.13901398359104
    vertex -269.92322881966663 390.03578666260137 322.1390139835909
    vertex -269.99723381966663 410.98579866260127 322.13901398359104
  endloop
endfacet
facet normal 2.6179058920661186e-13 0.0 1.0
  outer loop
    vertex -270.3192398196667 410.3217966626013 322.13901398359104
    vertex -270.2712358196667 390.6877946626013 322.13901398359104
    vertex -269.99723381966663 410.98579866260127 322.13901398359104
  endloop
endfacet
facet normal 2.6179058920661186e-13 0.0 1.0
  outer loop
    vertex -270.48723881966663 391.3937876626012 322.1390139835911
    vertex -270.2712358196667 390.6877946626013 322.13901398359104
    vertex -270.3192398196667 410.3217966626013 322.13901398359104
  endloop
endfacet
facet normal 2.6179058920661186e-13 0.0 1.0
  outer loop
    vertex -270.5052288196666 409.6057936626013 322.1390139835911
    vertex -270.48723881966663 391.3937876626012 322.1390139835911
    vertex -270.3192398196667 410.3217966626013 322.13901398359104
  endloop
endfacet
facet normal 2.6179058920661186e-13 0.0 1.0
  outer loop
    vertex -270.55922981966665 392.1277966626012 322.13901398359116
    vertex -270.48723881966663 391.3937876626012 322.1390139835911
    vertex -270.5052288196666 409.6057936626013 322.1390139835911
  endloop
endfacet
facet normal 2.6179058920661186e-13 0.0 1.0
  outer loop
    vertex -270.54923581966665 408.86980166260116 322.1390139835911
    vertex -270.55922981966665 392.1277966626012 322.13901398359116
    vertex -270.5052288196666 409.6057936626013 322.1390139835911
  endloop
endfacet
facet normal 2.6179058920661186e-13 0.0 1.0
  outer loop
    vertex -270.5652268196667 407.76579766260124 322.1390139835911
    vertex -270.55922981966665 392.1277966626012 322.13901398359116
    vertex -270.54923581966665 408.86980166260116 322.1390139835911
  endloop
endfacet
facet normal 2.6179058920661186e-13 0.0 1.0
  outer loop
    vertex -270.5612288196666 392.9837846626013 322.13901398359116
    vertex -270.55922981966665 392.1277966626012 322.13901398359116
    vertex -270.5652268196667 407.76579766260124 322.1390139835911
  endloop
endfacet
facet normal 2.6179058920661186e-13 0.0 1.0
  outer loop
    vertex -270.5652268196666 395.01579766260124 322.1390139835911
    vertex -270.5612288196666 392.9837846626013 322.13901398359116
    vertex -270.5652268196667 407.76579766260124 322.1390139835911
  endloop
endfacet
facet normal 2.6179058920661186e-13 0.0 1.0
  outer loop
    vertex -270.5652268196667 396.1917916626013 322.1390139835911
    vertex -270.5652268196666 395.01579766260124 322.1390139835911
    vertex -270.5652268196667 407.76579766260124 322.1390139835911
  endloop
endfacet
facet normal 2.6179058920661186e-13 0.0 1.0
  outer loop
    vertex -270.5652268196667 397.36778666260136 322.1390139835911
    vertex -270.5652268196667 396.1917916626013 322.1390139835911
    vertex -270.5652268196667 407.76579766260124 322.1390139835911
  endloop
endfacet
facet normal 2.6179058920661186e-13 0.0 1.0
  outer loop
    vertex -270.5652268196667 398.54378166260125 322.13901398359116
    vertex -270.5652268196667 397.36778666260136 322.1390139835911
    vertex -270.5652268196667 407.76579766260124 322.1390139835911
  endloop
endfacet
facet normal 2.6179058920661186e-13 0.0 1.0
  outer loop
    vertex -270.5652268196667 399.71779266260137 322.13901398359116
    vertex -270.5652268196667 398.54378166260125 322.13901398359116
    vertex -270.5652268196667 407.76579766260124 322.1390139835911
  endloop
endfacet
facet normal 2.6179058920661186e-13 0.0 1.0
  outer loop
    vertex -270.5652268196667 400.89378766260126 322.13901398359116
    vertex -270.5652268196667 399.71779266260137 322.13901398359116
    vertex -270.5652268196667 407.76579766260124 322.1390139835911
  endloop
endfacet
facet normal 2.6179058920661186e-13 0.0 1.0
  outer loop
    vertex -270.5652268196667 402.06978266260126 322.1390139835911
    vertex -270.5652268196667 400.89378766260126 322.13901398359116
    vertex -270.5652268196667 407.76579766260124 322.1390139835911
  endloop
endfacet
facet normal 2.6179058920661186e-13 0.0 1.0
  outer loop
    vertex -270.5652268196667 403.2457776626013 322.1390139835911
    vertex -270.5652268196667 402.06978266260126 322.1390139835911
    vertex -270.5652268196667 407.76579766260124 322.1390139835911
  endloop
endfacet
facet normal 2.6179058920661186e-13 0.0 1.0
  outer loop
    vertex -270.5652268196667 404.37578266260124 322.13901398359116
    vertex -270.5652268196667 403.2457776626013 322.1390139835911
    vertex -270.5652268196667 407.76579766260124 322.1390139835911
  endloop
endfacet
facet normal 2.6179058920661186e-13 0.0 1.0
  outer loop
    vertex -270.5652268196667 405.5057876626013 322.13901398359116
    vertex -270.5652268196667 404.37578266260124 322.13901398359116
    vertex -270.5652268196667 407.76579766260124 322.1390139835911
  endloop
endfacet
facet normal 2.6179058920661186e-13 0.0 1.0
  outer loop
    vertex -270.5652268196667 406.6357926626014 322.13901398359116
    vertex -270.5652268196667 405.5057876626013 322.13901398359116
    vertex -270.5652268196667 407.76579766260124 322.1390139835911
  endloop
endfacet
facet normal -0.9711097756745714 -4.460842271248071e-17 -0.2386331988414102
  outer loop
    vertex -264.89322981967274 397.94179166260125 299.0570129835896
    vertex -270.5652268196667 397.36778666260136 322.1390139835911
    vertex -270.5652268196667 398.54378166260125 322.13901398359116
  endloop
endfacet
facet normal -0.2860012348404852 -0.9580712473959123 -0.017400533984869262
  outer loop
    vertex -267.5272318196666 388.43578066260136 322.13901398359036
    vertex -260.38123581967267 386.72179066260145 299.0570129835885
    vertex -266.99123681966665 388.2757766626013 322.13901398359025
  endloop
endfacet
facet normal -0.28019155430321313 -0.959759725275784 0.018813894750986944
  outer loop
    vertex -266.99123681966665 388.2757766626013 322.13901398359025
    vertex -259.6352338196727 385.6758006626013 299.0570129835883
    vertex -263.41523281966664 387.2318006626014 322.13901398358934
  endloop
endfacet
facet normal -0.6253619667843079 -0.7616692732303797 -0.16965355497709808
  outer loop
    vertex -269.4552258196666 389.4657786626012 322.1390139835908
    vertex -261.1252398196727 387.76778066260135 299.0570129835887
    vertex -268.88523381966667 388.99779166260123 322.1390139835907
  endloop
endfacet
facet normal -0.0006448345880757649 0.0004109168179362102 0.9999997076678186
  outer loop
    vertex -201.09922281966547 389.57979266260133 326.72901398357294
    vertex -201.60923281966546 398.5137826626013 326.72501398357304
    vertex -201.8932298196655 388.33379066260125 326.72901398357317
  endloop
endfacet
facet normal -0.003483590506988961 0.0004901088824031291 0.999993812176087
  outer loop
    vertex -201.8932298196655 388.33379066260125 326.72901398357317
    vertex -201.60923281966546 398.5137826626013 326.72501398357304
    vertex -202.20322681966545 394.29179866260137 326.7250139835732
  endloop
endfacet
facet normal -0.0001667134650553603 0.0004123315826076268 0.9999999010946385
  outer loop
    vertex -201.8932298196655 388.33379066260125 326.72901398357317
    vertex -202.20322681966545 394.29179866260137 326.7250139835732
    vertex -202.60123781966544 387.3457836626013 326.72901398357334
  endloop
endfacet
facet normal -0.0001667134650553603 0.0004123315826076268 0.9999999010946385
  outer loop
    vertex -203.96122281966544 390.2318006626013 326.7250139835737
    vertex -202.60123781966544 387.3457836626013 326.72901398357334
    vertex -202.20322681966545 394.29179866260137 326.7250139835732
  endloop
endfacet
facet normal -0.0001667134650553603 0.0004123315826076268 0.9999999010946385
  outer loop
    vertex -202.97523081966548 386.86980166260133 326.7290139835734
    vertex -202.60123781966544 387.3457836626013 326.72901398357334
    vertex -203.96122281966544 390.2318006626013 326.7250139835737
  endloop
endfacet
facet normal -0.0001667134650553603 0.0004123315826076268 0.9999999010946385
  outer loop
    vertex -203.36722881966546 386.37379866260125 326.7290139835735
    vertex -202.97523081966548 386.86980166260133 326.7290139835734
    vertex -203.96122281966544 390.2318006626013 326.7250139835737
  endloop
endfacet
facet normal -0.0001667134650553603 0.0004123315826076268 0.9999999010946385
  outer loop
    vertex -204.32923381966543 385.27577666260123 326.7290139835738
    vertex -203.36722881966546 386.37379866260125 326.7290139835735
    vertex -203.96122281966544 390.2318006626013 326.7250139835737
  endloop
endfacet
facet normal -0.0001667134650553603 0.0004123315826076268 0.9999999010946385
  outer loop
    vertex -206.81122881966542 386.49177966260135 326.7250139835744
    vertex -204.32923381966543 385.27577666260123 326.7290139835738
    vertex -203.96122281966544 390.2318006626013 326.7250139835737
  endloop
endfacet
facet normal -0.0001667134650553603 0.0004123315826076268 0.9999999010946385
  outer loop
    vertex -205.41523281966545 384.21779266260125 326.7290139835741
    vertex -204.32923381966543 385.27577666260123 326.7290139835738
    vertex -206.81122881966542 386.49177966260135 326.7250139835744
  endloop
endfacet
facet normal -0.0001667134650553603 0.0004123315826076268 0.9999999010946385
  outer loop
    vertex -205.85123781966544 383.8237806626013 326.72901398357425
    vertex -205.41523281966545 384.21779266260125 326.7290139835741
    vertex -206.81122881966542 386.49177966260135 326.7250139835744
  endloop
endfacet
facet normal -0.0001667134650553603 0.0004123315826076268 0.9999999010946385
  outer loop
    vertex -206.39123081966545 383.33977166260127 326.72901398357436
    vertex -205.85123781966544 383.8237806626013 326.72901398357425
    vertex -206.81122881966542 386.49177966260135 326.7250139835744
  endloop
endfacet
facet normal -0.0001667134650553603 0.0004123315826076268 0.9999999010946385
  outer loop
    vertex -207.37923781966546 382.5217786626013 326.72901398357465
    vertex -206.39123081966545 383.33977166260127 326.72901398357436
    vertex -206.81122881966542 386.49177966260135 326.7250139835744
  endloop
endfacet
facet normal -0.0001667134650553603 0.0004123315826076268 0.9999999010946385
  outer loop
    vertex -210.64722781966543 383.2137956626011 326.7250139835755
    vertex -207.37923781966546 382.5217786626013 326.72901398357465
    vertex -206.81122881966542 386.49177966260135 326.7250139835744
  endloop
endfacet
facet normal -0.0001667134650553603 0.0004123315826076268 0.9999999010946385
  outer loop
    vertex -208.52923081966543 381.63579266260126 326.72901398357493
    vertex -207.37923781966546 382.5217786626013 326.72901398357465
    vertex -210.64722781966543 383.2137956626011 326.7250139835755
  endloop
endfacet
facet normal -0.0001667134650553603 0.0004123315826076268 0.9999999010946385
  outer loop
    vertex -209.77523381966546 380.8017776626011 326.7290139835752
    vertex -208.52923081966543 381.63579266260126 326.72901398357493
    vertex -210.64722781966543 383.2137956626011 326.7250139835755
  endloop
endfacet
facet normal -0.0001667134650553603 0.0004123315826076268 0.9999999010946385
  outer loop
    vertex -210.9352368196654 380.09178566260135 326.7290139835755
    vertex -209.77523381966546 380.8017776626011 326.7290139835752
    vertex -210.64722781966543 383.2137956626011 326.7250139835755
  endloop
endfacet
facet normal -0.0001667134650553603 0.0004123315826076268 0.9999999010946385
  outer loop
    vertex -215.32122381966536 380.5237926626013 326.7250139835767
    vertex -210.9352368196654 380.09178566260135 326.7290139835755
    vertex -210.64722781966543 383.2137956626011 326.7250139835755
  endloop
endfacet
facet normal -0.0001667134650553603 0.0004123315826076268 0.9999999010946385
  outer loop
    vertex -211.61722881966537 379.7097976626014 326.72901398357567
    vertex -210.9352368196654 380.09178566260135 326.7290139835755
    vertex -215.32122381966536 380.5237926626013 326.7250139835767
  endloop
endfacet
facet normal -0.0001667134650553603 0.0004123315826076268 0.9999999010946385
  outer loop
    vertex -212.16723181966543 379.40379766260133 326.72901398357584
    vertex -211.61722881966537 379.7097976626014 326.72901398357567
    vertex -215.32122381966536 380.5237926626013 326.7250139835767
  endloop
endfacet
facet normal -0.0001667134650553603 0.0004123315826076268 0.9999999010946385
  outer loop
    vertex -213.65923581966544 378.64778566260105 326.72901398357624
    vertex -212.16723181966543 379.40379766260133 326.72901398357584
    vertex -215.32122381966536 380.5237926626013 326.7250139835767
  endloop
endfacet
facet normal -0.0001667134650553603 0.0004123315826076268 0.9999999010946385
  outer loop
    vertex -215.2332258196654 377.9617806626013 326.7290139835767
    vertex -213.65923581966544 378.64778566260105 326.72901398357624
    vertex -215.32122381966536 380.5237926626013 326.7250139835767
  endloop
endfacet
facet normal -0.0001667134650553603 0.0004123315826076268 0.9999999010946385
  outer loop
    vertex -215.84722481966537 377.71779266260114 326.72901398357686
    vertex -215.2332258196654 377.9617806626013 326.7290139835767
    vertex -215.32122381966536 380.5237926626013 326.7250139835767
  endloop
endfacet
facet normal -0.0001667134650553603 0.0004123315826076268 0.9999999010946385
  outer loop
    vertex -220.65122481966537 378.52779066260126 326.72501398357804
    vertex -215.84722481966537 377.71779266260114 326.72901398357686
    vertex -215.32122381966536 380.5237926626013 326.7250139835767
  endloop
endfacet
facet normal -0.0001667134650553603 0.0004123315826076268 0.9999999010946385
  outer loop
    vertex -216.6072338196654 377.4177746626012 326.72901398357703
    vertex -215.84722481966537 377.71779266260114 326.72901398357686
    vertex -220.65122481966537 378.52779066260126 326.72501398357804
  endloop
endfacet
facet normal -0.0001667134650553603 0.0004123315826076268 0.9999999010946385
  outer loop
    vertex -217.96123781966537 376.9297986626012 326.7290139835774
    vertex -216.6072338196654 377.4177746626012 326.72901398357703
    vertex -220.65122481966537 378.52779066260126 326.72501398357804
  endloop
endfacet
facet normal -0.0001667134650553603 0.0004123315826076268 0.9999999010946385
  outer loop
    vertex -219.50123181966538 376.4297986626013 326.7290139835778
    vertex -217.96123781966537 376.9297986626012 326.7290139835774
    vertex -220.65122481966537 378.52779066260126 326.72501398357804
  endloop
endfacet
facet normal -0.0001667134650553603 0.0004123315826076268 0.9999999010946385
  outer loop
    vertex -221.09122781966545 376.0017896626013 326.7290139835782
    vertex -219.50123181966538 376.4297986626013 326.7290139835778
    vertex -220.65122481966537 378.52779066260126 326.72501398357804
  endloop
endfacet
facet normal -0.0001667134650553603 0.0004123315826076268 0.9999999010946385
  outer loop
    vertex -226.43523681966542 377.2997936626015 326.7250139835796
    vertex -221.09122781966545 376.0017896626013 326.7290139835782
    vertex -220.65122481966537 378.52779066260126 326.72501398357804
  endloop
endfacet
facet normal -0.0001667134650553603 0.0004123315826076268 0.9999999010946385
  outer loop
    vertex -222.5412248196654 375.6617936626013 326.7290139835786
    vertex -221.09122781966545 376.0017896626013 326.7290139835782
    vertex -226.43523681966542 377.2997936626015 326.7250139835796
  endloop
endfacet
facet normal -0.0001667134650553603 0.0004123315826076268 0.9999999010946385
  outer loop
    vertex -223.37723881966542 375.49379366260143 326.72901398357885
    vertex -222.5412248196654 375.6617936626013 326.7290139835786
    vertex -226.43523681966542 377.2997936626015 326.7250139835796
  endloop
endfacet
facet normal -0.0001667134650553603 0.0004123315826076268 0.9999999010946385
  outer loop
    vertex -224.05323281966545 375.3597916626015 326.729013983579
    vertex -223.37723881966542 375.49379366260143 326.72901398357885
    vertex -226.43523681966542 377.2997936626015 326.7250139835796
  endloop
endfacet
facet normal -0.0001667134650553603 0.0004123315826076268 0.9999999010946385
  outer loop
    vertex -225.8452258196655 375.06377066260137 326.72901398357953
    vertex -224.05323281966545 375.3597916626015 326.729013983579
    vertex -226.43523681966542 377.2997936626015 326.7250139835796
  endloop
endfacet
facet normal -0.0001667134650553603 0.0004123315826076268 0.9999999010946385
  outer loop
    vertex -227.66723181966543 374.8557936626014 326.72901398358
    vertex -225.8452258196655 375.06377066260137 326.72901398357953
    vertex -226.43523681966542 377.2997936626015 326.7250139835796
  endloop
endfacet
facet normal -0.0001667134650553603 0.0004123315826076268 0.9999999010946385
  outer loop
    vertex -232.45122781966543 376.88579266260143 326.72501398358116
    vertex -227.66723181966543 374.8557936626014 326.72901398358
    vertex -226.43523681966542 377.2997936626015 326.7250139835796
  endloop
endfacet
facet normal -0.0001667134650553603 0.0004123315826076268 0.9999999010946385
  outer loop
    vertex -229.22922781966543 374.7237746626014 326.7290139835804
    vertex -227.66723181966543 374.8557936626014 326.72901398358
    vertex -232.45122781966543 376.88579266260143 326.72501398358116
  endloop
endfacet
facet normal -0.0001667134650553603 0.0004123315826076268 0.9999999010946385
  outer loop
    vertex -230.76723781966544 374.6377756626013 326.7290139835808
    vertex -229.22922781966543 374.7237746626014 326.7290139835804
    vertex -232.45122781966543 376.88579266260143 326.72501398358116
  endloop
endfacet
facet normal -0.0001667134650553603 0.0004123315826076268 0.9999999010946385
  outer loop
    vertex -232.71323681966544 374.57979266260133 326.7290139835813
    vertex -230.76723781966544 374.6377756626013 326.7290139835808
    vertex -232.45122781966543 376.88579266260143 326.72501398358116
  endloop
endfacet
facet normal -0.0001667134650553603 0.0004123315826076268 0.9999999010946385
  outer loop
    vertex -238.46523581966542 377.3057756626014 326.7250139835827
    vertex -232.71323681966544 374.57979266260133 326.7290139835813
    vertex -232.45122781966543 376.88579266260143 326.72501398358116
  endloop
endfacet
facet normal -0.0001667134650553603 0.0004123315826076268 0.9999999010946385
  outer loop
    vertex -233.15523781966542 374.58177666260144 326.7290139835814
    vertex -232.71323681966544 374.57979266260133 326.7290139835813
    vertex -238.46523581966542 377.3057756626014 326.7250139835827
  endloop
endfacet
facet normal -0.0001667134650553603 0.0004123315826076268 0.9999999010946385
  outer loop
    vertex -235.02523381966543 374.64778566260145 326.7290139835819
    vertex -233.15523781966542 374.58177666260144 326.7290139835814
    vertex -238.46523581966542 377.3057756626014 326.7250139835827
  endloop
endfacet
facet normal -0.0001667134650553603 0.0004123315826076268 0.9999999010946385
  outer loop
    vertex -236.46523581966542 374.7417796626013 326.72901398358226
    vertex -235.02523381966543 374.64778566260145 326.7290139835819
    vertex -238.46523581966542 377.3057756626014 326.7250139835827
  endloop
endfacet
facet normal 2.6179058920661186e-13 0.0 1.0
  outer loop
    vertex -198.62923781966546 398.5938006626014 326.7290139835723
    vertex -198.67922481966542 399.65977966260135 326.7290139835723
    vertex -198.67922481966542 397.51579766260124 326.7290139835723
  endloop
endfacet
facet normal 2.6179058920661186e-13 0.0 1.0
  outer loop
    vertex -198.78322881966542 396.50978566260136 326.7290139835724
    vertex -198.67922481966542 397.51579766260124 326.7290139835723
    vertex -198.67922481966542 399.65977966260135 326.7290139835723
  endloop
endfacet
facet normal 2.6179058920661186e-13 0.0 1.0
  outer loop
    vertex -198.78122981966547 400.6557816626013 326.7290139835723
    vertex -198.78322881966542 396.50978566260136 326.7290139835724
    vertex -198.67922481966542 399.65977966260135 326.7290139835723
  endloop
endfacet
facet normal 2.6179058920661186e-13 0.0 1.0
  outer loop
    vertex -198.92122981966546 401.6057936626013 326.7290139835725
    vertex -198.78322881966542 396.50978566260136 326.7290139835724
    vertex -198.78122981966547 400.6557816626013 326.7290139835723
  endloop
endfacet
facet normal 2.6179058920661186e-13 0.0 1.0
  outer loop
    vertex -198.92522681966545 395.5697826626013 326.72901398357243
    vertex -198.78322881966542 396.50978566260136 326.7290139835724
    vertex -198.92122981966546 401.6057936626013 326.7290139835725
  endloop
endfacet
facet normal 2.6179058920661186e-13 0.0 1.0
  outer loop
    vertex -199.14722781966546 402.75578766260116 326.7290139835725
    vertex -198.92522681966545 395.5697826626013 326.72901398357243
    vertex -198.92122981966546 401.6057936626013 326.7290139835725
  endloop
endfacet
facet normal 2.6179058920661186e-13 0.0 1.0
  outer loop
    vertex -199.15122481966552 394.42378666260123 326.72901398357243
    vertex -198.92522681966545 395.5697826626013 326.72901398357243
    vertex -199.14722781966546 402.75578766260116 326.7290139835725
  endloop
endfacet
facet normal 2.6179058920661186e-13 0.0 1.0
  outer loop
    vertex -199.17922481966545 402.91179366260127 326.7290139835725
    vertex -199.15122481966552 394.42378666260123 326.72901398357243
    vertex -199.14722781966546 402.75578766260116 326.7290139835725
  endloop
endfacet
facet normal 2.6179058920661186e-13 0.0 1.0
  outer loop
    vertex -199.18523681966548 394.26579766260124 326.72901398357243
    vertex -199.15122481966552 394.42378666260123 326.72901398357243
    vertex -199.17922481966545 402.91179366260127 326.7290139835725
  endloop
endfacet
facet normal 2.6179058920661186e-13 0.0 1.0
  outer loop
    vertex -199.52323481966542 404.0638016626013 326.72901398357254
    vertex -199.18523681966548 394.26579766260124 326.72901398357243
    vertex -199.17922481966545 402.91179366260127 326.7290139835725
  endloop
endfacet
facet normal 2.6179058920661186e-13 0.0 1.0
  outer loop
    vertex -199.52923081966546 393.1117746626013 326.72901398357254
    vertex -199.18523681966548 394.26579766260124 326.72901398357243
    vertex -199.52323481966542 404.0638016626013 326.72901398357254
  endloop
endfacet
facet normal 2.6179058920661186e-13 0.0 1.0
  outer loop
    vertex -199.87923781966543 405.0197946626013 326.7290139835726
    vertex -199.52923081966546 393.1117746626013 326.72901398357254
    vertex -199.52323481966542 404.0638016626013 326.72901398357254
  endloop
endfacet
facet normal 2.6179058920661186e-13 0.0 1.0
  outer loop
    vertex -199.8852338196655 392.15178366260125 326.7290139835726
    vertex -199.52923081966546 393.1117746626013 326.72901398357254
    vertex -199.87923781966543 405.0197946626013 326.7290139835726
  endloop
endfacet
facet normal 2.6179058920661186e-13 0.0 1.0
  outer loop
    vertex -200.27323481966542 405.9577836626013 326.7290139835727
    vertex -199.8852338196655 392.15178366260125 326.7290139835726
    vertex -199.87923781966543 405.0197946626013 326.7290139835726
  endloop
endfacet
facet normal 2.6179058920661186e-13 0.0 1.0
  outer loop
    vertex -200.28122981966547 391.23378466260135 326.72901398357277
    vertex -199.8852338196655 392.15178366260125 326.7290139835726
    vertex -200.27323481966542 405.9577836626013 326.7290139835727
  endloop
endfacet
facet normal 2.6179058920661186e-13 0.0 1.0
  outer loop
    vertex -200.8352308196655 407.15779566260136 326.7290139835729
    vertex -200.28122981966547 391.23378466260135 326.72901398357277
    vertex -200.27323481966542 405.9577836626013 326.7290139835727
  endloop
endfacet
facet normal 2.6179058920661186e-13 0.0 1.0
  outer loop
    vertex -200.84322681966546 390.07179666260123 326.72901398357294
    vertex -200.28122981966547 391.23378466260135 326.72901398357277
    vertex -200.8352308196655 407.15779566260136 326.7290139835729
  endloop
endfacet
facet normal 2.6179058920661186e-13 0.0 1.0
  outer loop
    vertex -201.08922881966544 407.66777466260135 326.729013983573
    vertex -200.84322681966546 390.07179666260123 326.72901398357294
    vertex -200.8352308196655 407.15779566260136 326.7290139835729
  endloop
endfacet
facet normal 2.6179058920661186e-13 0.0 1.0
  outer loop
    vertex -201.09922281966547 389.57979266260133 326.72901398357294
    vertex -200.84322681966546 390.07179666260123 326.72901398357294
    vertex -201.08922881966544 407.66777466260135 326.729013983573
  endloop
endfacet
facet normal 2.6179058920661186e-13 0.0 1.0
  outer loop
    vertex -201.88323481966543 408.90379766260133 326.72901398357317
    vertex -201.09922281966547 389.57979266260133 326.72901398357294
    vertex -201.08922881966544 407.66777466260135 326.729013983573
  endloop
endfacet
facet normal -0.0271011583994839 -0.0010995460516234265 0.9996320914275845
  outer loop
    vertex -201.60923281966546 398.5137826626013 326.72501398357304
    vertex -201.09922281966547 389.57979266260133 326.72901398357294
    vertex -201.88323481966543 408.90379766260133 326.72901398357317
  endloop
endfacet
facet normal -0.003397735361449562 -0.00047458668200525526 0.9999941150636312
  outer loop
    vertex -201.60923281966546 398.5137826626013 326.72501398357304
    vertex -201.88323481966543 408.90379766260133 326.72901398357317
    vertex -202.19922981966545 402.73778166260126 326.7250139835733
  endloop
endfacet
facet normal -0.00016580902067830805 -0.0004182398836062441 0.9999998987913792
  outer loop
    vertex -201.88323481966543 408.90379766260133 326.72901398357317
    vertex -202.57122381966553 409.8657726626013 326.7290139835734
    vertex -202.19922981966545 402.73778166260126 326.7250139835733
  endloop
endfacet
facet normal -0.00016580902067830805 -0.0004182398836062441 0.9999998987913792
  outer loop
    vertex -203.95122781966543 406.79979366260125 326.72501398357366
    vertex -202.19922981966545 402.73778166260126 326.7250139835733
    vertex -202.57122381966553 409.8657726626013 326.7290139835734
  endloop
endfacet
facet normal -0.00016580902067830805 -0.0004182398836062441 0.9999998987913792
  outer loop
    vertex -203.27523381966546 410.7838026626012 326.7290139835735
    vertex -203.95122781966543 406.79979366260125 326.72501398357366
    vertex -202.57122381966553 409.8657726626013 326.7290139835734
  endloop
endfacet
facet normal -0.00016580902067830805 -0.0004182398836062441 0.9999998987913792
  outer loop
    vertex -204.20722481966547 411.88579266260126 326.72901398357374
    vertex -203.95122781966543 406.79979366260125 326.72501398357366
    vertex -203.27523381966546 410.7838026626012 326.7290139835735
  endloop
endfacet
facet normal -0.00016580902067830805 -0.0004182398836062441 0.9999998987913792
  outer loop
    vertex -206.7992358196655 410.5417986626013 326.7250139835744
    vertex -203.95122781966543 406.79979366260125 326.72501398357366
    vertex -204.20722481966547 411.88579266260126 326.72901398357374
  endloop
endfacet
facet normal -0.00016580902067830805 -0.0004182398836062441 0.9999998987913792
  outer loop
    vertex -204.29523781966543 411.9857986626012 326.7290139835738
    vertex -206.7992358196655 410.5417986626013 326.7250139835744
    vertex -204.20722481966547 411.88579266260126 326.72901398357374
  endloop
endfacet
facet normal -0.00016580902067830805 -0.0004182398836062441 0.9999998987913792
  outer loop
    vertex -205.35723381966548 413.0217786626012 326.7290139835741
    vertex -206.7992358196655 410.5417986626013 326.7250139835744
    vertex -204.29523781966543 411.9857986626012 326.7290139835738
  endloop
endfacet
facet normal -0.00016580902067830805 -0.0004182398836062441 0.9999998987913792
  outer loop
    vertex -206.26923681966548 413.8297926626012 326.72901398357436
    vertex -206.7992358196655 410.5417986626013 326.7250139835744
    vertex -205.35723381966548 413.0217786626012 326.7290139835741
  endloop
endfacet
facet normal -0.00016580902067830805 -0.0004182398836062441 0.9999998987913792
  outer loop
    vertex -206.66523281966542 414.15779566260125 326.7290139835745
    vertex -206.7992358196655 410.5417986626013 326.7250139835744
    vertex -206.26923681966548 413.8297926626012 326.72901398357436
  endloop
endfacet
facet normal -0.00016580902067830805 -0.0004182398836062441 0.9999998987913792
  outer loop
    vertex -207.26723781966538 414.6657916626011 326.7290139835746
    vertex -206.7992358196655 410.5417986626013 326.7250139835744
    vertex -206.66523281966542 414.15779566260125 326.7290139835745
  endloop
endfacet
facet normal -0.00016580902067830805 -0.0004182398836062441 0.9999998987913792
  outer loop
    vertex -210.6312358196655 413.82378066260134 326.72501398357554
    vertex -206.7992358196655 410.5417986626013 326.7250139835744
    vertex -207.26723781966538 414.6657916626011 326.7290139835746
  endloop
endfacet
facet normal -0.00016580902067830805 -0.0004182398836062441 0.9999998987913792
  outer loop
    vertex -208.51723781966535 415.63777566260137 326.72901398357493
    vertex -210.6312358196655 413.82378066260134 326.72501398357554
    vertex -207.26723781966538 414.6657916626011 326.7290139835746
  endloop
endfacet
facet normal -0.00016580902067830805 -0.0004182398836062441 0.9999998987913792
  outer loop
    vertex -209.87322581966544 416.5017896626013 326.72901398357527
    vertex -210.6312358196655 413.82378066260134 326.72501398357554
    vertex -208.51723781966535 415.63777566260137 326.72901398357493
  endloop
endfacet
facet normal -0.00016580902067830805 -0.0004182398836062441 0.9999998987913792
  outer loop
    vertex -210.40723681966537 416.8197826626012 326.7290139835754
    vertex -210.6312358196655 413.82378066260134 326.72501398357554
    vertex -209.87322581966544 416.5017896626013 326.72901398357527
  endloop
endfacet
facet normal -0.00016580902067830805 -0.0004182398836062441 0.9999998987913792
  outer loop
    vertex -211.0692248196654 417.2197766626011 326.72901398357556
    vertex -210.6312358196655 413.82378066260134 326.72501398357554
    vertex -210.40723681966537 416.8197826626012 326.7290139835754
  endloop
endfacet
facet normal -0.00016580902067830805 -0.0004182398836062441 0.9999998987913792
  outer loop
    vertex -213.9852248196654 416.1617936626013 326.72501398357633
    vertex -210.6312358196655 413.82378066260134 326.72501398357554
    vertex -211.0692248196654 417.2197766626011 326.72901398357556
  endloop
endfacet
facet normal -0.00016580902067830805 -0.0004182398836062441 0.9999998987913792
  outer loop
    vertex -212.2632248196654 417.90578166260116 326.72901398357584
    vertex -213.9852248196654 416.1617936626013 326.72501398357633
    vertex -211.0692248196654 417.2197766626011 326.72901398357556
  endloop
endfacet
facet normal -0.00016580902067830805 -0.0004182398836062441 0.9999998987913792
  outer loop
    vertex -213.6332348196654 418.63579266260115 326.72901398357624
    vertex -213.9852248196654 416.1617936626013 326.72501398357633
    vertex -212.2632248196654 417.90578166260116 326.72901398357584
  endloop
endfacet
facet normal -0.00016580902067830805 -0.0004182398836062441 0.9999998987913792
  outer loop
    vertex -215.07923381966543 419.2597856626011 326.7290139835766
    vertex -213.9852248196654 416.1617936626013 326.72501398357633
    vertex -213.6332348196654 418.63579266260115 326.72901398357624
  endloop
endfacet
facet normal -0.00016580902067830805 -0.0004182398836062441 0.9999998987913792
  outer loop
    vertex -220.0272318196654 418.381794662601 326.72501398357787
    vertex -213.9852248196654 416.1617936626013 326.72501398357633
    vertex -215.07923381966543 419.2597856626011 326.7290139835766
  endloop
endfacet
facet normal -0.00016580902067830805 -0.0004182398836062441 0.9999998987913792
  outer loop
    vertex -216.40923581966544 419.77779066260126 326.72901398357703
    vertex -220.0272318196654 418.381794662601 326.72501398357787
    vertex -215.07923381966543 419.2597856626011 326.7290139835766
  endloop
endfacet
facet normal -0.00016580902067830805 -0.0004182398836062441 0.9999998987913792
  outer loop
    vertex -217.1832378196654 420.05977266260123 326.7290139835772
    vertex -220.0272318196654 418.381794662601 326.72501398357787
    vertex -216.40923581966544 419.77779066260126 326.72901398357703
  endloop
endfacet
facet normal -0.00016580902067830805 -0.0004182398836062441 0.9999998987913792
  outer loop
    vertex -217.8072308196654 420.29179866260125 326.7290139835773
    vertex -220.0272318196654 418.381794662601 326.72501398357787
    vertex -217.1832378196654 420.05977266260123 326.7290139835772
  endloop
endfacet
facet normal -0.00016580902067830805 -0.0004182398836062441 0.9999998987913792
  outer loop
    vertex -219.4812268196654 420.85579366260123 326.7290139835778
    vertex -220.0272318196654 418.381794662601 326.72501398357787
    vertex -217.8072308196654 420.29179866260125 326.7290139835773
  endloop
endfacet
facet normal -0.00016580902067830805 -0.0004182398836062441 0.9999998987913792
  outer loop
    vertex -221.21123781966546 421.28780066260134 326.7290139835782
    vertex -220.0272318196654 418.381794662601 326.72501398357787
    vertex -219.4812268196654 420.85579366260123 326.7290139835778
  endloop
endfacet
facet normal -0.00016580902067830805 -0.0004182398836062441 0.9999998987913792
  outer loop
    vertex -226.41323381966544 419.75780166260137 326.72501398357963
    vertex -220.0272318196654 418.381794662601 326.72501398357787
    vertex -221.21123781966546 421.28780066260134 326.7290139835782
  endloop
endfacet
facet normal -0.00016580902067830805 -0.0004182398836062441 0.9999998987913792
  outer loop
    vertex -222.09722481966546 421.48378466260147 326.72901398357845
    vertex -226.41323381966544 419.75780166260137 326.72501398357963
    vertex -221.21123781966546 421.28780066260134 326.7290139835782
  endloop
endfacet
facet normal -0.00016580902067830805 -0.0004182398836062441 0.9999998987913792
  outer loop
    vertex -222.67922481966542 421.6157726626015 326.7290139835786
    vertex -226.41323381966544 419.75780166260137 326.72501398357963
    vertex -222.09722481966546 421.48378466260147 326.72901398357845
  endloop
endfacet
facet normal -0.00016580902067830805 -0.0004182398836062441 0.9999998987913792
  outer loop
    vertex -224.0952258196654 421.91377666260155 326.72901398357897
    vertex -226.41323381966544 419.75780166260137 326.72501398357963
    vertex -222.67922481966542 421.6157726626015 326.7290139835786
  endloop
endfacet
facet normal -0.00016580902067830805 -0.0004182398836062441 0.9999998987913792
  outer loop
    vertex -225.85723381966542 422.2237746626014 326.7290139835794
    vertex -226.41323381966544 419.75780166260137 326.72501398357963
    vertex -224.0952258196654 421.91377666260155 326.72901398357897
  endloop
endfacet
facet normal -0.00016580902067830805 -0.0004182398836062441 0.9999998987913792
  outer loop
    vertex -226.02123581966546 422.24177966260135 326.7290139835795
    vertex -226.41323381966544 419.75780166260137 326.72501398357963
    vertex -225.85723381966542 422.2237746626014 326.7290139835794
  endloop
endfacet
facet normal -0.00016580902067830805 -0.0004182398836062441 0.9999998987913792
  outer loop
    vertex -227.79923581966543 422.4297986626013 326.72901398357993
    vertex -226.41323381966544 419.75780166260137 326.72501398357963
    vertex -226.02123581966546 422.24177966260135 326.7290139835795
  endloop
endfacet
facet normal -0.00016580902067830805 -0.0004182398836062441 0.9999998987913792
  outer loop
    vertex -230.24723381966544 419.96577866260134 326.7250139835806
    vertex -226.41323381966544 419.75780166260137 326.72501398357963
    vertex -227.79923581966543 422.4297986626013 326.72901398357993
  endloop
endfacet
facet normal -0.00016580902067830805 -0.0004182398836062441 0.9999998987913792
  outer loop
    vertex -229.23923781966542 422.53780066260146 326.7290139835803
    vertex -230.24723381966544 419.96577866260134 326.7250139835806
    vertex -227.79923581966543 422.4297986626013 326.72901398357993
  endloop
endfacet
facet normal -0.00016580902067830805 -0.0004182398836062441 0.9999998987913792
  outer loop
    vertex -230.74123681966546 422.6297806626014 326.72901398358067
    vertex -230.24723381966544 419.96577866260134 326.7250139835806
    vertex -229.23923781966542 422.53780066260146 326.7290139835803
  endloop
endfacet
facet normal -0.00016580902067830805 -0.0004182398836062441 0.9999998987913792
  outer loop
    vertex -238.44323281966547 419.76378266260133 326.72501398358276
    vertex -230.24723381966544 419.96577866260134 326.7250139835806
    vertex -230.74123681966546 422.6297806626014 326.72901398358067
  endloop
endfacet
facet normal -0.00016580902067830805 -0.0004182398836062441 0.9999998987913792
  outer loop
    vertex -232.68923481966542 422.6977736626013 326.72901398358124
    vertex -238.44323281966547 419.76378266260133 326.72501398358276
    vertex -230.74123681966546 422.6297806626014 326.72901398358067
  endloop
endfacet
facet normal -0.00016580902067830805 -0.0004182398836062441 0.9999998987913792
  outer loop
    vertex -233.12923781966543 422.6837966626014 326.7290139835813
    vertex -238.44323281966547 419.76378266260133 326.72501398358276
    vertex -232.68923481966542 422.6977736626013 326.72901398358124
  endloop
endfacet
facet normal -0.00016580902067830805 -0.0004182398836062441 0.9999998987913792
  outer loop
    vertex -234.99923281966545 422.58980266260136 326.7290139835818
    vertex -238.44323281966547 419.76378266260133 326.72501398358276
    vertex -233.12923781966543 422.6837966626014 326.7290139835813
  endloop
endfacet
facet normal -0.00016580902067830805 -0.0004182398836062441 0.9999998987913792
  outer loop
    vertex -236.44123381966543 422.48378466260147 326.72901398358215
    vertex -238.44323281966547 419.76378266260133 326.72501398358276
    vertex -234.99923281966545 422.58980266260136 326.7290139835818
  endloop
endfacet
facet normal -0.8629186670320175 -0.4267888336015528 -0.2705968691628054
  outer loop
    vertex -263.0552318196727 391.0017896626013 299.0570129835891
    vertex -262.5072278196727 389.89378766260137 299.057012983589
    vertex -270.48723881966663 391.3937876626012 322.1390139835911
  endloop
endfacet
facet normal -0.9466659621084766 -0.20297019125563925 -0.25025318708636196
  outer loop
    vertex -264.3352308196727 394.4177746626013 299.0570129835896
    vertex -270.5652268196666 395.01579766260124 322.1390139835911
    vertex -264.58523081967274 395.5837906626014 299.0570129835896
  endloop
endfacet
facet normal 0.0005943621435179625 -0.004335749931703065 0.9999904239572357
  outer loop
    vertex -249.55723081966545 416.53780066260134 326.7250139835856
    vertex -254.75522881966543 416.74779166260123 326.729013983587
    vertex -256.53122981966544 415.58177666260127 326.7250139835874
  endloop
endfacet
facet normal -0.6570557860904643 -0.7532488493327665 -0.029897574214395504
  outer loop
    vertex -260.5972398196654 385.1477856626012 326.7250139835885
    vertex -258.98523981966684 383.9517716626013 321.43101398358806
    vertex -259.79723681966544 384.4497876626013 326.7290139835883
  endloop
endfacet
facet normal -0.965388519857601 1.4408611993005153e-16 -0.2608160380941905
  outer loop
    vertex -264.3292338196727 403.82777866260125 299.05701298358946
    vertex -270.5652268196667 403.2457776626013 322.1390139835911
    vertex -270.5652268196667 404.37578266260124 322.13901398359116
  endloop
endfacet
facet normal -0.9614674423467905 -1.435008914620755e-16 -0.27491881948517294
  outer loop
    vertex -263.96523581967267 404.9757886626014 299.05701298358946
    vertex -270.5652268196667 404.37578266260124 322.13901398359116
    vertex -270.5652268196667 405.5057876626013 322.13901398359116
  endloop
endfacet
facet normal -0.9346110484191331 0.055882982977803954 -0.351253868856119
  outer loop
    vertex -261.84122781967267 409.42378666260123 299.05701298358883
    vertex -270.54923581966665 408.86980166260116 322.1390139835911
    vertex -270.5052288196666 409.6057936626013 322.1390139835911
  endloop
endfacet
facet normal -0.6299783827734773 -0.7760665721168951 -0.029118943676696183
  outer loop
    vertex -260.3292338196675 385.2277726626017 318.79501398358843
    vertex -259.4752308196685 384.67778466260165 314.97701398358817
    vertex -260.5972398196654 385.1477856626012 326.7250139835885
  endloop
endfacet
facet normal 2.6179058920661186e-13 0.0 1.0
  outer loop
    vertex -260.5972398196654 385.1477856626012 326.7250139835885
    vertex -258.07923381966543 386.5197946626014 326.7250139835879
    vertex -260.9272258196654 390.1237986626013 326.72501398358855
  endloop
endfacet
facet normal -0.9591133053314402 0.14166434948670906 -0.24501608033087813
  outer loop
    vertex -264.7552288196727 401.48378466260135 299.0570129835896
    vertex -270.5652268196667 402.06978266260126 322.1390139835911
    vertex -264.58123281967266 402.6617936626013 299.0570129835896
  endloop
endfacet
facet normal -0.9679992258658255 -4.724463414726316e-17 -0.2509531803408011
  outer loop
    vertex -264.58123281967266 402.6617936626013 299.0570129835896
    vertex -270.5652268196667 402.06978266260126 322.1390139835911
    vertex -270.5652268196667 403.2457776626013 322.1390139835911
  endloop
endfacet
facet normal -0.9482091573307692 -0.09299957554391695 -0.3037276294687791
  outer loop
    vertex -263.0552318196727 391.0017896626013 299.0570129835891
    vertex -270.48723881966663 391.3937876626012 322.1390139835911
    vertex -270.55922981966665 392.1277966626012 322.13901398359116
  endloop
endfacet
facet normal -0.970197613811333 0.04932990808914969 -0.23724070123550017
  outer loop
    vertex -264.95122781967274 399.1237986626014 299.05701298358974
    vertex -270.5652268196667 399.71779266260137 322.13901398359116
    vertex -264.8912308196727 400.30379166260127 299.0570129835897
  endloop
endfacet
facet normal -0.9680399446082478 -1.1116871020602683e-16 -0.2507960638504133
  outer loop
    vertex -264.58523081967274 395.5837906626014 299.0570129835896
    vertex -270.5652268196666 395.01579766260124 322.1390139835911
    vertex -270.5652268196667 396.1917916626013 322.1390139835911
  endloop
endfacet
facet normal -0.29005748989985397 -0.9568255506489319 -0.01874881805246761
  outer loop
    vertex -268.23322581966664 388.64979966260125 322.13901398359053
    vertex -260.38123581967267 386.72179066260145 299.0570129835885
    vertex -267.5272318196666 388.43578066260136 322.13901398359036
  endloop
endfacet
facet normal -0.9566593296752237 -0.0022340990761314378 -0.2912008512121313
  outer loop
    vertex -263.5332288196727 392.13179466260124 299.05701298358935
    vertex -270.55922981966665 392.1277966626012 322.13901398359116
    vertex -270.5612288196666 392.9837846626013 322.13901398359116
  endloop
endfacet
facet normal -0.001922121319025476 0.0035276102523330126 0.9999919306752144
  outer loop
    vertex -259.79723681966544 384.4497876626013 326.7290139835883
    vertex -258.07923381966543 386.5197946626014 326.7250139835879
    vertex -260.5972398196654 385.1477856626012 326.7250139835885
  endloop
endfacet
facet normal -0.956500151533272 1.9034601815685288e-16 -0.2917318291116485
  outer loop
    vertex -263.5252338196727 406.11378966260133 299.05701298358935
    vertex -270.5652268196667 405.5057876626013 322.13901398359116
    vertex -270.5652268196667 406.6357926626014 322.13901398359116
  endloop
endfacet
facet normal -0.849407997182452 -0.4533685612377173 -0.270116645180815
  outer loop
    vertex -262.5072278196727 389.89378766260137 299.057012983589
    vertex -269.92322881966663 390.03578666260137 322.1390139835909
    vertex -270.2712358196667 390.6877946626013 322.13901398359104
  endloop
endfacet
facet normal -0.9462700933532513 0.20451302311341493 -0.2504941791783611
  outer loop
    vertex -264.58123281967266 402.6617936626013 299.0570129835896
    vertex -270.5652268196667 403.2457776626013 322.1390139835911
    vertex -264.3292338196727 403.82777866260125 299.05701298358946
  endloop
endfacet
facet normal -0.05150112494170307 0.9985711167001197 -0.014260400485795067
  outer loop
    vertex -226.87522381966417 378.8757826626014 331.6390139835797
    vertex -232.5632278196648 378.5477796626013 329.21301498358116
    vertex -232.56322781966324 378.6337786626017 335.2350139835812
  endloop
endfacet
facet normal 2.4516983740419337e-13 -0.3506374758938908 0.9365112708872015
  outer loop
    vertex -204.41123481966332 393.41777466260135 335.2710139835738
    vertex -203.3432268196628 398.05977266260135 337.0090159835735
    vertex -205.71723481966276 398.05977266260135 337.0090159835741
  endloop
endfacet
facet normal -0.9961041451410945 6.475041489159199e-12 0.08818464737543429
  outer loop
    vertex -205.92122981966344 394.05379166260127 334.9050159835742
    vertex -206.26122581966425 395.37578266260147 331.05701298357434
    vertex -206.3292338196645 394.05379166260127 330.2970149835743
  endloop
endfacet
facet normal -0.9961041451410945 6.475041489159199e-12 0.08818464737543429
  outer loop
    vertex -206.5332288196651 398.05977266260135 327.9930139835744
    vertex -206.3292338196645 394.05379166260127 330.2970149835743
    vertex -206.26122581966425 395.37578266260147 331.05701298357434
  endloop
endfacet
facet normal -0.9961041451410945 6.475041489159199e-12 0.08818464737543429
  outer loop
    vertex -206.39922681966468 398.05977266260135 329.51301398357435
    vertex -206.5332288196651 398.05977266260135 327.9930139835744
    vertex -206.26122581966425 395.37578266260147 331.05701298357434
  endloop
endfacet
facet normal -0.9961041451410945 6.475041489159199e-12 0.08818464737543429
  outer loop
    vertex -206.3292338196645 402.06578466260146 330.2970149835744
    vertex -206.5332288196651 398.05977266260135 327.9930139835744
    vertex -206.39922681966468 398.05977266260135 329.51301398357435
  endloop
endfacet
facet normal -0.9961041451410945 6.475041489159199e-12 0.08818464737543429
  outer loop
    vertex -206.26122581966433 400.74379366260126 331.0570129835742
    vertex -206.3292338196645 402.06578466260146 330.2970149835744
    vertex -206.39922681966468 398.05977266260135 329.51301398357435
  endloop
endfacet
facet normal -0.9961041451410945 6.475041489159199e-12 0.08818464737543429
  outer loop
    vertex -205.98923781966354 400.74379366260126 334.1450139835742
    vertex -206.3292338196645 402.06578466260146 330.2970149835744
    vertex -206.26122581966433 400.74379366260126 331.0570129835742
  endloop
endfacet
facet normal -0.9961041451410945 6.475041489159199e-12 0.08818464737543429
  outer loop
    vertex -205.92122981966335 402.06578466260146 334.90501598357423
    vertex -206.3292338196645 402.06578466260146 330.2970149835744
    vertex -205.98923781966354 400.74379366260126 334.1450139835742
  endloop
endfacet
facet normal -0.9961041451410945 6.475041489159199e-12 0.08818464737543429
  outer loop
    vertex -205.8512378196631 398.05977266260135 335.6890129835742
    vertex -205.98923781966346 395.37578266260147 334.1450139835743
    vertex -205.92122981966344 394.05379166260127 334.9050159835742
  endloop
endfacet
facet normal -0.9961041451410945 6.475041489159199e-12 0.08818464737543429
  outer loop
    vertex -206.26122581966425 395.37578266260147 331.05701298357434
    vertex -205.92122981966344 394.05379166260127 334.9050159835742
    vertex -205.98923781966346 395.37578266260147 334.1450139835743
  endloop
endfacet
facet normal -2.269150093221345e-13 -0.4986378366356262 -0.8668104221081692
  outer loop
    vertex -203.42922481966306 398.05977266260135 335.68901298357355
    vertex -205.8512378196631 398.05977266260135 335.6890129835742
    vertex -203.75123181966353 400.74379366260126 334.1450139835736
  endloop
endfacet
facet normal -2.269150093221345e-13 -0.4986378366356262 -0.8668104221081692
  outer loop
    vertex -205.98923781966354 400.74379366260126 334.1450139835742
    vertex -203.75123181966353 400.74379366260126 334.1450139835736
    vertex -205.8512378196631 398.05977266260135 335.6890129835742
  endloop
endfacet
facet normal 0.4703520953215569 0.05199458242167642 0.8809457814334639
  outer loop
    vertex -238.00322981966278 416.36177466260165 337.0090159835826
    vertex -233.74323581966334 416.8958016626017 334.70301298358146
    vertex -238.21923381966278 418.3157846626016 337.00901598358263
  endloop
endfacet
facet normal 0.9354718290870533 -0.35303648936890464 0.016052855154228215
  outer loop
    vertex -233.74323581966465 416.8958016626013 329.7470139835815
    vertex -233.1532398196648 418.4377946626013 329.2770139835813
    vertex -233.1532398196632 418.7057996626017 335.1710149835813
  endloop
endfacet
facet normal -0.3403229252988286 -0.9398256784855671 0.030133047890838992
  outer loop
    vertex -206.3292338196645 394.05379166260127 330.2970149835743
    vertex -204.6052348196647 393.41777466260135 329.93101398357385
    vertex -205.92122981966344 394.05379166260127 334.9050159835742
  endloop
endfacet
facet normal -0.391059585042924 -0.9202557042159241 0.014207033614022403
  outer loop
    vertex -205.92122981966344 394.05379166260127 334.9050159835742
    vertex -204.6052348196647 393.41777466260135 329.93101398357385
    vertex -204.41123481966332 393.41777466260135 335.2710139835738
  endloop
endfacet
facet normal -2.2694595354219513e-13 0.49864216388982824 -0.866807932815148
  outer loop
    vertex -203.42922481966306 398.05977266260135 335.68901298357355
    vertex -203.7912248196635 395.37578266260147 334.1450139835737
    vertex -205.8512378196631 398.05977266260135 335.6890129835742
  endloop
endfacet
facet normal -2.2694595354219513e-13 0.49864216388982824 -0.866807932815148
  outer loop
    vertex -205.98923781966346 395.37578266260147 334.1450139835743
    vertex -205.8512378196631 398.05977266260135 335.6890129835742
    vertex -203.7912248196635 395.37578266260147 334.1450139835737
  endloop
endfacet
facet normal -0.18443240524403262 0.9764967726068559 -0.11152910375456121
  outer loop
    vertex -260.3112288196727 411.7077836626014 299.0570129835885
    vertex -263.41523281966664 413.7578016626013 322.13901398358934
    vertex -256.53122981966544 415.58177666260127 326.7250139835874
  endloop
endfacet
facet normal 2.269024273778804e-13 -0.49863783663562633 0.8668104221081692
  outer loop
    vertex -203.7872268196647 398.05977266260135 329.51301398357367
    vertex -203.88123581966428 400.74379366260126 331.0570129835736
    vertex -206.39922681966468 398.05977266260135 329.51301398357435
  endloop
endfacet
facet normal 2.269024273778804e-13 -0.49863783663562633 0.8668104221081692
  outer loop
    vertex -206.26122581966433 400.74379366260126 331.0570129835742
    vertex -206.39922681966468 398.05977266260135 329.51301398357435
    vertex -203.88123581966428 400.74379366260126 331.0570129835736
  endloop
endfacet
facet normal -0.9919894497308377 -0.11289113444077212 0.05667912655806773
  outer loop
    vertex -203.6612348196639 399.17778466260125 332.6010159835736
    vertex -203.62722281966384 399.09380066260127 333.02901298357364
    vertex -203.75123181966353 400.74379366260126 334.1450139835736
  endloop
endfacet
facet normal 2.3176874610813477e-13 0.4649800610989471 0.8853211523398838
  outer loop
    vertex -205.71723481966276 398.05977266260135 337.0090159835741
    vertex -203.3432268196628 398.05977266260135 337.0090159835735
    vertex -205.92122981966335 402.06578466260146 334.90501598357423
  endloop
endfacet
facet normal -0.9971132767434395 -0.07335864999141752 -0.01958626593809236
  outer loop
    vertex -203.5972248196637 398.8517956626014 333.3910159835736
    vertex -203.57523681966367 398.4877816626013 333.63501598357357
    vertex -203.75123181966353 400.74379366260126 334.1450139835736
  endloop
endfacet
facet normal -0.9954843003954114 0.08643544960279555 -0.039241823584295024
  outer loop
    vertex -203.5972248196637 397.26778066260135 333.39101598357365
    vertex -203.7912248196635 395.37578266260147 334.1450139835737
    vertex -203.57523681966367 397.6317946626014 333.6350159835737
  endloop
endfacet
facet normal 0.18904751083811963 -0.9742786405422535 0.1226465214714613
  outer loop
    vertex -243.0252338196661 416.57179666260134 324.1450139835839
    vertex -237.99523481966617 417.5437816626014 324.11301498358256
    vertex -243.2832288196648 417.16777466260135 329.27701398358397
  endloop
endfacet
facet normal 0.4210051326695835 -0.9059528863161027 0.04476657281263551
  outer loop
    vertex -247.86922781966612 414.76979466260127 324.1450139835852
    vertex -243.2832288196632 417.44578966260156 335.171014983584
    vertex -243.34522581966277 417.5078016626017 337.00901598358394
  endloop
endfacet
facet normal -0.9948837929178483 -0.0023834546478726797 0.10099781053734488
  outer loop
    vertex -205.8512378196631 398.05977266260135 335.6890129835742
    vertex -205.92122981966344 394.05379166260127 334.9050159835742
    vertex -205.71723481966276 398.05977266260135 337.0090159835741
  endloop
endfacet
facet normal -0.7951302207963595 -0.6064387289548159 2.081766778815578e-13
  outer loop
    vertex -242.26122581966467 415.8277786626016 329.74701398358366
    vertex -242.26122581966337 415.8277786626016 334.7030129835837
    vertex -243.2832288196648 417.16777466260135 329.27701398358397
  endloop
endfacet
facet normal -0.992981961517266 -0.11826590422147416 2.5995333277714224e-13
  outer loop
    vertex -235.33922881966444 416.6957896626013 330.6750149835819
    vertex -235.33922881966365 416.6957896626013 333.77501498358185
    vertex -235.57123881966444 418.64378766260137 330.67501498358195
  endloop
endfacet
facet normal -0.992981961517266 -0.11826590422147416 2.5995333277714224e-13
  outer loop
    vertex -235.57123881966365 418.64378766260137 333.7750149835819
    vertex -235.57123881966444 418.64378766260137 330.67501498358195
    vertex -235.33922881966365 416.6957896626013 333.77501498358185
  endloop
endfacet
facet normal 0.9543977414251911 0.29850758549708595 -0.004262928945468422
  outer loop
    vertex -232.56322781966324 378.6337786626017 335.2350139835812
    vertex -232.5632278196648 378.5477796626013 329.21301498358116
    vertex -233.15923581966467 380.4617806626013 329.80301498358136
  endloop
endfacet
facet normal 2.3111159332763138e-32 1.0 -6.050284018971948e-45
  outer loop
    vertex -203.92722581966427 395.37578266260147 331.05701298357377
    vertex -206.26122581966425 395.37578266260147 331.05701298357434
    vertex -203.7912248196635 395.37578266260147 334.1450139835737
  endloop
endfacet
facet normal 2.3111159332763138e-32 1.0 -6.050284018971948e-45
  outer loop
    vertex -205.98923781966346 395.37578266260147 334.1450139835743
    vertex -203.7912248196635 395.37578266260147 334.1450139835737
    vertex -206.26122581966425 395.37578266260147 331.05701298357434
  endloop
endfacet
facet normal -0.6882675764880021 0.724936743705965 -0.02746744946886489
  outer loop
    vertex -256.5552318196727 415.27379266260135 299.0570129835874
    vertex -260.3112288196727 411.7077836626014 299.0570129835885
    vertex -257.89522881967156 414.14979966260137 302.96901298358785
  endloop
endfacet
facet normal 0.49647419776345963 0.05912713026916422 0.8660354227289219
  outer loop
    vertex -238.00322981966485 416.3617746626014 329.12501398358256
    vertex -238.23522481966486 418.30977266260146 329.1250139835827
    vertex -240.66723181966447 416.02779066260155 330.6750149835833
  endloop
endfacet
facet normal 0.49647419776345963 0.05912713026916422 0.8660354227289219
  outer loop
    vertex -240.89922681966442 417.97578866260153 330.67501498358337
    vertex -240.66723181966447 416.02779066260155 330.6750149835833
    vertex -238.23522481966486 418.30977266260146 329.1250139835827
  endloop
endfacet
facet normal 0.1244054464267001 -0.9922314674002786 -2.5201915252033456e-07
  outer loop
    vertex -238.00322981966522 416.3617746626014 327.63101398358253
    vertex -238.00322981966485 416.3617746626014 329.12501398358256
    vertex -242.26122581966467 415.8277786626016 329.74701398358366
  endloop
endfacet
facet normal 0.1244054464267001 -0.9922314674002786 -2.5201915252033456e-07
  outer loop
    vertex -240.66723181966447 416.02779066260155 330.6750149835833
    vertex -242.26122581966467 415.8277786626016 329.74701398358366
    vertex -238.00322981966485 416.3617746626014 329.12501398358256
  endloop
endfacet
facet normal 0.1244054464267001 -0.9922314674002786 -2.5201915252033456e-07
  outer loop
    vertex -242.26122581966337 415.8277786626016 334.7030129835837
    vertex -242.26122581966467 415.8277786626016 329.74701398358366
    vertex -240.66723181966447 416.02779066260155 330.6750149835833
  endloop
endfacet
facet normal 0.1244054464267001 -0.9922314674002786 -2.5201915252033456e-07
  outer loop
    vertex -240.66723181966364 416.02779066260155 333.7750149835833
    vertex -242.26122581966337 415.8277786626016 334.7030129835837
    vertex -240.66723181966447 416.02779066260155 330.6750149835833
  endloop
endfacet
facet normal 0.1244054464267001 -0.9922314674002786 -2.5201915252033456e-07
  outer loop
    vertex -238.00322981966323 416.36177466260165 335.32501498358255
    vertex -242.26122581966337 415.8277786626016 334.7030129835837
    vertex -240.66723181966364 416.02779066260155 333.7750149835833
  endloop
endfacet
facet normal 0.1244054464267001 -0.9922314674002786 -2.5201915252033456e-07
  outer loop
    vertex -238.00322981966278 416.36177466260165 337.0090159835826
    vertex -242.26122581966337 415.8277786626016 334.7030129835837
    vertex -238.00322981966323 416.36177466260165 335.32501498358255
  endloop
endfacet
facet normal 0.1244054464267001 -0.9922314674002786 -2.5201915252033456e-07
  outer loop
    vertex -238.00322981966522 416.3617746626014 327.63101398358253
    vertex -233.74323581966465 416.8958016626013 329.7470139835815
    vertex -238.00322981966485 416.3617746626014 329.12501398358256
  endloop
endfacet
facet normal 0.1244054464267001 -0.9922314674002786 -2.5201915252033456e-07
  outer loop
    vertex -235.33922881966444 416.6957896626013 330.6750149835819
    vertex -238.00322981966485 416.3617746626014 329.12501398358256
    vertex -233.74323581966465 416.8958016626013 329.7470139835815
  endloop
endfacet
facet normal 0.1244054464267001 -0.9922314674002786 -2.5201915252033456e-07
  outer loop
    vertex -233.74323581966334 416.8958016626017 334.70301298358146
    vertex -235.33922881966444 416.6957896626013 330.6750149835819
    vertex -233.74323581966465 416.8958016626013 329.7470139835815
  endloop
endfacet
facet normal 0.1244054464267001 -0.9922314674002786 -2.5201915252033456e-07
  outer loop
    vertex -235.33922881966365 416.6957896626013 333.77501498358185
    vertex -235.33922881966444 416.6957896626013 330.6750149835819
    vertex -233.74323581966334 416.8958016626017 334.70301298358146
  endloop
endfacet
facet normal 0.1244054464267001 -0.9922314674002786 -2.5201915252033456e-07
  outer loop
    vertex -238.00322981966323 416.36177466260165 335.32501498358255
    vertex -235.33922881966365 416.6957896626013 333.77501498358185
    vertex -233.74323581966334 416.8958016626017 334.70301298358146
  endloop
endfacet
facet normal 0.1244054464267001 -0.9922314674002786 -2.5201915252033456e-07
  outer loop
    vertex -238.00322981966278 416.36177466260165 337.0090159835826
    vertex -238.00322981966323 416.36177466260165 335.32501498358255
    vertex -233.74323581966334 416.8958016626017 334.70301298358146
  endloop
endfacet
facet normal -0.3758705622154488 -0.41581265060944456 0.8281432002093544
  outer loop
    vertex -204.41123481966332 393.41777466260135 335.2710139835738
    vertex -205.71723481966276 398.05977266260135 337.0090159835741
    vertex -205.92122981966344 394.05379166260127 334.9050159835742
  endloop
endfacet
facet normal 0.07111900237859914 -0.9973456837977632 -0.015610077214572868
  outer loop
    vertex -238.21923381966278 418.3157846626016 337.00901598358263
    vertex -233.1532398196632 418.7057996626017 335.1710149835813
    vertex -231.03922581966276 418.82777866260165 337.00901598358075
  endloop
endfacet
facet normal 2.2691929631095537e-13 0.49864216388982824 0.866807932815148
  outer loop
    vertex -203.7872268196647 398.05977266260135 329.51301398357367
    vertex -206.39922681966468 398.05977266260135 329.51301398357435
    vertex -203.92722581966427 395.37578266260147 331.05701298357377
  endloop
endfacet
facet normal 2.2691929631095537e-13 0.49864216388982824 0.866807932815148
  outer loop
    vertex -206.26122581966425 395.37578266260147 331.05701298357434
    vertex -203.92722581966427 395.37578266260147 331.05701298357377
    vertex -206.39922681966468 398.05977266260135 329.51301398357435
  endloop
endfacet
facet normal -0.3613589189679871 -0.5435213595520163 -0.757630690635626
  outer loop
    vertex -204.55523181966544 398.05977266260135 326.5770129835738
    vertex -204.6052348196647 393.41777466260135 329.93101398357385
    vertex -206.3292338196645 394.05379166260127 330.2970149835743
  endloop
endfacet
facet normal 0.04050797133055421 -0.9902273214541136 0.13345020084096723
  outer loop
    vertex -237.99523481966617 417.5437816626014 324.11301498358256
    vertex -230.3272358196661 417.8617746626015 324.14501398358055
    vertex -233.1532398196648 418.4377946626013 329.2770139835813
  endloop
endfacet
facet normal -0.9948626108392595 0.006947098418701819 0.1009956601921736
  outer loop
    vertex -205.8512378196631 398.05977266260135 335.6890129835742
    vertex -205.71723481966276 398.05977266260135 337.0090159835741
    vertex -205.98923781966354 400.74379366260126 334.1450139835742
  endloop
endfacet
facet normal -0.0746006462803345 -0.994713502099291 0.0705676435480201
  outer loop
    vertex -233.1532398196648 418.4377946626013 329.2770139835813
    vertex -230.3272358196661 417.8617746626015 324.14501398358055
    vertex -231.03922581966276 418.82777866260165 337.00901598358075
  endloop
endfacet
facet normal -0.3680550135824142 0.4775755391098293 -0.7977826216588105
  outer loop
    vertex -206.3292338196645 402.06578466260146 330.2970149835744
    vertex -204.3992268196646 402.9417916626012 329.93101398357385
    vertex -206.5332288196651 398.05977266260135 327.9930139835744
  endloop
endfacet
facet normal -0.49299321174224225 0.08490921927410751 -0.8658799672346799
  outer loop
    vertex -234.65723681966364 380.66978866260166 333.7750149835818
    vertex -234.9552258196636 378.9337966626014 333.7750149835818
    vertex -237.31522681966322 381.0378006626017 335.3250149835825
  endloop
endfacet
facet normal -0.49299321174224225 0.08490921927410751 -0.8658799672346799
  outer loop
    vertex -237.6152298196632 379.30177766260164 335.3250149835825
    vertex -237.31522681966322 381.0378006626017 335.3250149835825
    vertex -234.9552258196636 378.9337966626014 333.7750149835818
  endloop
endfacet
facet normal -0.9956939058791213 -0.08996280809106444 0.022368257767427326
  outer loop
    vertex -203.62722281966384 399.09380066260127 333.02901298357364
    vertex -203.5972248196637 398.8517956626014 333.3910159835736
    vertex -203.75123181966353 400.74379366260126 334.1450139835736
  endloop
endfacet
facet normal 0.08548071468587709 0.9916335919059343 0.09672572987849083
  outer loop
    vertex -232.3272358196661 379.0217786626014 324.14501398358107
    vertex -237.72722881966592 379.3877756626013 325.1650149835825
    vertex -232.5632278196648 378.5477796626013 329.21301498358116
  endloop
endfacet
facet normal 0.4169864744535549 0.908910232128302 0.0021142505222963835
  outer loop
    vertex -242.8932298196648 380.0157976626016 329.21301498358395
    vertex -247.8852338196661 382.3177996626014 324.1450139835852
    vertex -242.89322981966325 380.00178966260165 335.23501398358394
  endloop
endfacet
facet normal 0.34591220967854175 -0.9298528349077543 0.1253732372132159
  outer loop
    vertex -247.86922781966612 414.76979466260127 324.1450139835852
    vertex -243.0252338196661 416.57179666260134 324.1450139835839
    vertex -243.2832288196648 417.16777466260135 329.27701398358397
  endloop
endfacet
facet normal -0.9956965764759571 -0.0020419267629425662 0.09265073194073258
  outer loop
    vertex -205.98923781966354 400.74379366260126 334.1450139835742
    vertex -205.71723481966276 398.05977266260135 337.0090159835741
    vertex -205.92122981966335 402.06578466260146 334.90501598357423
  endloop
endfacet
facet normal -0.27756589191117204 0.3006124637220634 0.9124633265520904
  outer loop
    vertex -203.3432268196628 398.05977266260135 337.0090159835735
    vertex -204.02923081966324 402.7018016626014 335.27101398357377
    vertex -205.92122981966335 402.06578466260146 334.90501598357423
  endloop
endfacet
facet normal -0.32348229317629956 0.9458006372940693 0.028641935959973337
  outer loop
    vertex -206.3292338196645 402.06578466260146 330.2970149835744
    vertex -205.92122981966335 402.06578466260146 334.90501598357423
    vertex -204.02923081966324 402.7018016626014 335.27101398357377
  endloop
endfacet
facet normal -0.7960440633591648 0.5173616488227439 -0.31408720686784086
  outer loop
    vertex -261.1132308196727 410.4737746626014 299.0570129835886
    vertex -270.3192398196667 410.3217966626013 322.13901398359104
    vertex -260.3112288196727 411.7077836626014 299.0570129835885
  endloop
endfacet
facet normal -0.5041359095430937 0.49991809366047746 -0.704222183930634
  outer loop
    vertex -204.3992268196646 402.9417916626012 329.93101398357385
    vertex -204.55523181966544 398.05977266260135 326.5770129835738
    vertex -206.5332288196651 398.05977266260135 327.9930139835744
  endloop
endfacet
facet normal 0.9507640097370772 -0.309915791447734 -2.4891356744300984e-13
  outer loop
    vertex -233.74323581966334 416.8958016626017 334.70301298358146
    vertex -233.74323581966465 416.8958016626013 329.7470139835815
    vertex -233.1532398196632 418.7057996626017 335.1710149835813
  endloop
endfacet
facet normal -0.4964746267100781 -0.05912909283537759 0.8660350428323059
  outer loop
    vertex -235.33922881966444 416.6957896626013 330.6750149835819
    vertex -235.57123881966444 418.64378766260137 330.67501498358195
    vertex -238.00322981966485 416.3617746626014 329.12501398358256
  endloop
endfacet
facet normal -0.4964746267100781 -0.05912909283537759 0.8660350428323059
  outer loop
    vertex -238.23522481966486 418.30977266260146 329.1250139835827
    vertex -238.00322981966485 416.3617746626014 329.12501398358256
    vertex -235.57123881966444 418.64378766260137 330.67501498358195
  endloop
endfacet
facet normal -0.9897011273021608 0.13343344811271074 0.05183814755163421
  outer loop
    vertex -203.6612348196639 396.9397776626012 332.60101598357363
    vertex -203.7912248196635 395.37578266260147 334.1450139835737
    vertex -203.62722281966384 397.02577666260146 333.02901298357364
  endloop
endfacet
facet normal -0.6876800355050927 0.7259730790509581 -0.007697873796436381
  outer loop
    vertex -257.0952258196687 414.9157916626014 314.30101298358755
    vertex -260.3112288196727 411.7077836626014 299.0570129835885
    vertex -256.53122981966544 415.58177666260127 326.7250139835874
  endloop
endfacet
facet normal -0.697399395199785 0.7164914418288273 -0.01655588599328143
  outer loop
    vertex -257.89522881967156 414.14979966260137 302.96901298358785
    vertex -260.3112288196727 411.7077836626014 299.0570129835885
    vertex -258.04723681967124 414.0397836626013 304.6110129835879
  endloop
endfacet
facet normal 0.42505298723239054 -0.9041631791073957 0.04264860597051803
  outer loop
    vertex -247.86922781966612 414.76979466260127 324.1450139835852
    vertex -243.2832288196648 417.16777466260135 329.27701398358397
    vertex -243.2832288196632 417.44578966260156 335.171014983584
  endloop
endfacet
facet normal -0.8455268182275301 0.41003597674429826 -0.34198669189513636
  outer loop
    vertex -270.3192398196667 410.3217966626013 322.13901398359104
    vertex -269.99723381966663 410.98579866260127 322.13901398359104
    vertex -260.3112288196727 411.7077836626014 299.0570129835885
  endloop
endfacet
facet normal -0.9946360386147036 -0.0893671345486737 0.05208325980014199
  outer loop
    vertex -203.57523681966367 398.4877816626013 333.63501598357357
    vertex -203.42922481966306 398.05977266260135 335.68901298357355
    vertex -203.75123181966353 400.74379366260126 334.1450139835736
  endloop
endfacet
facet normal -0.5305423309438386 -0.6107934645351187 -0.5877552030887222
  outer loop
    vertex -243.2832288196648 417.16777466260135 329.27701398358397
    vertex -237.99523481966617 417.5437816626014 324.11301498358256
    vertex -242.26122581966467 415.8277786626016 329.74701398358366
  endloop
endfacet
facet normal 0.018144463519027383 -0.9988033486599974 0.04541639736023338
  outer loop
    vertex -233.1532398196632 418.7057996626017 335.1710149835813
    vertex -233.1532398196648 418.4377946626013 329.2770139835813
    vertex -231.03922581966276 418.82777866260165 337.00901598358075
  endloop
endfacet
facet normal -0.9942568189807426 0.10642836094214479 0.011241970355038326
  outer loop
    vertex -203.62722281966384 397.02577666260146 333.02901298357364
    vertex -203.7912248196635 395.37578266260147 334.1450139835737
    vertex -203.5972248196637 397.26778066260135 333.39101598357365
  endloop
endfacet
facet normal 0.34384139487693327 -0.3385507385268889 0.8758747014339342
  outer loop
    vertex -233.74323581966334 416.8958016626017 334.70301298358146
    vertex -233.1532398196632 418.7057996626017 335.1710149835813
    vertex -238.21923381966278 418.3157846626016 337.00901598358263
  endloop
endfacet
facet normal -0.40146836894976623 0.9132804915947735 0.06886139996560629
  outer loop
    vertex -204.3992268196646 402.9417916626012 329.93101398357385
    vertex -206.3292338196645 402.06578466260146 330.2970149835744
    vertex -204.02923081966324 402.7018016626014 335.27101398357377
  endloop
endfacet
facet normal -0.5212024626275307 -0.4452789223871589 -0.7280622735925328
  outer loop
    vertex -204.55523181966544 398.05977266260135 326.5770129835738
    vertex -206.3292338196645 394.05379166260127 330.2970149835743
    vertex -206.5332288196651 398.05977266260135 327.9930139835744
  endloop
endfacet
facet normal -0.6526151018491596 0.7576769440676462 -0.004379185623386411
  outer loop
    vertex -256.68323781966967 415.24977566260134 310.68901398358753
    vertex -258.04723681967124 414.0397836626013 304.6110129835879
    vertex -257.0952258196687 414.9157916626014 314.30101298358755
  endloop
endfacet
facet normal -2.3111159332763138e-32 -1.0 6.050284018971948e-45
  outer loop
    vertex -206.26122581966433 400.74379366260126 331.0570129835742
    vertex -203.88123581966428 400.74379366260126 331.0570129835736
    vertex -205.98923781966354 400.74379366260126 334.1450139835742
  endloop
endfacet
facet normal -2.3111159332763138e-32 -1.0 6.050284018971948e-45
  outer loop
    vertex -203.75123181966353 400.74379366260126 334.1450139835736
    vertex -205.98923781966354 400.74379366260126 334.1450139835742
    vertex -203.88123581966428 400.74379366260126 331.0570129835736
  endloop
endfacet
facet normal -0.496474386475624 -0.05912906422390098 -0.866035182505687
  outer loop
    vertex -235.33922881966365 416.6957896626013 333.77501498358185
    vertex -238.00322981966323 416.36177466260165 335.32501498358255
    vertex -235.57123881966365 418.64378766260137 333.7750149835819
  endloop
endfacet
facet normal -0.496474386475624 -0.05912906422390098 -0.866035182505687
  outer loop
    vertex -238.23522481966324 418.30977266260163 335.32501498358266
    vertex -235.57123881966365 418.64378766260137 333.7750149835819
    vertex -238.00322981966323 416.36177466260165 335.32501498358255
  endloop
endfacet
facet normal 0.4964739575280955 0.05912710165861225 -0.8660355624025166
  outer loop
    vertex -238.00322981966323 416.36177466260165 335.32501498358255
    vertex -240.66723181966364 416.02779066260155 333.7750149835833
    vertex -238.23522481966324 418.30977266260163 335.32501498358266
  endloop
endfacet
facet normal 0.4964739575280955 0.05912710165861225 -0.8660355624025166
  outer loop
    vertex -240.8992268196636 417.97578866260153 333.77501498358333
    vertex -238.23522481966324 418.30977266260163 335.32501498358266
    vertex -240.66723181966364 416.02779066260155 333.7750149835833
  endloop
endfacet
facet normal -0.8418543149507699 -0.5391054359351614 0.02542914359410259
  outer loop
    vertex -243.2832288196648 417.16777466260135 329.27701398358397
    vertex -242.26122581966337 415.8277786626016 334.7030129835837
    vertex -243.2832288196632 417.44578966260156 335.171014983584
  endloop
endfacet
facet normal -0.3173856252311899 0.09283566362207928 0.9437414394083027
  outer loop
    vertex -237.8692278196628 379.14378766260165 337.0090159835826
    vertex -237.31522681966277 381.0378006626017 337.00901598358246
    vertex -242.89322981966325 380.00178966260165 335.23501398358394
  endloop
endfacet
facet normal -0.7496404527690187 0.6618435021900427 0.0015395392426794275
  outer loop
    vertex -242.8932298196648 380.0157976626016 329.21301498358395
    vertex -242.89322981966325 380.00178966260165 335.23501398358394
    vertex -241.47123281966338 381.6137896626017 334.6470129835836
  endloop
endfacet
facet normal 0.5131178530667004 0.8583181629583637 -1.343294250867632e-13
  outer loop
    vertex -238.07523681967268 390.5757946626015 299.0570129835826
    vertex -238.98522481967268 391.11980166260145 299.0570129835828
    vertex -238.0752368196721 390.5757946626015 301.3010129835826
  endloop
endfacet
facet normal 0.5131178530667004 0.8583181629583637 -1.343294250867632e-13
  outer loop
    vertex -238.98522481967208 391.11980166260145 301.30101298358284
    vertex -238.0752368196721 390.5757946626015 301.3010129835826
    vertex -238.98522481967268 391.11980166260145 299.0570129835828
  endloop
endfacet
facet normal 0.5966621887737502 -0.802492512418476 -1.5620054595638674e-13
  outer loop
    vertex -238.98522481967268 409.0837906626014 299.0570129835828
    vertex -238.98522481967208 409.0837906626014 301.30101298358284
    vertex -239.83523081967272 408.4518016626013 299.05701298358315
  endloop
endfacet
facet normal 0.5966621887737502 -0.802492512418476 -1.5620054595638674e-13
  outer loop
    vertex -239.83523081967212 408.4518016626013 301.3010129835831
    vertex -239.83523081967272 408.4518016626013 299.05701298358315
    vertex -238.98522481967208 409.0837906626014 301.30101298358284
  endloop
endfacet
facet normal -0.9974832915523024 -1.127423176705257e-09 0.07090192574242789
  outer loop
    vertex -203.57523681966367 397.6317946626014 333.6350159835737
    vertex -203.42922481966306 398.05977266260135 335.68901298357355
    vertex -203.56922481966365 398.05977266260135 333.7190159835736
  endloop
endfacet
facet normal -0.9974832915523024 -1.127423176705257e-09 0.07090192574242789
  outer loop
    vertex -203.57523681966367 398.4877816626013 333.63501598357357
    vertex -203.56922481966365 398.05977266260135 333.7190159835736
    vertex -203.42922481966306 398.05977266260135 335.68901298357355
  endloop
endfacet
facet normal 0.32575949605019566 0.38410104222645164 0.8639138499258341
  outer loop
    vertex -232.56322781966324 378.6337786626017 335.2350139835812
    vertex -233.1592358196634 380.46178066260165 334.6470129835814
    vertex -237.8692278196628 379.14378766260165 337.0090159835826
  endloop
endfacet
facet normal 0.9507420425206035 0.309983174678483 -2.488953194949664e-13
  outer loop
    vertex -232.56322781966324 378.6337786626017 335.2350139835812
    vertex -233.15923581966467 380.4617806626013 329.80301498358136
    vertex -233.1592358196634 380.46178066260165 334.6470129835814
  endloop
endfacet
facet normal 0.49278563634141564 -0.08520792927850646 0.8659687785386119
  outer loop
    vertex -237.31522681966484 381.0378006626015 329.12501398358245
    vertex -239.97523081966446 381.4057816626013 330.67501498358314
    vertex -237.61522981966485 379.30177766260164 329.12501398358245
  endloop
endfacet
facet normal 0.49278563634141564 -0.08520792927850646 0.8659687785386119
  outer loop
    vertex -240.27523381966444 379.6717726626014 330.6750149835832
    vertex -237.61522981966485 379.30177766260164 329.12501398358245
    vertex -239.97523081966446 381.4057816626013 330.67501498358314
  endloop
endfacet
facet normal 0.6047571584213909 0.40051220452444214 -0.6883739923653829
  outer loop
    vertex -233.15923581966467 380.4617806626013 329.80301498358136
    vertex -232.5632278196648 378.5477796626013 329.21301498358116
    vertex -237.72722881966592 379.3877756626013 325.1650149835825
  endloop
endfacet
facet normal 0.26674493086410317 -0.913762362290885 -0.30640738750703495
  outer loop
    vertex -238.00322981966522 416.3617746626014 327.63101398358253
    vertex -237.99523481966617 417.5437816626014 324.11301498358256
    vertex -233.74323581966465 416.8958016626013 329.7470139835815
  endloop
endfacet
facet normal -0.941273077354847 -0.3376462554907669 2.4641643352504616e-13
  outer loop
    vertex -222.64522881967267 403.2377816626013 299.05701298357855
    vertex -222.64522881967207 403.2377816626013 301.3010129835786
    vertex -223.0032298196727 404.23579866260155 299.05701298357866
  endloop
endfacet
facet normal -0.941273077354847 -0.3376462554907669 2.4641643352504616e-13
  outer loop
    vertex -223.0032298196721 404.23579866260155 301.30101298357863
    vertex -223.0032298196727 404.23579866260155 299.05701298357866
    vertex -222.64522881967207 403.2377816626013 301.3010129835786
  endloop
endfacet
facet normal 0.9891033344313779 0.14722293916618515 -2.589379447070149e-13
  outer loop
    vertex -243.57723581967213 397.9957776626014 301.3010129835841
    vertex -243.5772358196727 397.9957776626014 299.05701298358406
    vertex -243.7332258196721 399.0437816626015 301.3010129835841
  endloop
endfacet
facet normal 0.9891033344313779 0.14722293916618515 -2.589379447070149e-13
  outer loop
    vertex -243.73322581967267 399.0437816626015 299.0570129835841
    vertex -243.7332258196721 399.0437816626015 301.3010129835841
    vertex -243.5772358196727 397.9957776626014 299.05701298358406
  endloop
endfacet
facet normal -2.6179058920661186e-13 0.0 -1.0
  outer loop
    vertex -223.49723381967272 376.08379066260153 299.0570129835789
    vertex -222.23322581967264 399.04378166260165 299.05701298357843
    vertex -222.00123181967268 376.4517716626014 299.0570129835785
  endloop
endfacet
facet normal -2.6179058920661186e-13 0.0 -1.0
  outer loop
    vertex -222.18122381967265 400.10179566260143 299.05701298357843
    vertex -222.00123181967268 376.4517716626014 299.0570129835785
    vertex -222.23322581967264 399.04378166260165 299.05701298357843
  endloop
endfacet
facet normal -2.6179058920661186e-13 0.0 -1.0
  outer loop
    vertex -222.38923181967272 397.9957776626014 299.0570129835785
    vertex -222.23322581967264 399.04378166260165 299.05701298357843
    vertex -223.49723381967272 376.08379066260153 299.0570129835789
  endloop
endfacet
facet normal -2.6179058920661186e-13 0.0 -1.0
  outer loop
    vertex -222.64522881967267 396.9657786626015 299.05701298357855
    vertex -222.38923181967272 397.9957776626014 299.0570129835785
    vertex -223.49723381967272 376.08379066260153 299.0570129835789
  endloop
endfacet
facet normal -2.6179058920661186e-13 0.0 -1.0
  outer loop
    vertex -223.0032298196727 395.9677926626013 299.0570129835787
    vertex -222.64522881967267 396.9657786626015 299.05701298357855
    vertex -223.49723381967272 376.08379066260153 299.0570129835789
  endloop
endfacet
facet normal -2.6179058920661186e-13 0.0 -1.0
  outer loop
    vertex -223.45522581967268 395.00978566260153 299.0570129835789
    vertex -223.0032298196727 395.9677926626013 299.0570129835787
    vertex -223.49723381967272 376.08379066260153 299.0570129835789
  endloop
endfacet
facet normal -2.6179058920661186e-13 0.0 -1.0
  outer loop
    vertex -224.00123181967277 394.1017956626014 299.057012983579
    vertex -223.45522581967268 395.00978566260153 299.0570129835789
    vertex -223.49723381967272 376.08379066260153 299.0570129835789
  endloop
endfacet
facet normal -2.6179058920661186e-13 0.0 -1.0
  outer loop
    vertex -225.01523881967267 375.7677806626016 299.0570129835793
    vertex -224.00123181967277 394.1017956626014 299.057012983579
    vertex -223.49723381967272 376.08379066260153 299.0570129835789
  endloop
endfacet
facet normal -2.6179058920661186e-13 0.0 -1.0
  outer loop
    vertex -224.6332348196727 393.2497756626016 299.05701298357906
    vertex -224.00123181967277 394.1017956626014 299.057012983579
    vertex -225.01523881967267 375.7677806626016 299.0570129835793
  endloop
endfacet
facet normal -2.6179058920661186e-13 0.0 -1.0
  outer loop
    vertex -225.34522581967272 392.46379566260157 299.0570129835793
    vertex -224.6332348196727 393.2497756626016 299.05701298357906
    vertex -225.01523881967267 375.7677806626016 299.0570129835793
  endloop
endfacet
facet normal -2.6179058920661186e-13 0.0 -1.0
  outer loop
    vertex -226.5512348196726 375.5097856626014 299.0570129835797
    vertex -225.34522581967272 392.46379566260157 299.0570129835793
    vertex -225.01523881967267 375.7677806626016 299.0570129835793
  endloop
endfacet
facet normal -2.6179058920661186e-13 0.0 -1.0
  outer loop
    vertex -226.1292378196727 391.75178966260154 299.0570129835795
    vertex -225.34522581967272 392.46379566260157 299.0570129835793
    vertex -226.5512348196726 375.5097856626014 299.0570129835797
  endloop
endfacet
facet normal -2.6179058920661186e-13 0.0 -1.0
  outer loop
    vertex -226.98122681967268 391.11980166260145 299.0570129835797
    vertex -226.1292378196727 391.75178966260154 299.0570129835795
    vertex -226.5512348196726 375.5097856626014 299.0570129835797
  endloop
endfacet
facet normal -2.6179058920661186e-13 0.0 -1.0
  outer loop
    vertex -228.10123781967272 375.3097726626013 299.0570129835801
    vertex -226.98122681967268 391.11980166260145 299.0570129835797
    vertex -226.5512348196726 375.5097856626014 299.0570129835797
  endloop
endfacet
facet normal -2.6179058920661186e-13 0.0 -1.0
  outer loop
    vertex -227.8912308196727 390.5757946626015 299.05701298357997
    vertex -226.98122681967268 391.11980166260145 299.0570129835797
    vertex -228.10123781967272 375.3097726626013 299.0570129835801
  endloop
endfacet
facet normal -2.6179058920661186e-13 0.0 -1.0
  outer loop
    vertex -228.8492388196727 390.1217846626014 299.0570129835802
    vertex -227.8912308196727 390.5757946626015 299.05701298357997
    vertex -228.10123781967272 375.3097726626013 299.0570129835801
  endloop
endfacet
facet normal -2.6179058920661186e-13 0.0 -1.0
  outer loop
    vertex -229.6652328196727 375.16579166260146 299.0570129835805
    vertex -228.8492388196727 390.1217846626014 299.0570129835802
    vertex -228.10123781967272 375.3097726626013 299.0570129835801
  endloop
endfacet
facet normal -2.6179058920661186e-13 0.0 -1.0
  outer loop
    vertex -229.8472248196727 389.76579766260136 299.05701298358053
    vertex -228.8492388196727 390.1217846626014 299.0570129835802
    vertex -229.6652328196727 375.16579166260146 299.0570129835805
  endloop
endfacet
facet normal -2.6179058920661186e-13 0.0 -1.0
  outer loop
    vertex -231.23522481967268 375.0797926626014 299.0570129835809
    vertex -229.8472248196727 389.76579766260136 299.05701298358053
    vertex -229.6652328196727 375.16579166260146 299.0570129835805
  endloop
endfacet
facet normal -2.6179058920661186e-13 0.0 -1.0
  outer loop
    vertex -230.8752238196727 389.5078016626014 299.0570129835808
    vertex -229.8472248196727 389.76579766260136 299.05701298358053
    vertex -231.23522481967268 375.0797926626014 299.0570129835809
  endloop
endfacet
facet normal -2.6179058920661186e-13 0.0 -1.0
  outer loop
    vertex -231.9252268196727 389.3517956626013 299.05701298358105
    vertex -230.8752238196727 389.5078016626014 299.0570129835808
    vertex -231.23522481967268 375.0797926626014 299.0570129835809
  endloop
endfacet
facet normal -2.6179058920661186e-13 0.0 -1.0
  outer loop
    vertex -232.80922981967268 375.05177766260135 299.0570129835813
    vertex -231.9252268196727 389.3517956626013 299.05701298358105
    vertex -231.23522481967268 375.0797926626014 299.0570129835809
  endloop
endfacet
facet normal -2.6179058920661186e-13 0.0 -1.0
  outer loop
    vertex -232.9832258196727 389.2997936626014 299.05701298358133
    vertex -231.9252268196727 389.3517956626013 299.05701298358105
    vertex -232.80922981967268 375.05177766260135 299.0570129835813
  endloop
endfacet
facet normal -2.6179058920661186e-13 0.0 -1.0
  outer loop
    vertex -234.38323481967268 375.0817766626013 299.0570129835817
    vertex -232.9832258196727 389.2997936626014 299.05701298358133
    vertex -232.80922981967268 375.05177766260135 299.0570129835813
  endloop
endfacet
facet normal -2.6179058920661186e-13 0.0 -1.0
  outer loop
    vertex -234.0412248196727 389.3517956626013 299.0570129835816
    vertex -232.9832258196727 389.2997936626014 299.05701298358133
    vertex -234.38323481967268 375.0817766626013 299.0570129835817
  endloop
endfacet
facet normal -2.6179058920661186e-13 0.0 -1.0
  outer loop
    vertex -235.09122781967267 389.5078016626014 299.0570129835819
    vertex -234.0412248196727 389.3517956626013 299.0570129835816
    vertex -234.38323481967268 375.0817766626013 299.0570129835817
  endloop
endfacet
facet normal -2.6179058920661186e-13 0.0 -1.0
  outer loop
    vertex -235.9532268196727 375.16978866260143 299.0570129835821
    vertex -235.09122781967267 389.5078016626014 299.0570129835819
    vertex -234.38323481967268 375.0817766626013 299.0570129835817
  endloop
endfacet
facet normal -2.6179058920661186e-13 0.0 -1.0
  outer loop
    vertex -236.11922781967272 389.76579766260136 299.05701298358207
    vertex -235.09122781967267 389.5078016626014 299.0570129835819
    vertex -235.9532268196727 375.16978866260143 299.0570129835821
  endloop
endfacet
facet normal -2.6179058920661186e-13 0.0 -1.0
  outer loop
    vertex -237.5152388196727 375.3137706626015 299.0570129835826
    vertex -236.11922781967272 389.76579766260136 299.05701298358207
    vertex -235.9532268196727 375.16978866260143 299.0570129835821
  endloop
endfacet
facet normal -2.6179058920661186e-13 0.0 -1.0
  outer loop
    vertex -237.1172288196727 390.1217846626014 299.05701298358235
    vertex -236.11922781967272 389.76579766260136 299.05701298358207
    vertex -237.5152388196727 375.3137706626015 299.0570129835826
  endloop
endfacet
facet normal -2.6179058920661186e-13 0.0 -1.0
  outer loop
    vertex -238.07523681967268 390.5757946626015 299.0570129835826
    vertex -237.1172288196727 390.1217846626014 299.05701298358235
    vertex -237.5152388196727 375.3137706626015 299.0570129835826
  endloop
endfacet
facet normal -2.6179058920661186e-13 0.0 -1.0
  outer loop
    vertex -239.0672258196726 375.51778066260147 299.057012983583
    vertex -238.07523681967268 390.5757946626015 299.0570129835826
    vertex -237.5152388196727 375.3137706626015 299.0570129835826
  endloop
endfacet
facet normal -2.6179058920661186e-13 0.0 -1.0
  outer loop
    vertex -238.98522481967268 391.11980166260145 299.0570129835828
    vertex -238.07523681967268 390.5757946626015 299.0570129835826
    vertex -239.0672258196726 375.51778066260147 299.057012983583
  endloop
endfacet
facet normal -2.6179058920661186e-13 0.0 -1.0
  outer loop
    vertex -239.83523081967272 391.75178966260137 299.05701298358304
    vertex -238.98522481967268 391.11980166260145 299.0570129835828
    vertex -239.0672258196726 375.51778066260147 299.057012983583
  endloop
endfacet
facet normal -2.6179058920661186e-13 0.0 -1.0
  outer loop
    vertex -240.60323681967262 375.7757766626014 299.0570129835833
    vertex -239.83523081967272 391.75178966260137 299.05701298358304
    vertex -239.0672258196726 375.51778066260147 299.057012983583
  endloop
endfacet
facet normal -2.6179058920661186e-13 0.0 -1.0
  outer loop
    vertex -240.6212268196727 392.4637956626014 299.05701298358326
    vertex -239.83523081967272 391.75178966260137 299.05701298358304
    vertex -240.60323681967262 375.7757766626014 299.0570129835833
  endloop
endfacet
facet normal -2.6179058920661186e-13 0.0 -1.0
  outer loop
    vertex -242.11922781967272 376.09178566260135 299.0570129835837
    vertex -240.6212268196727 392.4637956626014 299.05701298358326
    vertex -240.60323681967262 375.7757766626014 299.0570129835833
  endloop
endfacet
facet normal -2.6179058920661186e-13 0.0 -1.0
  outer loop
    vertex -241.33323181967268 393.24977566260145 299.05701298358355
    vertex -240.6212268196727 392.4637956626014 299.05701298358326
    vertex -242.11922781967272 376.09178566260135 299.0570129835837
  endloop
endfacet
facet normal -2.6179058920661186e-13 0.0 -1.0
  outer loop
    vertex -241.9652358196727 394.1017956626014 299.05701298358366
    vertex -241.33323181967268 393.24977566260145 299.05701298358355
    vertex -242.11922781967272 376.09178566260135 299.0570129835837
  endloop
endfacet
facet normal -2.6179058920661186e-13 0.0 -1.0
  outer loop
    vertex -242.5092268196726 395.00978566260136 299.0570129835839
    vertex -241.9652358196727 394.1017956626014 299.05701298358366
    vertex -242.11922781967272 376.09178566260135 299.0570129835837
  endloop
endfacet
facet normal -2.6179058920661186e-13 0.0 -1.0
  outer loop
    vertex -243.6132308196727 376.4637956626014 299.05701298358406
    vertex -242.5092268196726 395.00978566260136 299.0570129835839
    vertex -242.11922781967272 376.09178566260135 299.0570129835837
  endloop
endfacet
facet normal -2.6179058920661186e-13 0.0 -1.0
  outer loop
    vertex -242.9632368196727 395.9677926626013 299.0570129835839
    vertex -242.5092268196726 395.00978566260136 299.0570129835839
    vertex -243.6132308196727 376.4637956626014 299.05701298358406
  endloop
endfacet
facet normal -2.6179058920661186e-13 0.0 -1.0
  outer loop
    vertex -243.32123881967271 396.96577866260134 299.05701298358395
    vertex -242.9632368196727 395.9677926626013 299.0570129835839
    vertex -243.6132308196727 376.4637956626014 299.05701298358406
  endloop
endfacet
facet normal -2.6179058920661186e-13 0.0 -1.0
  outer loop
    vertex -243.5772358196727 397.9957776626014 299.05701298358406
    vertex -243.32123881967271 396.96577866260134 299.05701298358395
    vertex -243.6132308196727 376.4637956626014 299.05701298358406
  endloop
endfacet
facet normal -2.6179058920661186e-13 0.0 -1.0
  outer loop
    vertex -243.73322581967267 399.0437816626015 299.0570129835841
    vertex -243.5772358196727 397.9957776626014 299.05701298358406
    vertex -243.6132308196727 376.4637956626014 299.05701298358406
  endloop
endfacet
facet normal -2.6179058920661186e-13 0.0 -1.0
  outer loop
    vertex -245.08323181967268 376.88979066260146 299.0570129835844
    vertex -243.73322581967267 399.0437816626015 299.0570129835841
    vertex -243.6132308196727 376.4637956626014 299.05701298358406
  endloop
endfacet
facet normal -2.6179058920661186e-13 0.0 -1.0
  outer loop
    vertex -243.7852278196727 400.10179566260143 299.0570129835842
    vertex -243.73322581967267 399.0437816626015 299.0570129835841
    vertex -245.08323181967268 376.88979066260146 299.0570129835844
  endloop
endfacet
facet normal -2.6179058920661186e-13 0.0 -1.0
  outer loop
    vertex -245.0592298196727 421.3357736626014 299.0570129835844
    vertex -243.7852278196727 400.10179566260143 299.0570129835842
    vertex -245.08323181967268 376.88979066260146 299.0570129835844
  endloop
endfacet
facet normal -2.6179058920661186e-13 0.0 -1.0
  outer loop
    vertex -246.49923281967273 420.85777766260134 299.0570129835849
    vertex -245.0592298196727 421.3357736626014 299.0570129835844
    vertex -245.08323181967268 376.88979066260146 299.0570129835844
  endloop
endfacet
facet normal -2.6179058920661186e-13 0.0 -1.0
  outer loop
    vertex -246.5212358196727 377.3677866626012 299.0570129835848
    vertex -246.49923281967273 420.85777766260134 299.0570129835849
    vertex -245.08323181967268 376.88979066260146 299.0570129835844
  endloop
endfacet
facet normal -2.6179058920661186e-13 0.0 -1.0
  outer loop
    vertex -247.90523781967266 420.3277786626015 299.05701298358525
    vertex -246.49923281967273 420.85777766260134 299.0570129835849
    vertex -246.5212358196727 377.3677866626012 299.0570129835848
  endloop
endfacet
facet normal -2.6179058920661186e-13 0.0 -1.0
  outer loop
    vertex -247.9272258196727 377.8997996626013 299.0570129835852
    vertex -247.90523781967266 420.3277786626015 299.05701298358525
    vertex -246.5212358196727 377.3677866626012 299.0570129835848
  endloop
endfacet
facet normal -2.6179058920661186e-13 0.0 -1.0
  outer loop
    vertex -249.2752338196727 419.7477916626013 299.05701298358565
    vertex -247.90523781967266 420.3277786626015 299.05701298358525
    vertex -247.9272258196727 377.8997996626013 299.0570129835852
  endloop
endfacet
facet normal -2.6179058920661186e-13 0.0 -1.0
  outer loop
    vertex -249.29723681967272 378.4818006626014 299.05701298358554
    vertex -249.2752338196727 419.7477916626013 299.05701298358565
    vertex -247.9272258196727 377.8997996626013 299.0570129835852
  endloop
endfacet
facet normal -2.6179058920661186e-13 0.0 -1.0
  outer loop
    vertex -249.95722481967272 400.1357926626014 299.0570129835858
    vertex -249.2752338196727 419.7477916626013 299.05701298358565
    vertex -249.29723681967272 378.4818006626014 299.05701298358554
  endloop
endfacet
facet normal -2.6179058920661186e-13 0.0 -1.0
  outer loop
    vertex -250.6072338196727 419.11577266260116 299.057012983586
    vertex -249.2752338196727 419.7477916626013 299.05701298358565
    vertex -249.95722481967272 400.1357926626014 299.0570129835858
  endloop
endfacet
facet normal -2.6179058920661186e-13 0.0 -1.0
  outer loop
    vertex -250.0212358196727 400.78578666260125 299.0570129835858
    vertex -250.6072338196727 419.11577266260116 299.057012983586
    vertex -249.95722481967272 400.1357926626014 299.0570129835858
  endloop
endfacet
facet normal -2.6179058920661186e-13 0.0 -1.0
  outer loop
    vertex -250.2112378196727 401.41179366260144 299.0570129835859
    vertex -250.6072338196727 419.11577266260116 299.057012983586
    vertex -250.0212358196727 400.78578666260125 299.0570129835858
  endloop
endfacet
facet normal -2.6179058920661186e-13 0.0 -1.0
  outer loop
    vertex -250.5192368196727 401.98778166260126 299.0570129835859
    vertex -250.6072338196727 419.11577266260116 299.057012983586
    vertex -250.2112378196727 401.41179366260144 299.0570129835859
  endloop
endfacet
facet normal -2.6179058920661186e-13 0.0 -1.0
  outer loop
    vertex -250.93523681967267 402.4917796626013 299.05701298358593
    vertex -250.6072338196727 419.11577266260116 299.057012983586
    vertex -250.5192368196727 401.98778166260126 299.0570129835859
  endloop
endfacet
facet normal -2.6179058920661186e-13 0.0 -1.0
  outer loop
    vertex -251.89322981967268 418.4377946626013 299.0570129835863
    vertex -250.6072338196727 419.11577266260116 299.057012983586
    vertex -250.93523681967267 402.4917796626013 299.05701298358593
  endloop
endfacet
facet normal -2.6179058920661186e-13 0.0 -1.0
  outer loop
    vertex -251.4392348196727 402.90779566260125 299.0570129835861
    vertex -251.89322981967268 418.4377946626013 299.0570129835863
    vertex -250.93523681967267 402.4917796626013 299.05701298358593
  endloop
endfacet
facet normal -2.6179058920661186e-13 0.0 -1.0
  outer loop
    vertex -252.01723781967272 403.21577866260117 299.0570129835863
    vertex -251.89322981967268 418.4377946626013 299.0570129835863
    vertex -251.4392348196727 402.90779566260125 299.0570129835861
  endloop
endfacet
facet normal -2.6179058920661186e-13 0.0 -1.0
  outer loop
    vertex -253.13523381967266 417.7117806626013 299.0570129835865
    vertex -251.89322981967268 418.4377946626013 299.0570129835863
    vertex -252.01723781967272 403.21577866260117 299.0570129835863
  endloop
endfacet
facet normal -2.6179058920661186e-13 0.0 -1.0
  outer loop
    vertex -252.6432298196727 403.4057816626012 299.0570129835864
    vertex -253.13523381967266 417.7117806626013 299.0570129835865
    vertex -252.01723781967272 403.21577866260117 299.0570129835863
  endloop
endfacet
facet normal -2.6179058920661186e-13 0.0 -1.0
  outer loop
    vertex -253.2932388196727 403.4697766626013 299.05701298358656
    vertex -253.13523381967266 417.7117806626013 299.0570129835865
    vertex -252.6432298196727 403.4057816626012 299.0570129835864
  endloop
endfacet
facet normal -2.6179058920661186e-13 0.0 -1.0
  outer loop
    vertex -254.3292338196727 416.9417916626013 299.05701298358684
    vertex -253.13523381967266 417.7117806626013 299.0570129835865
    vertex -253.2932388196727 403.4697766626013 299.05701298358656
  endloop
endfacet
facet normal -2.6179058920661186e-13 0.0 -1.0
  outer loop
    vertex -253.94523181967267 403.4057816626012 299.05701298358673
    vertex -254.3292338196727 416.9417916626013 299.05701298358684
    vertex -253.2932388196727 403.4697766626013 299.05701298358656
  endloop
endfacet
facet normal -2.6179058920661186e-13 0.0 -1.0
  outer loop
    vertex -254.57123881967271 403.2177926626015 299.05701298358696
    vertex -254.3292338196727 416.9417916626013 299.05701298358684
    vertex -253.94523181967267 403.4057816626012 299.05701298358673
  endloop
endfacet
facet normal -2.6179058920661186e-13 0.0 -1.0
  outer loop
    vertex -255.4692338196727 416.1277966626013 299.0570129835872
    vertex -254.3292338196727 416.9417916626013 299.05701298358684
    vertex -254.57123881967271 403.2177926626015 299.05701298358696
  endloop
endfacet
facet normal -2.6179058920661186e-13 0.0 -1.0
  outer loop
    vertex -255.14722781967268 402.90977966260135 299.0570129835871
    vertex -255.4692338196727 416.1277966626013 299.0570129835872
    vertex -254.57123881967271 403.2177926626015 299.05701298358696
  endloop
endfacet
facet normal -2.6179058920661186e-13 0.0 -1.0
  outer loop
    vertex -255.6532398196727 402.4957776626013 299.0570129835872
    vertex -255.4692338196727 416.1277966626013 299.0570129835872
    vertex -255.14722781967268 402.90977966260135 299.0570129835871
  endloop
endfacet
facet normal -2.6179058920661186e-13 0.0 -1.0
  outer loop
    vertex -256.5552318196727 415.27379266260135 299.0570129835874
    vertex -255.4692338196727 416.1277966626013 299.0570129835872
    vertex -255.6532398196727 402.4957776626013 299.0570129835872
  endloop
endfacet
facet normal -2.6179058920661186e-13 0.0 -1.0
  outer loop
    vertex -256.0692398196727 401.9917796626014 299.0570129835873
    vertex -256.5552318196727 415.27379266260135 299.0570129835874
    vertex -255.6532398196727 402.4957776626013 299.0570129835872
  endloop
endfacet
facet normal -2.6179058920661186e-13 0.0 -1.0
  outer loop
    vertex -256.3772388196727 401.41579166260124 299.05701298358747
    vertex -256.5552318196727 415.27379266260135 299.0570129835874
    vertex -256.0692398196727 401.9917796626014 299.0570129835873
  endloop
endfacet
facet normal -2.6179058920661186e-13 0.0 -1.0
  outer loop
    vertex -256.56722581967273 400.78978366260145 299.0570129835875
    vertex -256.5552318196727 415.27379266260135 299.0570129835874
    vertex -256.3772388196727 401.41579166260124 299.05701298358747
  endloop
endfacet
facet normal -2.6179058920661186e-13 0.0 -1.0
  outer loop
    vertex -260.3112288196727 411.7077836626014 299.0570129835885
    vertex -256.5552318196727 415.27379266260135 299.0570129835874
    vertex -256.56722581967273 400.78978366260145 299.0570129835875
  endloop
endfacet
facet normal -2.6179058920661186e-13 0.0 -1.0
  outer loop
    vertex -256.63123581967267 400.13979066260123 299.0570129835875
    vertex -260.3112288196727 411.7077836626014 299.0570129835885
    vertex -256.56722581967273 400.78978366260145 299.0570129835875
  endloop
endfacet
facet normal -2.6179058920661186e-13 0.0 -1.0
  outer loop
    vertex -259.6352338196727 385.6758006626013 299.0570129835883
    vertex -260.3112288196727 411.7077836626014 299.0570129835885
    vertex -256.63123581967267 400.13979066260123 299.0570129835875
  endloop
endfacet
facet normal -2.6179058920661186e-13 0.0 -1.0
  outer loop
    vertex -260.38123581967267 386.72179066260145 299.0570129835885
    vertex -260.3112288196727 411.7077836626014 299.0570129835885
    vertex -259.6352338196727 385.6758006626013 299.0570129835883
  endloop
endfacet
facet normal -2.6179058920661186e-13 0.0 -1.0
  outer loop
    vertex -261.1132308196727 410.4737746626014 299.0570129835886
    vertex -260.3112288196727 411.7077836626014 299.0570129835885
    vertex -260.38123581967267 386.72179066260145 299.0570129835885
  endloop
endfacet
facet normal -2.6179058920661186e-13 0.0 -1.0
  outer loop
    vertex -261.1252398196727 387.76778066260135 299.0570129835887
    vertex -261.1132308196727 410.4737746626014 299.0570129835886
    vertex -260.38123581967267 386.72179066260145 299.0570129835885
  endloop
endfacet
facet normal -2.6179058920661186e-13 0.0 -1.0
  outer loop
    vertex -261.84122781967267 409.42378666260123 299.05701298358883
    vertex -261.1132308196727 410.4737746626014 299.0570129835886
    vertex -261.1252398196727 387.76778066260135 299.0570129835887
  endloop
endfacet
facet normal -2.6179058920661186e-13 0.0 -1.0
  outer loop
    vertex -261.8532368196727 388.8197826626014 299.05701298358883
    vertex -261.84122781967267 409.42378666260123 299.05701298358883
    vertex -261.1252398196727 387.76778066260135 299.0570129835887
  endloop
endfacet
facet normal -2.6179058920661186e-13 0.0 -1.0
  outer loop
    vertex -262.4972338196727 408.34978166260146 299.057012983589
    vertex -261.84122781967267 409.42378666260123 299.05701298358883
    vertex -261.8532368196727 388.8197826626014 299.05701298358883
  endloop
endfacet
facet normal -2.6179058920661186e-13 0.0 -1.0
  outer loop
    vertex -262.5072278196727 389.89378766260137 299.057012983589
    vertex -262.4972338196727 408.34978166260146 299.057012983589
    vertex -261.8532368196727 388.8197826626014 299.05701298358883
  endloop
endfacet
facet normal -2.6179058920661186e-13 0.0 -1.0
  outer loop
    vertex -263.0472368196727 407.2417796626013 299.05701298358923
    vertex -262.4972338196727 408.34978166260146 299.057012983589
    vertex -262.5072278196727 389.89378766260137 299.057012983589
  endloop
endfacet
facet normal -2.6179058920661186e-13 0.0 -1.0
  outer loop
    vertex -263.0552318196727 391.0017896626013 299.0570129835891
    vertex -263.0472368196727 407.2417796626013 299.05701298358923
    vertex -262.5072278196727 389.89378766260137 299.057012983589
  endloop
endfacet
facet normal -2.6179058920661186e-13 0.0 -1.0
  outer loop
    vertex -263.5252338196727 406.11378966260133 299.05701298358935
    vertex -263.0472368196727 407.2417796626013 299.05701298358923
    vertex -263.0552318196727 391.0017896626013 299.0570129835891
  endloop
endfacet
facet normal -2.6179058920661186e-13 0.0 -1.0
  outer loop
    vertex -263.5332288196727 392.13179466260124 299.05701298358935
    vertex -263.5252338196727 406.11378966260133 299.05701298358935
    vertex -263.0552318196727 391.0017896626013 299.0570129835891
  endloop
endfacet
facet normal -2.6179058920661186e-13 0.0 -1.0
  outer loop
    vertex -263.96523581967267 404.9757886626014 299.05701298358946
    vertex -263.5252338196727 406.11378966260133 299.05701298358935
    vertex -263.5332288196727 392.13179466260124 299.05701298358935
  endloop
endfacet
facet normal -2.6179058920661186e-13 0.0 -1.0
  outer loop
    vertex -263.9712328196727 393.2697946626013 299.05701298358946
    vertex -263.96523581967267 404.9757886626014 299.05701298358946
    vertex -263.5332288196727 392.13179466260124 299.05701298358935
  endloop
endfacet
facet normal -2.6179058920661186e-13 0.0 -1.0
  outer loop
    vertex -264.3292338196727 403.82777866260125 299.05701298358946
    vertex -263.96523581967267 404.9757886626014 299.05701298358946
    vertex -263.9712328196727 393.2697946626013 299.05701298358946
  endloop
endfacet
facet normal -2.6179058920661186e-13 0.0 -1.0
  outer loop
    vertex -264.3352308196727 394.4177746626013 299.0570129835896
    vertex -264.3292338196727 403.82777866260125 299.05701298358946
    vertex -263.9712328196727 393.2697946626013 299.05701298358946
  endloop
endfacet
facet normal -2.6179058920661186e-13 0.0 -1.0
  outer loop
    vertex -264.58123281967266 402.6617936626013 299.0570129835896
    vertex -264.3292338196727 403.82777866260125 299.05701298358946
    vertex -264.3352308196727 394.4177746626013 299.0570129835896
  endloop
endfacet
facet normal -2.6179058920661186e-13 0.0 -1.0
  outer loop
    vertex -264.58523081967274 395.5837906626014 299.0570129835896
    vertex -264.58123281967266 402.6617936626013 299.0570129835896
    vertex -264.3352308196727 394.4177746626013 299.0570129835896
  endloop
endfacet
facet normal -2.6179058920661186e-13 0.0 -1.0
  outer loop
    vertex -264.7552288196727 401.48378466260135 299.0570129835896
    vertex -264.58123281967266 402.6617936626013 299.0570129835896
    vertex -264.58523081967274 395.5837906626014 299.0570129835896
  endloop
endfacet
facet normal -2.6179058920661186e-13 0.0 -1.0
  outer loop
    vertex -264.75722781967266 396.7617996626014 299.0570129835896
    vertex -264.7552288196727 401.48378466260135 299.0570129835896
    vertex -264.58523081967274 395.5837906626014 299.0570129835896
  endloop
endfacet
facet normal -2.6179058920661186e-13 0.0 -1.0
  outer loop
    vertex -264.8912308196727 400.30379166260127 299.0570129835897
    vertex -264.7552288196727 401.48378466260135 299.0570129835896
    vertex -264.75722781967266 396.7617996626014 299.0570129835896
  endloop
endfacet
facet normal -2.6179058920661186e-13 0.0 -1.0
  outer loop
    vertex -264.89322981967274 397.94179166260125 299.0570129835896
    vertex -264.8912308196727 400.30379166260127 299.0570129835897
    vertex -264.75722781967266 396.7617996626014 299.0570129835896
  endloop
endfacet
facet normal -2.6179058920661186e-13 0.0 -1.0
  outer loop
    vertex -264.95122781967274 399.1237986626014 299.05701298358974
    vertex -264.8912308196727 400.30379166260127 299.0570129835897
    vertex -264.89322981967274 397.94179166260125 299.0570129835896
  endloop
endfacet
facet normal -2.6179058920661186e-13 0.0 -1.0
  outer loop
    vertex -249.29723681967272 378.4818006626014 299.05701298358554
    vertex -250.6272388196727 379.1157726626013 299.0570129835859
    vertex -249.95722481967272 400.1357926626014 299.0570129835858
  endloop
endfacet
facet normal -2.6179058920661186e-13 0.0 -1.0
  outer loop
    vertex -250.02323481967267 399.48579866260116 299.0570129835858
    vertex -249.95722481967272 400.1357926626014 299.0570129835858
    vertex -250.6272388196727 379.1157726626013 299.0570129835859
  endloop
endfacet
facet normal -2.6179058920661186e-13 0.0 -1.0
  outer loop
    vertex -250.21323681967272 398.86177466260125 299.05701298358576
    vertex -250.02323481967267 399.48579866260116 299.0570129835858
    vertex -250.6272388196727 379.1157726626013 299.0570129835859
  endloop
endfacet
facet normal -2.6179058920661186e-13 0.0 -1.0
  outer loop
    vertex -250.52123581967268 398.2857866626014 299.0570129835859
    vertex -250.21323681967272 398.86177466260125 299.05701298358576
    vertex -250.6272388196727 379.1157726626013 299.0570129835859
  endloop
endfacet
facet normal -2.6179058920661186e-13 0.0 -1.0
  outer loop
    vertex -250.9372358196727 397.7817886626014 299.05701298358593
    vertex -250.52123581967268 398.2857866626014 299.0570129835859
    vertex -250.6272388196727 379.1157726626013 299.0570129835859
  endloop
endfacet
facet normal -2.6179058920661186e-13 0.0 -1.0
  outer loop
    vertex -251.9132338196727 379.7957956626013 299.0570129835863
    vertex -250.9372358196727 397.7817886626014 299.05701298358593
    vertex -250.6272388196727 379.1157726626013 299.0570129835859
  endloop
endfacet
facet normal -2.6179058920661186e-13 0.0 -1.0
  outer loop
    vertex -251.44323281967272 397.36778666260136 299.0570129835861
    vertex -250.9372358196727 397.7817886626014 299.05701298358593
    vertex -251.9132338196727 379.7957956626013 299.0570129835863
  endloop
endfacet
facet normal -2.6179058920661186e-13 0.0 -1.0
  outer loop
    vertex -252.01923681967273 397.0597726626014 299.0570129835863
    vertex -251.44323281967272 397.36778666260136 299.0570129835861
    vertex -251.9132338196727 379.7957956626013 299.0570129835863
  endloop
endfacet
facet normal -2.6179058920661186e-13 0.0 -1.0
  outer loop
    vertex -253.1552378196727 380.5217786626014 299.0570129835866
    vertex -252.01923681967273 397.0597726626014 299.0570129835863
    vertex -251.9132338196727 379.7957956626013 299.0570129835863
  endloop
endfacet
facet normal -2.6179058920661186e-13 0.0 -1.0
  outer loop
    vertex -252.6452288196727 396.87178466260127 299.0570129835864
    vertex -252.01923681967273 397.0597726626014 299.0570129835863
    vertex -253.1552378196727 380.5217786626014 299.0570129835866
  endloop
endfacet
facet normal -2.6179058920661186e-13 0.0 -1.0
  outer loop
    vertex -253.2972368196727 396.80778966260135 299.05701298358656
    vertex -252.6452288196727 396.87178466260127 299.0570129835864
    vertex -253.1552378196727 380.5217786626014 299.0570129835866
  endloop
endfacet
facet normal -2.6179058920661186e-13 0.0 -1.0
  outer loop
    vertex -254.3472398196727 381.29378166260136 299.05701298358696
    vertex -253.2972368196727 396.80778966260135 299.05701298358656
    vertex -253.1552378196727 380.5217786626014 299.0570129835866
  endloop
endfacet
facet normal -2.6179058920661186e-13 0.0 -1.0
  outer loop
    vertex -253.94723081967268 396.87178466260127 299.05701298358673
    vertex -253.2972368196727 396.80778966260135 299.05701298358656
    vertex -254.3472398196727 381.29378166260136 299.05701298358696
  endloop
endfacet
facet normal -2.6179058920661186e-13 0.0 -1.0
  outer loop
    vertex -254.57323781967267 397.0617876626013 299.05701298358696
    vertex -253.94723081967268 396.87178466260127 299.05701298358673
    vertex -254.3472398196727 381.29378166260136 299.05701298358696
  endloop
endfacet
facet normal -2.6179058920661186e-13 0.0 -1.0
  outer loop
    vertex -255.4872388196727 382.10979166260137 299.05701298358724
    vertex -254.57323781967267 397.0617876626013 299.05701298358696
    vertex -254.3472398196727 381.29378166260136 299.05701298358696
  endloop
endfacet
facet normal -2.6179058920661186e-13 0.0 -1.0
  outer loop
    vertex -255.1492268196727 397.3698016626013 299.0570129835871
    vertex -254.57323781967267 397.0617876626013 299.05701298358696
    vertex -255.4872388196727 382.10979166260137 299.05701298358724
  endloop
endfacet
facet normal -2.6179058920661186e-13 0.0 -1.0
  outer loop
    vertex -255.65523781967266 397.7837716626013 299.0570129835872
    vertex -255.1492268196727 397.3698016626013 299.0570129835871
    vertex -255.4872388196727 382.10979166260137 299.05701298358724
  endloop
endfacet
facet normal -2.6179058920661186e-13 0.0 -1.0
  outer loop
    vertex -256.5712388196727 382.96379566260117 299.0570129835874
    vertex -255.65523781967266 397.7837716626013 299.0570129835872
    vertex -255.4872388196727 382.10979166260137 299.05701298358724
  endloop
endfacet
facet normal -2.6179058920661186e-13 0.0 -1.0
  outer loop
    vertex -256.0712388196727 398.2897836626013 299.0570129835873
    vertex -255.65523781967266 397.7837716626013 299.0570129835872
    vertex -256.5712388196727 382.96379566260117 299.0570129835874
  endloop
endfacet
facet normal -2.6179058920661186e-13 0.0 -1.0
  outer loop
    vertex -256.3792378196727 398.8657726626013 299.05701298358747
    vertex -256.0712388196727 398.2897836626013 299.0570129835873
    vertex -256.5712388196727 382.96379566260117 299.0570129835874
  endloop
endfacet
facet normal -2.6179058920661186e-13 0.0 -1.0
  outer loop
    vertex -256.56722581967273 399.4917796626013 299.0570129835875
    vertex -256.3792378196727 398.8657726626013 299.05701298358747
    vertex -256.5712388196727 382.96379566260117 299.0570129835874
  endloop
endfacet
facet normal -2.6179058920661186e-13 0.0 -1.0
  outer loop
    vertex -256.63123581967267 400.13979066260123 299.0570129835875
    vertex -256.56722581967273 399.4917796626013 299.0570129835875
    vertex -256.5712388196727 382.96379566260117 299.0570129835874
  endloop
endfacet
facet normal -2.6179058920661186e-13 0.0 -1.0
  outer loop
    vertex -259.6352338196727 385.6758006626013 299.0570129835883
    vertex -256.63123581967267 400.13979066260123 299.0570129835875
    vertex -256.5712388196727 382.96379566260117 299.0570129835874
  endloop
endfacet
facet normal -2.6179058920661186e-13 0.0 -1.0
  outer loop
    vertex -200.71923381967264 399.08977166260127 299.0570129835728
    vertex -200.7592268196727 397.90977966260124 299.0570129835728
    vertex -200.7572278196727 400.2697946626013 299.0570129835728
  endloop
endfacet
facet normal -2.6179058920661186e-13 0.0 -1.0
  outer loop
    vertex -200.8732258196727 401.44777366260126 299.057012983573
    vertex -200.7572278196727 400.2697946626013 299.0570129835728
    vertex -200.7592268196727 397.90977966260124 299.0570129835728
  endloop
endfacet
facet normal -2.6179058920661186e-13 0.0 -1.0
  outer loop
    vertex -200.8752238196726 396.73180066260124 299.057012983573
    vertex -200.8732258196727 401.44777366260126 299.057012983573
    vertex -200.7592268196727 397.90977966260124 299.0570129835728
  endloop
endfacet
facet normal -2.6179058920661186e-13 0.0 -1.0
  outer loop
    vertex -201.06522681967274 402.61980166260133 299.057012983573
    vertex -200.8732258196727 401.44777366260126 299.057012983573
    vertex -200.8752238196726 396.73180066260124 299.057012983573
  endloop
endfacet
facet normal -2.6179058920661186e-13 0.0 -1.0
  outer loop
    vertex -201.06922481967266 395.5597726626012 299.057012983573
    vertex -201.06522681967274 402.61980166260133 299.057012983573
    vertex -200.8752238196726 396.73180066260124 299.057012983573
  endloop
endfacet
facet normal -2.6179058920661186e-13 0.0 -1.0
  outer loop
    vertex -201.3332318196727 403.7817886626013 299.0570129835731
    vertex -201.06522681967274 402.61980166260133 299.057012983573
    vertex -201.06922481967266 395.5597726626012 299.057012983573
  endloop
endfacet
facet normal -2.6179058920661186e-13 0.0 -1.0
  outer loop
    vertex -201.33722981967276 394.39577166260136 299.057012983573
    vertex -201.3332318196727 403.7817886626013 299.0570129835731
    vertex -201.06922481967266 395.5597726626012 299.057012983573
  endloop
endfacet
facet normal -2.6179058920661186e-13 0.0 -1.0
  outer loop
    vertex -201.6772258196727 404.9337966626013 299.0570129835731
    vertex -201.3332318196727 403.7817886626013 299.0570129835731
    vertex -201.33722981967276 394.39577166260136 299.057012983573
  endloop
endfacet
facet normal -2.6179058920661186e-13 0.0 -1.0
  outer loop
    vertex -201.68322281967278 393.24577766260126 299.0570129835731
    vertex -201.6772258196727 404.9337966626013 299.0570129835731
    vertex -201.33722981967276 394.39577166260136 299.057012983573
  endloop
endfacet
facet normal -2.6179058920661186e-13 0.0 -1.0
  outer loop
    vertex -202.0972248196727 406.0717966626012 299.0570129835732
    vertex -201.6772258196727 404.9337966626013 299.0570129835731
    vertex -201.68322281967278 393.24577766260126 299.0570129835731
  endloop
endfacet
facet normal -2.6179058920661186e-13 0.0 -1.0
  outer loop
    vertex -202.10523481967272 392.10777766260134 299.0570129835732
    vertex -202.0972248196727 406.0717966626012 299.0570129835732
    vertex -201.68322281967278 393.24577766260126 299.0570129835731
  endloop
endfacet
facet normal -2.6179058920661186e-13 0.0 -1.0
  outer loop
    vertex -202.5892288196727 407.19377566260124 299.0570129835733
    vertex -202.0972248196727 406.0717966626012 299.0570129835732
    vertex -202.10523481967272 392.10777766260134 299.0570129835732
  endloop
endfacet
facet normal -2.6179058920661186e-13 0.0 -1.0
  outer loop
    vertex -202.59922281967278 390.9857986626013 299.0570129835734
    vertex -202.5892288196727 407.19377566260124 299.0570129835733
    vertex -202.10523481967272 392.10777766260134 299.0570129835732
  endloop
endfacet
facet normal -2.6179058920661186e-13 0.0 -1.0
  outer loop
    vertex -203.1552228196727 408.2957956626013 299.05701298357354
    vertex -202.5892288196727 407.19377566260124 299.0570129835733
    vertex -202.59922281967278 390.9857986626013 299.0570129835734
  endloop
endfacet
facet normal -2.6179058920661186e-13 0.0 -1.0
  outer loop
    vertex -203.16523281967267 389.8857926626014 299.05701298357354
    vertex -203.1552228196727 408.2957956626013 299.05701298357354
    vertex -202.59922281967278 390.9857986626013 299.0570129835734
  endloop
endfacet
facet normal -2.6179058920661186e-13 0.0 -1.0
  outer loop
    vertex -203.7932238196727 409.37578266260135 299.0570129835737
    vertex -203.1552228196727 408.2957956626013 299.05701298357354
    vertex -203.16523281967267 389.8857926626014 299.05701298357354
  endloop
endfacet
facet normal -2.6179058920661186e-13 0.0 -1.0
  outer loop
    vertex -203.80523181967268 388.80577566260126 299.0570129835737
    vertex -203.7932238196727 409.37578266260135 299.0570129835737
    vertex -203.16523281967267 389.8857926626014 299.05701298357354
  endloop
endfacet
facet normal -2.6179058920661186e-13 0.0 -1.0
  outer loop
    vertex -204.50123181967274 410.4297986626013 299.0570129835738
    vertex -203.7932238196727 409.37578266260135 299.0570129835737
    vertex -203.80523181967268 388.80577566260126 299.0570129835737
  endloop
endfacet
facet normal -2.6179058920661186e-13 0.0 -1.0
  outer loop
    vertex -204.51322481967273 387.75178966260137 299.0570129835738
    vertex -204.50123181967274 410.4297986626013 299.0570129835738
    vertex -203.80523181967268 388.80577566260126 299.0570129835737
  endloop
endfacet
facet normal -2.6179058920661186e-13 0.0 -1.0
  outer loop
    vertex -205.27723181967272 411.4577836626013 299.05701298357405
    vertex -204.50123181967274 410.4297986626013 299.0570129835738
    vertex -204.51322481967273 387.75178966260137 299.0570129835738
  endloop
endfacet
facet normal -2.6179058920661186e-13 0.0 -1.0
  outer loop
    vertex -205.28922581967268 386.72578866260125 299.05701298357405
    vertex -205.27723181967272 411.4577836626013 299.05701298357405
    vertex -204.51322481967273 387.75178966260137 299.0570129835738
  endloop
endfacet
facet normal -2.6179058920661186e-13 0.0 -1.0
  outer loop
    vertex -206.11722881967276 412.45579966260135 299.0570129835742
    vertex -205.27723181967272 411.4577836626013 299.05701298357405
    vertex -205.28922581967268 386.72578866260125 299.05701298357405
  endloop
endfacet
facet normal -2.6179058920661186e-13 0.0 -1.0
  outer loop
    vertex -206.13123581967267 385.72777266260124 299.0570129835742
    vertex -206.11722881967276 412.45579966260135 299.0570129835742
    vertex -205.28922581967268 386.72578866260125 299.05701298357405
  endloop
endfacet
facet normal -2.6179058920661186e-13 0.0 -1.0
  outer loop
    vertex -207.02323481967275 413.4217726626013 299.0570129835745
    vertex -206.11722881967276 412.45579966260135 299.0570129835742
    vertex -206.13123581967267 385.72777266260124 299.0570129835742
  endloop
endfacet
facet normal -2.6179058920661186e-13 0.0 -1.0
  outer loop
    vertex -207.03922581967274 384.76378266260133 299.0570129835745
    vertex -207.02323481967275 413.4217726626013 299.0570129835745
    vertex -206.13123581967267 385.72777266260124 299.0570129835742
  endloop
endfacet
facet normal -2.6179058920661186e-13 0.0 -1.0
  outer loop
    vertex -207.9932358196726 414.35377966260114 299.0570129835748
    vertex -207.02323481967275 413.4217726626013 299.0570129835745
    vertex -207.03922581967274 384.76378266260133 299.0570129835745
  endloop
endfacet
facet normal -2.6179058920661186e-13 0.0 -1.0
  outer loop
    vertex -208.0072278196727 383.833790662601 299.0570129835748
    vertex -207.9932358196726 414.35377966260114 299.0570129835748
    vertex -207.03922581967274 384.76378266260133 299.0570129835745
  endloop
endfacet
facet normal -2.6179058920661186e-13 0.0 -1.0
  outer loop
    vertex -209.0212358196727 415.24779166260123 299.0570129835751
    vertex -207.9932358196726 414.35377966260114 299.0570129835748
    vertex -208.0072278196727 383.833790662601 299.0570129835748
  endloop
endfacet
facet normal -2.6179058920661186e-13 0.0 -1.0
  outer loop
    vertex -209.03722681967267 382.93977766260133 299.0570129835751
    vertex -209.0212358196727 415.24779166260123 299.0570129835751
    vertex -208.0072278196727 383.833790662601 299.0570129835748
  endloop
endfacet
facet normal -2.6179058920661186e-13 0.0 -1.0
  outer loop
    vertex -210.1052348196727 416.10377966260114 299.05701298357536
    vertex -209.0212358196727 415.24779166260123 299.0570129835751
    vertex -209.03722681967267 382.93977766260133 299.0570129835751
  endloop
endfacet
facet normal -2.6179058920661186e-13 0.0 -1.0
  outer loop
    vertex -210.1232258196727 382.08577366260135 299.05701298357536
    vertex -210.1052348196727 416.10377966260114 299.05701298357536
    vertex -209.03722681967267 382.93977766260133 299.0570129835751
  endloop
endfacet
facet normal -2.6179058920661186e-13 0.0 -1.0
  outer loop
    vertex -211.2452348196727 416.91777466260106 299.0570129835756
    vertex -210.1052348196727 416.10377966260114 299.05701298357536
    vertex -210.1232258196727 382.08577366260135 299.05701298357536
  endloop
endfacet
facet normal -2.6179058920661186e-13 0.0 -1.0
  outer loop
    vertex -211.26322481967273 381.27177866260104 299.0570129835756
    vertex -211.2452348196727 416.91777466260106 299.0570129835756
    vertex -210.1232258196727 382.08577366260135 299.05701298357536
  endloop
endfacet
facet normal -2.6179058920661186e-13 0.0 -1.0
  outer loop
    vertex -212.43723581967268 417.689777662601 299.0570129835759
    vertex -211.2452348196727 416.91777466260106 299.0570129835756
    vertex -211.26322481967273 381.27177866260104 299.0570129835756
  endloop
endfacet
facet normal -2.6179058920661186e-13 0.0 -1.0
  outer loop
    vertex -212.45722481967272 380.50178966260137 299.0570129835759
    vertex -212.43723581967268 417.689777662601 299.0570129835759
    vertex -211.26322481967273 381.27177866260104 299.0570129835756
  endloop
endfacet
facet normal -2.6179058920661186e-13 0.0 -1.0
  outer loop
    vertex -213.67722581967266 418.41777466260106 299.0570129835762
    vertex -212.43723581967268 417.689777662601 299.0570129835759
    vertex -212.45722481967272 380.50178966260137 299.0570129835759
  endloop
endfacet
facet normal -2.6179058920661186e-13 0.0 -1.0
  outer loop
    vertex -213.69723081967268 379.77577666260123 299.0570129835762
    vertex -213.67722581967266 418.41777466260106 299.0570129835762
    vertex -212.45722481967272 380.50178966260137 299.0570129835759
  endloop
endfacet
facet normal -2.6179058920661186e-13 0.0 -1.0
  outer loop
    vertex -214.9652358196727 419.09779766260107 299.05701298357656
    vertex -213.67722581967266 418.41777466260106 299.0570129835762
    vertex -213.69723081967268 379.77577666260123 299.0570129835762
  endloop
endfacet
facet normal -2.6179058920661186e-13 0.0 -1.0
  outer loop
    vertex -214.98522481967262 379.0957836626012 299.05701298357656
    vertex -214.9652358196727 419.09779766260107 299.05701298357656
    vertex -213.69723081967268 379.77577666260123 299.0570129835762
  endloop
endfacet
facet normal -2.6179058920661186e-13 0.0 -1.0
  outer loop
    vertex -216.2952378196727 419.7297866626013 299.0570129835769
    vertex -214.9652358196727 419.09779766260107 299.05701298357656
    vertex -214.98522481967262 379.0957836626012 299.05701298357656
  endloop
endfacet
facet normal -2.6179058920661186e-13 0.0 -1.0
  outer loop
    vertex -216.31522681967266 378.4657786626012 299.0570129835769
    vertex -216.2952378196727 419.7297866626013 299.0570129835769
    vertex -214.98522481967262 379.0957836626012 299.05701298357656
  endloop
endfacet
facet normal -2.6179058920661186e-13 0.0 -1.0
  outer loop
    vertex -217.66523281967272 420.31178766260126 299.05701298357735
    vertex -216.2952378196727 419.7297866626013 299.0570129835769
    vertex -216.31522681967266 378.4657786626012 299.0570129835769
  endloop
endfacet
facet normal -2.6179058920661186e-13 0.0 -1.0
  outer loop
    vertex -217.68723581967265 377.8837786626013 299.0570129835773
    vertex -217.66523281967272 420.31178766260126 299.05701298357735
    vertex -216.31522681967266 378.4657786626012 299.0570129835769
  endloop
endfacet
facet normal -2.6179058920661186e-13 0.0 -1.0
  outer loop
    vertex -219.0712388196727 420.8438006626012 299.05701298357775
    vertex -217.66523281967272 420.31178766260126 299.05701298357735
    vertex -217.68723581967265 377.8837786626013 299.0570129835773
  endloop
endfacet
facet normal -2.6179058920661186e-13 0.0 -1.0
  outer loop
    vertex -219.0932268196727 377.35377966260126 299.05701298357775
    vertex -219.0712388196727 420.8438006626012 299.05701298357775
    vertex -217.68723581967265 377.8837786626013 299.0570129835773
  endloop
endfacet
facet normal -2.6179058920661186e-13 0.0 -1.0
  outer loop
    vertex -220.50922681967268 421.3237806626012 299.0570129835781
    vertex -219.0712388196727 420.8438006626012 299.05701298357775
    vertex -219.0932268196727 377.35377966260126 299.05701298357775
  endloop
endfacet
facet normal -2.6179058920661186e-13 0.0 -1.0
  outer loop
    vertex -220.53322881967264 376.8757826626012 299.0570129835781
    vertex -220.50922681967268 421.3237806626012 299.0570129835781
    vertex -219.0932268196727 377.35377966260126 299.05701298357775
  endloop
endfacet
facet normal -2.6179058920661186e-13 0.0 -1.0
  outer loop
    vertex -221.97722881967275 421.7497756626013 299.05701298357843
    vertex -220.50922681967268 421.3237806626012 299.0570129835781
    vertex -220.53322881967264 376.8757826626012 299.0570129835781
  endloop
endfacet
facet normal -2.6179058920661186e-13 0.0 -1.0
  outer loop
    vertex -222.00123181967268 376.4517716626014 299.0570129835785
    vertex -221.97722881967275 421.7497756626013 299.05701298357843
    vertex -220.53322881967264 376.8757826626012 299.0570129835781
  endloop
endfacet
facet normal -2.6179058920661186e-13 0.0 -1.0
  outer loop
    vertex -222.18122381967265 400.10179566260143 299.05701298357843
    vertex -221.97722881967275 421.7497756626013 299.05701298357843
    vertex -222.00123181967268 376.4517716626014 299.0570129835785
  endloop
endfacet
facet normal -2.6179058920661186e-13 0.0 -1.0
  outer loop
    vertex -222.2332258196727 401.1617936626015 299.05701298357855
    vertex -221.97722881967275 421.7497756626013 299.05701298357843
    vertex -222.18122381967265 400.10179566260143 299.05701298357843
  endloop
endfacet
facet normal -2.6179058920661186e-13 0.0 -1.0
  outer loop
    vertex -223.47323181967272 422.1198016626014 299.0570129835789
    vertex -221.97722881967275 421.7497756626013 299.05701298357843
    vertex -222.2332258196727 401.1617936626015 299.05701298357855
  endloop
endfacet
facet normal -2.6179058920661186e-13 0.0 -1.0
  outer loop
    vertex -222.38923181967272 402.2097976626013 299.0570129835786
    vertex -223.47323181967272 422.1198016626014 299.0570129835789
    vertex -222.2332258196727 401.1617936626015 299.05701298357855
  endloop
endfacet
facet normal -2.6179058920661186e-13 0.0 -1.0
  outer loop
    vertex -222.64522881967267 403.2377816626013 299.05701298357855
    vertex -223.47323181967272 422.1198016626014 299.0570129835789
    vertex -222.38923181967272 402.2097976626013 299.0570129835786
  endloop
endfacet
facet normal -2.6179058920661186e-13 0.0 -1.0
  outer loop
    vertex -223.0032298196727 404.23579866260155 299.05701298357866
    vertex -223.47323181967272 422.1198016626014 299.0570129835789
    vertex -222.64522881967267 403.2377816626013 299.05701298357855
  endloop
endfacet
facet normal -2.6179058920661186e-13 0.0 -1.0
  outer loop
    vertex -223.45522581967268 405.19377566260135 299.0570129835788
    vertex -223.47323181967272 422.1198016626014 299.0570129835789
    vertex -223.0032298196727 404.23579866260155 299.05701298357866
  endloop
endfacet
facet normal -2.6179058920661186e-13 0.0 -1.0
  outer loop
    vertex -224.00123181967274 406.1037796626014 299.0570129835789
    vertex -223.47323181967272 422.1198016626014 299.0570129835789
    vertex -223.45522581967268 405.19377566260135 299.0570129835788
  endloop
endfacet
facet normal -2.6179058920661186e-13 0.0 -1.0
  outer loop
    vertex -224.98923781967272 422.43578066260136 299.05701298357917
    vertex -223.47323181967272 422.1198016626014 299.0570129835789
    vertex -224.00123181967274 406.1037796626014 299.0570129835789
  endloop
endfacet
facet normal -2.6179058920661186e-13 0.0 -1.0
  outer loop
    vertex -224.6332348196727 406.9557996626015 299.05701298357917
    vertex -224.98923781967272 422.43578066260136 299.05701298357917
    vertex -224.00123181967274 406.1037796626014 299.0570129835789
  endloop
endfacet
facet normal -2.6179058920661186e-13 0.0 -1.0
  outer loop
    vertex -225.3452258196727 407.7417796626016 299.05701298357934
    vertex -224.98923781967272 422.43578066260136 299.05701298357917
    vertex -224.6332348196727 406.9557996626015 299.05701298357917
  endloop
endfacet
facet normal -2.6179058920661186e-13 0.0 -1.0
  outer loop
    vertex -226.5252338196727 422.69578966260144 299.05701298357957
    vertex -224.98923781967272 422.43578066260136 299.05701298357917
    vertex -225.3452258196727 407.7417796626016 299.05701298357934
  endloop
endfacet
facet normal -2.6179058920661186e-13 0.0 -1.0
  outer loop
    vertex -226.1292378196727 408.4518016626013 299.05701298357957
    vertex -226.5252338196727 422.69578966260144 299.05701298357957
    vertex -225.3452258196727 407.7417796626016 299.05701298357934
  endloop
endfacet
facet normal -2.6179058920661186e-13 0.0 -1.0
  outer loop
    vertex -226.98122681967268 409.0837906626014 299.05701298357974
    vertex -226.5252338196727 422.69578966260144 299.05701298357957
    vertex -226.1292378196727 408.4518016626013 299.05701298357957
  endloop
endfacet
facet normal -2.6179058920661186e-13 0.0 -1.0
  outer loop
    vertex -228.07723581967267 422.8977856626013 299.05701298357997
    vertex -226.5252338196727 422.69578966260144 299.05701298357957
    vertex -226.98122681967268 409.0837906626014 299.05701298357974
  endloop
endfacet
facet normal -2.6179058920661186e-13 0.0 -1.0
  outer loop
    vertex -227.8912308196727 409.6297806626015 299.05701298357997
    vertex -228.07723581967267 422.8977856626013 299.05701298357997
    vertex -226.98122681967268 409.0837906626014 299.05701298357974
  endloop
endfacet
facet normal -2.6179058920661186e-13 0.0 -1.0
  outer loop
    vertex -228.8492388196727 410.08177666260127 299.0570129835802
    vertex -228.07723581967267 422.8977856626013 299.05701298357997
    vertex -227.8912308196727 409.6297806626015 299.05701298357997
  endloop
endfacet
facet normal -2.6179058920661186e-13 0.0 -1.0
  outer loop
    vertex -229.6392318196727 423.0437816626014 299.0570129835804
    vertex -228.07723581967267 422.8977856626013 299.05701298357997
    vertex -228.8492388196727 410.08177666260127 299.0570129835802
  endloop
endfacet
facet normal -2.6179058920661186e-13 0.0 -1.0
  outer loop
    vertex -229.8472248196727 410.4397776626014 299.0570129835804
    vertex -229.6392318196727 423.0437816626014 299.0570129835804
    vertex -228.8492388196727 410.08177666260127 299.0570129835802
  endloop
endfacet
facet normal -2.6179058920661186e-13 0.0 -1.0
  outer loop
    vertex -231.2092388196727 423.1317946626014 299.0570129835808
    vertex -229.6392318196727 423.0437816626014 299.0570129835804
    vertex -229.8472248196727 410.4397776626014 299.0570129835804
  endloop
endfacet
facet normal -2.6179058920661186e-13 0.0 -1.0
  outer loop
    vertex -230.8752238196727 410.6977736626014 299.0570129835807
    vertex -231.2092388196727 423.1317946626014 299.0570129835808
    vertex -229.8472248196727 410.4397776626014 299.0570129835804
  endloop
endfacet
facet normal -2.6179058920661186e-13 0.0 -1.0
  outer loop
    vertex -231.9252268196727 410.8517956626013 299.057012983581
    vertex -231.2092388196727 423.1317946626014 299.0570129835808
    vertex -230.8752238196727 410.6977736626014 299.0570129835807
  endloop
endfacet
facet normal -2.6179058920661186e-13 0.0 -1.0
  outer loop
    vertex -232.7832288196727 423.1597796626014 299.0570129835812
    vertex -231.2092388196727 423.1317946626014 299.0570129835808
    vertex -231.9252268196727 410.8517956626013 299.057012983581
  endloop
endfacet
facet normal -2.6179058920661186e-13 0.0 -1.0
  outer loop
    vertex -232.9832258196727 410.9037976626014 299.0570129835813
    vertex -232.7832288196727 423.1597796626014 299.0570129835812
    vertex -231.9252268196727 410.8517956626013 299.057012983581
  endloop
endfacet
facet normal -2.6179058920661186e-13 0.0 -1.0
  outer loop
    vertex -234.3572338196727 423.1317946626014 299.0570129835816
    vertex -232.7832288196727 423.1597796626014 299.0570129835812
    vertex -232.9832258196727 410.9037976626014 299.0570129835813
  endloop
endfacet
facet normal -2.6179058920661186e-13 0.0 -1.0
  outer loop
    vertex -234.0412248196727 410.8517956626013 299.0570129835815
    vertex -234.3572338196727 423.1317946626014 299.0570129835816
    vertex -232.9832258196727 410.9037976626014 299.0570129835813
  endloop
endfacet
facet normal -2.6179058920661186e-13 0.0 -1.0
  outer loop
    vertex -235.09122781967267 410.6977736626014 299.05701298358184
    vertex -234.3572338196727 423.1317946626014 299.0570129835816
    vertex -234.0412248196727 410.8517956626013 299.0570129835815
  endloop
endfacet
facet normal -2.6179058920661186e-13 0.0 -1.0
  outer loop
    vertex -235.92722581967274 423.04579566260134 299.057012983582
    vertex -234.3572338196727 423.1317946626014 299.0570129835816
    vertex -235.09122781967267 410.6977736626014 299.05701298358184
  endloop
endfacet
facet normal -2.6179058920661186e-13 0.0 -1.0
  outer loop
    vertex -236.11922781967272 410.4397776626014 299.05701298358207
    vertex -235.92722581967274 423.04579566260134 299.057012983582
    vertex -235.09122781967267 410.6977736626014 299.05701298358184
  endloop
endfacet
facet normal -2.6179058920661186e-13 0.0 -1.0
  outer loop
    vertex -237.48923781967267 422.9017836626013 299.0570129835824
    vertex -235.92722581967274 423.04579566260134 299.057012983582
    vertex -236.11922781967272 410.4397776626014 299.05701298358207
  endloop
endfacet
facet normal -2.6179058920661186e-13 0.0 -1.0
  outer loop
    vertex -237.1172288196727 410.08177666260127 299.05701298358235
    vertex -237.48923781967267 422.9017836626013 299.0570129835824
    vertex -236.11922781967272 410.4397776626014 299.05701298358207
  endloop
endfacet
facet normal -2.6179058920661186e-13 0.0 -1.0
  outer loop
    vertex -238.07523681967268 409.6297806626015 299.0570129835826
    vertex -237.48923781967267 422.9017836626013 299.0570129835824
    vertex -237.1172288196727 410.08177666260127 299.05701298358235
  endloop
endfacet
facet normal -2.6179058920661186e-13 0.0 -1.0
  outer loop
    vertex -239.04122481967266 422.7018016626013 299.0570129835828
    vertex -237.48923781967267 422.9017836626013 299.0570129835824
    vertex -238.07523681967268 409.6297806626015 299.0570129835826
  endloop
endfacet
facet normal -2.6179058920661186e-13 0.0 -1.0
  outer loop
    vertex -238.98522481967268 409.0837906626014 299.0570129835828
    vertex -239.04122481967266 422.7018016626013 299.0570129835828
    vertex -238.07523681967268 409.6297806626015 299.0570129835826
  endloop
endfacet
facet normal -2.6179058920661186e-13 0.0 -1.0
  outer loop
    vertex -239.83523081967272 408.4518016626013 299.05701298358315
    vertex -239.04122481967266 422.7018016626013 299.0570129835828
    vertex -238.98522481967268 409.0837906626014 299.0570129835828
  endloop
endfacet
facet normal -2.6179058920661186e-13 0.0 -1.0
  outer loop
    vertex -240.57723581967267 422.44377566260135 299.05701298358326
    vertex -239.04122481967266 422.7018016626013 299.0570129835828
    vertex -239.83523081967272 408.4518016626013 299.05701298358315
  endloop
endfacet
facet normal -2.6179058920661186e-13 0.0 -1.0
  outer loop
    vertex -240.6212268196727 407.7417796626014 299.0570129835834
    vertex -240.57723581967267 422.44377566260135 299.05701298358326
    vertex -239.83523081967272 408.4518016626013 299.05701298358315
  endloop
endfacet
facet normal -2.6179058920661186e-13 0.0 -1.0
  outer loop
    vertex -242.09522581967266 422.1297806626013 299.05701298358366
    vertex -240.57723581967267 422.44377566260135 299.05701298358326
    vertex -240.6212268196727 407.7417796626014 299.0570129835834
  endloop
endfacet
facet normal -2.6179058920661186e-13 0.0 -1.0
  outer loop
    vertex -241.33323181967268 406.9557996626013 299.05701298358355
    vertex -242.09522581967266 422.1297806626013 299.05701298358366
    vertex -240.6212268196727 407.7417796626014 299.0570129835834
  endloop
endfacet
facet normal -2.6179058920661186e-13 0.0 -1.0
  outer loop
    vertex -241.9652358196727 406.1037796626014 299.05701298358366
    vertex -242.09522581967266 422.1297806626013 299.05701298358366
    vertex -241.33323181967268 406.9557996626013 299.05701298358355
  endloop
endfacet
facet normal -2.6179058920661186e-13 0.0 -1.0
  outer loop
    vertex -242.50922681967268 405.19377566260135 299.0570129835838
    vertex -242.09522581967266 422.1297806626013 299.05701298358366
    vertex -241.9652358196727 406.1037796626014 299.05701298358366
  endloop
endfacet
facet normal -2.6179058920661186e-13 0.0 -1.0
  outer loop
    vertex -243.59122781967267 421.75978566260136 299.05701298358406
    vertex -242.09522581967266 422.1297806626013 299.05701298358366
    vertex -242.50922681967268 405.19377566260135 299.0570129835838
  endloop
endfacet
facet normal -2.6179058920661186e-13 0.0 -1.0
  outer loop
    vertex -242.9632368196727 404.2357986626014 299.0570129835839
    vertex -243.59122781967267 421.75978566260136 299.05701298358406
    vertex -242.50922681967268 405.19377566260135 299.0570129835838
  endloop
endfacet
facet normal -2.6179058920661186e-13 0.0 -1.0
  outer loop
    vertex -243.32123881967271 403.2377816626013 299.05701298358395
    vertex -243.59122781967267 421.75978566260136 299.05701298358406
    vertex -242.9632368196727 404.2357986626014 299.0570129835839
  endloop
endfacet
facet normal -2.6179058920661186e-13 0.0 -1.0
  outer loop
    vertex -243.5772358196727 402.2097976626013 299.05701298358406
    vertex -243.59122781967267 421.75978566260136 299.05701298358406
    vertex -243.32123881967271 403.2377816626013 299.05701298358395
  endloop
endfacet
facet normal -2.6179058920661186e-13 0.0 -1.0
  outer loop
    vertex -243.73322581967267 401.16179366260127 299.0570129835842
    vertex -243.59122781967267 421.75978566260136 299.05701298358406
    vertex -243.5772358196727 402.2097976626013 299.05701298358406
  endloop
endfacet
facet normal -2.6179058920661186e-13 0.0 -1.0
  outer loop
    vertex -245.0592298196727 421.3357736626014 299.0570129835844
    vertex -243.59122781967267 421.75978566260136 299.05701298358406
    vertex -243.73322581967267 401.16179366260127 299.0570129835842
  endloop
endfacet
facet normal -2.6179058920661186e-13 0.0 -1.0
  outer loop
    vertex -243.7852278196727 400.10179566260143 299.0570129835842
    vertex -245.0592298196727 421.3357736626014 299.0570129835844
    vertex -243.73322581967267 401.16179366260127 299.0570129835842
  endloop
endfacet
facet normal 0.20706070473905722 0.978327009431811 -0.0014584818045655546
  outer loop
    vertex -237.7912248196661 379.39979966260137 324.14501398358254
    vertex -243.04523781966608 380.5117996626013 324.145013983584
    vertex -237.72722881966592 379.3877756626013 325.1650149835825
  endloop
endfacet
facet normal -0.9703639775947572 -0.2416479898250381 2.54032157439403e-13
  outer loop
    vertex -222.38923181967272 402.2097976626013 299.0570129835786
    vertex -222.38923181967212 402.2097976626013 301.3010129835786
    vertex -222.64522881967267 403.2377816626013 299.05701298357855
  endloop
endfacet
facet normal -0.9703639775947572 -0.2416479898250381 2.54032157439403e-13
  outer loop
    vertex -222.64522881967207 403.2377816626013 301.3010129835786
    vertex -222.64522881967267 403.2377816626013 299.05701298357855
    vertex -222.38923181967212 402.2097976626013 301.3010129835786
  endloop
endfacet
facet normal -0.9987942944237689 0.04909131722133836 2.614749468334006e-13
  outer loop
    vertex -222.23322581967264 399.04378166260165 299.05701298357843
    vertex -222.23322581967207 399.04378166260165 301.30101298357846
    vertex -222.18122381967265 400.10179566260143 299.05701298357843
  endloop
endfacet
facet normal -0.9987942944237689 0.04909131722133836 2.614749468334006e-13
  outer loop
    vertex -222.18122381967208 400.10179566260143 301.30101298357846
    vertex -222.18122381967265 400.10179566260143 299.05701298357843
    vertex -222.23322581967207 399.04378166260165 301.30101298357846
  endloop
endfacet
facet normal 0.3359664767155846 0.9418739440728343 -8.795286189304233e-14
  outer loop
    vertex -236.11922781967272 389.76579766260136 299.05701298358207
    vertex -237.1172288196727 390.1217846626014 299.05701298358235
    vertex -236.11922781967212 389.76579766260136 301.3010129835821
  endloop
endfacet
facet normal 0.3359664767155846 0.9418739440728343 -8.795286189304233e-14
  outer loop
    vertex -237.11722881967214 390.1217846626014 301.3010129835823
    vertex -236.11922781967212 389.76579766260136 301.3010129835821
    vertex -237.1172288196727 390.1217846626014 299.05701298358235
  endloop
endfacet
facet normal 0.14696346070722704 0.9891419216760331 -3.847365097038772e-14
  outer loop
    vertex -234.0412248196727 389.3517956626013 299.0570129835816
    vertex -235.09122781967267 389.5078016626014 299.0570129835819
    vertex -234.0412248196721 389.3517956626013 301.3010129835816
  endloop
endfacet
facet normal 0.14696346070722704 0.9891419216760331 -3.847365097038772e-14
  outer loop
    vertex -235.0912278196721 389.5078016626014 301.3010129835819
    vertex -234.0412248196721 389.3517956626013 301.3010129835816
    vertex -235.09122781967267 389.5078016626014 299.0570129835819
  endloop
endfacet
facet normal -0.5131112065602867 0.8583221363230982 1.34327685093933e-13
  outer loop
    vertex -226.98122681967268 391.11980166260145 299.0570129835797
    vertex -227.8912308196727 390.5757946626015 299.05701298357997
    vertex -226.98122681967212 391.11980166260145 301.3010129835797
  endloop
endfacet
facet normal -0.5131112065602867 0.8583221363230982 1.34327685093933e-13
  outer loop
    vertex -227.8912308196721 390.5757946626015 301.30101298357994
    vertex -226.98122681967212 391.11980166260145 301.3010129835797
    vertex -227.8912308196727 390.5757946626015 299.05701298357997
  endloop
endfacet
facet normal 0.9891033344313779 -0.14722293916618515 -2.589379447070149e-13
  outer loop
    vertex -243.7332258196721 401.16179366260127 301.30101298358414
    vertex -243.73322581967267 401.16179366260127 299.0570129835842
    vertex -243.57723581967213 402.2097976626013 301.3010129835841
  endloop
endfacet
facet normal 0.9891033344313779 -0.14722293916618515 -2.589379447070149e-13
  outer loop
    vertex -243.5772358196727 402.2097976626013 299.05701298358406
    vertex -243.57723581967213 402.2097976626013 301.3010129835841
    vertex -243.73322581967267 401.16179366260127 299.0570129835842
  endloop
endfacet
facet normal 0.3484487636973773 0.9338264797896476 0.08094173658530004
  outer loop
    vertex -243.04523781966608 380.5117996626013 324.145013983584
    vertex -247.8852338196661 382.3177996626014 324.1450139835852
    vertex -242.8932298196648 380.0157976626016 329.21301498358395
  endloop
endfacet
facet normal -0.9981632519968401 -0.05242549465834919 0.030359345726153696
  outer loop
    vertex -203.7872268196647 398.05977266260135 329.51301398357367
    vertex -203.7472338196641 398.4877816626013 331.56701498357364
    vertex -203.88123581966428 400.74379366260126 331.0570129835736
  endloop
endfacet
facet normal -0.9942652920569858 -0.09840940975295659 0.041858297659023595
  outer loop
    vertex -203.88123581966428 400.74379366260126 331.0570129835736
    vertex -203.6612348196639 399.17778466260125 332.6010159835736
    vertex -203.75123181966353 400.74379366260126 334.1450139835736
  endloop
endfacet
facet normal 0.8031611171017712 0.5957618819426392 -2.1026002207391328e-13
  outer loop
    vertex -241.3332318196721 393.24977566260145 301.3010129835835
    vertex -241.33323181967268 393.24977566260145 299.05701298358355
    vertex -241.9652358196721 394.1017956626014 301.3010129835837
  endloop
endfacet
facet normal 0.8031611171017712 0.5957618819426392 -2.1026002207391328e-13
  outer loop
    vertex -241.9652358196727 394.1017956626014 299.05701298358366
    vertex -241.9652358196721 394.1017956626014 301.3010129835837
    vertex -241.33323181967268 393.24977566260145 299.05701298358355
  endloop
endfacet
facet normal 0.18939784301208315 0.9777659187395621 0.09001258364112566
  outer loop
    vertex -237.72722881966592 379.3877756626013 325.1650149835825
    vertex -243.04523781966608 380.5117996626013 324.145013983584
    vertex -242.8932298196648 380.0157976626016 329.21301498358395
  endloop
endfacet
facet normal -0.9855853225987085 0.16917911182530793 2.580169623165045e-13
  outer loop
    vertex -234.95522581966443 378.9337966626014 330.67501498358183
    vertex -234.9552258196636 378.9337966626014 333.7750149835818
    vertex -234.65723681966446 380.66978866260166 330.6750149835818
  endloop
endfacet
facet normal -0.9855853225987085 0.16917911182530793 2.580169623165045e-13
  outer loop
    vertex -234.65723681966364 380.66978866260166 333.7750149835818
    vertex -234.65723681966446 380.66978866260166 330.6750149835818
    vertex -234.9552258196636 378.9337966626014 333.7750149835818
  endloop
endfacet
facet normal 0.9412694442396963 0.3376563835331613 -2.464154824096902e-13
  outer loop
    vertex -242.9632368196721 395.9677926626013 301.30101298358386
    vertex -242.9632368196727 395.9677926626013 299.0570129835839
    vertex -243.32123881967212 396.96577866260134 301.301012983584
  endloop
endfacet
facet normal 0.9412694442396963 0.3376563835331613 -2.464154824096902e-13
  outer loop
    vertex -243.32123881967271 396.96577866260134 299.05701298358395
    vertex -243.32123881967212 396.96577866260134 301.301012983584
    vertex -242.9632368196727 395.9677926626013 299.0570129835839
  endloop
endfacet
facet normal 0.9036585567712285 0.4282536780625945 -2.3656930601873645e-13
  outer loop
    vertex -242.50922681967202 395.00978566260136 301.30101298358386
    vertex -242.5092268196726 395.00978566260136 299.0570129835839
    vertex -242.9632368196721 395.9677926626013 301.30101298358386
  endloop
endfacet
facet normal 0.9036585567712285 0.4282536780625945 -2.3656930601873645e-13
  outer loop
    vertex -242.9632368196727 395.9677926626013 299.0570129835839
    vertex -242.9632368196721 395.9677926626013 301.30101298358386
    vertex -242.5092268196726 395.00978566260136 299.0570129835839
  endloop
endfacet
facet normal 0.6713626053765226 0.7411290387658871 -1.757564120328059e-13
  outer loop
    vertex -239.83523081967272 391.75178966260137 299.05701298358304
    vertex -240.6212268196727 392.4637956626014 299.05701298358326
    vertex -239.83523081967212 391.75178966260137 301.30101298358306
  endloop
endfacet
facet normal 0.6713626053765226 0.7411290387658871 -1.757564120328059e-13
  outer loop
    vertex -240.6212268196721 392.4637956626014 301.3010129835833
    vertex -239.83523081967212 391.75178966260137 301.30101298358306
    vertex -240.6212268196727 392.4637956626014 299.05701298358326
  endloop
endfacet
facet normal 0.9987942944237667 0.04909131722138083 -2.614749468334e-13
  outer loop
    vertex -243.7332258196721 399.0437816626015 301.3010129835841
    vertex -243.73322581967267 399.0437816626015 299.0570129835841
    vertex -243.78522781967214 400.10179566260143 301.30101298358414
  endloop
endfacet
facet normal 0.9987942944237667 0.04909131722138083 -2.614749468334e-13
  outer loop
    vertex -243.7852278196727 400.10179566260143 299.0570129835842
    vertex -243.78522781967214 400.10179566260143 301.30101298358414
    vertex -243.73322581967267 399.0437816626015 299.0570129835841
  endloop
endfacet
facet normal 0.2434199749666219 0.9699209843009118 -6.372505867117066e-14
  outer loop
    vertex -236.11922781967272 389.76579766260136 299.05701298358207
    vertex -236.11922781967212 389.76579766260136 301.3010129835821
    vertex -235.09122781967267 389.5078016626014 299.0570129835819
  endloop
endfacet
facet normal 0.2434199749666219 0.9699209843009118 -6.372505867117066e-14
  outer loop
    vertex -235.0912278196721 389.5078016626014 301.3010129835819
    vertex -235.09122781967267 389.5078016626014 299.0570129835819
    vertex -236.11922781967212 389.76579766260136 301.3010129835821
  endloop
endfacet
facet normal 0.42825331302232206 0.9036587297677179 -1.1211268714579728e-13
  outer loop
    vertex -237.1172288196727 390.1217846626014 299.05701298358235
    vertex -238.07523681967268 390.5757946626015 299.0570129835826
    vertex -237.11722881967214 390.1217846626014 301.3010129835823
  endloop
endfacet
facet normal 0.42825331302232206 0.9036587297677179 -1.1211268714579728e-13
  outer loop
    vertex -238.0752368196721 390.5757946626015 301.3010129835826
    vertex -237.11722881967214 390.1217846626014 301.3010129835823
    vertex -238.07523681967268 390.5757946626015 299.0570129835826
  endloop
endfacet
facet normal 0.474708632562673 -0.13885282579804545 0.8691211693074649
  outer loop
    vertex -233.1592358196634 380.46178066260165 334.6470129835814
    vertex -237.31522681966277 381.0378006626017 337.00901598358246
    vertex -237.8692278196628 379.14378766260165 337.0090159835826
  endloop
endfacet
facet normal 0.8583287827382534 -0.5131000884068025 -2.247023977660413e-13
  outer loop
    vertex -242.5092268196721 405.19377566260135 301.3010129835838
    vertex -242.50922681967268 405.19377566260135 299.0570129835838
    vertex -241.9652358196721 406.1037796626014 301.3010129835837
  endloop
endfacet
facet normal 0.8583287827382534 -0.5131000884068025 -2.247023977660413e-13
  outer loop
    vertex -241.9652358196727 406.1037796626014 299.05701298358366
    vertex -241.9652358196721 406.1037796626014 301.3010129835837
    vertex -242.50922681967268 405.19377566260135 299.0570129835838
  endloop
endfacet
facet normal 0.12419207582153365 0.9922581963900013 -3.25138391471949e-14
  outer loop
    vertex -234.95522581966443 378.9337966626014 330.67501498358183
    vertex -236.50522881966404 379.12779666260127 332.2250159835822
    vertex -234.9552258196636 378.9337966626014 333.7750149835818
  endloop
endfacet
facet normal 0.49278539792757736 -0.08520788805427147 -0.8659689182659445
  outer loop
    vertex -237.31522681966322 381.0378006626017 335.3250149835825
    vertex -237.6152298196632 379.30177766260164 335.3250149835825
    vertex -239.97523081966364 381.4057816626013 333.77501498358316
  endloop
endfacet
facet normal 0.49278539792757736 -0.08520788805427147 -0.8659689182659445
  outer loop
    vertex -240.2752338196636 379.6717726626014 333.77501498358316
    vertex -239.97523081966364 381.4057816626013 333.77501498358316
    vertex -237.6152298196632 379.30177766260164 335.3250149835825
  endloop
endfacet
facet normal 0.04909201154632929 0.9987942602970521 -1.2851826628051338e-14
  outer loop
    vertex -232.9832258196727 389.2997936626014 299.05701298358133
    vertex -234.0412248196727 389.3517956626013 299.0570129835816
    vertex -232.9832258196721 389.2997936626014 301.3010129835813
  endloop
endfacet
facet normal 0.04909201154632929 0.9987942602970521 -1.2851826628051338e-14
  outer loop
    vertex -234.0412248196721 389.3517956626013 301.3010129835816
    vertex -232.9832258196721 389.2997936626014 301.3010129835813
    vertex -234.0412248196727 389.3517956626013 299.0570129835816
  endloop
endfacet
facet normal 2.6179058920661186e-13 0.0 1.0
  outer loop
    vertex -249.95722481967212 400.14580166260134 301.3010129835858
    vertex -250.02123581967214 399.4957776626015 301.3010129835858
    vertex -249.30922981967214 382.19179166260125 301.3010129835856
  endloop
endfacet
facet normal 2.6179058920661186e-13 0.0 1.0
  outer loop
    vertex -253.8172258196721 384.72377466260144 301.3010129835867
    vertex -249.30922981967214 382.19179166260125 301.3010129835856
    vertex -250.02123581967214 399.4957776626015 301.3010129835858
  endloop
endfacet
facet normal 2.6179058920661186e-13 0.0 1.0
  outer loop
    vertex -250.2112378196721 398.8698016626013 301.3010129835858
    vertex -253.8172258196721 384.72377466260144 301.3010129835867
    vertex -250.02123581967214 399.4957776626015 301.3010129835858
  endloop
endfacet
facet normal 2.6179058920661186e-13 0.0 1.0
  outer loop
    vertex -250.5212358196721 398.29179866260137 301.30101298358585
    vertex -253.8172258196721 384.72377466260144 301.3010129835867
    vertex -250.2112378196721 398.8698016626013 301.3010129835858
  endloop
endfacet
facet normal 2.6179058920661186e-13 0.0 1.0
  outer loop
    vertex -250.93723581967214 397.78578666260137 301.30101298358596
    vertex -253.8172258196721 384.72377466260144 301.3010129835867
    vertex -250.5212358196721 398.29179866260137 301.30101298358585
  endloop
endfacet
facet normal 2.6179058920661186e-13 0.0 1.0
  outer loop
    vertex -251.44523181967213 397.37178466260116 301.3010129835861
    vertex -253.8172258196721 384.72377466260144 301.3010129835867
    vertex -250.93723581967214 397.78578666260137 301.30101298358596
  endloop
endfacet
facet normal 2.6179058920661186e-13 0.0 1.0
  outer loop
    vertex -252.0232348196721 397.06380166260124 301.3010129835863
    vertex -253.8172258196721 384.72377466260144 301.3010129835867
    vertex -251.44523181967213 397.37178466260116 301.3010129835861
  endloop
endfacet
facet normal 2.6179058920661186e-13 0.0 1.0
  outer loop
    vertex -252.65122481967214 396.8737986626012 301.3010129835864
    vertex -253.8172258196721 384.72377466260144 301.3010129835867
    vertex -252.0232348196721 397.06380166260124 301.3010129835863
  endloop
endfacet
facet normal 2.6179058920661186e-13 0.0 1.0
  outer loop
    vertex -253.30323281967213 396.8097726626013 301.3010129835866
    vertex -253.8172258196721 384.72377466260144 301.3010129835867
    vertex -252.65122481967214 396.8737986626012 301.3010129835864
  endloop
endfacet
facet normal 2.6179058920661186e-13 0.0 1.0
  outer loop
    vertex -253.9572398196721 396.8737986626012 301.30101298358676
    vertex -253.8172258196721 384.72377466260144 301.3010129835867
    vertex -253.30323281967213 396.8097726626013 301.3010129835866
  endloop
endfacet
facet normal 2.6179058920661186e-13 0.0 1.0
  outer loop
    vertex -257.5152388196721 387.8057756626013 301.3010129835878
    vertex -253.8172258196721 384.72377466260144 301.3010129835867
    vertex -253.9572398196721 396.8737986626012 301.30101298358676
  endloop
endfacet
facet normal 2.6179058920661186e-13 0.0 1.0
  outer loop
    vertex -254.5832318196721 397.06380166260124 301.30101298358693
    vertex -257.5152388196721 387.8057756626013 301.3010129835878
    vertex -253.9572398196721 396.8737986626012 301.30101298358676
  endloop
endfacet
facet normal 2.6179058920661186e-13 0.0 1.0
  outer loop
    vertex -255.16323381967212 397.3737986626015 301.3010129835871
    vertex -257.5152388196721 387.8057756626013 301.3010129835878
    vertex -254.5832318196721 397.06380166260124 301.30101298358693
  endloop
endfacet
facet normal 2.6179058920661186e-13 0.0 1.0
  outer loop
    vertex -255.6692308196721 397.7897836626014 301.3010129835872
    vertex -257.5152388196721 387.8057756626013 301.3010129835878
    vertex -255.16323381967212 397.3737986626015 301.3010129835871
  endloop
endfacet
facet normal 2.6179058920661186e-13 0.0 1.0
  outer loop
    vertex -256.0852308196721 398.2957956626014 301.3010129835873
    vertex -257.5152388196721 387.8057756626013 301.3010129835878
    vertex -255.6692308196721 397.7897836626014 301.3010129835872
  endloop
endfacet
facet normal 2.6179058920661186e-13 0.0 1.0
  outer loop
    vertex -256.3932298196721 398.8737986626013 301.30101298358744
    vertex -257.5152388196721 387.8057756626013 301.3010129835878
    vertex -256.0852308196721 398.2957956626014 301.3010129835873
  endloop
endfacet
facet normal 2.6179058920661186e-13 0.0 1.0
  outer loop
    vertex -256.5832318196721 399.4997756626013 301.3010129835875
    vertex -257.5152388196721 387.8057756626013 301.3010129835878
    vertex -256.3932298196721 398.8737986626013 301.30101298358744
  endloop
endfacet
facet normal 2.6179058920661186e-13 0.0 1.0
  outer loop
    vertex -256.6492268196721 400.1517836626014 301.30101298358755
    vertex -257.5152388196721 387.8057756626013 301.3010129835878
    vertex -256.5832318196721 399.4997756626013 301.3010129835875
  endloop
endfacet
facet normal 2.6179058920661186e-13 0.0 1.0
  outer loop
    vertex -257.50322981967213 410.40178366260125 301.3010129835877
    vertex -257.5152388196721 387.8057756626013 301.3010129835878
    vertex -256.6492268196721 400.1517836626014 301.30101298358755
  endloop
endfacet
facet normal 2.6179058920661186e-13 0.0 1.0
  outer loop
    vertex -260.9632368196721 406.88777566260137 301.3010129835887
    vertex -257.5152388196721 387.8057756626013 301.3010129835878
    vertex -257.50322981967213 410.40178366260125 301.3010129835877
  endloop
endfacet
facet normal 2.6179058920661186e-13 0.0 1.0
  outer loop
    vertex -260.97323181967215 391.3237806626014 301.30101298358863
    vertex -257.5152388196721 387.8057756626013 301.3010129835878
    vertex -260.9632368196721 406.88777566260137 301.3010129835887
  endloop
endfacet
facet normal 2.6179058920661186e-13 0.0 1.0
  outer loop
    vertex -263.1932328196721 403.0737806626012 301.3010129835892
    vertex -260.97323181967215 391.3237806626014 301.30101298358863
    vertex -260.9632368196721 406.88777566260137 301.3010129835887
  endloop
endfacet
facet normal 2.6179058920661186e-13 0.0 1.0
  outer loop
    vertex -263.19922981967204 395.1397906626013 301.3010129835892
    vertex -260.97323181967215 391.3237806626014 301.30101298358863
    vertex -263.1932328196721 403.0737806626012 301.3010129835892
  endloop
endfacet
facet normal 2.6179058920661186e-13 0.0 1.0
  outer loop
    vertex -263.7672378196721 399.1057936626013 301.3010129835894
    vertex -263.19922981967204 395.1397906626013 301.3010129835892
    vertex -263.1932328196721 403.0737806626012 301.3010129835892
  endloop
endfacet
facet normal 2.6179058920661186e-13 0.0 1.0
  outer loop
    vertex -222.18122381967208 400.10179566260143 301.30101298357846
    vertex -222.23322581967207 399.04378166260165 301.30101298357846
    vertex -221.39722781967205 380.2997936626013 301.30101298357823
  endloop
endfacet
facet normal 2.6179058920661186e-13 0.0 1.0
  outer loop
    vertex -222.38923181967212 397.9957776626014 301.3010129835785
    vertex -221.39722781967205 380.2997936626013 301.30101298357823
    vertex -222.23322581967207 399.04378166260165 301.30101298357846
  endloop
endfacet
facet normal 2.6179058920661186e-13 0.0 1.0
  outer loop
    vertex -226.9792278196721 379.1457716626014 301.3010129835797
    vertex -221.39722781967205 380.2997936626013 301.30101298357823
    vertex -222.38923181967212 397.9957776626014 301.3010129835785
  endloop
endfacet
facet normal 2.6179058920661186e-13 0.0 1.0
  outer loop
    vertex -222.64522881967207 396.9657786626015 301.3010129835786
    vertex -226.9792278196721 379.1457716626014 301.3010129835797
    vertex -222.38923181967212 397.9957776626014 301.3010129835785
  endloop
endfacet
facet normal 2.6179058920661186e-13 0.0 1.0
  outer loop
    vertex -223.0032298196721 395.9677926626013 301.3010129835787
    vertex -226.9792278196721 379.1457716626014 301.3010129835797
    vertex -222.64522881967207 396.9657786626015 301.3010129835786
  endloop
endfacet
facet normal 2.6179058920661186e-13 0.0 1.0
  outer loop
    vertex -223.4552258196721 395.00978566260153 301.30101298357886
    vertex -226.9792278196721 379.1457716626014 301.3010129835797
    vertex -223.0032298196721 395.9677926626013 301.3010129835787
  endloop
endfacet
facet normal 2.6179058920661186e-13 0.0 1.0
  outer loop
    vertex -224.0012318196722 394.1017956626014 301.30101298357897
    vertex -226.9792278196721 379.1457716626014 301.3010129835797
    vertex -223.4552258196721 395.00978566260153 301.30101298357886
  endloop
endfacet
facet normal 2.6179058920661186e-13 0.0 1.0
  outer loop
    vertex -224.6332348196721 393.2497756626016 301.3010129835791
    vertex -226.9792278196721 379.1457716626014 301.3010129835797
    vertex -224.0012318196722 394.1017956626014 301.30101298357897
  endloop
endfacet
facet normal 2.6179058920661186e-13 0.0 1.0
  outer loop
    vertex -225.34522581967215 392.46379566260157 301.3010129835793
    vertex -226.9792278196721 379.1457716626014 301.3010129835797
    vertex -224.6332348196721 393.2497756626016 301.3010129835791
  endloop
endfacet
facet normal 2.6179058920661186e-13 0.0 1.0
  outer loop
    vertex -226.1292378196721 391.75178966260154 301.3010129835795
    vertex -226.9792278196721 379.1457716626014 301.3010129835797
    vertex -225.34522581967215 392.46379566260157 301.3010129835793
  endloop
endfacet
facet normal 2.6179058920661186e-13 0.0 1.0
  outer loop
    vertex -226.98122681967212 391.11980166260145 301.3010129835797
    vertex -226.9792278196721 379.1457716626014 301.3010129835797
    vertex -226.1292378196721 391.75178966260154 301.3010129835795
  endloop
endfacet
facet normal 2.6179058920661186e-13 0.0 1.0
  outer loop
    vertex -232.7832288196721 378.75777066260133 301.30101298358124
    vertex -226.9792278196721 379.1457716626014 301.3010129835797
    vertex -226.98122681967212 391.11980166260145 301.3010129835797
  endloop
endfacet
facet normal 2.6179058920661186e-13 0.0 1.0
  outer loop
    vertex -227.8912308196721 390.5757946626015 301.30101298357994
    vertex -232.7832288196721 378.75777066260133 301.30101298358124
    vertex -226.98122681967212 391.11980166260145 301.3010129835797
  endloop
endfacet
facet normal 2.6179058920661186e-13 0.0 1.0
  outer loop
    vertex -228.84923881967214 390.1217846626014 301.30101298358016
    vertex -232.7832288196721 378.75777066260133 301.30101298358124
    vertex -227.8912308196721 390.5757946626015 301.30101298357994
  endloop
endfacet
facet normal 2.6179058920661186e-13 0.0 1.0
  outer loop
    vertex -229.8472248196721 389.76579766260136 301.3010129835805
    vertex -232.7832288196721 378.75777066260133 301.30101298358124
    vertex -228.84923881967214 390.1217846626014 301.30101298358016
  endloop
endfacet
facet normal 2.6179058920661186e-13 0.0 1.0
  outer loop
    vertex -230.8752238196721 389.5078016626014 301.3010129835808
    vertex -232.7832288196721 378.75777066260133 301.30101298358124
    vertex -229.8472248196721 389.76579766260136 301.3010129835805
  endloop
endfacet
facet normal 2.6179058920661186e-13 0.0 1.0
  outer loop
    vertex -231.9252268196721 389.3517956626013 301.301012983581
    vertex -232.7832288196721 378.75777066260133 301.30101298358124
    vertex -230.8752238196721 389.5078016626014 301.3010129835808
  endloop
endfacet
facet normal 2.6179058920661186e-13 0.0 1.0
  outer loop
    vertex -232.9832258196721 389.2997936626014 301.3010129835813
    vertex -232.7832288196721 378.75777066260133 301.30101298358124
    vertex -231.9252268196721 389.3517956626013 301.301012983581
  endloop
endfacet
facet normal 2.6179058920661186e-13 0.0 1.0
  outer loop
    vertex -238.5872298196721 379.1517836626013 301.3010129835828
    vertex -232.7832288196721 378.75777066260133 301.30101298358124
    vertex -232.9832258196721 389.2997936626014 301.3010129835813
  endloop
endfacet
facet normal 2.6179058920661186e-13 0.0 1.0
  outer loop
    vertex -234.0412248196721 389.3517956626013 301.3010129835816
    vertex -238.5872298196721 379.1517836626013 301.3010129835828
    vertex -232.9832258196721 389.2997936626014 301.3010129835813
  endloop
endfacet
facet normal 2.6179058920661186e-13 0.0 1.0
  outer loop
    vertex -235.0912278196721 389.5078016626014 301.3010129835819
    vertex -238.5872298196721 379.1517836626013 301.3010129835828
    vertex -234.0412248196721 389.3517956626013 301.3010129835816
  endloop
endfacet
facet normal 2.6179058920661186e-13 0.0 1.0
  outer loop
    vertex -236.11922781967212 389.76579766260136 301.3010129835821
    vertex -238.5872298196721 379.1517836626013 301.3010129835828
    vertex -235.0912278196721 389.5078016626014 301.3010129835819
  endloop
endfacet
facet normal 2.6179058920661186e-13 0.0 1.0
  outer loop
    vertex -237.11722881967214 390.1217846626014 301.3010129835823
    vertex -238.5872298196721 379.1517836626013 301.3010129835828
    vertex -236.11922781967212 389.76579766260136 301.3010129835821
  endloop
endfacet
facet normal 2.6179058920661186e-13 0.0 1.0
  outer loop
    vertex -238.0752368196721 390.5757946626015 301.3010129835826
    vertex -238.5872298196721 379.1517836626013 301.3010129835828
    vertex -237.11722881967214 390.1217846626014 301.3010129835823
  endloop
endfacet
facet normal 2.6179058920661186e-13 0.0 1.0
  outer loop
    vertex -238.98522481967208 391.11980166260145 301.30101298358284
    vertex -238.5872298196721 379.1517836626013 301.3010129835828
    vertex -238.0752368196721 390.5757946626015 301.3010129835826
  endloop
endfacet
facet normal 2.6179058920661186e-13 0.0 1.0
  outer loop
    vertex -244.1672318196721 380.3097726626014 301.30101298358426
    vertex -238.5872298196721 379.1517836626013 301.3010129835828
    vertex -238.98522481967208 391.11980166260145 301.30101298358284
  endloop
endfacet
facet normal 2.6179058920661186e-13 0.0 1.0
  outer loop
    vertex -239.83523081967212 391.75178966260137 301.30101298358306
    vertex -244.1672318196721 380.3097726626014 301.30101298358426
    vertex -238.98522481967208 391.11980166260145 301.30101298358284
  endloop
endfacet
facet normal 2.6179058920661186e-13 0.0 1.0
  outer loop
    vertex -240.6212268196721 392.4637956626014 301.3010129835833
    vertex -244.1672318196721 380.3097726626014 301.30101298358426
    vertex -239.83523081967212 391.75178966260137 301.30101298358306
  endloop
endfacet
facet normal 2.6179058920661186e-13 0.0 1.0
  outer loop
    vertex -241.3332318196721 393.24977566260145 301.3010129835835
    vertex -244.1672318196721 380.3097726626014 301.30101298358426
    vertex -240.6212268196721 392.4637956626014 301.3010129835833
  endloop
endfacet
facet normal 2.6179058920661186e-13 0.0 1.0
  outer loop
    vertex -241.9652358196721 394.1017956626014 301.3010129835837
    vertex -244.1672318196721 380.3097726626014 301.30101298358426
    vertex -241.3332318196721 393.24977566260145 301.3010129835835
  endloop
endfacet
facet normal 2.6179058920661186e-13 0.0 1.0
  outer loop
    vertex -242.50922681967202 395.00978566260136 301.30101298358386
    vertex -244.1672318196721 380.3097726626014 301.30101298358426
    vertex -241.9652358196721 394.1017956626014 301.3010129835837
  endloop
endfacet
facet normal 2.6179058920661186e-13 0.0 1.0
  outer loop
    vertex -242.9632368196721 395.9677926626013 301.30101298358386
    vertex -244.1672318196721 380.3097726626014 301.30101298358426
    vertex -242.50922681967202 395.00978566260136 301.30101298358386
  endloop
endfacet
facet normal 2.6179058920661186e-13 0.0 1.0
  outer loop
    vertex -243.32123881967212 396.96577866260134 301.301012983584
    vertex -244.1672318196721 380.3097726626014 301.30101298358426
    vertex -242.9632368196721 395.9677926626013 301.30101298358386
  endloop
endfacet
facet normal 2.6179058920661186e-13 0.0 1.0
  outer loop
    vertex -243.57723581967213 397.9957776626014 301.3010129835841
    vertex -244.1672318196721 380.3097726626014 301.30101298358426
    vertex -243.32123881967212 396.96577866260134 301.301012983584
  endloop
endfacet
facet normal 2.6179058920661186e-13 0.0 1.0
  outer loop
    vertex -243.7332258196721 399.0437816626015 301.3010129835841
    vertex -244.1672318196721 380.3097726626014 301.30101298358426
    vertex -243.57723581967213 397.9957776626014 301.3010129835841
  endloop
endfacet
facet normal 2.6179058920661186e-13 0.0 1.0
  outer loop
    vertex -243.78522781967214 400.10179566260143 301.30101298358414
    vertex -244.1672318196721 380.3097726626014 301.30101298358426
    vertex -243.7332258196721 399.0437816626015 301.3010129835841
  endloop
endfacet
facet normal 2.6179058920661186e-13 0.0 1.0
  outer loop
    vertex -244.1452288196721 417.8837786626014 301.3010129835842
    vertex -244.1672318196721 380.3097726626014 301.30101298358426
    vertex -243.78522781967214 400.10179566260143 301.30101298358414
  endloop
endfacet
facet normal 2.6179058920661186e-13 0.0 1.0
  outer loop
    vertex -249.2912398196721 416.00780166260137 301.30101298358557
    vertex -244.1672318196721 380.3097726626014 301.30101298358426
    vertex -244.1452288196721 417.8837786626014 301.3010129835842
  endloop
endfacet
facet normal 2.6179058920661186e-13 0.0 1.0
  outer loop
    vertex -249.30922981967214 382.19179166260125 301.3010129835856
    vertex -244.1672318196721 380.3097726626014 301.30101298358426
    vertex -249.2912398196721 416.00780166260137 301.30101298358557
  endloop
endfacet
facet normal 2.6179058920661186e-13 0.0 1.0
  outer loop
    vertex -249.95722481967212 400.14580166260134 301.3010129835858
    vertex -249.30922981967214 382.19179166260125 301.3010129835856
    vertex -249.2912398196721 416.00780166260137 301.30101298358557
  endloop
endfacet
facet normal 2.6179058920661186e-13 0.0 1.0
  outer loop
    vertex -250.02123581967214 400.79777966260144 301.3010129835858
    vertex -249.95722481967212 400.14580166260134 301.3010129835858
    vertex -249.2912398196721 416.00780166260137 301.30101298358557
  endloop
endfacet
facet normal 2.6179058920661186e-13 0.0 1.0
  outer loop
    vertex -253.80123481967215 413.4818006626014 301.30101298358676
    vertex -250.02123581967214 400.79777966260144 301.3010129835858
    vertex -249.2912398196721 416.00780166260137 301.30101298358557
  endloop
endfacet
facet normal 2.6179058920661186e-13 0.0 1.0
  outer loop
    vertex -250.2112378196721 401.42378666260123 301.30101298358585
    vertex -250.02123581967214 400.79777966260144 301.3010129835858
    vertex -253.80123481967215 413.4818006626014 301.30101298358676
  endloop
endfacet
facet normal 2.6179058920661186e-13 0.0 1.0
  outer loop
    vertex -250.5192368196721 402.00178966260137 301.30101298358585
    vertex -250.2112378196721 401.42378666260123 301.30101298358585
    vertex -253.80123481967215 413.4818006626014 301.30101298358676
  endloop
endfacet
facet normal 2.6179058920661186e-13 0.0 1.0
  outer loop
    vertex -250.9352368196721 402.50780166260137 301.30101298358596
    vertex -250.5192368196721 402.00178966260137 301.30101298358585
    vertex -253.80123481967215 413.4818006626014 301.30101298358676
  endloop
endfacet
facet normal 2.6179058920661186e-13 0.0 1.0
  outer loop
    vertex -251.4412338196721 402.9237866626013 301.3010129835861
    vertex -250.9352368196721 402.50780166260137 301.30101298358596
    vertex -253.80123481967215 413.4818006626014 301.30101298358676
  endloop
endfacet
facet normal 2.6179058920661186e-13 0.0 1.0
  outer loop
    vertex -252.02123581967214 403.2337846626013 301.3010129835863
    vertex -251.4412338196721 402.9237866626013 301.3010129835861
    vertex -253.80123481967215 413.4818006626014 301.30101298358676
  endloop
endfacet
facet normal 2.6179058920661186e-13 0.0 1.0
  outer loop
    vertex -252.6472278196721 403.42378666260134 301.3010129835864
    vertex -252.02123581967214 403.2337846626013 301.3010129835863
    vertex -253.80123481967215 413.4818006626014 301.30101298358676
  endloop
endfacet
facet normal 2.6179058920661186e-13 0.0 1.0
  outer loop
    vertex -253.30123481967212 403.48778166260126 301.3010129835866
    vertex -252.6472278196721 403.42378666260134 301.3010129835864
    vertex -253.80123481967215 413.4818006626014 301.30101298358676
  endloop
endfacet
facet normal 2.6179058920661186e-13 0.0 1.0
  outer loop
    vertex -253.9532268196721 403.42378666260134 301.30101298358676
    vertex -253.30123481967212 403.48778166260126 301.3010129835866
    vertex -253.80123481967215 413.4818006626014 301.30101298358676
  endloop
endfacet
facet normal 2.6179058920661186e-13 0.0 1.0
  outer loop
    vertex -257.50322981967213 410.40178366260125 301.3010129835877
    vertex -253.9532268196721 403.42378666260134 301.30101298358676
    vertex -253.80123481967215 413.4818006626014 301.30101298358676
  endloop
endfacet
facet normal 2.6179058920661186e-13 0.0 1.0
  outer loop
    vertex -254.5812328196721 403.2337846626013 301.30101298358693
    vertex -253.9532268196721 403.42378666260134 301.30101298358676
    vertex -257.50322981967213 410.40178366260125 301.3010129835877
  endloop
endfacet
facet normal 2.6179058920661186e-13 0.0 1.0
  outer loop
    vertex -255.15923581967212 402.9258006626014 301.3010129835871
    vertex -254.5812328196721 403.2337846626013 301.30101298358693
    vertex -257.50322981967213 410.40178366260125 301.3010129835877
  endloop
endfacet
facet normal 2.6179058920661186e-13 0.0 1.0
  outer loop
    vertex -255.6672318196721 402.51179966260133 301.3010129835872
    vertex -255.15923581967212 402.9258006626014 301.3010129835871
    vertex -257.50322981967213 410.40178366260125 301.3010129835877
  endloop
endfacet
facet normal 2.6179058920661186e-13 0.0 1.0
  outer loop
    vertex -256.0832318196721 402.00578766260116 301.3010129835873
    vertex -255.6672318196721 402.51179966260133 301.3010129835872
    vertex -257.50322981967213 410.40178366260125 301.3010129835877
  endloop
endfacet
facet normal 2.6179058920661186e-13 0.0 1.0
  outer loop
    vertex -256.3932298196721 401.4277846626014 301.30101298358744
    vertex -256.0832318196721 402.00578766260116 301.3010129835873
    vertex -257.50322981967213 410.40178366260125 301.3010129835877
  endloop
endfacet
facet normal 2.6179058920661186e-13 0.0 1.0
  outer loop
    vertex -256.5832318196721 400.80177766260124 301.3010129835875
    vertex -256.3932298196721 401.4277846626014 301.30101298358744
    vertex -257.50322981967213 410.40178366260125 301.3010129835877
  endloop
endfacet
facet normal 2.6179058920661186e-13 0.0 1.0
  outer loop
    vertex -256.6492268196721 400.1517836626014 301.30101298358755
    vertex -256.5832318196721 400.80177766260124 301.3010129835875
    vertex -257.50322981967213 410.40178366260125 301.3010129835877
  endloop
endfacet
facet normal 2.6179058920661186e-13 0.0 1.0
  outer loop
    vertex -203.02123581967209 399.07777866260125 301.3010129835734
    vertex -203.58922881967212 403.0457956626012 301.3010129835736
    vertex -203.59322681967208 395.1097916626013 301.3010129835736
  endloop
endfacet
facet normal 2.6179058920661186e-13 0.0 1.0
  outer loop
    vertex -205.28122981967212 406.85979166260137 301.301012983574
    vertex -203.59322681967208 395.1097916626013 301.3010129835736
    vertex -203.58922881967212 403.0457956626012 301.3010129835736
  endloop
endfacet
facet normal 2.6179058920661186e-13 0.0 1.0
  outer loop
    vertex -205.2892258196722 391.29579566260134 301.301012983574
    vertex -203.59322681967208 395.1097916626013 301.3010129835736
    vertex -205.28122981967212 406.85979166260137 301.301012983574
  endloop
endfacet
facet normal 2.6179058920661186e-13 0.0 1.0
  outer loop
    vertex -208.02723181967212 410.37779666260104 301.3010129835747
    vertex -205.2892258196722 391.29579566260134 301.301012983574
    vertex -205.28122981967212 406.85979166260137 301.301012983574
  endloop
endfacet
facet normal 2.6179058920661186e-13 0.0 1.0
  outer loop
    vertex -208.0412248196721 387.7817886626013 301.30101298357476
    vertex -205.2892258196722 391.29579566260134 301.301012983574
    vertex -208.02723181967212 410.37779666260104 301.3010129835747
  endloop
endfacet
facet normal 2.6179058920661186e-13 0.0 1.0
  outer loop
    vertex -211.7252308196722 413.4597976626011 301.30101298357573
    vertex -208.0412248196721 387.7817886626013 301.30101298357476
    vertex -208.02723181967212 410.37779666260104 301.3010129835747
  endloop
endfacet
facet normal 2.6179058920661186e-13 0.0 1.0
  outer loop
    vertex -211.7412368196721 384.7017716626011 301.30101298357573
    vertex -208.0412248196721 387.7817886626013 301.30101298357476
    vertex -211.7252308196722 413.4597976626011 301.30101298357573
  endloop
endfacet
facet normal 2.6179058920661186e-13 0.0 1.0
  outer loop
    vertex -216.23322581967204 415.9917796626013 301.3010129835769
    vertex -211.7412368196721 384.7017716626011 301.30101298357573
    vertex -211.7252308196722 413.4597976626011 301.30101298357573
  endloop
endfacet
facet normal 2.6179058920661186e-13 0.0 1.0
  outer loop
    vertex -216.25123181967214 382.1758006626014 301.3010129835769
    vertex -211.7412368196721 384.7017716626011 301.30101298357573
    vertex -216.23322581967204 415.9917796626013 301.3010129835769
  endloop
endfacet
facet normal 2.6179058920661186e-13 0.0 1.0
  outer loop
    vertex -221.3752238196721 417.8737986626015 301.30101298357823
    vertex -216.25123181967214 382.1758006626014 301.3010129835769
    vertex -216.23322581967204 415.9917796626013 301.3010129835769
  endloop
endfacet
facet normal 2.6179058920661186e-13 0.0 1.0
  outer loop
    vertex -221.39722781967205 380.2997936626013 301.30101298357823
    vertex -216.25123181967214 382.1758006626014 301.3010129835769
    vertex -221.3752238196721 417.8737986626015 301.30101298357823
  endloop
endfacet
facet normal 2.6179058920661186e-13 0.0 1.0
  outer loop
    vertex -222.18122381967208 400.10179566260143 301.30101298357846
    vertex -221.39722781967205 380.2997936626013 301.30101298357823
    vertex -221.3752238196721 417.8737986626015 301.30101298357823
  endloop
endfacet
facet normal 2.6179058920661186e-13 0.0 1.0
  outer loop
    vertex -222.2332258196721 401.1617936626015 301.3010129835785
    vertex -222.18122381967208 400.10179566260143 301.30101298357846
    vertex -221.3752238196721 417.8737986626015 301.30101298357823
  endloop
endfacet
facet normal 2.6179058920661186e-13 0.0 1.0
  outer loop
    vertex -222.38923181967212 402.2097976626013 301.3010129835786
    vertex -222.2332258196721 401.1617936626015 301.3010129835785
    vertex -221.3752238196721 417.8737986626015 301.30101298357823
  endloop
endfacet
facet normal 2.6179058920661186e-13 0.0 1.0
  outer loop
    vertex -222.64522881967207 403.2377816626013 301.3010129835786
    vertex -222.38923181967212 402.2097976626013 301.3010129835786
    vertex -221.3752238196721 417.8737986626015 301.30101298357823
  endloop
endfacet
facet normal 2.6179058920661186e-13 0.0 1.0
  outer loop
    vertex -226.9552258196721 419.0317886626014 301.3010129835797
    vertex -222.64522881967207 403.2377816626013 301.3010129835786
    vertex -221.3752238196721 417.8737986626015 301.30101298357823
  endloop
endfacet
facet normal 2.6179058920661186e-13 0.0 1.0
  outer loop
    vertex -223.0032298196721 404.23579866260155 301.30101298357863
    vertex -222.64522881967207 403.2377816626013 301.3010129835786
    vertex -226.9552258196721 419.0317886626014 301.3010129835797
  endloop
endfacet
facet normal 2.6179058920661186e-13 0.0 1.0
  outer loop
    vertex -223.4552258196721 405.19377566260135 301.3010129835788
    vertex -223.0032298196721 404.23579866260155 301.30101298357863
    vertex -226.9552258196721 419.0317886626014 301.3010129835797
  endloop
endfacet
facet normal 2.6179058920661186e-13 0.0 1.0
  outer loop
    vertex -224.00123181967214 406.1037796626014 301.3010129835789
    vertex -223.4552258196721 405.19377566260135 301.3010129835788
    vertex -226.9552258196721 419.0317886626014 301.3010129835797
  endloop
endfacet
facet normal 2.6179058920661186e-13 0.0 1.0
  outer loop
    vertex -224.6332348196721 406.9557996626015 301.30101298357914
    vertex -224.00123181967214 406.1037796626014 301.3010129835789
    vertex -226.9552258196721 419.0317886626014 301.3010129835797
  endloop
endfacet
facet normal 2.6179058920661186e-13 0.0 1.0
  outer loop
    vertex -225.3452258196721 407.7417796626016 301.3010129835793
    vertex -224.6332348196721 406.9557996626015 301.30101298357914
    vertex -226.9552258196721 419.0317886626014 301.3010129835797
  endloop
endfacet
facet normal 2.6179058920661186e-13 0.0 1.0
  outer loop
    vertex -226.1292378196721 408.4518016626013 301.30101298357954
    vertex -225.3452258196721 407.7417796626016 301.3010129835793
    vertex -226.9552258196721 419.0317886626014 301.3010129835797
  endloop
endfacet
facet normal 2.6179058920661186e-13 0.0 1.0
  outer loop
    vertex -226.98122681967212 409.0837906626014 301.3010129835797
    vertex -226.1292378196721 408.4518016626013 301.30101298357954
    vertex -226.9552258196721 419.0317886626014 301.3010129835797
  endloop
endfacet
facet normal 2.6179058920661186e-13 0.0 1.0
  outer loop
    vertex -232.7592268196721 419.42580066260143 301.30101298358124
    vertex -226.98122681967212 409.0837906626014 301.3010129835797
    vertex -226.9552258196721 419.0317886626014 301.3010129835797
  endloop
endfacet
facet normal 2.6179058920661186e-13 0.0 1.0
  outer loop
    vertex -227.8912308196721 409.6297806626015 301.30101298357994
    vertex -226.98122681967212 409.0837906626014 301.3010129835797
    vertex -232.7592268196721 419.42580066260143 301.30101298358124
  endloop
endfacet
facet normal 2.6179058920661186e-13 0.0 1.0
  outer loop
    vertex -228.84923881967214 410.08177666260127 301.30101298358016
    vertex -227.8912308196721 409.6297806626015 301.30101298357994
    vertex -232.7592268196721 419.42580066260143 301.30101298358124
  endloop
endfacet
facet normal 2.6179058920661186e-13 0.0 1.0
  outer loop
    vertex -229.8472248196721 410.4397776626014 301.30101298358045
    vertex -228.84923881967214 410.08177666260127 301.30101298358016
    vertex -232.7592268196721 419.42580066260143 301.30101298358124
  endloop
endfacet
facet normal 2.6179058920661186e-13 0.0 1.0
  outer loop
    vertex -230.8752238196721 410.6977736626014 301.30101298358073
    vertex -229.8472248196721 410.4397776626014 301.30101298358045
    vertex -232.7592268196721 419.42580066260143 301.30101298358124
  endloop
endfacet
facet normal 2.6179058920661186e-13 0.0 1.0
  outer loop
    vertex -231.9252268196721 410.8517956626013 301.301012983581
    vertex -230.8752238196721 410.6977736626014 301.30101298358073
    vertex -232.7592268196721 419.42580066260143 301.30101298358124
  endloop
endfacet
facet normal 2.6179058920661186e-13 0.0 1.0
  outer loop
    vertex -232.9832258196721 410.9037976626014 301.30101298358124
    vertex -231.9252268196721 410.8517956626013 301.301012983581
    vertex -232.7592268196721 419.42580066260143 301.30101298358124
  endloop
endfacet
facet normal 2.6179058920661186e-13 0.0 1.0
  outer loop
    vertex -238.5632278196721 419.03780066260134 301.3010129835828
    vertex -232.9832258196721 410.9037976626014 301.30101298358124
    vertex -232.7592268196721 419.42580066260143 301.30101298358124
  endloop
endfacet
facet normal 2.6179058920661186e-13 0.0 1.0
  outer loop
    vertex -234.0412248196721 410.8517956626013 301.30101298358153
    vertex -232.9832258196721 410.9037976626014 301.30101298358124
    vertex -238.5632278196721 419.03780066260134 301.3010129835828
  endloop
endfacet
facet normal 2.6179058920661186e-13 0.0 1.0
  outer loop
    vertex -235.0912278196721 410.6977736626014 301.30101298358187
    vertex -234.0412248196721 410.8517956626013 301.30101298358153
    vertex -238.5632278196721 419.03780066260134 301.3010129835828
  endloop
endfacet
facet normal 2.6179058920661186e-13 0.0 1.0
  outer loop
    vertex -236.11922781967212 410.4397776626014 301.3010129835821
    vertex -235.0912278196721 410.6977736626014 301.30101298358187
    vertex -238.5632278196721 419.03780066260134 301.3010129835828
  endloop
endfacet
facet normal 2.6179058920661186e-13 0.0 1.0
  outer loop
    vertex -237.11722881967214 410.08177666260127 301.3010129835823
    vertex -236.11922781967212 410.4397776626014 301.3010129835821
    vertex -238.5632278196721 419.03780066260134 301.3010129835828
  endloop
endfacet
facet normal 2.6179058920661186e-13 0.0 1.0
  outer loop
    vertex -238.0752368196721 409.6297806626015 301.3010129835826
    vertex -237.11722881967214 410.08177666260127 301.3010129835823
    vertex -238.5632278196721 419.03780066260134 301.3010129835828
  endloop
endfacet
facet normal 2.6179058920661186e-13 0.0 1.0
  outer loop
    vertex -238.98522481967208 409.0837906626014 301.30101298358284
    vertex -238.0752368196721 409.6297806626015 301.3010129835826
    vertex -238.5632278196721 419.03780066260134 301.3010129835828
  endloop
endfacet
facet normal 2.6179058920661186e-13 0.0 1.0
  outer loop
    vertex -244.1452288196721 417.8837786626014 301.3010129835842
    vertex -238.98522481967208 409.0837906626014 301.30101298358284
    vertex -238.5632278196721 419.03780066260134 301.3010129835828
  endloop
endfacet
facet normal 2.6179058920661186e-13 0.0 1.0
  outer loop
    vertex -239.83523081967212 408.4518016626013 301.3010129835831
    vertex -238.98522481967208 409.0837906626014 301.30101298358284
    vertex -244.1452288196721 417.8837786626014 301.3010129835842
  endloop
endfacet
facet normal 2.6179058920661186e-13 0.0 1.0
  outer loop
    vertex -240.6212268196721 407.7417796626014 301.30101298358335
    vertex -239.83523081967212 408.4518016626013 301.3010129835831
    vertex -244.1452288196721 417.8837786626014 301.3010129835842
  endloop
endfacet
facet normal 2.6179058920661186e-13 0.0 1.0
  outer loop
    vertex -241.3332318196721 406.9557996626013 301.3010129835835
    vertex -240.6212268196721 407.7417796626014 301.30101298358335
    vertex -244.1452288196721 417.8837786626014 301.3010129835842
  endloop
endfacet
facet normal 2.6179058920661186e-13 0.0 1.0
  outer loop
    vertex -241.9652358196721 406.1037796626014 301.3010129835837
    vertex -241.3332318196721 406.9557996626013 301.3010129835835
    vertex -244.1452288196721 417.8837786626014 301.3010129835842
  endloop
endfacet
facet normal 2.6179058920661186e-13 0.0 1.0
  outer loop
    vertex -242.5092268196721 405.19377566260135 301.3010129835838
    vertex -241.9652358196721 406.1037796626014 301.3010129835837
    vertex -244.1452288196721 417.8837786626014 301.3010129835842
  endloop
endfacet
facet normal 2.6179058920661186e-13 0.0 1.0
  outer loop
    vertex -242.9632368196721 404.2357986626014 301.30101298358386
    vertex -242.5092268196721 405.19377566260135 301.3010129835838
    vertex -244.1452288196721 417.8837786626014 301.3010129835842
  endloop
endfacet
facet normal 2.6179058920661186e-13 0.0 1.0
  outer loop
    vertex -243.32123881967212 403.2377816626013 301.301012983584
    vertex -242.9632368196721 404.2357986626014 301.30101298358386
    vertex -244.1452288196721 417.8837786626014 301.3010129835842
  endloop
endfacet
facet normal 2.6179058920661186e-13 0.0 1.0
  outer loop
    vertex -243.57723581967213 402.2097976626013 301.3010129835841
    vertex -243.32123881967212 403.2377816626013 301.301012983584
    vertex -244.1452288196721 417.8837786626014 301.3010129835842
  endloop
endfacet
facet normal 2.6179058920661186e-13 0.0 1.0
  outer loop
    vertex -243.7332258196721 401.16179366260127 301.30101298358414
    vertex -243.57723581967213 402.2097976626013 301.3010129835841
    vertex -244.1452288196721 417.8837786626014 301.3010129835842
  endloop
endfacet
facet normal 2.6179058920661186e-13 0.0 1.0
  outer loop
    vertex -243.78522781967214 400.10179566260143 301.30101298358414
    vertex -243.7332258196721 401.16179366260127 301.30101298358414
    vertex -244.1452288196721 417.8837786626014 301.3010129835842
  endloop
endfacet
facet normal 0.9412727776072697 -0.33764709111066776 -2.4641635505395125e-13
  outer loop
    vertex -243.32123881967212 403.2377816626013 301.301012983584
    vertex -243.32123881967271 403.2377816626013 299.05701298358395
    vertex -242.9632368196721 404.2357986626014 301.30101298358386
  endloop
endfacet
facet normal 0.9412727776072697 -0.33764709111066776 -2.4641635505395125e-13
  outer loop
    vertex -242.9632368196727 404.2357986626014 299.0570129835839
    vertex -242.9632368196721 404.2357986626014 301.30101298358386
    vertex -243.32123881967271 403.2377816626013 299.05701298358395
  endloop
endfacet
facet normal 0.3422267458731034 0.9386790042324958 0.0419831087724172
  outer loop
    vertex -242.89322981966325 380.00178966260165 335.23501398358394
    vertex -247.8852338196661 382.3177996626014 324.1450139835852
    vertex -243.36323081966276 380.0938006626016 337.00901598358405
  endloop
endfacet
facet normal -0.24342019772611154 0.9699209283951866 6.37251169875087e-14
  outer loop
    vertex -229.8472248196727 389.76579766260136 299.05701298358053
    vertex -230.8752238196727 389.5078016626014 299.0570129835808
    vertex -229.8472248196721 389.76579766260136 301.3010129835805
  endloop
endfacet
facet normal -0.24342019772611154 0.9699209283951866 6.37251169875087e-14
  outer loop
    vertex -230.8752238196721 389.5078016626014 301.3010129835808
    vertex -229.8472248196721 389.76579766260136 301.3010129835805
    vertex -230.8752238196727 389.5078016626014 299.0570129835808
  endloop
endfacet
facet normal 0.13723617626659787 0.9905383545784635 -5.71957574749233e-06
  outer loop
    vertex -237.3152268196653 381.03780066260134 327.37901398358247
    vertex -237.31522681966484 381.0378006626015 329.12501398358245
    vertex -233.15923581966467 380.4617806626013 329.80301498358136
  endloop
endfacet
facet normal 0.13723617626659787 0.9905383545784635 -5.71957574749233e-06
  outer loop
    vertex -234.65723681966446 380.66978866260166 330.6750149835818
    vertex -233.15923581966467 380.4617806626013 329.80301498358136
    vertex -237.31522681966484 381.0378006626015 329.12501398358245
  endloop
endfacet
facet normal 0.13723617626659787 0.9905383545784635 -5.71957574749233e-06
  outer loop
    vertex -233.1592358196634 380.46178066260165 334.6470129835814
    vertex -233.15923581966467 380.4617806626013 329.80301498358136
    vertex -234.65723681966446 380.66978866260166 330.6750149835818
  endloop
endfacet
facet normal 0.13723617626659787 0.9905383545784635 -5.71957574749233e-06
  outer loop
    vertex -234.65723681966364 380.66978866260166 333.7750149835818
    vertex -233.1592358196634 380.46178066260165 334.6470129835814
    vertex -234.65723681966446 380.66978866260166 330.6750149835818
  endloop
endfacet
facet normal 0.13723617626659787 0.9905383545784635 -5.71957574749233e-06
  outer loop
    vertex -237.31522681966322 381.0378006626017 335.3250149835825
    vertex -233.1592358196634 380.46178066260165 334.6470129835814
    vertex -234.65723681966364 380.66978866260166 333.7750149835818
  endloop
endfacet
facet normal 0.13723617626659787 0.9905383545784635 -5.71957574749233e-06
  outer loop
    vertex -237.31522681966277 381.0378006626017 337.00901598358246
    vertex -233.1592358196634 380.46178066260165 334.6470129835814
    vertex -237.31522681966322 381.0378006626017 335.3250149835825
  endloop
endfacet
facet normal 0.13723617626659787 0.9905383545784635 -5.71957574749233e-06
  outer loop
    vertex -237.3152268196653 381.03780066260134 327.37901398358247
    vertex -241.47123281966464 381.61378966260133 329.8030149835836
    vertex -237.31522681966484 381.0378006626015 329.12501398358245
  endloop
endfacet
facet normal 0.13723617626659787 0.9905383545784635 -5.71957574749233e-06
  outer loop
    vertex -239.97523081966446 381.4057816626013 330.67501498358314
    vertex -237.31522681966484 381.0378006626015 329.12501398358245
    vertex -241.47123281966464 381.61378966260133 329.8030149835836
  endloop
endfacet
facet normal 0.13723617626659787 0.9905383545784635 -5.71957574749233e-06
  outer loop
    vertex -241.47123281966338 381.6137896626017 334.6470129835836
    vertex -239.97523081966446 381.4057816626013 330.67501498358314
    vertex -241.47123281966464 381.61378966260133 329.8030149835836
  endloop
endfacet
facet normal 0.13723617626659787 0.9905383545784635 -5.71957574749233e-06
  outer loop
    vertex -239.97523081966364 381.4057816626013 333.77501498358316
    vertex -239.97523081966446 381.4057816626013 330.67501498358314
    vertex -241.47123281966338 381.6137896626017 334.6470129835836
  endloop
endfacet
facet normal 0.13723617626659787 0.9905383545784635 -5.71957574749233e-06
  outer loop
    vertex -237.31522681966322 381.0378006626017 335.3250149835825
    vertex -239.97523081966364 381.4057816626013 333.77501498358316
    vertex -241.47123281966338 381.6137896626017 334.6470129835836
  endloop
endfacet
facet normal 0.13723617626659787 0.9905383545784635 -5.71957574749233e-06
  outer loop
    vertex -237.31522681966277 381.0378006626017 337.00901598358246
    vertex -237.31522681966322 381.0378006626017 335.3250149835825
    vertex -241.47123281966338 381.6137896626017 334.6470129835836
  endloop
endfacet
facet normal 0.06901718502910112 0.9975878054658104 0.007429573108030511
  outer loop
    vertex -232.3272358196661 379.0217786626014 324.14501398358107
    vertex -237.7912248196661 379.39979966260137 324.14501398358254
    vertex -237.72722881966592 379.3877756626013 325.1650149835825
  endloop
endfacet
facet normal -0.14950991195564473 0.988664786784083 -0.013737743635667932
  outer loop
    vertex -238.1152298196654 422.3337906626013 326.7290139835826
    vertex -237.87322581966578 422.35179566260143 325.3910149835826
    vertex -239.34522581966544 422.1477856626013 326.72901398358295
  endloop
endfacet
facet normal -0.34308173426122035 0.5738850302525207 0.7436066807583004
  outer loop
    vertex -237.31522681966277 381.0378006626017 337.00901598358246
    vertex -241.47123281966338 381.6137896626017 334.6470129835836
    vertex -242.89322981966325 380.00178966260165 335.23501398358394
  endloop
endfacet
facet normal 0.9703639775947522 -0.24164798982505814 -2.540321574394017e-13
  outer loop
    vertex -243.57723581967213 402.2097976626013 301.3010129835841
    vertex -243.5772358196727 402.2097976626013 299.05701298358406
    vertex -243.32123881967212 403.2377816626013 301.301012983584
  endloop
endfacet
facet normal 0.9703639775947522 -0.24164798982505814 -2.540321574394017e-13
  outer loop
    vertex -243.32123881967271 403.2377816626013 299.05701298358395
    vertex -243.32123881967212 403.2377816626013 301.301012983584
    vertex -243.5772358196727 402.2097976626013 299.05701298358406
  endloop
endfacet
facet normal -0.03940705895798212 -0.9471621888581083 -0.31832510378824874
  outer loop
    vertex -237.99523481966617 417.5437816626014 324.11301498358256
    vertex -238.00322981966522 416.3617746626014 327.63101398358253
    vertex -242.26122581966467 415.8277786626016 329.74701398358366
  endloop
endfacet
facet normal 0.903653366670352 -0.4282646295286815 -2.365679472991699e-13
  outer loop
    vertex -242.9632368196721 404.2357986626014 301.30101298358386
    vertex -242.9632368196727 404.2357986626014 299.0570129835839
    vertex -242.5092268196721 405.19377566260135 301.3010129835838
  endloop
endfacet
facet normal 0.903653366670352 -0.4282646295286815 -2.365679472991699e-13
  outer loop
    vertex -242.50922681967268 405.19377566260135 299.0570129835838
    vertex -242.5092268196721 405.19377566260135 301.3010129835838
    vertex -242.9632368196727 404.2357986626014 299.0570129835839
  endloop
endfacet
facet normal -0.43294762166820416 0.6250679009034238 -0.6494970947987629
  outer loop
    vertex -241.47123281966464 381.61378966260133 329.8030149835836
    vertex -237.72722881966592 379.3877756626013 325.1650149835825
    vertex -242.8932298196648 380.0157976626016 329.21301498358395
  endloop
endfacet
facet normal 0.9853613843751711 -0.1704785681024061 -2.579583373970188e-13
  outer loop
    vertex -240.2752338196636 379.6717726626014 333.77501498358316
    vertex -240.27523381966444 379.6717726626014 330.6750149835832
    vertex -239.97523081966364 381.4057816626013 333.77501498358316
  endloop
endfacet
facet normal 0.9853613843751711 -0.1704785681024061 -2.579583373970188e-13
  outer loop
    vertex -239.97523081966446 381.4057816626013 330.67501498358314
    vertex -239.97523081966364 381.4057816626013 333.77501498358316
    vertex -240.27523381966444 379.6717726626014 330.6750149835832
  endloop
endfacet
facet normal 0.6703331176305641 -0.7420603152087358 -1.7548690182921043e-13
  outer loop
    vertex -240.6212268196727 407.7417796626014 299.0570129835834
    vertex -239.83523081967272 408.4518016626013 299.05701298358315
    vertex -240.6212268196721 407.7417796626014 301.30101298358335
  endloop
endfacet
facet normal 0.6703331176305641 -0.7420603152087358 -1.7548690182921043e-13
  outer loop
    vertex -239.83523081967212 408.4518016626013 301.3010129835831
    vertex -240.6212268196721 407.7417796626014 301.30101298358335
    vertex -239.83523081967272 408.4518016626013 299.05701298358315
  endloop
endfacet
facet normal 0.4373911784209821 0.6801506107191047 -0.5882891328062534
  outer loop
    vertex -237.72722881966592 379.3877756626013 325.1650149835825
    vertex -237.3152268196653 381.03780066260134 327.37901398358247
    vertex -233.15923581966467 380.4617806626013 329.80301498358136
  endloop
endfacet
facet normal 0.7411227078397542 -0.6713695941314816 -1.940189503597689e-13
  outer loop
    vertex -241.3332318196721 406.9557996626013 301.3010129835835
    vertex -241.33323181967268 406.9557996626013 299.05701298358355
    vertex -240.6212268196721 407.7417796626014 301.30101298358335
  endloop
endfacet
facet normal 0.7411227078397542 -0.6713695941314816 -1.940189503597689e-13
  outer loop
    vertex -240.6212268196727 407.7417796626014 299.0570129835834
    vertex -240.6212268196721 407.7417796626014 301.30101298358335
    vertex -241.33323181967268 406.9557996626013 299.05701298358355
  endloop
endfacet
facet normal 0.9987987955205976 -0.048999653739631326 -2.614761251781915e-13
  outer loop
    vertex -243.78522781967214 400.10179566260143 301.30101298358414
    vertex -243.7852278196727 400.10179566260143 299.0570129835842
    vertex -243.7332258196721 401.16179366260127 301.30101298358414
  endloop
endfacet
facet normal 0.9987987955205976 -0.048999653739631326 -2.614761251781915e-13
  outer loop
    vertex -243.73322581967267 401.16179366260127 299.0570129835842
    vertex -243.7332258196721 401.16179366260127 301.30101298358414
    vertex -243.7852278196727 400.10179566260143 299.0570129835842
  endloop
endfacet
facet normal 0.692005618983836 -0.43936151460467127 -0.5727911336421744
  outer loop
    vertex -233.74323581966465 416.8958016626013 329.7470139835815
    vertex -237.99523481966617 417.5437816626014 324.11301498358256
    vertex -233.1532398196648 418.4377946626013 329.2770139835813
  endloop
endfacet
facet normal 0.8578274373702135 0.513937824736468 -2.2457115026674614e-13
  outer loop
    vertex -241.9652358196721 394.1017956626014 301.3010129835837
    vertex -241.9652358196727 394.1017956626014 299.05701298358366
    vertex -242.50922681967202 395.00978566260136 301.30101298358386
  endloop
endfacet
facet normal 0.8578274373702135 0.513937824736468 -2.2457115026674614e-13
  outer loop
    vertex -242.5092268196726 395.00978566260136 299.0570129835839
    vertex -242.50922681967202 395.00978566260136 301.30101298358386
    vertex -241.9652358196727 394.1017956626014 299.05701298358366
  endloop
endfacet
facet normal 0.8031611171017562 -0.5957618819426596 -2.1026002207390934e-13
  outer loop
    vertex -241.9652358196721 406.1037796626014 301.3010129835837
    vertex -241.9652358196727 406.1037796626014 299.05701298358366
    vertex -241.3332318196721 406.9557996626013 301.3010129835835
  endloop
endfacet
facet normal 0.8031611171017562 -0.5957618819426596 -2.1026002207390934e-13
  outer loop
    vertex -241.33323181967268 406.9557996626013 299.05701298358355
    vertex -241.3332318196721 406.9557996626013 301.3010129835835
    vertex -241.9652358196727 406.1037796626014 299.05701298358366
  endloop
endfacet
facet normal -0.09484984542125877 0.9915657731521924 0.08832227542731377
  outer loop
    vertex -232.3272358196661 379.0217786626014 324.14501398358107
    vertex -232.5632278196648 378.5477796626013 329.21301498358116
    vertex -226.87522381966417 378.8757826626014 331.6390139835797
  endloop
endfacet
facet normal 0.7411227078397735 0.6713695941314605 -1.9401895035977398e-13
  outer loop
    vertex -240.6212268196721 392.4637956626014 301.3010129835833
    vertex -240.6212268196727 392.4637956626014 299.05701298358326
    vertex -241.3332318196721 393.24977566260145 301.3010129835835
  endloop
endfacet
facet normal 0.7411227078397735 0.6713695941314605 -1.9401895035977398e-13
  outer loop
    vertex -241.33323181967268 393.24977566260145 299.05701298358355
    vertex -241.3332318196721 393.24977566260145 301.3010129835835
    vertex -240.6212268196727 392.4637956626014 299.05701298358326
  endloop
endfacet
facet normal -0.7470471567427027 0.6647710475063153 1.9556991532879628e-13
  outer loop
    vertex -241.47123281966464 381.61378966260133 329.8030149835836
    vertex -242.8932298196648 380.0157976626016 329.21301498358395
    vertex -241.47123281966338 381.6137896626017 334.6470129835836
  endloop
endfacet
facet normal 0.970474739042716 0.24120277958591707 -2.540611537441255e-13
  outer loop
    vertex -243.32123881967212 396.96577866260134 301.301012983584
    vertex -243.32123881967271 396.96577866260134 299.05701298358395
    vertex -243.57723581967213 397.9957776626014 301.3010129835841
  endloop
endfacet
facet normal 0.970474739042716 0.24120277958591707 -2.540611537441255e-13
  outer loop
    vertex -243.5772358196727 397.9957776626014 299.05701298358406
    vertex -243.57723581967213 397.9957776626014 301.3010129835841
    vertex -243.32123881967271 396.96577866260134 299.05701298358395
  endloop
endfacet
facet normal -0.49299345020671875 0.08490926034540532 0.8658798274361585
  outer loop
    vertex -234.65723681966446 380.66978866260166 330.6750149835818
    vertex -237.31522681966484 381.0378006626015 329.12501398358245
    vertex -234.95522581966443 378.9337966626014 330.67501498358183
  endloop
endfacet
facet normal -0.49299345020671875 0.08490926034540532 0.8658798274361585
  outer loop
    vertex -237.61522981966485 379.30177766260164 329.12501398358245
    vertex -234.95522581966443 378.9337966626014 330.67501498358183
    vertex -237.31522681966484 381.0378006626015 329.12501398358245
  endloop
endfacet
facet normal 0.5966615807769089 0.8024929644705929 -1.5620038678853541e-13
  outer loop
    vertex -238.98522481967268 391.11980166260145 299.0570129835828
    vertex -239.83523081967272 391.75178966260137 299.05701298358304
    vertex -238.98522481967208 391.11980166260145 301.30101298358284
  endloop
endfacet
facet normal 0.5966615807769089 0.8024929644705929 -1.5620038678853541e-13
  outer loop
    vertex -239.83523081967212 391.75178966260137 301.30101298358306
    vertex -238.98522481967208 391.11980166260145 301.30101298358284
    vertex -239.83523081967272 391.75178966260137 299.05701298358304
  endloop
endfacet
facet normal -0.21418265740638098 0.8018877626576553 -0.5577650090909618
  outer loop
    vertex -237.3152268196653 381.03780066260134 327.37901398358247
    vertex -237.72722881966592 379.3877756626013 325.1650149835825
    vertex -241.47123281966464 381.61378966260133 329.8030149835836
  endloop
endfacet
facet normal -0.20453983573340997 -0.9786496316435308 -0.020207772814713316
  outer loop
    vertex -242.7672378196683 375.9258006626017 315.4670129835839
    vertex -240.95122781966762 375.4917796626017 318.10501298358344
    vertex -241.76322481966704 375.61577266260133 320.3190139835836
  endloop
endfacet
facet normal -0.9891011353733805 -0.14723771257082732 2.5893736901432606e-13
  outer loop
    vertex -222.2332258196727 401.1617936626015 299.05701298357855
    vertex -222.2332258196721 401.1617936626015 301.3010129835785
    vertex -222.38923181967272 402.2097976626013 299.0570129835786
  endloop
endfacet
facet normal -0.9891011353733805 -0.14723771257082732 2.5893736901432606e-13
  outer loop
    vertex -222.38923181967212 402.2097976626013 301.3010129835786
    vertex -222.38923181967272 402.2097976626013 299.0570129835786
    vertex -222.2332258196721 401.1617936626015 301.3010129835785
  endloop
endfacet
facet normal -0.7411292762452308 0.6713623432187871 1.9402066990650878e-13
  outer loop
    vertex -225.34522581967272 392.46379566260157 299.0570129835793
    vertex -225.34522581967215 392.46379566260157 301.3010129835793
    vertex -224.6332348196727 393.2497756626016 299.05701298357906
  endloop
endfacet
facet normal -0.7411292762452308 0.6713623432187871 1.9402066990650878e-13
  outer loop
    vertex -224.6332348196721 393.2497756626016 301.3010129835791
    vertex -224.6332348196727 393.2497756626016 299.05701298357906
    vertex -225.34522581967215 392.46379566260157 301.3010129835793
  endloop
endfacet
facet normal -0.6722941869331072 0.740284084805254 1.7600029131739818e-13
  outer loop
    vertex -225.34522581967272 392.46379566260157 299.0570129835793
    vertex -226.1292378196727 391.75178966260154 299.0570129835795
    vertex -225.34522581967215 392.46379566260157 301.3010129835793
  endloop
endfacet
facet normal -0.6722941869331072 0.740284084805254 1.7600029131739818e-13
  outer loop
    vertex -226.1292378196721 391.75178966260154 301.3010129835795
    vertex -225.34522581967215 392.46379566260157 301.3010129835793
    vertex -226.1292378196727 391.75178966260154 299.0570129835795
  endloop
endfacet
facet normal -0.7411292762452116 -0.6713623432188082 1.9402066990650376e-13
  outer loop
    vertex -224.6332348196727 406.9557996626015 299.05701298357917
    vertex -224.6332348196721 406.9557996626015 301.30101298357914
    vertex -225.3452258196727 407.7417796626016 299.05701298357934
  endloop
endfacet
facet normal -0.7411292762452116 -0.6713623432188082 1.9402066990650376e-13
  outer loop
    vertex -225.3452258196721 407.7417796626016 301.3010129835793
    vertex -225.3452258196727 407.7417796626016 299.05701298357934
    vertex -224.6332348196721 406.9557996626015 301.30101298357914
  endloop
endfacet
facet normal -0.6712656146180916 -0.7412168877133033 1.7573102076500867e-13
  outer loop
    vertex -226.1292378196727 408.4518016626013 299.05701298357957
    vertex -225.3452258196727 407.7417796626016 299.05701298357934
    vertex -226.1292378196721 408.4518016626013 301.30101298357954
  endloop
endfacet
facet normal -0.6712656146180916 -0.7412168877133033 1.7573102076500867e-13
  outer loop
    vertex -225.3452258196721 407.7417796626016 301.3010129835793
    vertex -226.1292378196721 408.4518016626013 301.30101298357954
    vertex -225.3452258196727 407.7417796626016 299.05701298357934
  endloop
endfacet
facet normal 0.1451340754530968 -0.989411997169215 -3.7994735126823076e-14
  outer loop
    vertex -235.09122781967267 410.6977736626014 299.05701298358184
    vertex -234.0412248196727 410.8517956626013 299.0570129835815
    vertex -235.0912278196721 410.6977736626014 301.30101298358187
  endloop
endfacet
facet normal 0.1451340754530968 -0.989411997169215 -3.7994735126823076e-14
  outer loop
    vertex -234.0412248196721 410.8517956626013 301.30101298358153
    vertex -235.0912278196721 410.6977736626014 301.30101298358187
    vertex -234.0412248196727 410.8517956626013 299.0570129835815
  endloop
endfacet
facet normal -0.970474739042721 0.2412027795858971 2.540611537441268e-13
  outer loop
    vertex -222.64522881967267 396.9657786626015 299.05701298357855
    vertex -222.64522881967207 396.9657786626015 301.3010129835786
    vertex -222.38923181967272 397.9957776626014 299.0570129835785
  endloop
endfacet
facet normal -0.970474739042721 0.2412027795858971 2.540611537441268e-13
  outer loop
    vertex -222.38923181967212 397.9957776626014 301.3010129835785
    vertex -222.38923181967272 397.9957776626014 299.0570129835785
    vertex -222.64522881967207 396.9657786626015 301.3010129835786
  endloop
endfacet
facet normal -0.8574914291241258 -0.5144982497333341 2.2448318647002455e-13
  outer loop
    vertex -223.45522581967268 405.19377566260135 299.0570129835788
    vertex -223.4552258196721 405.19377566260135 301.3010129835788
    vertex -224.00123181967274 406.1037796626014 299.0570129835789
  endloop
endfacet
facet normal -0.8574914291241258 -0.5144982497333341 2.2448318647002455e-13
  outer loop
    vertex -224.00123181967214 406.1037796626014 301.3010129835789
    vertex -224.00123181967274 406.1037796626014 299.0570129835789
    vertex -223.4552258196721 405.19377566260135 301.3010129835788
  endloop
endfacet
facet normal -0.8031615681555143 -0.5957612738656106 2.1026014015553843e-13
  outer loop
    vertex -224.00123181967274 406.1037796626014 299.0570129835789
    vertex -224.00123181967214 406.1037796626014 301.3010129835789
    vertex -224.6332348196727 406.9557996626015 299.05701298357917
  endloop
endfacet
facet normal -0.8031615681555143 -0.5957612738656106 2.1026014015553843e-13
  outer loop
    vertex -224.6332348196721 406.9557996626015 301.30101298357914
    vertex -224.6332348196727 406.9557996626015 299.05701298357917
    vertex -224.00123181967214 406.1037796626014 301.3010129835789
  endloop
endfacet
facet normal -0.3376555478962005 -0.9412697440027044 8.839504483262768e-14
  outer loop
    vertex -229.8472248196727 410.4397776626014 299.0570129835804
    vertex -228.8492388196727 410.08177666260127 299.0570129835802
    vertex -229.8472248196721 410.4397776626014 301.30101298358045
  endloop
endfacet
facet normal -0.3376555478962005 -0.9412697440027044 8.839504483262768e-14
  outer loop
    vertex -228.84923881967214 410.08177666260127 301.30101298358016
    vertex -229.8472248196721 410.4397776626014 301.30101298358045
    vertex -228.8492388196727 410.08177666260127 299.0570129835802
  endloop
endfacet
facet normal -0.3265364183262133 -0.9448480934531839 -0.025219988195314097
  outer loop
    vertex -246.84122781967062 377.28578666260137 306.9830139835849
    vertex -245.08323181967268 376.88979066260146 299.0570129835844
    vertex -246.47523081966952 377.04777966260144 311.16101398358484
  endloop
endfacet
facet normal -0.4665398268814285 -0.8840314915120407 -0.028790830978694684
  outer loop
    vertex -251.82723581967133 379.56779966260143 304.24301298358625
    vertex -250.76122581967127 378.9957776626014 304.53301298358593
    vertex -251.83722981967003 379.40977966260147 309.2570139835862
  endloop
endfacet
facet normal -0.42968814046445264 -0.9025450850592024 -0.02793691786289978
  outer loop
    vertex -249.6452288196713 378.47377466260144 304.24301298358563
    vertex -249.87122681967006 378.4258006626014 309.2570139835857
    vertex -250.76122581967127 378.9957776626014 304.53301298358593
  endloop
endfacet
facet normal -0.42968814046445264 -0.9025450850592024 -0.02793691786289978
  outer loop
    vertex -250.8872328196698 378.88579266260155 310.03501398358594
    vertex -250.76122581967127 378.9957776626014 304.53301298358593
    vertex -249.87122681967006 378.4258006626014 309.2570139835857
  endloop
endfacet
facet normal 0.42670009192644315 -0.9043931841571812 -1.11706068479939e-13
  outer loop
    vertex -238.07523681967268 409.6297806626015 299.0570129835826
    vertex -237.1172288196727 410.08177666260127 299.05701298358235
    vertex -238.0752368196721 409.6297806626015 301.3010129835826
  endloop
endfacet
facet normal 0.42670009192644315 -0.9043931841571812 -1.11706068479939e-13
  outer loop
    vertex -237.11722881967214 410.08177666260127 301.3010129835823
    vertex -238.0752368196721 409.6297806626015 301.3010129835826
    vertex -237.1172288196727 410.08177666260127 299.05701298358235
  endloop
endfacet
facet normal -0.04909201154632929 0.9987942602970521 1.2851826628051338e-14
  outer loop
    vertex -231.9252268196727 389.3517956626013 299.05701298358105
    vertex -232.9832258196727 389.2997936626014 299.05701298358133
    vertex -231.9252268196721 389.3517956626013 301.301012983581
  endloop
endfacet
facet normal -0.04909201154632929 0.9987942602970521 1.2851826628051338e-14
  outer loop
    vertex -232.9832258196721 389.2997936626014 301.3010129835813
    vertex -231.9252268196721 389.3517956626013 301.301012983581
    vertex -232.9832258196727 389.2997936626014 299.05701298358133
  endloop
endfacet
facet normal -0.5957661355134934 0.8031579619074433 1.5596596764542362e-13
  outer loop
    vertex -226.1292378196727 391.75178966260154 299.0570129835795
    vertex -226.98122681967268 391.11980166260145 299.0570129835797
    vertex -226.1292378196721 391.75178966260154 301.3010129835795
  endloop
endfacet
facet normal -0.5957661355134934 0.8031579619074433 1.5596596764542362e-13
  outer loop
    vertex -226.98122681967212 391.11980166260145 301.3010129835797
    vertex -226.1292378196721 391.75178966260154 301.3010129835795
    vertex -226.98122681967268 391.11980166260145 299.0570129835797
  endloop
endfacet
facet normal -0.24342019772615162 -0.9699209283951766 6.37251169875192e-14
  outer loop
    vertex -230.8752238196727 410.6977736626014 299.0570129835807
    vertex -229.8472248196727 410.4397776626014 299.0570129835804
    vertex -230.8752238196721 410.6977736626014 301.30101298358073
  endloop
endfacet
facet normal -0.24342019772615162 -0.9699209283951766 6.37251169875192e-14
  outer loop
    vertex -229.8472248196721 410.4397776626014 301.30101298358045
    vertex -230.8752238196721 410.6977736626014 301.30101298358073
    vertex -229.8472248196727 410.4397776626014 299.0570129835804
  endloop
endfacet
facet normal -0.37178711154430516 -0.9281059037883191 -0.01984376584244215
  outer loop
    vertex -248.67722581966987 377.90379766260133 309.97901398358533
    vertex -248.1892348196691 377.6517836626015 312.6230139835853
    vertex -249.50522881966785 378.0697826626017 317.72901398358556
  endloop
endfacet
facet normal -0.26838322102767703 -0.9631721995540159 -0.016424392746412747
  outer loop
    vertex -245.2712358196684 376.56377066260177 315.6490139835845
    vertex -244.12122681966815 376.22978666260167 316.44301498358425
    vertex -245.33123281966667 376.47377466260133 321.90701298358454
  endloop
endfacet
facet normal -0.2665880332919852 -0.9636776866134157 -0.016004275332760762
  outer loop
    vertex -245.33123281966667 376.47377466260133 321.90701298358454
    vertex -244.12122681966815 376.22978666260167 316.44301498358425
    vertex -244.0372268196667 376.1157726626014 321.9090139835842
  endloop
endfacet
facet normal -0.21817921072987354 -0.975757127466463 -0.017200587306435245
  outer loop
    vertex -243.22922781966778 375.9877816626017 317.811014983584
    vertex -242.7672378196683 375.9258006626017 315.4670129835839
    vertex -241.76322481966704 375.61577266260133 320.3190139835836
  endloop
endfacet
facet normal -0.9043930122736622 0.42670045623431374 2.3676157955746457e-13
  outer loop
    vertex -223.45522581967268 395.00978566260153 299.0570129835789
    vertex -223.4552258196721 395.00978566260153 301.30101298357886
    vertex -223.0032298196727 395.9677926626013 299.0570129835787
  endloop
endfacet
facet normal -0.9043930122736622 0.42670045623431374 2.3676157955746457e-13
  outer loop
    vertex -223.0032298196721 395.9677926626013 301.3010129835787
    vertex -223.0032298196727 395.9677926626013 299.0570129835787
    vertex -223.4552258196721 395.00978566260153 301.30101298357886
  endloop
endfacet
facet normal 0.5144938153687861 -0.8574940897448037 -1.346896390685523e-13
  outer loop
    vertex -238.98522481967268 409.0837906626014 299.0570129835828
    vertex -238.07523681967268 409.6297806626015 299.0570129835826
    vertex -238.98522481967208 409.0837906626014 301.30101298358284
  endloop
endfacet
facet normal 0.5144938153687861 -0.8574940897448037 -1.346896390685523e-13
  outer loop
    vertex -238.0752368196721 409.6297806626015 301.3010129835826
    vertex -238.98522481967208 409.0837906626014 301.30101298358284
    vertex -238.07523681967268 409.6297806626015 299.0570129835826
  endloop
endfacet
facet normal -0.9987987955205997 -0.04899965373958891 2.6147612517819204e-13
  outer loop
    vertex -222.18122381967265 400.10179566260143 299.05701298357843
    vertex -222.18122381967208 400.10179566260143 301.30101298357846
    vertex -222.2332258196727 401.1617936626015 299.05701298357855
  endloop
endfacet
facet normal -0.9987987955205997 -0.04899965373958891 2.6147612517819204e-13
  outer loop
    vertex -222.2332258196721 401.1617936626015 301.3010129835785
    vertex -222.2332258196727 401.1617936626015 299.05701298357855
    vertex -222.18122381967208 400.10179566260143 301.30101298357846
  endloop
endfacet
facet normal -0.8031615681555294 0.5957612738655903 2.102601401555424e-13
  outer loop
    vertex -224.6332348196727 393.2497756626016 299.05701298357906
    vertex -224.6332348196721 393.2497756626016 301.3010129835791
    vertex -224.00123181967277 394.1017956626014 299.057012983579
  endloop
endfacet
facet normal -0.8031615681555294 0.5957612738655903 2.102601401555424e-13
  outer loop
    vertex -224.0012318196722 394.1017956626014 301.30101298357897
    vertex -224.00123181967277 394.1017956626014 299.057012983579
    vertex -224.6332348196721 393.2497756626016 301.3010129835791
  endloop
endfacet
facet normal -0.395215902788438 -0.9184649429559737 -0.015051204071446176
  outer loop
    vertex -249.50522881966785 378.0697826626017 317.72901398358556
    vertex -248.7752338196672 377.7157786626012 320.1630139835854
    vertex -251.14722781966643 378.6897776626012 323.01101298358606
  endloop
endfacet
facet normal -0.23740872599029159 -0.9712691734919858 -0.016531468412144184
  outer loop
    vertex -244.12122681966815 376.22978666260167 316.44301498358425
    vertex -243.22922781966778 375.9877816626017 317.811014983584
    vertex -244.0372268196667 376.1157726626014 321.9090139835842
  endloop
endfacet
facet normal -0.23740872599029159 -0.9712691734919858 -0.016531468412144184
  outer loop
    vertex -242.81322781966676 375.8237806626013 321.5130139835839
    vertex -244.0372268196667 376.1157726626014 321.9090139835842
    vertex -243.22922781966778 375.9877816626017 317.811014983584
  endloop
endfacet
facet normal -0.373422577592722 -0.9274387744493431 -0.020319896454169654
  outer loop
    vertex -248.1892348196691 377.6517836626015 312.6230139835853
    vertex -247.6912338196684 377.3897906626017 315.42901498358515
    vertex -249.50522881966785 378.0697826626017 317.72901398358556
  endloop
endfacet
facet normal -0.04909201154624429 -0.9987942602970561 1.2851826628029086e-14
  outer loop
    vertex -232.9832258196727 410.9037976626014 299.0570129835813
    vertex -231.9252268196727 410.8517956626013 299.057012983581
    vertex -232.9832258196721 410.9037976626014 301.30101298358124
  endloop
endfacet
facet normal -0.04909201154624429 -0.9987942602970561 1.2851826628029086e-14
  outer loop
    vertex -231.9252268196721 410.8517956626013 301.301012983581
    vertex -232.9832258196721 410.9037976626014 301.30101298358124
    vertex -231.9252268196727 410.8517956626013 299.057012983581
  endloop
endfacet
facet normal -0.35379914282048475 -0.935011093364517 -0.024091945226170704
  outer loop
    vertex -247.9272258196727 377.8997996626013 299.0570129835852
    vertex -246.5212358196727 377.3677866626012 299.0570129835848
    vertex -248.56122881967136 378.0097856626014 304.0990129835854
  endloop
endfacet
facet normal -0.35741450933067664 -0.9337811336159959 -0.01754032561662552
  outer loop
    vertex -247.6912338196684 377.3897906626017 315.42901498358515
    vertex -247.2952378196678 377.1937756626016 317.795013983585
    vertex -248.7752338196672 377.7157786626012 320.1630139835854
  endloop
endfacet
facet normal -0.3153805670859795 -0.948791448028682 -0.018162765542809548
  outer loop
    vertex -246.5212358196727 377.3677866626012 299.0570129835848
    vertex -245.08323181967268 376.88979066260146 299.0570129835844
    vertex -247.58123281967121 377.6097916626013 304.8210129835851
  endloop
endfacet
facet normal -0.9043878555641168 -0.42671138572592376 2.367602295794343e-13
  outer loop
    vertex -223.0032298196727 404.23579866260155 299.05701298357866
    vertex -223.0032298196721 404.23579866260155 301.30101298357863
    vertex -223.45522581967268 405.19377566260135 299.0570129835788
  endloop
endfacet
facet normal -0.9043878555641168 -0.42671138572592376 2.367602295794343e-13
  outer loop
    vertex -223.4552258196721 405.19377566260135 301.3010129835788
    vertex -223.45522581967268 405.19377566260135 299.0570129835788
    vertex -223.0032298196721 404.23579866260155 301.30101298357863
  endloop
endfacet
facet normal -0.3060221020852381 -0.9517520528096253 -0.022770661123396357
  outer loop
    vertex -245.08323181967268 376.88979066260146 299.0570129835844
    vertex -245.19922981967002 376.68578066260164 309.14301298358447
    vertex -246.47523081966952 377.04777966260144 311.16101398358484
  endloop
endfacet
facet normal -0.9891011353733805 0.14723771257082732 2.5893736901432606e-13
  outer loop
    vertex -222.38923181967272 397.9957776626014 299.0570129835785
    vertex -222.38923181967212 397.9957776626014 301.3010129835785
    vertex -222.23322581967264 399.04378166260165 299.05701298357843
  endloop
endfacet
facet normal -0.9891011353733805 0.14723771257082732 2.5893736901432606e-13
  outer loop
    vertex -222.23322581967207 399.04378166260165 301.30101298357846
    vertex -222.23322581967264 399.04378166260165 299.05701298357843
    vertex -222.38923181967212 397.9957776626014 301.3010129835785
  endloop
endfacet
facet normal -0.14696346070722704 0.9891419216760331 3.847365097038772e-14
  outer loop
    vertex -230.8752238196727 389.5078016626014 299.0570129835808
    vertex -231.9252268196727 389.3517956626013 299.05701298358105
    vertex -230.8752238196721 389.5078016626014 301.3010129835808
  endloop
endfacet
facet normal -0.14696346070722704 0.9891419216760331 3.847365097038772e-14
  outer loop
    vertex -231.9252268196721 389.3517956626013 301.301012983581
    vertex -230.8752238196721 389.5078016626014 301.3010129835808
    vertex -231.9252268196727 389.3517956626013 299.05701298358105
  endloop
endfacet
facet normal -0.8569878419427467 0.5153366266454521 2.2435135208509442e-13
  outer loop
    vertex -224.00123181967277 394.1017956626014 299.057012983579
    vertex -224.0012318196722 394.1017956626014 301.30101298357897
    vertex -223.45522581967268 395.00978566260153 299.0570129835789
  endloop
endfacet
facet normal -0.8569878419427467 0.5153366266454521 2.2435135208509442e-13
  outer loop
    vertex -223.4552258196721 395.00978566260153 301.30101298357886
    vertex -223.45522581967268 395.00978566260153 299.0570129835789
    vertex -224.0012318196722 394.1017956626014 301.30101298357897
  endloop
endfacet
facet normal -0.37158438817882555 -0.9282704580586976 -0.015459597577685604
  outer loop
    vertex -249.6192278196659 377.97777266260135 325.1590139835856
    vertex -247.76723781966686 377.2977796626012 321.47501398358514
    vertex -248.3732258196656 377.46178066260126 326.19301498358533
  endloop
endfacet
facet normal -0.9412697440027112 0.3376555478961817 2.464155608848265e-13
  outer loop
    vertex -223.0032298196727 395.9677926626013 299.0570129835787
    vertex -223.0032298196721 395.9677926626013 301.3010129835787
    vertex -222.64522881967267 396.9657786626015 299.05701298357855
  endloop
endfacet
facet normal -0.9412697440027112 0.3376555478961817 2.464155608848265e-13
  outer loop
    vertex -222.64522881967207 396.9657786626015 301.3010129835786
    vertex -222.64522881967267 396.9657786626015 299.05701298357855
    vertex -223.0032298196721 395.9677926626013 301.3010129835787
  endloop
endfacet
facet normal 0.24341997496666198 -0.9699209843009017 -6.372505867118115e-14
  outer loop
    vertex -236.11922781967272 410.4397776626014 299.05701298358207
    vertex -235.09122781967267 410.6977736626014 299.05701298358184
    vertex -236.11922781967212 410.4397776626014 301.3010129835821
  endloop
endfacet
facet normal 0.24341997496666198 -0.9699209843009017 -6.372505867118115e-14
  outer loop
    vertex -235.0912278196721 410.6977736626014 301.30101298358187
    vertex -236.11922781967212 410.4397776626014 301.3010129835821
    vertex -235.09122781967267 410.6977736626014 299.05701298358184
  endloop
endfacet
facet normal -0.1451340754530968 -0.989411997169215 3.7994735126823076e-14
  outer loop
    vertex -231.9252268196727 410.8517956626013 299.057012983581
    vertex -230.8752238196727 410.6977736626014 299.0570129835807
    vertex -231.9252268196721 410.8517956626013 301.301012983581
  endloop
endfacet
facet normal -0.1451340754530968 -0.989411997169215 3.7994735126823076e-14
  outer loop
    vertex -230.8752238196721 410.6977736626014 301.30101298358073
    vertex -231.9252268196721 410.8517956626013 301.301012983581
    vertex -230.8752238196727 410.6977736626014 299.0570129835807
  endloop
endfacet
facet normal 0.04909201154624429 -0.9987942602970561 -1.2851826628029086e-14
  outer loop
    vertex -234.0412248196727 410.8517956626013 299.0570129835815
    vertex -232.9832258196727 410.9037976626014 299.0570129835813
    vertex -234.0412248196721 410.8517956626013 301.30101298358153
  endloop
endfacet
facet normal 0.04909201154624429 -0.9987942602970561 -1.2851826628029086e-14
  outer loop
    vertex -232.9832258196721 410.9037976626014 301.30101298358124
    vertex -234.0412248196721 410.8517956626013 301.30101298358153
    vertex -232.9832258196727 410.9037976626014 299.0570129835813
  endloop
endfacet
facet normal 0.33765105151123537 -0.9412713569493959 -8.839386772135836e-14
  outer loop
    vertex -237.1172288196727 410.08177666260127 299.05701298358235
    vertex -236.11922781967272 410.4397776626014 299.05701298358207
    vertex -237.11722881967214 410.08177666260127 301.3010129835823
  endloop
endfacet
facet normal 0.33765105151123537 -0.9412713569493959 -8.839386772135836e-14
  outer loop
    vertex -236.11922781967212 410.4397776626014 301.3010129835821
    vertex -237.11722881967214 410.08177666260127 301.3010129835823
    vertex -236.11922781967272 410.4397776626014 299.05701298358207
  endloop
endfacet
facet normal -0.26072435664064736 -0.9651505724574521 -0.022520709122344516
  outer loop
    vertex -245.19922981967002 376.68578066260164 309.14301298358447
    vertex -245.08323181967268 376.88979066260146 299.0570129835844
    vertex -243.93723581966952 376.2977796626016 311.1610139835842
  endloop
endfacet
facet normal -0.18839317981827433 -0.9819924831060862 -0.01409868508417124
  outer loop
    vertex -241.76322481966704 375.61577266260133 320.3190139835836
    vertex -240.95122781966762 375.4917796626017 318.10501298358344
    vertex -239.56522681966615 375.1417736626014 323.96301498358304
  endloop
endfacet
facet normal -0.36053838934823884 -0.9323489334021144 -0.0271576175339026
  outer loop
    vertex -248.56122881967136 378.0097856626014 304.0990129835854
    vertex -246.5212358196727 377.3677866626012 299.0570129835848
    vertex -247.58123281967121 377.6097916626013 304.8210129835851
  endloop
endfacet
facet normal -0.42670009192642677 -0.9043931841571891 1.1170606847993471e-13
  outer loop
    vertex -228.8492388196727 410.08177666260127 299.0570129835802
    vertex -227.8912308196727 409.6297806626015 299.05701298357997
    vertex -228.84923881967214 410.08177666260127 301.30101298358016
  endloop
endfacet
facet normal -0.42670009192642677 -0.9043931841571891 1.1170606847993471e-13
  outer loop
    vertex -227.8912308196721 409.6297806626015 301.30101298357994
    vertex -228.84923881967214 410.08177666260127 301.30101298358016
    vertex -227.8912308196727 409.6297806626015 299.05701298357997
  endloop
endfacet
facet normal -0.3493112738933536 -0.9367752527728604 -0.020826899033368918
  outer loop
    vertex -247.58123281967121 377.6097916626013 304.8210129835851
    vertex -246.84122781967062 377.28578666260137 306.9830139835849
    vertex -248.67722581966987 377.90379766260133 309.97901398358533
  endloop
endfacet
facet normal -0.3963865455446669 -0.9176869387203335 -0.02698868305917439
  outer loop
    vertex -249.6452288196713 378.47377466260144 304.24301298358563
    vertex -248.56122881967136 378.0097856626014 304.0990129835854
    vertex -249.0412398196704 378.1077776626013 307.81701298358547
  endloop
endfacet
facet normal -0.3977338129023392 -0.9171122120357181 -0.02670214615193224
  outer loop
    vertex -249.6452288196713 378.47377466260144 304.24301298358563
    vertex -249.0412398196704 378.1077776626013 307.81701298358547
    vertex -249.87122681967006 378.4258006626014 309.2570139835857
  endloop
endfacet
facet normal -0.5957667436044349 -0.8031575108376734 1.5596612683790947e-13
  outer loop
    vertex -226.98122681967268 409.0837906626014 299.05701298357974
    vertex -226.1292378196727 408.4518016626013 299.05701298357957
    vertex -226.98122681967212 409.0837906626014 301.3010129835797
  endloop
endfacet
facet normal -0.5957667436044349 -0.8031575108376734 1.5596612683790947e-13
  outer loop
    vertex -226.1292378196721 408.4518016626013 301.30101298357954
    vertex -226.98122681967212 409.0837906626014 301.3010129835797
    vertex -226.1292378196727 408.4518016626013 299.05701298357957
  endloop
endfacet
facet normal -0.5144871638297736 -0.8574980806126599 1.3468789775823508e-13
  outer loop
    vertex -227.8912308196727 409.6297806626015 299.05701298357997
    vertex -226.98122681967268 409.0837906626014 299.05701298357974
    vertex -227.8912308196721 409.6297806626015 301.30101298357994
  endloop
endfacet
facet normal -0.5144871638297736 -0.8574980806126599 1.3468789775823508e-13
  outer loop
    vertex -226.98122681967212 409.0837906626014 301.3010129835797
    vertex -227.8912308196721 409.6297806626015 301.30101298357994
    vertex -226.98122681967268 409.0837906626014 299.05701298357974
  endloop
endfacet
facet normal -0.4648852126281005 -0.8849173929599301 -0.028336314452075642
  outer loop
    vertex -251.83722981967003 379.40977966260147 309.2570139835862
    vertex -250.76122581967127 378.9957776626014 304.53301298358593
    vertex -250.8872328196698 378.88579266260155 310.03501398358594
  endloop
endfacet
facet normal -0.39649156398125635 -0.9176104875241575 -0.028025575415599035
  outer loop
    vertex -249.29723681967272 378.4818006626014 299.05701298358554
    vertex -248.56122881967136 378.0097856626014 304.0990129835854
    vertex -249.6452288196713 378.47377466260144 304.24301298358563
  endloop
endfacet
facet normal -0.430027196524703 -0.902308192388378 -0.030274348843905577
  outer loop
    vertex -250.6272388196727 379.1157726626013 299.0570129835859
    vertex -249.29723681967272 378.4818006626014 299.05701298358554
    vertex -250.76122581967127 378.9957776626014 304.53301298358593
  endloop
endfacet
facet normal -0.430027196524703 -0.902308192388378 -0.030274348843905577
  outer loop
    vertex -249.6452288196713 378.47377466260144 304.24301298358563
    vertex -250.76122581967127 378.9957776626014 304.53301298358593
    vertex -249.29723681967272 378.4818006626014 299.05701298358554
  endloop
endfacet
facet normal -0.21512507310204254 -0.9764000773164153 -0.019081193341583928
  outer loop
    vertex -243.22922781966778 375.9877816626017 317.811014983584
    vertex -241.76322481966704 375.61577266260133 320.3190139835836
    vertex -242.81322781966676 375.8237806626013 321.5130139835839
  endloop
endfacet
facet normal -0.1936505233301845 -0.9808878950128752 -0.018931778341097844
  outer loop
    vertex -241.11722881967023 375.69578966260144 308.2190139835834
    vertex -240.33922881967112 375.60777766260134 304.8210129835833
    vertex -240.23322581966974 375.4837846626017 310.1610129835832
  endloop
endfacet
facet normal -0.33379579164628564 -0.9422598145256499 -0.02695944007796793
  outer loop
    vertex -247.58123281967121 377.6097916626013 304.8210129835851
    vertex -245.08323181967268 376.88979066260146 299.0570129835844
    vertex -246.84122781967062 377.28578666260137 306.9830139835849
  endloop
endfacet
facet normal -0.3319680632745853 -0.9431449446051394 -0.01657764855127142
  outer loop
    vertex -247.2952378196678 377.1937756626016 317.795013983585
    vertex -246.41523281966812 376.9077956626016 316.4430149835848
    vertex -246.5972398196667 376.87578266260135 321.9090139835848
  endloop
endfacet
facet normal -0.4282533130223055 0.9036587297677254 1.1211268714579295e-13
  outer loop
    vertex -227.8912308196727 390.5757946626015 299.05701298357997
    vertex -228.8492388196727 390.1217846626014 299.0570129835802
    vertex -227.8912308196721 390.5757946626015 301.30101298357994
  endloop
endfacet
facet normal -0.4282533130223055 0.9036587297677254 1.1211268714579295e-13
  outer loop
    vertex -228.84923881967214 390.1217846626014 301.30101298358016
    vertex -227.8912308196721 390.5757946626015 301.30101298357994
    vertex -228.8492388196727 390.1217846626014 299.0570129835802
  endloop
endfacet
facet normal -0.3359709563978921 0.9418723461579526 8.795403463171307e-14
  outer loop
    vertex -228.8492388196727 390.1217846626014 299.0570129835802
    vertex -229.8472248196727 389.76579766260136 299.05701298358053
    vertex -228.84923881967214 390.1217846626014 301.30101298358016
  endloop
endfacet
facet normal -0.3359709563978921 0.9418723461579526 8.795403463171307e-14
  outer loop
    vertex -229.8472248196721 389.76579766260136 301.3010129835805
    vertex -228.84923881967214 390.1217846626014 301.30101298358016
    vertex -229.8472248196727 389.76579766260136 299.05701298358053
  endloop
endfacet
facet normal -0.4242064580120972 -0.905282011794087 -0.02265745137657275
  outer loop
    vertex -249.87122681967006 378.4258006626014 309.2570139835857
    vertex -249.8472398196688 378.2977796626015 313.92301398358563
    vertex -250.99923281966835 378.7957956626017 315.593013983586
  endloop
endfacet
facet normal -0.2231194593183857 -0.974547168740568 -0.02180648465971857
  outer loop
    vertex -243.44922981967062 376.27177866260166 306.98301398358404
    vertex -242.17522681966904 375.8517956626017 312.71701398358374
    vertex -242.7672378196683 375.9258006626017 315.4670129835839
  endloop
endfacet
facet normal -0.3691829428837508 0.9293563240539383 0.0008818302809838753
  outer loop
    vertex -247.74523481966682 420.0617876626013 321.4750139835852
    vertex -249.59923881966589 419.3217966626014 325.1590139835857
    vertex -248.35323681966563 419.81578466260123 326.1930149835854
  endloop
endfacet
facet normal -0.403722874708683 0.9148780616159443 -0.002443933470773716
  outer loop
    vertex -248.7532298196672 419.6817826626013 320.1630139835855
    vertex -251.12723881966645 418.64177366260145 323.0110129835861
    vertex -249.59923881966589 419.3217966626014 325.1590139835857
  endloop
endfacet
facet normal -0.30338813365068024 0.9527067354251839 0.017479034167992662
  outer loop
    vertex -245.17522681967003 421.11378966260156 309.1430129835845
    vertex -245.0592298196727 421.3357736626014 299.0570129835844
    vertex -246.45322681966954 420.6697886626014 311.16101398358484
  endloop
endfacet
facet normal -0.6526109161380154 -0.7565872135261145 -0.04092408174033971
  outer loop
    vertex -259.3352308196711 385.04579566260134 305.31501298358813
    vertex -258.7452348196713 384.5817766626013 304.48501298358804
    vertex -258.79323881967025 384.4077956626013 308.467013983588
  endloop
endfacet
facet normal -0.36415552363168635 0.9311985368328793 0.016125743667721668
  outer loop
    vertex -247.66923081966837 420.1637766626018 315.4290149835852
    vertex -248.65723681966983 419.8717846626015 309.97901398358545
    vertex -249.4852398196678 419.4137766626017 317.7290139835857
  endloop
endfacet
facet normal -0.6023168723273922 -0.7975235640652858 -0.034213302535009545
  outer loop
    vertex -255.80723081967002 381.9037976626015 309.1430129835873
    vertex -256.01523881966835 381.78178866260157 315.6490139835874
    vertex -256.88923181966817 382.4077956626016 316.44301498358755
  endloop
endfacet
facet normal -0.659091863455893 -0.7511427206174079 -0.03718237202919433
  outer loop
    vertex -258.4972338196697 384.0537916626014 310.45701398358796
    vertex -258.20122781966904 383.6617936626015 313.12901398358787
    vertex -259.6072338196673 384.5677996626017 319.74901398358827
  endloop
endfacet
facet normal -0.47712297401626713 -0.8785903092877811 -0.020802309762945313
  outer loop
    vertex -253.2512318196672 379.89979966260125 320.16301398358667
    vertex -252.49323581966783 379.5457956626017 317.72901398358647
    vertex -251.14722781966643 378.6897776626012 323.01101298358606
  endloop
endfacet
facet normal -0.528872359832639 -0.8481334056879966 -0.03104437406578234
  outer loop
    vertex -254.87723881966954 381.18977766260156 311.16101398358705
    vertex -254.02123581966842 380.4997756626016 315.4290149835868
    vertex -254.4552258196678 380.68379666260176 317.795013983587
  endloop
endfacet
facet normal -0.5542055489192396 -0.8316521462734225 -0.03479823481061233
  outer loop
    vertex -255.4872388196727 382.10979166260137 299.05701298358724
    vertex -253.6852368196712 380.66777466260135 304.82101298358674
    vertex -254.39123081967062 381.04777966260144 306.98301398358694
  endloop
endfacet
facet normal -0.6523474920536846 -0.7569273440794565 -0.038778156171845025
  outer loop
    vertex -258.4972338196697 384.0537916626014 310.45701398358796
    vertex -256.97722881967064 382.92177266260137 306.98301398358757
    vertex -258.20122781966904 383.6617936626015 313.12901398358787
  endloop
endfacet
facet normal -0.20522331672819547 0.9785328447036863 0.018890794244562345
  outer loop
    vertex -240.41523281966857 422.14177366260174 314.6550139835832
    vertex -240.9272258196677 421.9677926626017 318.1050129835833
    vertex -239.53922581966614 422.14580166260134 323.963014983583
  endloop
endfacet
facet normal -0.17304130203213441 0.9846814097018786 0.021429633187367188
  outer loop
    vertex -240.2092388196698 422.27577666260163 310.16101298358313
    vertex -240.41523281966857 422.14177366260174 314.6550139835832
    vertex -239.19123381966767 422.28178866260174 318.10501298358287
  endloop
endfacet
facet normal -0.23786899338360906 0.9710039051411957 0.023869608023935663
  outer loop
    vertex -242.59723981967122 421.8757826626016 304.8210129835838
    vertex -243.42522681967063 421.6198016626015 306.983013983584
    vertex -241.55523181966984 421.99977566260156 310.16101298358353
  endloop
endfacet
facet normal -0.5255340138025526 -0.8501924338730559 -0.031413782350875066
  outer loop
    vertex -255.14123081966812 381.1577956626017 316.44301498358715
    vertex -254.87723881966954 381.18977766260156 311.16101398358705
    vertex -254.4552258196678 380.68379666260176 317.795013983587
  endloop
endfacet
facet normal -0.5027886953025793 -0.8640448419280418 -0.025100577951030347
  outer loop
    vertex -252.5352278196704 379.85777766260145 307.8170129835865
    vertex -251.83722981967003 379.40977966260147 309.2570139835862
    vertex -252.03922581966881 379.3917736626015 313.92301398358626
  endloop
endfacet
facet normal -0.5056319194128401 -0.8622817788285665 -0.028398872708794883
  outer loop
    vertex -254.4552258196678 380.68379666260176 317.795013983587
    vertex -253.2512318196672 379.89979966260125 320.16301398358667
    vertex -254.19123381966685 380.4077956626013 321.4750139835869
  endloop
endfacet
facet normal -0.5316078639554023 -0.8464745854770925 -0.02956104061360007
  outer loop
    vertex -254.39123081967062 381.04777966260144 306.98301398358694
    vertex -252.94323281966987 380.03377166260134 309.9790139835866
    vertex -253.46923381966914 380.27177866260143 312.6230139835867
  endloop
endfacet
facet normal -0.4996192920284197 -0.8657331939367097 -0.029775828269994743
  outer loop
    vertex -252.8132278196714 380.14177366260134 304.09901298358653
    vertex -251.9132338196727 379.7957956626013 299.0570129835863
    vertex -251.82723581967133 379.56779966260143 304.24301298358625
  endloop
endfacet
facet normal -0.4997454711112144 -0.8656947527850428 -0.028758635299231183
  outer loop
    vertex -252.8132278196714 380.14177366260134 304.09901298358653
    vertex -251.82723581967133 379.56779966260143 304.24301298358625
    vertex -252.5352278196704 379.85777766260145 307.8170129835865
  endloop
endfacet
facet normal -0.518963104031426 -0.8541714392173846 -0.03268713935738838
  outer loop
    vertex -254.39123081967062 381.04777966260144 306.98301398358694
    vertex -253.46923381966914 380.27177866260143 312.6230139835867
    vertex -254.02123581966842 380.4997756626016 315.4290149835868
  endloop
endfacet
facet normal -0.22194070613684538 0.9748237589226778 0.021470025601745314
  outer loop
    vertex -241.55523181966984 421.99977566260156 310.16101298358353
    vertex -242.15122481966915 421.80778966260164 312.7170139835837
    vertex -240.9272258196677 421.9677926626017 318.1050129835833
  endloop
endfacet
facet normal -0.3598970205446445 0.9329708904751914 0.006281092979412296
  outer loop
    vertex -247.74523481966682 420.0617876626013 321.4750139835852
    vertex -248.7532298196672 419.6817826626013 320.1630139835855
    vertex -249.59923881966589 419.3217966626014 325.1590139835857
  endloop
endfacet
facet normal -0.2537735595979608 0.9671749152158687 0.013102054272425489
  outer loop
    vertex -244.09723981966812 421.2838026626017 316.4430149835842
    vertex -245.30922981966668 420.8917736626013 321.9070129835846
    vertex -244.0132248196667 421.2318006626015 321.9090139835842
  endloop
endfacet
facet normal -0.3384482485428474 0.9409234527302958 0.010762860232205585
  outer loop
    vertex -246.39322981966816 420.60979166260165 316.4430149835849
    vertex -247.27323481966775 420.27779066260166 317.7950139835851
    vertex -246.57523681966669 420.4818006626015 321.9090139835849
  endloop
endfacet
facet normal -0.3333784996626537 0.9426816463877361 0.014494465370800918
  outer loop
    vertex -246.39322981966816 420.60979166260165 316.4430149835849
    vertex -246.45322681966954 420.6697886626014 311.16101398358484
    vertex -247.27323481966775 420.27779066260166 317.7950139835851
  endloop
endfacet
facet normal -0.35392512370919205 0.9351663819851028 0.014171972774675665
  outer loop
    vertex -247.27323481966775 420.27779066260166 317.7950139835851
    vertex -247.66923081966837 420.1637766626018 315.4290149835852
    vertex -248.7532298196672 419.6817826626013 320.1630139835855
  endloop
endfacet
facet normal -0.4979144569007555 -0.866763972819544 -0.028309168679182487
  outer loop
    vertex -252.5352278196704 379.85777766260145 307.8170129835865
    vertex -251.82723581967133 379.56779966260143 304.24301298358625
    vertex -251.83722981967003 379.40977966260147 309.2570139835862
  endloop
endfacet
facet normal -0.3415798808423952 0.9397842023898941 0.011350680247705953
  outer loop
    vertex -247.27323481966775 420.27779066260166 317.7950139835851
    vertex -247.74523481966682 420.0617876626013 321.4750139835852
    vertex -246.57523681966669 420.4818006626015 321.9090139835849
  endloop
endfacet
facet normal -0.30789532685097737 0.9513447874580118 0.01198178116143057
  outer loop
    vertex -245.24923281966835 420.9897966626017 315.64901398358455
    vertex -246.39322981966816 420.60979166260165 316.4430149835849
    vertex -245.30922981966668 420.8917736626013 321.9070129835846
  endloop
endfacet
facet normal -0.30789532685097737 0.9513447874580118 0.01198178116143057
  outer loop
    vertex -246.57523681966669 420.4818006626015 321.9090139835849
    vertex -245.30922981966668 420.8917736626013 321.9070129835846
    vertex -246.39322981966816 420.60979166260165 316.4430149835849
  endloop
endfacet
facet normal -0.3060237905298942 0.9519109741621979 0.01466072642439395
  outer loop
    vertex -245.24923281966835 420.9897966626017 315.64901398358455
    vertex -245.17522681967003 421.11378966260156 309.1430129835845
    vertex -246.39322981966816 420.60979166260165 316.4430149835849
  endloop
endfacet
facet normal -0.5619429780467375 -0.826498714855909 -0.03346585970051721
  outer loop
    vertex -255.80723081967002 381.9037976626015 309.1430129835873
    vertex -254.87723881966954 381.18977766260156 311.16101398358705
    vertex -256.01523881966835 381.78178866260157 315.6490139835874
  endloop
endfacet
facet normal -0.5606866199233721 -0.827368943224077 -0.03303249955995221
  outer loop
    vertex -256.01523881966835 381.78178866260157 315.6490139835874
    vertex -254.87723881966954 381.18977766260156 311.16101398358705
    vertex -255.14123081966812 381.1577956626017 316.44301498358715
  endloop
endfacet
facet normal -0.6432988420445198 -0.7646424945497977 -0.03858050482877295
  outer loop
    vertex -259.92522681967057 385.4357806626013 307.1950129835883
    vertex -259.38523381966974 384.8157846626014 310.4790139835882
    vertex -260.1072338196691 385.29979366260164 312.92501398358837
  endloop
endfacet
facet normal -0.3620657392387802 0.932007770611558 0.0164291201574895
  outer loop
    vertex -247.55922981967123 420.37578266260135 304.82101298358515
    vertex -248.53922581967137 420.0078016626013 304.0990129835854
    vertex -249.01923681967037 419.7557876626013 307.8170129835855
  endloop
endfacet
facet normal -0.20848670713141484 0.9779173898831153 0.014521415691830072
  outer loop
    vertex -240.9272258196677 421.9677926626017 318.1050129835833
    vertex -242.74323581966843 421.61980166260173 315.46701298358386
    vertex -241.73923781966715 421.7617996626013 320.31901398358355
  endloop
endfacet
facet normal -0.6068037289397941 -0.7940652979018011 -0.035348793655298555
  outer loop
    vertex -255.4872388196727 382.10979166260137 299.05701298358724
    vertex -255.80723081967002 381.9037976626015 309.1430129835873
    vertex -256.80723081966954 382.5777786626014 311.1610139835875
  endloop
endfacet
facet normal -0.6068037289397941 -0.7940652979018011 -0.035348793655298555
  outer loop
    vertex -256.88923181966817 382.4077956626016 316.44301498358755
    vertex -256.80723081966954 382.5777786626014 311.1610139835875
    vertex -255.80723081967002 381.9037976626015 309.1430129835873
  endloop
endfacet
facet normal -0.19346623291532253 0.9808952296972817 0.02038050732124402
  outer loop
    vertex -240.2092388196698 422.27577666260163 310.16101298358313
    vertex -241.09322681967032 422.1417736626015 308.2190139835834
    vertex -240.41523281966857 422.14177366260174 314.6550139835832
  endloop
endfacet
facet normal -0.27738008225734856 0.960337244026045 0.028507327187360897
  outer loop
    vertex -243.59122781967267 421.75978566260136 299.05701298358406
    vertex -245.0592298196727 421.3357736626014 299.0570129835844
    vertex -242.59723981967122 421.8757826626016 304.8210129835838
  endloop
endfacet
facet normal -0.19985175958869905 0.9796272161014218 0.019743142168334737
  outer loop
    vertex -240.41523281966857 422.14177366260174 314.6550139835832
    vertex -241.55523181966984 421.99977566260156 310.16101298358353
    vertex -240.9272258196677 421.9677926626017 318.1050129835833
  endloop
endfacet
facet normal -0.543413301104495 -0.8390508090553817 -0.026376580639364607
  outer loop
    vertex -254.3472398196727 381.29378166260136 299.05701298358696
    vertex -253.1552378196727 380.5217786626014 299.0570129835866
    vertex -252.8132278196714 380.14177366260134 304.09901298358653
  endloop
endfacet
facet normal -0.6374575878807466 -0.7694232527069178 -0.04044356372980414
  outer loop
    vertex -259.92522681967057 385.4357806626013 307.1950129835883
    vertex -259.3352308196711 385.04579566260134 305.31501298358813
    vertex -259.38523381966974 384.8157846626014 310.4790139835882
  endloop
endfacet
facet normal -0.5819186159196995 -0.8129638610186591 -0.021458917114701184
  outer loop
    vertex -255.4872388196727 382.10979166260137 299.05701298358724
    vertex -254.3472398196727 381.29378166260136 299.05701298358696
    vertex -253.6852368196712 380.66777466260135 304.82101298358674
  endloop
endfacet
facet normal -0.6000871105515245 -0.7994484791238501 -0.02788528243510508
  outer loop
    vertex -256.88923181966817 382.4077956626016 316.44301498358755
    vertex -256.1972308196667 381.69777366260126 321.90701298358744
    vertex -257.1432298196667 382.4077956626014 321.90901398358767
  endloop
endfacet
facet normal -0.4759664984134769 -0.8792079248212014 -0.02119710639710777
  outer loop
    vertex -252.49323581966783 379.5457956626017 317.72901398358647
    vertex -252.03922581966881 379.3917736626015 313.92301398358626
    vertex -251.14722781966643 378.6897776626012 323.01101298358606
  endloop
endfacet
facet normal -0.2231533430765867 0.974680780760538 0.014140759872484964
  outer loop
    vertex -242.78922581966683 421.51778066260147 321.51301398358385
    vertex -243.2072248196678 421.47578866260164 317.81101498358396
    vertex -244.0132248196667 421.2318006626015 321.9090139835842
  endloop
endfacet
facet normal -0.628036498484298 -0.7772339330102898 -0.03843917206365031
  outer loop
    vertex -256.97722881967064 382.92177266260137 306.98301398358757
    vertex -255.4872388196727 382.10979166260137 299.05701298358724
    vertex -256.80723081966954 382.5777786626014 311.1610139835875
  endloop
endfacet
facet normal -0.26159867283287264 0.965004554475338 0.01823031030822692
  outer loop
    vertex -245.0592298196727 421.3357736626014 299.0570129835844
    vertex -245.17522681967003 421.11378966260156 309.1430129835845
    vertex -243.91323381966953 421.41777466260163 311.16101398358416
  endloop
endfacet
facet normal -0.1579856703876089 0.987231816696144 0.020343747319725228
  outer loop
    vertex -240.3152268196712 422.36980166260133 304.8210129835832
    vertex -240.2092388196698 422.27577666260163 310.16101298358313
    vertex -239.01322481967065 422.53578666260137 306.83701298358284
  endloop
endfacet
facet normal -0.1579856703876089 0.987231816696144 0.020343747319725228
  outer loop
    vertex -239.05323281966915 422.4097796626016 312.68101398358283
    vertex -239.01322481967065 422.53578666260137 306.83701298358284
    vertex -240.2092388196698 422.27577666260163 310.16101298358313
  endloop
endfacet
facet normal -0.15657865861947345 0.9874765534517012 0.019317868621460288
  outer loop
    vertex -239.05323281966915 422.4097796626016 312.68101398358283
    vertex -240.2092388196698 422.27577666260163 310.16101298358313
    vertex -239.19123381966767 422.28178866260174 318.10501298358287
  endloop
endfacet
facet normal -0.6291158325051927 -0.776761843748073 -0.029228537226359253
  outer loop
    vertex -256.88923181966817 382.4077956626016 316.44301498358755
    vertex -257.1432298196667 382.4077956626014 321.90901398358767
    vertex -257.59322681966773 382.92177266260177 317.9350129835877
  endloop
endfacet
facet normal -0.6291158325051927 -0.776761843748073 -0.029228537226359253
  outer loop
    vertex -258.0612288196667 383.1557816626013 321.79101398358785
    vertex -257.59322681966773 382.92177266260177 317.9350129835877
    vertex -257.1432298196667 382.4077956626014 321.90901398358767
  endloop
endfacet
facet normal -0.3458931662361359 0.9381881917368647 0.012682051752501545
  outer loop
    vertex -246.45322681966954 420.6697886626014 311.16101398358484
    vertex -247.66923081966837 420.1637766626018 315.4290149835852
    vertex -247.27323481966775 420.27779066260166 317.7950139835851
  endloop
endfacet
facet normal -0.6558447013231814 -0.7540323045536367 -0.03609724969909076
  outer loop
    vertex -258.20122781966904 383.6617936626015 313.12901398358787
    vertex -257.8692278196683 383.2477916626016 315.7450149835878
    vertex -259.6072338196673 384.5677996626017 319.74901398358827
  endloop
endfacet
facet normal -0.5345690092622165 -0.8445803778813106 -0.030330836359632667
  outer loop
    vertex -254.3472398196727 381.29378166260136 299.05701298358696
    vertex -252.8132278196714 380.14177366260134 304.09901298358653
    vertex -253.6852368196712 380.66777466260135 304.82101298358674
  endloop
endfacet
facet normal -0.6554817082624131 -0.7541542858639648 -0.03993799251843258
  outer loop
    vertex -259.3352308196711 385.04579566260134 305.31501298358813
    vertex -258.79323881967025 384.4077956626013 308.467013983588
    vertex -259.38523381966974 384.8157846626014 310.4790139835882
  endloop
endfacet
facet normal -0.5324860102895711 -0.8460262003712241 -0.026425690744509272
  outer loop
    vertex -255.14123081966812 381.1577956626017 316.44301498358715
    vertex -254.4552258196678 380.68379666260176 317.795013983587
    vertex -255.19323281966672 381.0197946626012 321.90901398358716
  endloop
endfacet
facet normal -0.5250857321776204 -0.8504408402822691 -0.03217687125064719
  outer loop
    vertex -254.87723881966954 381.18977766260156 311.16101398358705
    vertex -254.39123081967062 381.04777966260144 306.98301398358694
    vertex -254.02123581966842 380.4997756626016 315.4290149835868
  endloop
endfacet
facet normal -0.5358359616730889 -0.8439015202824501 -0.026646692906354505
  outer loop
    vertex -254.39123081967062 381.04777966260144 306.98301398358694
    vertex -253.6852368196712 380.66777466260135 304.82101298358674
    vertex -252.94323281966987 380.03377166260134 309.9790139835866
  endloop
endfacet
facet normal -0.4680212457834577 -0.8833991415442676 -0.02370802003861709
  outer loop
    vertex -251.83722981967003 379.40977966260147 309.2570139835862
    vertex -250.8872328196698 378.88579266260155 310.03501398358594
    vertex -252.03922581966881 379.3917736626015 313.92301398358626
  endloop
endfacet
facet normal -0.4680212457834577 -0.8833991415442676 -0.02370802003861709
  outer loop
    vertex -250.99923281966835 378.7957956626017 315.593013983586
    vertex -252.03922581966881 379.3917736626015 313.92301398358626
    vertex -250.8872328196698 378.88579266260155 310.03501398358594
  endloop
endfacet
facet normal -0.632132323496723 -0.7741400567018963 -0.03340506249386848
  outer loop
    vertex -260.1072338196691 385.29979366260164 312.92501398358837
    vertex -259.38523381966974 384.8157846626014 310.4790139835882
    vertex -260.3292338196675 385.2277726626017 318.79501398358843
  endloop
endfacet
facet normal -0.6185872046801606 -0.7851819545029333 -0.028968405702397622
  outer loop
    vertex -256.5712388196727 382.96379566260117 299.0570129835874
    vertex -255.4872388196727 382.10979166260137 299.05701298358724
    vertex -257.6412308196711 383.57979266260145 305.2090129835877
  endloop
endfacet
facet normal -0.5291402053576851 -0.848146568582497 -0.0256523152125176
  outer loop
    vertex -254.4552258196678 380.68379666260176 317.795013983587
    vertex -254.19123381966685 380.4077956626013 321.4750139835869
    vertex -255.19323281966672 381.0197946626012 321.90901398358716
  endloop
endfacet
facet normal -0.6566940440400334 -0.7530516288764515 -0.040818828607272026
  outer loop
    vertex -258.7452348196713 384.5817766626013 304.48501298358804
    vertex -257.6412308196711 383.57979266260145 305.2090129835877
    vertex -258.79323881967025 384.4077956626013 308.467013983588
  endloop
endfacet
facet normal -0.4702683021807462 -0.8822494575070742 -0.021991332213216374
  outer loop
    vertex -252.03922581966881 379.3917736626015 313.92301398358626
    vertex -250.99923281966835 378.7957956626017 315.593013983586
    vertex -251.14722781966643 378.6897776626012 323.01101298358606
  endloop
endfacet
facet normal -0.37142621924938923 0.9284141042918257 0.009477056827513491
  outer loop
    vertex -247.66923081966837 420.1637766626018 315.4290149835852
    vertex -249.4852398196678 419.4137766626017 317.7290139835857
    vertex -248.7532298196672 419.6817826626013 320.1630139835855
  endloop
endfacet
facet normal -0.17900174549806128 0.9838389463703239 0.004393485356557775
  outer loop
    vertex -239.53922581966614 422.14580166260134 323.963014983583
    vertex -241.73923781966715 421.7617996626013 320.31901398358355
    vertex -240.95522581966583 421.8817946626013 325.3910149835834
  endloop
endfacet
facet normal -0.48868363971054346 0.8724135972450955 0.009100308847954122
  outer loop
    vertex -252.02123581966885 418.2357986626016 313.9230139835863
    vertex -252.47523081966784 417.9417916626016 317.72901398358636
    vertex -251.12723881966645 418.64177366260145 323.0110129835861
  endloop
endfacet
facet normal -0.1593242388082377 0.9869892284555699 0.02163445956928053
  outer loop
    vertex -239.04122481967266 422.7018016626013 299.0570129835828
    vertex -240.3152268196712 422.36980166260133 304.8210129835832
    vertex -239.01322481967065 422.53578666260137 306.83701298358284
  endloop
endfacet
facet normal -0.4776384993112999 0.8785523777512004 -0.0026802095741699293
  outer loop
    vertex -252.47523081966784 417.9417916626016 317.72901398358636
    vertex -254.12923781966842 417.0357866626017 315.50701398358683
    vertex -253.43123881966733 417.4277846626016 319.6110139835866
  endloop
endfacet
facet normal -0.5358459236978673 0.8443074532673793 0.003751054989134206
  outer loop
    vertex -254.64322981966788 416.7477916626016 317.50701398358694
    vertex -255.62122681966733 416.1177866626016 319.60301398358723
    vertex -254.39722781966702 416.8897906626012 320.6870139835869
  endloop
endfacet
facet normal -0.5005306797062257 0.8656891259914095 0.007167692310195385
  outer loop
    vertex -252.02123581966885 418.2357986626016 313.9230139835863
    vertex -252.92522681966986 417.74577766260165 309.97901398358647
    vertex -252.47523081966784 417.9417916626016 317.72901398358636
  endloop
endfacet
facet normal -0.47465769369111993 0.8801349205788769 -0.007911725313816865
  outer loop
    vertex -252.76723781966626 417.7957956626013 323.68501298358643
    vertex -254.39722781966702 416.8897906626012 320.6870139835869
    vertex -253.95923881966598 417.16179366260127 324.66901398358675
  endloop
endfacet
facet normal -0.5078012690534192 0.8614233475221078 0.009364159948601092
  outer loop
    vertex -252.51723781967038 418.00978566260136 307.8170129835864
    vertex -252.92522681966986 417.74577766260165 309.97901398358647
    vertex -252.02123581966885 418.2357986626016 313.9230139835863
  endloop
endfacet
facet normal -0.5455381053160553 0.8380781339465835 -0.003635525929084954
  outer loop
    vertex -253.6672318196712 417.32579466260137 304.8210129835867
    vertex -255.4692338196727 416.1277966626013 299.0570129835872
    vertex -254.39123081967062 416.86378966260145 306.9590129835869
  endloop
endfacet
facet normal -0.25547349948875825 0.9667327305145126 0.012693258483237244
  outer loop
    vertex -244.09723981966812 421.2838026626017 316.4430149835842
    vertex -245.24923281966835 420.9897966626017 315.64901398358455
    vertex -245.30922981966668 420.8917736626013 321.9070129835846
  endloop
endfacet
facet normal -0.465276404485165 0.8851435287074567 0.006229046208590792
  outer loop
    vertex -250.97922781966835 418.7717786626017 315.5930139835861
    vertex -252.02123581966885 418.2357986626016 313.9230139835863
    vertex -251.12723881966645 418.64177366260145 323.0110129835861
  endloop
endfacet
facet normal -0.3898355155438241 0.9208363238364757 0.009419953503399197
  outer loop
    vertex -247.90523781967266 420.3277786626015 299.05701298358525
    vertex -249.2752338196727 419.7477916626013 299.05701298358565
    vertex -248.53922581967137 420.0078016626013 304.0990129835854
  endloop
endfacet
facet normal -0.22846280909629765 0.9732331862856094 0.02493812286819623
  outer loop
    vertex -241.52723181967133 422.1417736626015 304.2430129835835
    vertex -242.59723981967122 421.8757826626016 304.8210129835838
    vertex -241.09322681967032 422.1417736626015 308.2190139835834
  endloop
endfacet
facet normal -0.25741165439558894 0.9661774021097246 0.015507025305639266
  outer loop
    vertex -245.17522681967003 421.11378966260156 309.1430129835845
    vertex -245.24923281966835 420.9897966626017 315.64901398358455
    vertex -243.91323381966953 421.41777466260163 311.16101398358416
  endloop
endfacet
facet normal -0.25741165439558894 0.9661774021097246 0.015507025305639266
  outer loop
    vertex -244.09723981966812 421.2838026626017 316.4430149835842
    vertex -243.91323381966953 421.41777466260163 311.16101398358416
    vertex -245.24923281966835 420.9897966626017 315.64901398358455
  endloop
endfacet
facet normal -0.20829868922111036 0.9778190834944002 0.02194301763519866
  outer loop
    vertex -241.09322681967032 422.1417736626015 308.2190139835834
    vertex -241.55523181966984 421.99977566260156 310.16101298358353
    vertex -240.41523281966857 422.14177366260174 314.6550139835832
  endloop
endfacet
facet normal -0.3697619527488224 0.929048172243669 0.012066148933107819
  outer loop
    vertex -247.55922981967123 420.37578266260135 304.82101298358515
    vertex -249.01923681967037 419.7557876626013 307.8170129835855
    vertex -248.65723681966983 419.8717846626015 309.97901398358545
  endloop
endfacet
facet normal -0.2252277955769155 0.9741378992845824 0.018105062192227676
  outer loop
    vertex -242.15122481966915 421.80778966260164 312.7170139835837
    vertex -243.42522681967063 421.6198016626015 306.983013983584
    vertex -242.74323581966843 421.61980166260173 315.46701298358386
  endloop
endfacet
facet normal -0.49784070722592627 0.8672283850075301 0.008340171822040263
  outer loop
    vertex -251.81722581967006 418.3977856626014 309.25701398358626
    vertex -252.51723781967038 418.00978566260136 307.8170129835864
    vertex -252.02123581966885 418.2357986626016 313.9230139835863
  endloop
endfacet
facet normal -0.4657548476515513 0.8848810398967308 0.007613614145768217
  outer loop
    vertex -251.80723081967133 418.4457896626013 304.2430129835863
    vertex -251.81722581967006 418.3977856626014 309.25701398358626
    vertex -250.73923781967125 419.0057876626013 304.533012983586
  endloop
endfacet
facet normal -0.4657548476515513 0.8848810398967308 0.007613614145768217
  outer loop
    vertex -250.86522981966982 418.89177366260157 310.035013983586
    vertex -250.73923781967125 419.0057876626013 304.533012983586
    vertex -251.81722581967006 418.3977856626014 309.25701398358626
  endloop
endfacet
facet normal -0.2060372465892278 0.9785281884098791 0.005589052264045723
  outer loop
    vertex -240.95522581966583 421.8817946626013 325.3910149835834
    vertex -242.78922581966683 421.51778066260147 321.51301398358385
    vertex -242.23322581966556 421.60777766260134 326.25301398358374
  endloop
endfacet
facet normal -0.22478025223557974 0.9742883390856324 0.015364586771830804
  outer loop
    vertex -242.74323581966843 421.61980166260173 315.46701298358386
    vertex -243.91323381966953 421.41777466260163 311.16101398358416
    vertex -243.2072248196678 421.47578866260164 317.81101498358396
  endloop
endfacet
facet normal -0.36214145476577203 0.9320865370525657 0.008261609134207804
  outer loop
    vertex -247.27323481966775 420.27779066260166 317.7950139835851
    vertex -248.7532298196672 419.6817826626013 320.1630139835855
    vertex -247.74523481966682 420.0617876626013 321.4750139835852
  endloop
endfacet
facet normal -0.33710254818712077 0.9413393395264524 0.015560201337135796
  outer loop
    vertex -246.45322681966954 420.6697886626014 311.16101398358484
    vertex -246.8192398196706 420.6077776626014 306.98301398358495
    vertex -247.66923081966837 420.1637766626018 315.4290149835852
  endloop
endfacet
facet normal -0.24001918165793326 0.9704703463522611 0.02404369537276677
  outer loop
    vertex -242.09522581967266 422.1297806626013 299.05701298358366
    vertex -243.59122781967267 421.75978566260136 299.05701298358406
    vertex -241.52723181967133 422.1417736626015 304.2430129835835
  endloop
endfacet
facet normal -0.21632642850649914 0.9761130049397861 0.02015633689546496
  outer loop
    vertex -242.15122481966915 421.80778966260164 312.7170139835837
    vertex -242.74323581966843 421.61980166260173 315.46701298358386
    vertex -240.9272258196677 421.9677926626017 318.1050129835833
  endloop
endfacet
facet normal -0.46668064220497585 0.8843746498829993 0.009521388316529957
  outer loop
    vertex -250.86522981966982 418.89177366260157 310.035013983586
    vertex -251.81722581967006 418.3977856626014 309.25701398358626
    vertex -250.97922781966835 418.7717786626017 315.5930139835861
  endloop
endfacet
facet normal -0.25221334680931057 0.9675165541380993 0.01732469797672808
  outer loop
    vertex -243.42522681967063 421.6198016626015 306.983013983584
    vertex -245.0592298196727 421.3357736626014 299.0570129835844
    vertex -243.91323381966953 421.41777466260163 311.16101398358416
  endloop
endfacet
facet normal -0.42892540177339156 0.9033069194548891 0.007720685102572234
  outer loop
    vertex -249.2752338196727 419.7477916626013 299.05701298358565
    vertex -250.6072338196727 419.11577266260116 299.057012983586
    vertex -249.62523981967138 419.5378006626014 304.2430129835857
  endloop
endfacet
facet normal -0.42892540177339156 0.9033069194548891 0.007720685102572234
  outer loop
    vertex -250.73923781967125 419.0057876626013 304.533012983586
    vertex -249.62523981967138 419.5378006626014 304.2430129835857
    vertex -250.6072338196727 419.11577266260116 299.057012983586
  endloop
endfacet
facet normal -0.4289573844511858 0.9032807250161572 0.008915948580094183
  outer loop
    vertex -249.62523981967138 419.5378006626014 304.2430129835857
    vertex -250.73923781967125 419.0057876626013 304.533012983586
    vertex -249.84923881967006 419.3817946626015 309.25701398358575
  endloop
endfacet
facet normal -0.4289573844511858 0.9032807250161572 0.008915948580094183
  outer loop
    vertex -250.86522981966982 418.89177366260157 310.035013983586
    vertex -249.84923881967006 419.3817946626015 309.25701398358575
    vertex -250.73923781967125 419.0057876626013 304.533012983586
  endloop
endfacet
facet normal -0.4986175519090796 0.8667950865398807 0.00684213990775837
  outer loop
    vertex -251.89322981967268 418.4377946626013 299.0570129835863
    vertex -252.79323881967136 417.8797806626014 304.0990129835865
    vertex -251.80723081967133 418.4457896626013 304.2430129835863
  endloop
endfacet
facet normal -0.4986175519090796 0.8667950865398807 0.00684213990775837
  outer loop
    vertex -252.51723781967038 418.00978566260136 307.8170129835864
    vertex -251.80723081967133 418.4457896626013 304.2430129835863
    vertex -252.79323881967136 417.8797806626014 304.0990129835865
  endloop
endfacet
facet normal -0.3880710940312327 0.9215223586926475 0.014048786671518787
  outer loop
    vertex -249.4852398196678 419.4137766626017 317.7290139835857
    vertex -249.8272358196688 419.32777866260136 313.92301398358575
    vertex -251.12723881966645 418.64177366260145 323.0110129835861
  endloop
endfacet
facet normal -0.6211785244162171 0.7836674356023473 0.00160971442562745
  outer loop
    vertex -256.68323781966967 415.24977566260134 310.68901398358753
    vertex -257.0952258196687 414.9157916626014 314.30101298358755
    vertex -255.46523581966844 416.2057996626016 315.2810139835872
  endloop
endfacet
facet normal -0.3926788961028617 0.9195907243495782 0.012497369549488187
  outer loop
    vertex -249.01923681967037 419.7557876626013 307.8170129835855
    vertex -249.84923881967006 419.3817946626015 309.25701398358575
    vertex -249.8272358196688 419.32777866260136 313.92301398358575
  endloop
endfacet
facet normal -0.5325436342443531 0.8463890755516672 0.004776024770776288
  outer loop
    vertex -252.79323881967136 417.8797806626014 304.0990129835865
    vertex -254.3292338196727 416.9417916626013 299.05701298358684
    vertex -253.6672318196712 417.32579466260137 304.8210129835867
  endloop
endfacet
facet normal -0.38352530695511816 0.9234302653270299 0.013597205706823287
  outer loop
    vertex -248.65723681966983 419.8717846626015 309.97901398358545
    vertex -249.8272358196688 419.32777866260136 313.92301398358575
    vertex -249.4852398196678 419.4137766626017 317.7290139835857
  endloop
endfacet
facet normal -0.25322682629292426 0.9672478526034071 0.01754326308619009
  outer loop
    vertex -242.59723981967122 421.8757826626016 304.8210129835838
    vertex -245.0592298196727 421.3357736626014 299.0570129835844
    vertex -243.42522681967063 421.6198016626015 306.983013983584
  endloop
endfacet
facet normal -0.3149659030275446 0.9488611730168403 0.021423218039066917
  outer loop
    vertex -245.0592298196727 421.3357736626014 299.0570129835844
    vertex -246.49923281967273 420.85777766260134 299.0570129835849
    vertex -247.55922981967123 420.37578266260135 304.82101298358515
  endloop
endfacet
facet normal -0.16562958196362787 0.9859814895457492 0.020182761250629587
  outer loop
    vertex -239.04122481967266 422.7018016626013 299.0570129835828
    vertex -240.57723581967267 422.44377566260135 299.05701298358326
    vertex -240.3152268196712 422.36980166260133 304.8210129835832
  endloop
endfacet
facet normal -0.6452928522450747 -0.7632601679817187 -0.03210997997406933
  outer loop
    vertex -257.8692278196683 383.2477916626016 315.7450149835878
    vertex -257.59322681966773 382.92177266260177 317.9350129835877
    vertex -258.98523981966684 383.9517716626013 321.43101398358806
  endloop
endfacet
facet normal -0.6452928522450747 -0.7632601679817187 -0.03210997997406933
  outer loop
    vertex -258.0612288196667 383.1557816626013 321.79101398358785
    vertex -258.98523981966684 383.9517716626013 321.43101398358806
    vertex -257.59322681966773 382.92177266260177 317.9350129835877
  endloop
endfacet
facet normal -0.19508310105970217 0.980555345563872 0.021302534286927938
  outer loop
    vertex -240.57723581967267 422.44377566260135 299.05701298358326
    vertex -241.52723181967133 422.1417736626015 304.2430129835835
    vertex -240.3152268196712 422.36980166260133 304.8210129835832
  endloop
endfacet
facet normal -0.19508310105970217 0.980555345563872 0.021302534286927938
  outer loop
    vertex -241.09322681967032 422.1417736626015 308.2190139835834
    vertex -240.3152268196712 422.36980166260133 304.8210129835832
    vertex -241.52723181967133 422.1417736626015 304.2430129835835
  endloop
endfacet
facet normal -0.19508310105970217 0.980555345563872 0.021302534286927938
  outer loop
    vertex -240.2092388196698 422.27577666260163 310.16101298358313
    vertex -240.3152268196712 422.36980166260133 304.8210129835832
    vertex -241.09322681967032 422.1417736626015 308.2190139835834
  endloop
endfacet
facet normal -0.3463791866073081 0.9379235874869599 0.017910977663172147
  outer loop
    vertex -246.8192398196706 420.6077776626014 306.98301398358495
    vertex -247.55922981967123 420.37578266260135 304.82101298358515
    vertex -248.65723681966983 419.8717846626015 309.97901398358545
  endloop
endfacet
facet normal -0.3523252422774954 0.9357768171562653 0.01373579728278836
  outer loop
    vertex -246.8192398196706 420.6077776626014 306.98301398358495
    vertex -248.65723681966983 419.8717846626015 309.97901398358545
    vertex -247.66923081966837 420.1637766626018 315.4290149835852
  endloop
endfacet
facet normal -0.3257163586428394 0.9453562894143935 0.014503095431634456
  outer loop
    vertex -245.0592298196727 421.3357736626014 299.0570129835844
    vertex -246.8192398196706 420.6077776626014 306.98301398358495
    vertex -246.45322681966954 420.6697886626014 311.16101398358484
  endloop
endfacet
facet normal -0.21240913593530664 0.9770956674093044 0.01290022097417251
  outer loop
    vertex -241.73923781966715 421.7617996626013 320.31901398358355
    vertex -243.2072248196678 421.47578866260164 317.81101498358396
    vertex -242.78922581966683 421.51778066260147 321.51301398358385
  endloop
endfacet
facet normal -0.21858388682406074 0.9756756545596547 0.016676376119400333
  outer loop
    vertex -242.74323581966843 421.61980166260173 315.46701298358386
    vertex -243.2072248196678 421.47578866260164 317.81101498358396
    vertex -241.73923781966715 421.7617996626013 320.31901398358355
  endloop
endfacet
facet normal -0.15222169845132905 0.9882486469212635 0.01389843080655621
  outer loop
    vertex -239.19123381966767 422.28178866260174 318.10501298358287
    vertex -240.41523281966857 422.14177366260174 314.6550139835832
    vertex -239.53922581966614 422.14580166260134 323.963014983583
  endloop
endfacet
facet normal -0.38640907722467255 0.9222108928692959 0.014666087126200354
  outer loop
    vertex -248.7532298196672 419.6817826626013 320.1630139835855
    vertex -249.4852398196678 419.4137766626017 317.7290139835857
    vertex -251.12723881966645 418.64177366260145 323.0110129835861
  endloop
endfacet
facet normal -0.35268595497477795 0.9356210410290736 0.015029462638491283
  outer loop
    vertex -246.49923281967273 420.85777766260134 299.0570129835849
    vertex -247.90523781967266 420.3277786626015 299.05701298358525
    vertex -248.53922581967137 420.0078016626013 304.0990129835854
  endloop
endfacet
facet normal -0.20027713484305726 0.9795796231683953 0.0176870328862862
  outer loop
    vertex -240.9272258196677 421.9677926626017 318.1050129835833
    vertex -241.73923781966715 421.7617996626013 320.31901398358355
    vertex -239.53922581966614 422.14580166260134 323.963014983583
  endloop
endfacet
facet normal -0.20252094665354786 0.9790753732087253 0.019916820598331476
  outer loop
    vertex -240.57723581967267 422.44377566260135 299.05701298358326
    vertex -242.09522581967266 422.1297806626013 299.05701298358366
    vertex -241.52723181967133 422.1417736626015 304.2430129835835
  endloop
endfacet
facet normal -0.21535270705999318 0.9764832033952302 0.010186513089485729
  outer loop
    vertex -241.73923781966715 421.7617996626013 320.31901398358355
    vertex -242.78922581966683 421.51778066260147 321.51301398358385
    vertex -240.95522581966583 421.8817946626013 325.3910149835834
  endloop
endfacet
facet normal -0.22958613658988497 0.9732043372477297 0.012787644346709011
  outer loop
    vertex -243.2072248196678 421.47578866260164 317.81101498358396
    vertex -244.09723981966812 421.2838026626017 316.4430149835842
    vertex -244.0132248196667 421.2318006626015 321.9090139835842
  endloop
endfacet
facet normal -0.2349508598164009 0.9718677797480455 0.016465483871990108
  outer loop
    vertex -243.91323381966953 421.41777466260163 311.16101398358416
    vertex -244.09723981966812 421.2838026626017 316.4430149835842
    vertex -243.2072248196678 421.47578866260164 317.81101498358396
  endloop
endfacet
facet normal -0.30791620636041644 0.9513059592674363 0.014303206733885666
  outer loop
    vertex -245.17522681967003 421.11378966260156 309.1430129835845
    vertex -246.45322681966954 420.6697886626014 311.16101398358484
    vertex -246.39322981966816 420.60979166260165 316.4430149835849
  endloop
endfacet
facet normal -0.21712308411318215 0.9759452923139581 0.01970666779045232
  outer loop
    vertex -241.09322681967032 422.1417736626015 308.2190139835834
    vertex -242.59723981967122 421.8757826626016 304.8210129835838
    vertex -241.55523181966984 421.99977566260156 310.16101298358353
  endloop
endfacet
facet normal -0.46610254157016645 0.8847071627952908 0.006454211070145511
  outer loop
    vertex -250.6072338196727 419.11577266260116 299.057012983586
    vertex -251.89322981967268 418.4377946626013 299.0570129835863
    vertex -250.73923781967125 419.0057876626013 304.533012983586
  endloop
endfacet
facet normal -0.46610254157016645 0.8847071627952908 0.006454211070145511
  outer loop
    vertex -251.80723081967133 418.4457896626013 304.2430129835863
    vertex -250.73923781967125 419.0057876626013 304.533012983586
    vertex -251.89322981967268 418.4377946626013 299.0570129835863
  endloop
endfacet
facet normal -0.5091528573495758 0.8606482990623825 -0.006919044283021334
  outer loop
    vertex -254.12923781966842 417.0357866626017 315.50701398358683
    vertex -255.03722681966943 416.46577866260145 311.42101298358705
    vertex -254.64322981966788 416.7477916626016 317.50701398358694
  endloop
endfacet
facet normal -0.47011844738443576 0.8825457256302368 0.010084027005426219
  outer loop
    vertex -251.81722581967006 418.3977856626014 309.25701398358626
    vertex -252.02123581966885 418.2357986626016 313.9230139835863
    vertex -250.97922781966835 418.7717786626017 315.5930139835861
  endloop
endfacet
facet normal -0.5758615513486619 0.8174999426795388 -0.008793031176086633
  outer loop
    vertex -255.03722681966943 416.46577866260145 311.42101298358705
    vertex -256.24523481967077 415.56178766260143 306.4890129835873
    vertex -255.46523581966844 416.2057996626016 315.2810139835872
  endloop
endfacet
facet normal -0.23052197844587888 0.972875248520788 0.019322739687033658
  outer loop
    vertex -241.55523181966984 421.99977566260156 310.16101298358353
    vertex -243.42522681967063 421.6198016626015 306.983013983584
    vertex -242.15122481966915 421.80778966260164 312.7170139835837
  endloop
endfacet
facet normal -0.5122556272235527 0.858795555631416 0.008022842733882424
  outer loop
    vertex -252.92522681966986 417.74577766260165 309.97901398358647
    vertex -253.45723981966913 417.4037976626014 312.6170129835866
    vertex -252.47523081966784 417.9417916626016 317.72901398358636
  endloop
endfacet
facet normal -0.2381207988412005 0.9710469036832743 0.019141473463521044
  outer loop
    vertex -243.42522681967063 421.6198016626015 306.983013983584
    vertex -243.91323381966953 421.41777466260163 311.16101398358416
    vertex -242.74323581966843 421.61980166260173 315.46701298358386
  endloop
endfacet
facet normal -0.2308859535962509 0.9727702947880043 0.020239318417601442
  outer loop
    vertex -241.52723181967133 422.1417736626015 304.2430129835835
    vertex -243.59122781967267 421.75978566260136 299.05701298358406
    vertex -242.59723981967122 421.8757826626016 304.8210129835838
  endloop
endfacet
facet normal -0.05468273464525551 0.9982843513434421 0.020932090065724846
  outer loop
    vertex -234.3572338196727 423.1317946626014 299.0570129835816
    vertex -235.92722581967274 423.04579566260134 299.057012983582
    vertex -235.2752338196714 422.9757886626013 304.0990129835819
  endloop
endfacet
facet normal -0.33276476691793205 0.9429241483912687 0.0127145695426646
  outer loop
    vertex -245.0592298196727 421.3357736626014 299.0570129835844
    vertex -247.55922981967123 420.37578266260135 304.82101298358515
    vertex -246.8192398196706 420.6077776626014 306.98301398358495
  endloop
endfacet
facet normal -0.017611622004356727 0.9996354584406316 0.02046413933113196
  outer loop
    vertex -232.7832288196727 423.1597796626014 299.0570129835812
    vertex -234.3572338196727 423.1317946626014 299.0570129835816
    vertex -232.71123781967128 423.05177766260164 304.5330129835812
  endloop
endfacet
facet normal -0.017611622004356727 0.9996354584406316 0.02046413933113196
  outer loop
    vertex -234.0272318196713 423.0338026626013 304.24301298358154
    vertex -232.71123781967128 423.05177766260164 304.5330129835812
    vertex -234.3572338196727 423.1317946626014 299.0570129835816
  endloop
endfacet
facet normal -0.017611622004356727 0.9996354584406316 0.02046413933113196
  outer loop
    vertex -233.84522581967 422.9317826626016 309.3530129835815
    vertex -232.71123781967128 423.05177766260164 304.5330129835812
    vertex -234.0272318196713 423.0338026626013 304.24301298358154
  endloop
endfacet
facet normal -0.017611622004356727 0.9996354584406316 0.02046413933113196
  outer loop
    vertex -232.64722781966825 422.8117876626018 316.16101298358114
    vertex -232.71123781967128 423.05177766260164 304.5330129835812
    vertex -233.84522581967 422.9317826626016 309.3530129835815
  endloop
endfacet
facet normal -0.06286159294202227 0.9977469658223476 0.02343954617928315
  outer loop
    vertex -234.77723181967036 422.9177746626013 307.8590129835818
    vertex -235.2212328196698 422.83778866260155 310.07301398358186
    vertex -233.96123781966872 422.8177996626017 314.30301298358154
  endloop
endfacet
facet normal -0.49625542601813755 0.8681456876472842 0.007322374408669032
  outer loop
    vertex -251.80723081967133 418.4457896626013 304.2430129835863
    vertex -252.51723781967038 418.00978566260136 307.8170129835864
    vertex -251.81722581967006 418.3977856626014 309.25701398358626
  endloop
endfacet
facet normal -0.12773978403248795 0.9913416417539995 0.03040225155836889
  outer loop
    vertex -237.48923781967267 422.9017836626013 299.0570129835824
    vertex -239.04122481967266 422.7018016626013 299.0570129835828
    vertex -236.3812358196712 422.8677866626013 304.8210129835822
  endloop
endfacet
facet normal -0.5434249933509979 0.8394494939861891 -0.0037180166485928667
  outer loop
    vertex -255.03722681966943 416.46577866260145 311.42101298358705
    vertex -255.46523581966844 416.2057996626016 315.2810139835872
    vertex -254.64322981966788 416.7477916626016 317.50701398358694
  endloop
endfacet
facet normal -0.04949090823386165 0.998535736033515 0.02184110496732819
  outer loop
    vertex -234.3572338196727 423.1317946626014 299.0570129835816
    vertex -235.2752338196714 422.9757886626013 304.0990129835819
    vertex -234.0272318196713 423.0338026626013 304.24301298358154
  endloop
endfacet
facet normal -0.04949090823386165 0.998535736033515 0.02184110496732819
  outer loop
    vertex -234.77723181967036 422.9177746626013 307.8590129835818
    vertex -234.0272318196713 423.0338026626013 304.24301298358154
    vertex -235.2752338196714 422.9757886626013 304.0990129835819
  endloop
endfacet
facet normal -0.04949090823386165 0.998535736033515 0.02184110496732819
  outer loop
    vertex -233.84522581967 422.9317826626016 309.3530129835815
    vertex -234.0272318196713 423.0338026626013 304.24301298358154
    vertex -234.77723181967036 422.9177746626013 307.8590129835818
  endloop
endfacet
facet normal -0.04949090823386165 0.998535736033515 0.02184110496732819
  outer loop
    vertex -233.96123781966872 422.8177996626017 314.30301298358154
    vertex -233.84522581967 422.9317826626016 309.3530129835815
    vertex -234.77723181967036 422.9177746626013 307.8590129835818
  endloop
endfacet
facet normal -0.5230571702593402 0.8522829311423272 0.00500019236977341
  outer loop
    vertex -252.92522681966986 417.74577766260165 309.97901398358647
    vertex -254.39123081967062 416.86378966260145 306.9590129835869
    vertex -253.45723981966913 417.4037976626014 312.6170129835866
  endloop
endfacet
facet normal -0.4259834851208074 0.9047010348251024 0.0073558133961823795
  outer loop
    vertex -249.8272358196688 419.32777866260136 313.92301398358575
    vertex -250.97922781966835 418.7717786626017 315.5930139835861
    vertex -251.12723881966645 418.64177366260145 323.0110129835861
  endloop
endfacet
facet normal 0.08464974088887474 0.9962105502866487 0.019974004731622662
  outer loop
    vertex -228.07723581967267 422.8977856626013 299.05701298357997
    vertex -230.1612348196714 422.9737746626014 304.09901298358056
    vertex -229.0372268196712 422.8637896626015 304.82101298358026
  endloop
endfacet
facet normal 0.10829668372318993 0.9940875159100282 0.007863778124351458
  outer loop
    vertex -225.87322581966563 422.2157786626014 326.12701498357944
    vertex -227.355234819667 422.4197886626013 320.7470139835798
    vertex -227.7112378196656 422.41579166260135 326.1550139835799
  endloop
endfacet
facet normal -0.0776938233252005 0.996705644212718 0.023270767319175233
  outer loop
    vertex -235.2212328196698 422.83778866260155 310.07301398358186
    vertex -235.8112288196691 422.72978666260155 312.72901398358204
    vertex -234.45122781966765 422.7057996626017 318.2970149835817
  endloop
endfacet
facet normal 0.12901512608735458 0.9912658355502563 0.027333871140336696
  outer loop
    vertex -226.5252338196727 422.69578966260144 299.05701298357957
    vertex -228.07723581967267 422.8977856626013 299.05701298357997
    vertex -229.0372268196712 422.8637896626015 304.82101298358026
  endloop
endfacet
facet normal -0.5962274176700549 0.8028148151324829 -0.0011131137836307536
  outer loop
    vertex -255.4692338196727 416.1277966626013 299.0570129835872
    vertex -256.24523481967077 415.56178766260143 306.4890129835873
    vertex -255.03722681966943 416.46577866260145 311.42101298358705
  endloop
endfacet
facet normal 0.09303637208866472 0.9953864561833922 0.023452853030022272
  outer loop
    vertex -228.07723581967267 422.8977856626013 299.05701298357997
    vertex -229.6392318196727 423.0437816626014 299.0570129835804
    vertex -230.1612348196714 422.9737746626014 304.09901298358056
  endloop
endfacet
facet normal -0.5419402866668434 0.8403713589158257 0.008758127735320741
  outer loop
    vertex -253.13523381967266 417.7117806626013 299.0570129835865
    vertex -254.3292338196727 416.9417916626013 299.05701298358684
    vertex -252.79323881967136 417.8797806626014 304.0990129835865
  endloop
endfacet
facet normal -0.48915098412265623 0.8721991179916044 -0.00011535382244071204
  outer loop
    vertex -254.12923781966842 417.0357866626017 315.50701398358683
    vertex -254.64322981966788 416.7477916626016 317.50701398358694
    vertex -253.43123881966733 417.4277846626016 319.6110139835866
  endloop
endfacet
facet normal -0.4876361224786277 0.8730460584455081 -0.0012616999530871975
  outer loop
    vertex -253.43123881966733 417.4277846626016 319.6110139835866
    vertex -254.64322981966788 416.7477916626016 317.50701398358694
    vertex -254.39722781966702 416.8897906626012 320.6870139835869
  endloop
endfacet
facet normal -0.12221029107615372 0.9923311575126709 0.018534254359022916
  outer loop
    vertex -237.85923281966848 422.49779166260174 315.3230139835826
    vertex -239.19123381966767 422.28178866260174 318.10501298358287
    vertex -237.89722781966714 422.3997996626013 320.3190139835826
  endloop
endfacet
facet normal -0.38154363069978137 0.9242402606304423 0.014296800418307512
  outer loop
    vertex -248.65723681966983 419.8717846626015 309.97901398358545
    vertex -249.01923681967037 419.7557876626013 307.8170129835855
    vertex -249.8272358196688 419.32777866260136 313.92301398358575
  endloop
endfacet
facet normal -0.545506294545642 0.8381026251724071 -0.0026215053314655153
  outer loop
    vertex -254.64322981966788 416.7477916626016 317.50701398358694
    vertex -255.46523581966844 416.2057996626016 315.2810139835872
    vertex -255.62122681966733 416.1177866626016 319.60301398358723
  endloop
endfacet
facet normal -0.46012353884847407 0.8878396357641557 -0.0052067421415079125
  outer loop
    vertex -251.12723881966645 418.64177366260145 323.0110129835861
    vertex -253.43123881966733 417.4277846626016 319.6110139835866
    vertex -252.76723781966626 417.7957956626013 323.68501298358643
  endloop
endfacet
facet normal -0.05981951729085541 0.9980226920801767 0.01929589189765802
  outer loop
    vertex -234.45122781966765 422.7057996626017 318.2970149835817
    vertex -235.39522881966707 422.60579366260134 320.5430149835819
    vertex -232.76322481966594 422.6777846626013 324.97901398358124
  endloop
endfacet
facet normal 0.05010829161350897 0.9985239321105606 0.02095509756694532
  outer loop
    vertex -231.2092388196727 423.1317946626014 299.0570129835808
    vertex -231.40523781967133 423.0338026626013 304.24301298358085
    vertex -230.1612348196714 422.9737746626014 304.09901298358056
  endloop
endfacet
facet normal 0.05010829161350897 0.9985239321105606 0.02095509756694532
  outer loop
    vertex -230.57323781967037 422.9157916626014 307.85901298358067
    vertex -230.1612348196714 422.9737746626014 304.09901298358056
    vertex -231.40523781967133 423.0338026626013 304.24301298358085
  endloop
endfacet
facet normal 0.05010829161350897 0.9985239321105606 0.02095509756694532
  outer loop
    vertex -231.48122681967 422.9297986626017 309.35301298358087
    vertex -230.57323781967037 422.9157916626014 307.85901298358067
    vertex -231.40523781967133 423.0338026626013 304.24301298358085
  endloop
endfacet
facet normal 0.05010829161350897 0.9985239321105606 0.02095509756694532
  outer loop
    vertex -231.32523681966873 422.8177996626017 314.30301298358086
    vertex -230.57323781967037 422.9157916626014 307.85901298358067
    vertex -231.48122681967 422.9297986626017 309.35301298358087
  endloop
endfacet
facet normal -0.6073082430655274 0.7944545787658632 -0.004315110962325215
  outer loop
    vertex -256.24523481967077 415.56178766260143 306.4890129835873
    vertex -256.68323781966967 415.24977566260134 310.68901398358753
    vertex -255.46523581966844 416.2057996626016 315.2810139835872
  endloop
endfacet
facet normal -0.11826756348910761 0.9927699102240081 0.020510699163246635
  outer loop
    vertex -239.01322481967065 422.53578666260137 306.83701298358284
    vertex -239.05323281966915 422.4097796626016 312.68101398358283
    vertex -237.85923281966848 422.49779166260174 315.3230139835826
  endloop
endfacet
facet normal -0.11826756348910761 0.9927699102240081 0.020510699163246635
  outer loop
    vertex -239.19123381966767 422.28178866260174 318.10501298358287
    vertex -237.85923281966848 422.49779166260174 315.3230139835826
    vertex -239.05323281966915 422.4097796626016 312.68101398358283
  endloop
endfacet
facet normal -0.027070152280645736 0.9993830206253054 0.022378224713845447
  outer loop
    vertex -233.84522581967 422.9317826626016 309.3530129835815
    vertex -233.96123781966872 422.8177996626017 314.30301298358154
    vertex -232.64722781966825 422.8117876626018 316.16101298358114
  endloop
endfacet
facet normal 0.017903590163696966 0.9996491426166908 0.019520582085719253
  outer loop
    vertex -231.2092388196727 423.1317946626014 299.0570129835808
    vertex -232.7832288196727 423.1597796626014 299.0570129835812
    vertex -231.40523781967133 423.0338026626013 304.24301298358085
  endloop
endfacet
facet normal 0.017903590163696966 0.9996491426166908 0.019520582085719253
  outer loop
    vertex -232.71123781967128 423.05177766260164 304.5330129835812
    vertex -231.40523781967133 423.0338026626013 304.24301298358085
    vertex -232.7832288196727 423.1597796626014 299.0570129835812
  endloop
endfacet
facet normal 0.018521517622325786 0.9996173916048271 0.02054321752130562
  outer loop
    vertex -231.40523781967133 423.0338026626013 304.24301298358085
    vertex -232.71123781967128 423.05177766260164 304.5330129835812
    vertex -231.48122681967 422.9297986626017 309.35301298358087
  endloop
endfacet
facet normal 0.018521517622325786 0.9996173916048271 0.02054321752130562
  outer loop
    vertex -232.64722781966825 422.8117876626018 316.16101298358114
    vertex -231.48122681967 422.9297986626017 309.35301298358087
    vertex -232.71123781967128 423.05177766260164 304.5330129835812
  endloop
endfacet
facet normal -0.07368715964080089 0.997143601787274 0.016578296618583666
  outer loop
    vertex -235.39522881966707 422.60579366260134 320.5430149835819
    vertex -236.9552258196679 422.5437816626017 317.3390139835823
    vertex -236.6072338196669 422.5057876626014 321.1710129835822
  endloop
endfacet
facet normal -0.06544855884605212 0.9977125483134083 0.01691617814223385
  outer loop
    vertex -234.45122781966765 422.7057996626017 318.2970149835817
    vertex -236.4252268196684 422.6257826626016 315.3790139835822
    vertex -235.39522881966707 422.60579366260134 320.5430149835819
  endloop
endfacet
facet normal 0.10660593761668087 0.994266402973496 0.008336305117633051
  outer loop
    vertex -226.0612288196675 422.2977796626018 318.7510129835795
    vertex -227.355234819667 422.4197886626013 320.7470139835798
    vertex -225.87322581966563 422.2157786626014 326.12701498357944
  endloop
endfacet
facet normal 0.11651789366149413 0.993077795013147 0.014834874738766353
  outer loop
    vertex -226.0612288196675 422.2977796626018 318.7510129835795
    vertex -227.3432268196684 422.49779166260174 315.4310139835798
    vertex -227.355234819667 422.4197886626013 320.7470139835798
  endloop
endfacet
facet normal -0.09261996733874157 0.9955236197149977 0.018821908503637342
  outer loop
    vertex -236.9552258196679 422.5437816626017 317.3390139835823
    vertex -237.85923281966848 422.49779166260174 315.3230139835826
    vertex -237.89722781966714 422.3997996626013 320.3190139835826
  endloop
endfacet
facet normal -0.09393695583876906 0.995408101093925 0.018400016422059812
  outer loop
    vertex -236.9552258196679 422.5437816626017 317.3390139835823
    vertex -237.89722781966714 422.3997996626013 320.3190139835826
    vertex -236.6072338196669 422.5057876626014 321.1710129835822
  endloop
endfacet
facet normal -0.4862871305006467 0.8737990160984617 0.00032584476007288825
  outer loop
    vertex -253.43123881966733 417.4277846626016 319.6110139835866
    vertex -254.39722781966702 416.8897906626012 320.6870139835869
    vertex -252.76723781966626 417.7957956626013 323.68501298358643
  endloop
endfacet
facet normal -0.618237289198994 0.7859661954314026 -0.006308239292058531
  outer loop
    vertex -255.46523581966844 416.2057996626016 315.2810139835872
    vertex -257.0952258196687 414.9157916626014 314.30101298358755
    vertex -255.62122681966733 416.1177866626016 319.60301398358723
  endloop
endfacet
facet normal -0.5220069488085235 0.8529225493893974 0.005645364355529078
  outer loop
    vertex -252.51723781967038 418.00978566260136 307.8170129835864
    vertex -253.6672318196712 417.32579466260137 304.8210129835867
    vertex -252.92522681966986 417.74577766260165 309.97901398358647
  endloop
endfacet
facet normal -0.4198921942005966 0.9074881020042658 0.012485590498796864
  outer loop
    vertex -249.8272358196688 419.32777866260136 313.92301398358575
    vertex -249.84923881967006 419.3817946626015 309.25701398358575
    vertex -250.97922781966835 418.7717786626017 315.5930139835861
  endloop
endfacet
facet normal -0.4803918817037556 0.8770539547859911 -1.9681919176401924e-05
  outer loop
    vertex -253.45723981966913 417.4037976626014 312.6170129835866
    vertex -254.12923781966842 417.0357866626017 315.50701398358683
    vertex -252.47523081966784 417.9417916626016 317.72901398358636
  endloop
endfacet
facet normal -0.5810552099399208 0.8137678233053739 0.012520892720121524
  outer loop
    vertex -254.3292338196727 416.9417916626013 299.05701298358684
    vertex -255.4692338196727 416.1277966626013 299.0570129835872
    vertex -253.6672318196712 417.32579466260137 304.8210129835867
  endloop
endfacet
facet normal -0.5248542194486527 0.8511695700218048 0.006197692783746275
  outer loop
    vertex -253.6672318196712 417.32579466260137 304.8210129835867
    vertex -254.39123081967062 416.86378966260145 306.9590129835869
    vertex -252.92522681966986 417.74577766260165 309.97901398358647
  endloop
endfacet
facet normal -0.42771031076237287 0.9038520435485451 0.010741202943488124
  outer loop
    vertex -249.84923881967006 419.3817946626015 309.25701398358575
    vertex -250.86522981966982 418.89177366260157 310.035013983586
    vertex -250.97922781966835 418.7717786626017 315.5930139835861
  endloop
endfacet
facet normal -0.39604519877727573 0.918168572521211 0.01070854611186608
  outer loop
    vertex -249.2752338196727 419.7477916626013 299.05701298358565
    vertex -249.62523981967138 419.5378006626014 304.2430129835857
    vertex -248.53922581967137 420.0078016626013 304.0990129835854
  endloop
endfacet
facet normal -0.39604519877727573 0.918168572521211 0.01070854611186608
  outer loop
    vertex -249.01923681967037 419.7557876626013 307.8170129835855
    vertex -248.53922581967137 420.0078016626013 304.0990129835854
    vertex -249.62523981967138 419.5378006626014 304.2430129835857
  endloop
endfacet
facet normal -0.39495393261362455 0.9186358092816919 0.010938053684437185
  outer loop
    vertex -249.01923681967037 419.7557876626013 307.8170129835855
    vertex -249.62523981967138 419.5378006626014 304.2430129835857
    vertex -249.84923881967006 419.3817946626015 309.25701398358575
  endloop
endfacet
facet normal -0.1050563629577032 0.9942604554462976 0.02023134542783641
  outer loop
    vertex -237.22123281967066 422.7357986626013 306.8370129835824
    vertex -239.04122481967266 422.7018016626013 299.0570129835828
    vertex -237.67322881966967 422.61177466260165 310.58501398358254
  endloop
endfacet
facet normal -0.10671165069301515 0.9940761866953394 0.020619375636152064
  outer loop
    vertex -236.3812358196712 422.8677866626013 304.8210129835822
    vertex -239.04122481967266 422.7018016626013 299.0570129835828
    vertex -237.22123281967066 422.7357986626013 306.8370129835824
  endloop
endfacet
facet normal -0.5046472739754592 0.8633083285813022 0.005464308858042065
  outer loop
    vertex -251.89322981967268 418.4377946626013 299.0570129835863
    vertex -253.13523381967266 417.7117806626013 299.0570129835865
    vertex -252.79323881967136 417.8797806626014 304.0990129835865
  endloop
endfacet
facet normal 0.07684685820328453 0.9967972490978492 0.022131528985691647
  outer loop
    vertex -229.4532268196691 422.72578866260176 312.72901398358033
    vertex -230.08922881966984 422.8337906626017 310.07301398358055
    vertex -230.82323781966767 422.7077836626016 318.2970149835807
  endloop
endfacet
facet normal -0.46933440275908345 0.883016203808719 0.0027572083732437906
  outer loop
    vertex -252.47523081966784 417.9417916626016 317.72901398358636
    vertex -253.43123881966733 417.4277846626016 319.6110139835866
    vertex -251.12723881966645 418.64177366260145 323.0110129835861
  endloop
endfacet
facet normal -0.5440630473532234 0.8390351529425049 -0.003925892442749225
  outer loop
    vertex -254.39123081967062 416.86378966260145 306.9590129835869
    vertex -255.4692338196727 416.1277966626013 299.0570129835872
    vertex -255.03722681966943 416.46577866260145 311.42101298358705
  endloop
endfacet
facet normal -0.09050147812686518 0.9958539234911991 0.009189424575992207
  outer loop
    vertex -236.6072338196669 422.5057876626014 321.1710129835822
    vertex -237.87322581966578 422.35179566260143 325.3910149835826
    vertex -236.41123481966565 422.47978666260127 325.91901398358215
  endloop
endfacet
facet normal -0.5296376017305573 0.8481690300168243 0.009659573149118432
  outer loop
    vertex -252.79323881967136 417.8797806626014 304.0990129835865
    vertex -253.6672318196712 417.32579466260137 304.8210129835867
    vertex -252.51723781967038 418.00978566260136 307.8170129835864
  endloop
endfacet
facet normal -0.5288838606212606 0.8486937673462842 -0.0008667421313316184
  outer loop
    vertex -254.39123081967062 416.86378966260145 306.9590129835869
    vertex -255.03722681966943 416.46577866260145 311.42101298358705
    vertex -254.12923781966842 417.0357866626017 315.50701398358683
  endloop
endfacet
facet normal -0.3592212787893885 0.9331756102697975 0.01197302227959128
  outer loop
    vertex -246.49923281967273 420.85777766260134 299.0570129835849
    vertex -248.53922581967137 420.0078016626013 304.0990129835854
    vertex -247.55922981967123 420.37578266260135 304.82101298358515
  endloop
endfacet
facet normal -0.4888107502737185 0.8723860595163856 -0.0025716878345148036
  outer loop
    vertex -253.45723981966913 417.4037976626014 312.6170129835866
    vertex -254.39123081967062 416.86378966260145 306.9590129835869
    vertex -254.12923781966842 417.0357866626017 315.50701398358683
  endloop
endfacet
facet normal -0.11799225815189493 0.9928849698223575 0.016039442542465376
  outer loop
    vertex -237.89722781966714 422.3997996626013 320.3190139835826
    vertex -239.19123381966767 422.28178866260174 318.10501298358287
    vertex -239.53922581966614 422.14580166260134 323.963014983583
  endloop
endfacet
facet normal 0.1168348512480829 0.9929776201114129 0.018575884681844627
  outer loop
    vertex -226.35123781967067 422.5297746626016 306.83701298357954
    vertex -226.5252338196727 422.69578966260144 299.05701298357957
    vertex -227.5932268196697 422.60579366260157 310.58501398357987
  endloop
endfacet
facet normal -0.09177681262684051 0.9954481754636856 0.025689426425623003
  outer loop
    vertex -235.92722581967274 423.04579566260134 299.057012983582
    vertex -237.48923781967267 422.9017836626013 299.0570129835824
    vertex -235.2752338196714 422.9757886626013 304.0990129835819
  endloop
endfacet
facet normal 0.08186196950704218 0.9963465458663404 0.02433471776373498
  outer loop
    vertex -229.0372268196712 422.8637896626015 304.82101298358026
    vertex -230.1612348196714 422.9737746626014 304.09901298358056
    vertex -230.57323781967037 422.9157916626014 307.85901298358067
  endloop
endfacet
facet normal -0.07680132479045994 0.9969906647924239 0.010543757735789515
  outer loop
    vertex -235.39522881966707 422.60579366260134 320.5430149835819
    vertex -236.6072338196669 422.5057876626014 321.1710129835822
    vertex -234.9272258196657 422.58577366260135 325.8450149835818
  endloop
endfacet
facet normal -0.1311456195005854 0.9913126491853742 0.010002902123029534
  outer loop
    vertex -237.89722781966714 422.3997996626013 320.3190139835826
    vertex -239.53922581966614 422.14580166260134 323.963014983583
    vertex -237.87322581966578 422.35179566260143 325.3910149835826
  endloop
endfacet
facet normal -0.07197161595145841 0.9971729428557418 0.021591862674526695
  outer loop
    vertex -234.77723181967036 422.9177746626013 307.8590129835818
    vertex -236.3812358196712 422.8677866626013 304.8210129835822
    vertex -235.2212328196698 422.83778866260155 310.07301398358186
  endloop
endfacet
facet normal -0.08557553289278365 0.996099784039182 0.021495311284351365
  outer loop
    vertex -235.2212328196698 422.83778866260155 310.07301398358186
    vertex -237.22123281967066 422.7357986626013 306.8370129835824
    vertex -235.8112288196691 422.72978666260155 312.72901398358204
  endloop
endfacet
facet normal -0.09329250992373177 0.9952915809241284 0.02629023647059503
  outer loop
    vertex -236.3812358196712 422.8677866626013 304.8210129835822
    vertex -237.22123281967066 422.7357986626013 306.8370129835824
    vertex -235.2212328196698 422.83778866260155 310.07301398358186
  endloop
endfacet
facet normal -0.0956483330409251 0.9952104705010952 0.02018702037153575
  outer loop
    vertex -237.67322881966967 422.61177466260165 310.58501398358254
    vertex -237.85923281966848 422.49779166260174 315.3230139835826
    vertex -236.9552258196679 422.5437816626017 317.3390139835823
  endloop
endfacet
facet normal 0.4657821051443519 0.8848775993447515 -0.006218094978822082
  outer loop
    vertex -213.16523281966872 418.2157786626012 313.923013983576
    vertex -214.16123481966835 418.7517896626013 315.5930139835763
    vertex -213.8152268196664 418.62178466260104 323.0110129835763
  endloop
endfacet
facet normal 0.3405601760675323 0.9401961061643684 -0.007074491516087039
  outer loop
    vertex -217.2372238196668 420.04579566260094 321.47501398357724
    vertex -218.3932298196667 420.46779266260114 321.90901398357755
    vertex -217.8072308196654 420.29179866260125 326.7290139835773
  endloop
endfacet
facet normal 0.09240393298190035 0.9954276097657399 0.024194769797266636
  outer loop
    vertex -228.1432298196707 422.7318006626015 306.83701298358
    vertex -229.0372268196712 422.8637896626015 304.82101298358026
    vertex -230.08922881966984 422.8337906626017 310.07301398358055
  endloop
endfacet
facet normal 0.06495178842132882 0.9976290323209384 0.022750363761033923
  outer loop
    vertex -230.08922881966984 422.8337906626017 310.07301398358055
    vertex -230.57323781967037 422.9157916626014 307.85901298358067
    vertex -231.32523681966873 422.8177996626017 314.30301298358086
  endloop
endfacet
facet normal 0.37273598083537846 0.927937220336988 -0.0006353770159969392
  outer loop
    vertex -215.5972248196678 419.39580166260146 317.7290139835767
    vertex -217.47323181966843 420.1477856626014 315.42901498357725
    vertex -216.26522381966717 419.66579166260107 320.1630139835769
  endloop
endfacet
facet normal 0.3081042192186063 0.9513266140337613 -0.007033031405580008
  outer loop
    vertex -218.3932298196667 420.46779266260114 321.90901398357755
    vertex -219.6592358196667 420.877796662601 321.9070129835779
    vertex -219.4812268196654 420.85579366260123 326.7290139835778
  endloop
endfacet
facet normal 0.3629220404513163 0.9318189511076178 -0.0010173059284799815
  outer loop
    vertex -216.26522381966717 419.66579166260107 320.1630139835769
    vertex -217.80723081966775 420.2637826626014 317.79501398357735
    vertex -217.2372238196668 420.04579566260094 321.47501398357724
  endloop
endfacet
facet normal -0.06340665008257265 0.9977832999132848 0.02020106778024469
  outer loop
    vertex -233.96123781966872 422.8177996626017 314.30301298358154
    vertex -234.45122781966765 422.7057996626017 318.2970149835817
    vertex -232.76322481966594 422.6777846626013 324.97901398358124
  endloop
endfacet
facet normal 0.017122463635127316 0.9997345221443444 0.015417732384605568
  outer loop
    vertex -231.32523681966873 422.8177996626017 314.30301298358086
    vertex -232.64722781966825 422.8117876626018 316.16101298358114
    vertex -232.76322481966594 422.6777846626013 324.97901398358124
  endloop
endfacet
facet normal -0.07319346391766435 0.9970712460833796 0.022173116007233328
  outer loop
    vertex -235.8112288196691 422.72978666260155 312.72901398358204
    vertex -236.4252268196684 422.6257826626016 315.3790139835822
    vertex -234.45122781966765 422.7057996626017 318.2970149835817
  endloop
endfacet
facet normal -0.07081939086599943 0.9974539056284848 0.008385703539388565
  outer loop
    vertex -234.9272258196657 422.58577366260135 325.8450149835818
    vertex -236.6072338196669 422.5057876626014 321.1710129835822
    vertex -236.41123481966565 422.47978666260127 325.91901398358215
  endloop
endfacet
facet normal 0.026081348417796475 0.9994222890793445 0.021791084326226836
  outer loop
    vertex -231.32523681966873 422.8177996626017 314.30301298358086
    vertex -231.48122681967 422.9297986626017 309.35301298358087
    vertex -232.64722781966825 422.8117876626018 316.16101298358114
  endloop
endfacet
facet normal 0.08655719238527851 0.9961367650250392 0.014812083304784736
  outer loop
    vertex -227.3432268196684 422.49779166260174 315.4310139835798
    vertex -228.2532298196679 422.5477796626017 317.38701298358006
    vertex -227.355234819667 422.4197886626013 320.7470139835798
  endloop
endfacet
facet normal 0.05596029579845348 0.998239534224169 0.019653946322908178
  outer loop
    vertex -229.6392318196727 423.0437816626014 299.0570129835804
    vertex -231.2092388196727 423.1317946626014 299.0570129835808
    vertex -230.1612348196714 422.9737746626014 304.09901298358056
  endloop
endfacet
facet normal 0.5010206079929986 0.8654140168851331 -0.006076984866246423
  outer loop
    vertex -212.36323081966975 417.72377466260133 309.9790139835759
    vertex -213.16523281966872 418.2157786626012 313.923013983576
    vertex -212.61123181966775 417.92177266260137 317.72901398357595
  endloop
endfacet
facet normal -0.05534509528978584 0.9982421328813943 0.021202937715547005
  outer loop
    vertex -233.96123781966872 422.8177996626017 314.30301298358154
    vertex -235.2212328196698 422.83778866260155 310.07301398358186
    vertex -234.45122781966765 422.7057996626017 318.2970149835817
  endloop
endfacet
facet normal 0.08551408656258777 0.9961356197033404 0.02002918264952969
  outer loop
    vertex -228.1432298196707 422.7318006626015 306.83701298358
    vertex -230.08922881966984 422.8337906626017 310.07301398358055
    vertex -229.4532268196691 422.72578866260176 312.72901398358033
  endloop
endfacet
facet normal -0.08052432242127908 0.9965536013289777 0.019918664032477867
  outer loop
    vertex -236.4252268196684 422.6257826626016 315.3790139835822
    vertex -236.9552258196679 422.5437816626017 317.3390139835823
    vertex -235.39522881966707 422.60579366260134 320.5430149835819
  endloop
endfacet
facet normal 0.3484947727332609 0.9372152203724229 -0.013379988036754869
  outer loop
    vertex -217.1832378196654 420.05977266260123 326.7290139835772
    vertex -216.49923281966554 419.7977796626011 326.19301498357703
    vertex -217.8072308196654 420.29179866260125 326.7290139835773
  endloop
endfacet
facet normal 0.3716884267904255 0.9283555224978419 0.0019331936833889922
  outer loop
    vertex -216.32323781967037 419.7377816626014 307.817012983577
    vertex -217.86123181967113 420.35979166260137 304.8210129835774
    vertex -216.6292378196698 419.8557936626013 309.97901398357703
  endloop
endfacet
facet normal 0.3910001113604782 0.9203905106061355 -0.00047000241575171476
  outer loop
    vertex -216.2952378196727 419.7297866626013 299.0570129835769
    vertex -217.66523281967272 420.31178766260126 299.05701298357735
    vertex -216.9012248196713 419.98979666260124 304.09901298357715
  endloop
endfacet
facet normal 0.369311919124295 0.929262701910135 -0.008918364839247434
  outer loop
    vertex -215.28122981966578 419.3037916626013 325.1590139835767
    vertex -217.2372238196668 420.04579566260094 321.47501398357724
    vertex -216.49923281966554 419.7977796626011 326.19301498357703
  endloop
endfacet
facet normal 0.3650224036089149 0.9309749888019668 0.006649442739691175
  outer loop
    vertex -216.6292378196698 419.8557936626013 309.97901398357703
    vertex -217.47323181966843 420.1477856626014 315.42901498357725
    vertex -215.5972248196678 419.39580166260146 317.7290139835767
  endloop
endfacet
facet normal -0.08833877335518298 0.9960418341373553 0.009845088643339042
  outer loop
    vertex -236.6072338196669 422.5057876626014 321.1710129835822
    vertex -237.89722781966714 422.3997996626013 320.3190139835826
    vertex -237.87322581966578 422.35179566260143 325.3910149835826
  endloop
endfacet
facet normal 0.07949323142324016 0.9968175303955926 0.00596969462560914
  outer loop
    vertex -227.355234819667 422.4197886626013 320.7470139835798
    vertex -228.64922681966684 422.5197946626013 321.2790129835802
    vertex -227.7112378196656 422.41579166260135 326.1550139835799
  endloop
endfacet
facet normal 0.0567655148831919 0.9981799085906244 0.020360412718282647
  outer loop
    vertex -230.08922881966984 422.8337906626017 310.07301398358055
    vertex -231.32523681966873 422.8177996626017 314.30301298358086
    vertex -230.82323781966767 422.7077836626016 318.2970149835807
  endloop
endfacet
facet normal 0.05532348409344454 0.998257113663322 0.02054378563790106
  outer loop
    vertex -230.82323781966767 422.7077836626016 318.2970149835807
    vertex -231.32523681966873 422.8177996626017 314.30301298358086
    vertex -232.76322481966594 422.6777846626013 324.97901398358124
  endloop
endfacet
facet normal 0.3512684992287367 0.9362572444644882 -0.005728318894296115
  outer loop
    vertex -216.49923281966554 419.7977796626011 326.19301498357703
    vertex -217.2372238196668 420.04579566260094 321.47501398357724
    vertex -217.8072308196654 420.29179866260125 326.7290139835773
  endloop
endfacet
facet normal 0.48969073659021733 0.8718873523679369 -0.003927757446650819
  outer loop
    vertex -212.61123181966775 417.92177266260137 317.72901398357595
    vertex -213.16523281966872 418.2157786626012 313.923013983576
    vertex -213.8152268196664 418.62178466260104 323.0110129835763
  endloop
endfacet
facet normal 0.49975689093722253 0.8661521862298504 -0.004841513194412292
  outer loop
    vertex -212.82923381967035 417.9877816626014 307.817012983576
    vertex -213.49123681966998 418.3777966626014 309.2570139835762
    vertex -213.16523281966872 418.2157786626012 313.923013983576
  endloop
endfacet
facet normal 0.33747333022974113 0.9413099850238162 0.006874843860836433
  outer loop
    vertex -218.54523781967063 420.59380066260127 306.98301398357756
    vertex -218.80323281966955 420.65578166260127 311.1610139835777
    vertex -217.47323181966843 420.1477856626014 315.42901498357725
  endloop
endfacet
facet normal -0.1110157678390701 0.9936264227877756 0.019545619178483232
  outer loop
    vertex -237.67322881966967 422.61177466260165 310.58501398358254
    vertex -239.01322481967065 422.53578666260137 306.83701298358284
    vertex -237.85923281966848 422.49779166260174 315.3230139835826
  endloop
endfacet
facet normal 0.3538917502054707 0.9352664768330189 0.006102986880306442
  outer loop
    vertex -217.66523281967272 420.31178766260126 299.05701298357735
    vertex -219.0712388196727 420.8438006626012 299.05701298357775
    vertex -216.9012248196713 419.98979666260124 304.09901298357715
  endloop
endfacet
facet normal 0.34776095348826047 0.9375442830065479 0.008546147124524024
  outer loop
    vertex -217.86123181967113 420.35979166260137 304.8210129835774
    vertex -218.54523781967063 420.59380066260127 306.98301398357756
    vertex -216.6292378196698 419.8557936626013 309.97901398357703
  endloop
endfacet
facet normal 0.3854120981486031 0.9227381230942321 0.0034454011704444618
  outer loop
    vertex -215.35723381966875 419.30977266260123 313.92301398357665
    vertex -216.6292378196698 419.8557936626013 309.97901398357703
    vertex -215.5972248196678 419.39580166260146 317.7290139835767
  endloop
endfacet
facet normal 0.3080866625104661 0.9513512017914281 0.0036741302600304033
  outer loop
    vertex -219.88723281966833 420.9757886626014 315.6490139835779
    vertex -219.6592358196667 420.877796662601 321.9070129835779
    vertex -218.72323181966814 420.5957836626014 316.44301498357765
  endloop
endfacet
facet normal 0.3080866625104661 0.9513512017914281 0.0036741302600304033
  outer loop
    vertex -218.3932298196667 420.46779266260114 321.90901398357755
    vertex -218.72323181966814 420.5957836626014 316.44301498357765
    vertex -219.6592358196667 420.877796662601 321.9070129835779
  endloop
endfacet
facet normal -0.09409913852675764 0.9953287427262753 0.021588099301565484
  outer loop
    vertex -237.22123281967066 422.7357986626013 306.8370129835824
    vertex -237.67322881966967 422.61177466260165 310.58501398358254
    vertex -236.4252268196684 422.6257826626016 315.3790139835822
  endloop
endfacet
facet normal 0.39231950080828765 0.91982585541145 0.0024093572027599993
  outer loop
    vertex -215.45522581967 419.3637896626014 309.25701398357666
    vertex -216.32323781967037 419.7377816626014 307.817012983577
    vertex -215.35723381966875 419.30977266260123 313.92301398357665
  endloop
endfacet
facet normal 0.30604391646257995 0.9519919532552548 0.00696003832534208
  outer loop
    vertex -220.13123581967005 421.1017956626013 309.143012983578
    vertex -219.88723281966833 420.9757886626014 315.6490139835779
    vertex -218.72323181966814 420.5957836626014 316.44301498357765
  endloop
endfacet
facet normal -0.016599481120743113 0.9997500814873104 0.014974371193431582
  outer loop
    vertex -232.64722781966825 422.8117876626018 316.16101298358114
    vertex -233.96123781966872 422.8177996626017 314.30301298358154
    vertex -232.76322481966594 422.6777846626013 324.97901398358124
  endloop
endfacet
facet normal 0.07455326811742381 0.9970036548536808 0.020628194817151224
  outer loop
    vertex -229.0372268196712 422.8637896626015 304.82101298358026
    vertex -230.57323781967037 422.9157916626014 307.85901298358067
    vertex -230.08922881966984 422.8337906626017 310.07301398358055
  endloop
endfacet
facet normal 0.07639279347252546 0.9970561470117418 0.006571210814159216
  outer loop
    vertex -228.64922681966684 422.5197946626013 321.2790129835802
    vertex -229.1692308196656 422.5277906626013 326.1110139835803
    vertex -227.7112378196656 422.41579166260135 326.1550139835799
  endloop
endfacet
facet normal 0.08344181230895982 0.9963896856888887 0.01565433522682982
  outer loop
    vertex -227.355234819667 422.4197886626013 320.7470139835798
    vertex -228.2532298196679 422.5477796626017 317.38701298358006
    vertex -228.64922681966684 422.5197946626013 321.2790129835802
  endloop
endfacet
facet normal -0.08087642339216322 0.9965159398250082 0.020371200602133873
  outer loop
    vertex -235.8112288196691 422.72978666260155 312.72901398358204
    vertex -237.22123281967066 422.7357986626013 306.8370129835824
    vertex -236.4252268196684 422.6257826626016 315.3790139835822
  endloop
endfacet
facet normal 0.11337473646449749 0.9934223398625283 0.016069343286694508
  outer loop
    vertex -226.20522581966907 422.4097796626016 312.8430129835795
    vertex -227.3432268196684 422.49779166260174 315.4310139835798
    vertex -226.0612288196675 422.2977796626018 318.7510129835795
  endloop
endfacet
facet normal -0.08402123954836453 0.9962835351973058 0.01896177205630473
  outer loop
    vertex -236.4252268196684 422.6257826626016 315.3790139835822
    vertex -237.67322881966967 422.61177466260165 310.58501398358254
    vertex -236.9552258196679 422.5437816626017 317.3390139835823
  endloop
endfacet
facet normal -0.08032116294651413 0.9964295565285304 0.026012490447400474
  outer loop
    vertex -235.2752338196714 422.9757886626013 304.0990129835819
    vertex -236.3812358196712 422.8677866626013 304.8210129835822
    vertex -234.77723181967036 422.9177746626013 307.8590129835818
  endloop
endfacet
facet normal 0.4291861079579175 0.9032093627519573 -0.0034830694994534886
  outer loop
    vertex -214.9652358196727 419.09779766260107 299.05701298357656
    vertex -216.2952378196727 419.7297866626013 299.0570129835769
    vertex -215.81122881967133 419.51979466260127 304.2430129835768
  endloop
endfacet
facet normal 0.5810983425925431 0.8138282305855744 -0.0028857127633299816
  outer loop
    vertex -210.1052348196727 416.10377966260114 299.05701298357536
    vertex -211.2452348196727 416.91777466260106 299.0570129835756
    vertex -211.75722781967116 417.3037916626012 304.8210129835757
  endloop
endfacet
facet normal 0.31002401418070535 0.9507091345730264 0.00610344744296275
  outer loop
    vertex -218.80323281966955 420.65578166260127 311.1610139835777
    vertex -220.13123581967005 421.1017956626013 309.143012983578
    vertex -218.72323181966814 420.5957836626014 316.44301498357765
  endloop
endfacet
facet normal -0.11674439989955746 0.9929269071601566 0.021607918212032746
  outer loop
    vertex -239.04122481967266 422.7018016626013 299.0570129835828
    vertex -239.01322481967065 422.53578666260137 306.83701298358284
    vertex -237.67322881966967 422.61177466260165 310.58501398358254
  endloop
endfacet
facet normal 0.4667968763465914 0.8843502721912736 -0.0050271570778863475
  outer loop
    vertex -213.67722581967266 418.41777466260106 299.0570129835762
    vertex -214.9652358196727 419.09779766260107 299.05701298357656
    vertex -213.6312358196713 418.42580066260126 304.2430129835762
  endloop
endfacet
facet normal 0.4667968763465914 0.8843502721912736 -0.0050271570778863475
  outer loop
    vertex -214.41923081966976 418.8717846626013 310.0350139835764
    vertex -213.6312358196713 418.42580066260126 304.2430129835762
    vertex -214.9652358196727 419.09779766260107 299.05701298357656
  endloop
endfacet
facet normal 0.4667968763465914 0.8843502721912736 -0.0050271570778863475
  outer loop
    vertex -213.49123681966998 418.3777966626014 309.2570139835762
    vertex -213.6312358196713 418.42580066260126 304.2430129835762
    vertex -214.41923081966976 418.8717846626013 310.0350139835764
  endloop
endfacet
facet normal 0.555347440193687 0.831501500005709 -0.013945470898295833
  outer loop
    vertex -210.1052348196727 416.10377966260114 299.05701298357536
    vertex -211.75722781967116 417.3037916626012 304.8210129835757
    vertex -210.9932358196706 416.8297926626013 306.9830139835755
  endloop
endfacet
facet normal -0.08303440185286297 0.9963073790517335 0.021837915559939438
  outer loop
    vertex -235.2752338196714 422.9757886626013 304.0990129835819
    vertex -237.48923781967267 422.9017836626013 299.0570129835824
    vertex -236.3812358196712 422.8677866626013 304.8210129835822
  endloop
endfacet
facet normal 0.3959714970309448 0.918262711118217 0.0004085448499330689
  outer loop
    vertex -216.2952378196727 419.7297866626013 299.0570129835769
    vertex -216.9012248196713 419.98979666260124 304.09901298357715
    vertex -215.81122881967133 419.51979466260127 304.2430129835768
  endloop
endfacet
facet normal 0.3959714970309448 0.918262711118217 0.0004085448499330689
  outer loop
    vertex -216.32323781967037 419.7377816626014 307.817012983577
    vertex -215.81122881967133 419.51979466260127 304.2430129835768
    vertex -216.9012248196713 419.98979666260124 304.09901298357715
  endloop
endfacet
facet normal 0.39493369119962735 0.9187094666090125 0.0005436160602399383
  outer loop
    vertex -215.81122881967133 419.51979466260127 304.2430129835768
    vertex -216.32323781967037 419.7377816626014 307.817012983577
    vertex -215.45522581967 419.3637896626014 309.25701398357666
  endloop
endfacet
facet normal 0.36018906509407206 0.9328733205159181 -0.003347425318626107
  outer loop
    vertex -216.26522381966717 419.66579166260107 320.1630139835769
    vertex -217.2372238196668 420.04579566260094 321.47501398357724
    vertex -215.28122981966578 419.3037916626013 325.1590139835767
  endloop
endfacet
facet normal -0.03957663769554612 0.999190117569056 0.007266271468353541
  outer loop
    vertex -232.76322481966594 422.6777846626013 324.97901398358124
    vertex -235.39522881966707 422.60579366260134 320.5430149835819
    vertex -234.9272258196657 422.58577366260135 325.8450149835818
  endloop
endfacet
facet normal 0.35569153976605977 0.9345930889999833 0.004391643464497461
  outer loop
    vertex -217.47323181966843 420.1477856626014 315.42901498357725
    vertex -217.80723081966775 420.2637826626014 317.79501398357735
    vertex -216.26522381966717 419.66579166260107 320.1630139835769
  endloop
endfacet
facet normal 0.3878692393862474 0.9217047986197513 0.004209196984885541
  outer loop
    vertex -215.5972248196678 419.39580166260146 317.7290139835767
    vertex -216.26522381966717 419.66579166260107 320.1630139835769
    vertex -213.8152268196664 418.62178466260104 323.0110129835763
  endloop
endfacet
facet normal 0.4309565150443557 0.9023683624286707 -0.002796538686198465
  outer loop
    vertex -214.9652358196727 419.09779766260107 299.05701298357656
    vertex -215.81122881967133 419.51979466260127 304.2430129835768
    vertex -214.41923081966976 418.8717846626013 310.0350139835764
  endloop
endfacet
facet normal 0.4309565150443557 0.9023683624286707 -0.002796538686198465
  outer loop
    vertex -215.45522581967 419.3637896626014 309.25701398357666
    vertex -214.41923081966976 418.8717846626013 310.0350139835764
    vertex -215.81122881967133 419.51979466260127 304.2430129835768
  endloop
endfacet
facet normal 0.33868654963636785 0.9408979282633143 0.0015841986035377853
  outer loop
    vertex -217.80723081966775 420.2637826626014 317.79501398357735
    vertex -218.72323181966814 420.5957836626014 316.44301498357765
    vertex -218.3932298196667 420.46779266260114 321.90901398357755
  endloop
endfacet
facet normal 0.21261309771259637 0.9771097874817658 0.007220380072574865
  outer loop
    vertex -221.88323481966776 421.46577866260174 317.8590129835784
    vertex -223.369227819667 421.7677806626014 320.74701398357877
    vertex -222.2132368196668 421.5097856626014 321.6210139835785
  endloop
endfacet
facet normal 0.26192594692050686 0.9650203670548623 0.011423200037427474
  outer loop
    vertex -220.13123581967005 421.1017956626013 309.143012983578
    vertex -220.50922681967268 421.3237806626012 299.0570129835781
    vertex -221.3392288196696 421.4057816626016 311.1610139835783
  endloop
endfacet
facet normal 0.363908710289528 0.9314115089584125 0.006561368395814998
  outer loop
    vertex -216.9012248196713 419.98979666260124 304.09901298357715
    vertex -217.86123181967113 420.35979166260137 304.8210129835774
    vertex -216.32323781967037 419.7377816626014 307.817012983577
  endloop
endfacet
facet normal 0.23468008876049234 0.9720175185216634 0.010353725240490554
  outer loop
    vertex -221.0172378196681 421.2717786626017 316.4430149835782
    vertex -221.3392288196696 421.4057816626016 311.1610139835783
    vertex -221.88323481966776 421.46577866260174 317.8590129835784
  endloop
endfacet
facet normal 0.17076982543802233 0.9851739759244699 0.016428751657983087
  outer loop
    vertex -224.8432268196685 422.1477856626016 315.0850129835792
    vertex -225.09522581966976 422.27177866260183 310.2690139835792
    vertex -226.0612288196675 422.2977796626018 318.7510129835795
  endloop
endfacet
facet normal 0.20402125159703893 0.9788544224412721 0.014810420788803891
  outer loop
    vertex -223.47323181967272 422.1198016626014 299.0570129835789
    vertex -224.98923781967272 422.43578066260136 299.05701298357917
    vertex -223.90723681967137 422.13179466260164 304.243012983579
  endloop
endfacet
facet normal 0.4292518906329502 0.9031847169463316 -0.0004259842868697877
  outer loop
    vertex -214.41923081966976 418.8717846626013 310.0350139835764
    vertex -215.45522581967 419.3637896626014 309.25701398357666
    vertex -214.16123481966835 418.7517896626013 315.5930139835763
  endloop
endfacet
facet normal 0.5062766408505205 0.8623359325494873 -0.007791172127456895
  outer loop
    vertex -212.43723581967268 417.689777662601 299.0570129835759
    vertex -213.67722581967266 418.41777466260106 299.0570129835762
    vertex -212.6492268196713 417.85979166260137 304.09901298357596
  endloop
endfacet
facet normal 0.5077091647002925 0.8615181389287723 -0.004230883599918501
  outer loop
    vertex -212.36323081966975 417.72377466260133 309.9790139835759
    vertex -212.82923381967035 417.9877816626014 307.817012983576
    vertex -213.16523281966872 418.2157786626012 313.923013983576
  endloop
endfacet
facet normal 0.11046265786510796 0.9937441519368256 0.016448760097204272
  outer loop
    vertex -226.35123781967067 422.5297746626016 306.83701298357954
    vertex -227.5932268196697 422.60579366260157 310.58501398357987
    vertex -227.3432268196684 422.49779166260174 315.4310139835798
  endloop
endfacet
facet normal 0.2000708113856264 0.9796796560131016 0.014122394469362826
  outer loop
    vertex -223.74923281966977 421.99379366260166 310.26901398357893
    vertex -224.8432268196685 422.1477856626016 315.0850129835792
    vertex -224.2892258196675 421.98180066260164 318.7510129835791
  endloop
endfacet
facet normal 0.361238012872012 0.9324703795629331 0.002467649496901909
  outer loop
    vertex -216.9012248196713 419.98979666260124 304.09901298357715
    vertex -219.0712388196727 420.8438006626012 299.05701298357775
    vertex -217.86123181967113 420.35979166260137 304.8210129835774
  endloop
endfacet
facet normal 0.2228593623187041 0.9748165710606013 0.00814600592636407
  outer loop
    vertex -221.88323481966776 421.46577866260174 317.8590129835784
    vertex -222.2132368196668 421.5097856626014 321.6210139835785
    vertex -220.9552258196667 421.2197766626014 321.9090139835782
  endloop
endfacet
facet normal 0.06679030307873214 0.9976692407530356 0.013969304560808485
  outer loop
    vertex -228.2532298196679 422.5477796626017 317.38701298358006
    vertex -229.86922781966706 422.6117746626015 320.54301498358046
    vertex -228.64922681966684 422.5197946626013 321.2790129835802
  endloop
endfacet
facet normal 0.2157866799853654 0.9764405275909387 6.941774454506146e-05
  outer loop
    vertex -222.2132368196668 421.5097856626014 321.6210139835785
    vertex -222.6492268196655 421.60579366260157 326.4430149835786
    vertex -222.09722481966546 421.48378466260147 326.72901398357845
  endloop
endfacet
facet normal 0.4274801105979792 0.9040154737904139 -0.004096118972033037
  outer loop
    vertex -214.16123481966835 418.7517896626013 315.5930139835763
    vertex -215.35723381966875 419.30977266260123 313.92301398357665
    vertex -213.8152268196664 418.62178466260104 323.0110129835763
  endloop
endfacet
facet normal 0.15912065234409906 0.987130291251857 0.015950112557986562
  outer loop
    vertex -225.10323681967117 422.3617746626017 304.82101298357924
    vertex -226.35123781967067 422.5297746626016 306.83701298357954
    vertex -225.09522581966976 422.27177866260183 310.2690139835792
  endloop
endfacet
facet normal 0.15912065234409906 0.987130291251857 0.015950112557986562
  outer loop
    vertex -226.20522581966907 422.4097796626016 312.8430129835795
    vertex -225.09522581966976 422.27177866260183 310.2690139835792
    vertex -226.35123781967067 422.5297746626016 306.83701298357954
  endloop
endfacet
facet normal 0.20300682824742955 0.9791766575942835 -0.0011405732796307935
  outer loop
    vertex -222.2132368196668 421.5097856626014 321.6210139835785
    vertex -224.0592298196656 421.8977856626015 326.1550139835789
    vertex -222.6492268196655 421.60579366260157 326.4430149835786
  endloop
endfacet
facet normal 0.49854994076051423 0.8668422698105724 -0.0056952469079746704
  outer loop
    vertex -213.67722581967266 418.41777466260106 299.0570129835762
    vertex -213.6312358196713 418.42580066260126 304.2430129835762
    vertex -212.6492268196713 417.85979166260137 304.09901298357596
  endloop
endfacet
facet normal 0.49854994076051423 0.8668422698105724 -0.0056952469079746704
  outer loop
    vertex -212.82923381967035 417.9877816626014 307.817012983576
    vertex -212.6492268196713 417.85979166260137 304.09901298357596
    vertex -213.6312358196713 418.42580066260126 304.2430129835762
  endloop
endfacet
facet normal 0.49854994076051423 0.8668422698105724 -0.0056952469079746704
  outer loop
    vertex -213.49123681966998 418.3777966626014 309.2570139835762
    vertex -212.82923381967035 417.9877816626014 307.817012983576
    vertex -213.6312358196713 418.42580066260126 304.2430129835762
  endloop
endfacet
facet normal 0.19643809472046678 0.9803832377459512 0.01614874884810403
  outer loop
    vertex -224.98923781967272 422.43578066260136 299.05701298357917
    vertex -225.10323681967117 422.3617746626017 304.82101298357924
    vertex -223.90723681967137 422.13179466260164 304.243012983579
  endloop
endfacet
facet normal 0.19643809472046678 0.9803832377459512 0.01614874884810403
  outer loop
    vertex -224.24723381967027 422.1357926626016 308.2670129835791
    vertex -223.90723681967137 422.13179466260164 304.243012983579
    vertex -225.10323681967117 422.3617746626017 304.82101298357924
  endloop
endfacet
facet normal 0.1948389682270808 0.9807061360226064 0.015913869039800712
  outer loop
    vertex -224.24723381967027 422.1357926626016 308.2670129835791
    vertex -225.10323681967117 422.3617746626017 304.82101298357924
    vertex -225.09522581966976 422.27177866260183 310.2690139835792
  endloop
endfacet
facet normal 0.23938095053438485 0.9707595297101751 0.017963741206501543
  outer loop
    vertex -221.9372358196706 421.6077776626017 306.9830139835785
    vertex -222.82123881967118 421.8657726626016 304.82101298357867
    vertex -223.74923281966977 421.99379366260166 310.26901398357893
  endloop
endfacet
facet normal 0.14393198810037597 0.9895604154004035 0.007332603497685185
  outer loop
    vertex -224.8432268196685 422.1477856626016 315.0850129835792
    vertex -226.0612288196675 422.2977796626018 318.7510129835795
    vertex -225.87322581966563 422.2157786626014 326.12701498357944
  endloop
endfacet
facet normal 0.15728277984750372 0.9874414112798351 0.01488578023247097
  outer loop
    vertex -225.09522581966976 422.27177866260183 310.2690139835792
    vertex -226.20522581966907 422.4097796626016 312.8430129835795
    vertex -226.0612288196675 422.2977796626018 318.7510129835795
  endloop
endfacet
facet normal 0.07479208848873081 0.9970352446687483 0.01807939124592239
  outer loop
    vertex -228.2532298196679 422.5477796626017 317.38701298358006
    vertex -228.7812298196684 422.62379866260164 315.3790139835802
    vertex -229.86922781966706 422.6117746626015 320.54301498358046
  endloop
endfacet
facet normal 0.08119455069683792 0.9965636985724224 0.016378022615469456
  outer loop
    vertex -227.5932268196697 422.60579366260157 310.58501398357987
    vertex -228.7812298196684 422.62379866260164 315.3790139835802
    vertex -228.2532298196679 422.5477796626017 317.38701298358006
  endloop
endfacet
facet normal 0.11554655115389136 0.9931560088729814 0.017033395314261398
  outer loop
    vertex -226.20522581966907 422.4097796626016 312.8430129835795
    vertex -226.35123781967067 422.5297746626016 306.83701298357954
    vertex -227.3432268196684 422.49779166260174 315.4310139835798
  endloop
endfacet
facet normal 0.23190991266806937 0.9726418713469185 0.013622867137758204
  outer loop
    vertex -221.9372358196706 421.6077776626017 306.9830139835785
    vertex -223.74923281966977 421.99379366260166 310.26901398357893
    vertex -223.0972248196691 421.8017776626017 312.8790139835787
  endloop
endfacet
facet normal 0.21978236384342825 0.9754409343264322 0.01451537749327226
  outer loop
    vertex -222.82123881967118 421.8657726626016 304.82101298357867
    vertex -224.24723381967027 422.1357926626016 308.2670129835791
    vertex -223.74923281966977 421.99379366260166 310.26901398357893
  endloop
endfacet
facet normal 0.07846824334366952 0.9967456257705632 0.018463268773621432
  outer loop
    vertex -228.1432298196707 422.7318006626015 306.83701298358
    vertex -229.4532268196691 422.72578866260176 312.72901398358033
    vertex -228.7812298196684 422.62379866260164 315.3790139835802
  endloop
endfacet
facet normal 0.22353467632187815 0.9746232104717633 0.011909915675039656
  outer loop
    vertex -221.9372358196706 421.6077776626017 306.9830139835785
    vertex -223.0972248196691 421.8017776626017 312.8790139835787
    vertex -222.42122981966838 421.6137896626018 315.57501498357857
  endloop
endfacet
facet normal 0.2551317275044602 0.9668933430878389 -0.005006467118889499
  outer loop
    vertex -219.6592358196667 420.877796662601 321.9070129835779
    vertex -220.9552258196667 421.2197766626014 321.9090139835782
    vertex -219.4812268196654 420.85579366260123 326.7290139835778
  endloop
endfacet
facet normal 0.5185425342725505 0.8550357102104723 -0.005251134646351055
  outer loop
    vertex -211.76923681966906 417.3797806626013 312.62301398357573
    vertex -212.36323081966975 417.72377466260133 309.9790139835759
    vertex -212.61123181966775 417.92177266260137 317.72901398357595
  endloop
endfacet
facet normal 0.3531989197504345 0.9355370657543752 0.004574023045433346
  outer loop
    vertex -216.6292378196698 419.8557936626013 309.97901398357703
    vertex -218.54523781967063 420.59380066260127 306.98301398357756
    vertex -217.47323181966843 420.1477856626014 315.42901498357725
  endloop
endfacet
facet normal 0.22677627128573066 0.9738986246225194 0.009694933733968333
  outer loop
    vertex -221.3392288196696 421.4057816626016 311.1610139835783
    vertex -222.42122981966838 421.6137896626018 315.57501498357857
    vertex -221.88323481966776 421.46577866260174 317.8590129835784
  endloop
endfacet
facet normal 0.4053177479744834 0.9140747343144845 -0.013597913987002467
  outer loop
    vertex -213.8152268196664 418.62178466260104 323.0110129835763
    vertex -216.26522381966717 419.66579166260107 320.1630139835769
    vertex -215.28122981966578 419.3037916626013 325.1590139835767
  endloop
endfacet
facet normal 0.05867555507315741 0.9982662169879143 0.004662537666920205
  outer loop
    vertex -228.64922681966684 422.5197946626013 321.2790129835802
    vertex -230.6792248196657 422.61778666260136 325.8450149835807
    vertex -229.1692308196656 422.5277906626013 326.1110139835803
  endloop
endfacet
facet normal 0.09428769765552186 0.9953514973916622 0.01962719315126405
  outer loop
    vertex -227.5932268196697 422.60579366260157 310.58501398357987
    vertex -228.1432298196707 422.7318006626015 306.83701298358
    vertex -228.7812298196684 422.62379866260164 315.3790139835802
  endloop
endfacet
facet normal 0.30534082937366036 0.9521956016957226 0.009513886100117048
  outer loop
    vertex -220.50922681967268 421.3237806626012 299.0570129835781
    vertex -220.13123581967005 421.1017956626013 309.143012983578
    vertex -218.80323281966955 420.65578166260127 311.1610139835777
  endloop
endfacet
facet normal 0.22865646332931183 0.9733341674301857 0.018352664403802673
  outer loop
    vertex -222.82123881967118 421.8657726626016 304.82101298357867
    vertex -223.90723681967137 422.13179466260164 304.243012983579
    vertex -224.24723381967027 422.1357926626016 308.2670129835791
  endloop
endfacet
facet normal 0.2519574571694781 0.9676789170708048 0.01072162456745197
  outer loop
    vertex -220.50922681967268 421.3237806626012 299.0570129835781
    vertex -221.9372358196706 421.6077776626017 306.9830139835785
    vertex -221.3392288196696 421.4057816626016 311.1610139835783
  endloop
endfacet
facet normal 0.22428608389832 0.9743975702573114 0.015656552819938413
  outer loop
    vertex -223.0972248196691 421.8017776626017 312.8790139835787
    vertex -223.74923281966977 421.99379366260166 310.26901398357893
    vertex -224.2892258196675 421.98180066260164 318.7510129835791
  endloop
endfacet
facet normal 0.31658650394888865 0.9484720064179984 0.013184785126691433
  outer loop
    vertex -219.0712388196727 420.8438006626012 299.05701298357775
    vertex -220.50922681967268 421.3237806626012 299.0570129835781
    vertex -217.86123181967113 420.35979166260137 304.8210129835774
  endloop
endfacet
facet normal 0.2387638091872838 0.970993698355562 0.012770324043109835
  outer loop
    vertex -221.3392288196696 421.4057816626016 311.1610139835783
    vertex -221.9372358196706 421.6077776626017 306.9830139835785
    vertex -222.42122981966838 421.6137896626018 315.57501498357857
  endloop
endfacet
facet normal 0.22024624194015158 0.9753785147706655 0.01132898208186359
  outer loop
    vertex -221.88323481966776 421.46577866260174 317.8590129835784
    vertex -222.42122981966838 421.6137896626018 315.57501498357857
    vertex -223.369227819667 421.7677806626014 320.74701398357877
  endloop
endfacet
facet normal 0.42088451851843584 0.9071127046303971 0.0016622784455315965
  outer loop
    vertex -215.45522581967 419.3637896626014 309.25701398357666
    vertex -215.35723381966875 419.30977266260123 313.92301398357665
    vertex -214.16123481966835 418.7517896626013 315.5930139835763
  endloop
endfacet
facet normal 0.10705626161858196 0.9940958297646806 0.017675918440783304
  outer loop
    vertex -229.0372268196712 422.8637896626015 304.82101298358026
    vertex -228.1432298196707 422.7318006626015 306.83701298358
    vertex -226.5252338196727 422.69578966260144 299.05701298357957
  endloop
endfacet
facet normal 0.10705626161858196 0.9940958297646806 0.017675918440783304
  outer loop
    vertex -227.5932268196697 422.60579366260157 310.58501398357987
    vertex -226.5252338196727 422.69578966260144 299.05701298357957
    vertex -228.1432298196707 422.7318006626015 306.83701298358
  endloop
endfacet
facet normal 0.3479531646970431 0.9375066038556228 0.0031564068826642026
  outer loop
    vertex -217.47323181966843 420.1477856626014 315.42901498357725
    vertex -218.80323281966955 420.65578166260127 311.1610139835777
    vertex -217.80723081966775 420.2637826626014 317.79501398357735
  endloop
endfacet
facet normal 0.38911115650787553 0.9211833235703423 0.0037137928054778425
  outer loop
    vertex -215.35723381966875 419.30977266260123 313.92301398357665
    vertex -215.5972248196678 419.39580166260146 317.7290139835767
    vertex -213.8152268196664 418.62178466260104 323.0110129835763
  endloop
endfacet
facet normal 0.33335445530037405 0.9427845834175818 0.005660070805913497
  outer loop
    vertex -218.80323281966955 420.65578166260127 311.1610139835777
    vertex -218.72323181966814 420.5957836626014 316.44301498357765
    vertex -217.80723081966775 420.2637826626014 317.79501398357735
  endloop
endfacet
facet normal 0.33462740111353234 0.9423425665648183 0.0038716487488025266
  outer loop
    vertex -217.86123181967113 420.35979166260137 304.8210129835774
    vertex -220.50922681967268 421.3237806626012 299.0570129835781
    vertex -218.54523781967063 420.59380066260127 306.98301398357756
  endloop
endfacet
facet normal 0.21599857545328782 0.9762945041616709 0.013916053530643895
  outer loop
    vertex -222.42122981966838 421.6137896626018 315.57501498357857
    vertex -223.0972248196691 421.8017776626017 312.8790139835787
    vertex -224.2892258196675 421.98180066260164 318.7510129835791
  endloop
endfacet
facet normal 0.46815426773868113 0.8836427669154957 -0.0026536910119105022
  outer loop
    vertex -213.49123681966998 418.3777966626014 309.2570139835762
    vertex -214.41923081966976 418.8717846626013 310.0350139835764
    vertex -214.16123481966835 418.7517896626013 315.5930139835763
  endloop
endfacet
facet normal 0.31927839708740396 0.9476515919657948 -0.004214901896016437
  outer loop
    vertex -217.8072308196654 420.29179866260125 326.7290139835773
    vertex -218.3932298196667 420.46779266260114 321.90901398357755
    vertex -219.4812268196654 420.85579366260123 326.7290139835778
  endloop
endfacet
facet normal 0.3265194968224739 0.9451705159904458 0.006141164152904825
  outer loop
    vertex -218.54523781967063 420.59380066260127 306.98301398357756
    vertex -220.50922681967268 421.3237806626012 299.0570129835781
    vertex -218.80323281966955 420.65578166260127 311.1610139835777
  endloop
endfacet
facet normal 0.4709378507749771 0.8821634647929363 -0.0022720237603527523
  outer loop
    vertex -213.16523281966872 418.2157786626012 313.923013983576
    vertex -213.49123681966998 418.3777966626014 309.2570139835762
    vertex -214.16123481966835 418.7517896626013 315.5930139835763
  endloop
endfacet
facet normal 0.34370391495294306 0.9390750290782822 0.0023892692697703682
  outer loop
    vertex -217.2372238196668 420.04579566260094 321.47501398357724
    vertex -217.80723081966775 420.2637826626014 317.79501398357735
    vertex -218.3932298196667 420.46779266260114 321.90901398357755
  endloop
endfacet
facet normal 0.20799952435326963 0.9780874876866278 0.009003571495509283
  outer loop
    vertex -222.42122981966838 421.6137896626018 315.57501498357857
    vertex -224.2892258196675 421.98180066260164 318.7510129835791
    vertex -223.369227819667 421.7677806626014 320.74701398357877
  endloop
endfacet
facet normal 0.38405821745426943 0.9233003871252436 0.003959891441031189
  outer loop
    vertex -216.32323781967037 419.7377816626014 307.817012983577
    vertex -216.6292378196698 419.8557936626013 309.97901398357703
    vertex -215.35723381966875 419.30977266260123 313.92301398357665
  endloop
endfacet
facet normal 0.21497369920103412 0.9766118456207415 0.003951157434523339
  outer loop
    vertex -222.2132368196668 421.5097856626014 321.6210139835785
    vertex -223.369227819667 421.7677806626014 320.74701398357877
    vertex -224.0592298196656 421.8977856626015 326.1550139835789
  endloop
endfacet
facet normal 0.2246689474845655 0.9744351408500538 -0.00014252267788620088
  outer loop
    vertex -220.9552258196667 421.2197766626014 321.9090139835782
    vertex -222.2132368196668 421.5097856626014 321.6210139835785
    vertex -222.09722481966546 421.48378466260147 326.72901398357845
  endloop
endfacet
facet normal 0.1957792505645864 -0.9805629598313067 -0.012913824191007133
  outer loop
    vertex -223.3632308196668 375.56578466260135 321.4750139835788
    vertex -222.63123581966556 375.6497996626015 326.1930149835786
    vertex -223.37723881966542 375.49379366260143 326.72901398357885
  endloop
endfacet
facet normal 0.21249381781651566 -0.9768862498466314 -0.0232299860169238
  outer loop
    vertex -223.79523781967112 375.8657726626016 304.82101298357895
    vertex -222.74323581967133 376.1117746626016 304.09901298357863
    vertex -222.1712298196704 376.1477856626016 307.81701298357854
  endloop
endfacet
facet normal 0.05341268189730655 0.9983724273651723 0.01998953950222614
  outer loop
    vertex -229.86922781966706 422.6117746626015 320.54301498358046
    vertex -230.82323781966767 422.7077836626016 318.2970149835807
    vertex -232.76322481966594 422.6777846626013 324.97901398358124
  endloop
endfacet
facet normal 0.22895845400049972 0.9734133898576873 0.006663241513511449
  outer loop
    vertex -221.0172378196681 421.2717786626017 316.4430149835782
    vertex -221.88323481966776 421.46577866260174 317.8590129835784
    vertex -220.9552258196667 421.2197766626014 321.9090139835782
  endloop
endfacet
facet normal 0.32807257529043277 -0.9443733929638151 -0.022962578346415637
  outer loop
    vertex -218.20322681966775 377.0817766626014 317.72901398357743
    vertex -217.31322781966713 377.331776662601 320.16301398357723
    vertex -219.6412308196664 376.4537856626013 323.0110129835778
  endloop
endfacet
facet normal 0.25451866967790715 -0.9668527584838953 -0.020395837748691196
  outer loop
    vertex -221.52323481966775 376.06978266260177 317.72901398357834
    vertex -221.20522581966878 376.2337846626017 313.92301398357824
    vertex -219.6412308196664 376.4537856626013 323.0110129835778
  endloop
endfacet
facet normal 0.17269117019681732 0.984974646778369 -0.0016446701435839466
  outer loop
    vertex -223.369227819667 421.7677806626014 320.74701398357877
    vertex -225.87322581966563 422.2157786626014 326.12701498357944
    vertex -224.0592298196656 421.8977856626015 326.1550139835789
  endloop
endfacet
facet normal 0.27862577171322755 0.9601596031093405 0.02147593756096028
  outer loop
    vertex -220.50922681967268 421.3237806626012 299.0570129835781
    vertex -221.97722881967275 421.7497756626013 299.05701298357843
    vertex -222.82123881967118 421.8657726626016 304.82101298357867
  endloop
endfacet
facet normal 0.38026400244192166 -0.9243973882734617 -0.029812027774927242
  outer loop
    vertex -215.96723481966774 377.9217726626014 317.7950139835769
    vertex -215.19323281966814 378.2837716626014 316.44301498357663
    vertex -215.06122881966667 378.16179366260127 321.9090139835766
  endloop
endfacet
facet normal 0.27770655343964296 -0.9601361436283985 -0.031900719036758
  outer loop
    vertex -222.00123181967268 376.4517716626014 299.0570129835785
    vertex -220.53322881967264 376.8757826626012 299.0570129835781
    vertex -221.55523181967135 376.4077956626017 304.24301298357835
  endloop
endfacet
facet normal 0.27770655343964296 -0.9601361436283985 -0.031900719036758
  outer loop
    vertex -220.3212388196712 376.75578766260134 304.53301298357803
    vertex -221.55523181967135 376.4077956626017 304.24301298357835
    vertex -220.53322881967264 376.8757826626012 299.0570129835781
  endloop
endfacet
facet normal 0.16561782959643787 -0.9860203639172063 -0.018291431336708925
  outer loop
    vertex -226.5512348196726 375.5097856626014 299.0570129835797
    vertex -225.01523881967267 375.7677806626016 299.0570129835793
    vertex -223.79523781967112 375.8657726626016 304.82101298357895
  endloop
endfacet
facet normal 0.1624451560227593 -0.9864278196045797 -0.02391083425763696
  outer loop
    vertex -226.29323881967008 375.3077896626016 309.1430129835796
    vertex -226.5512348196726 375.5097856626014 299.0570129835797
    vertex -224.9032238196695 375.48778166260166 311.1610139835792
  endloop
endfacet
facet normal 0.27539874372009704 -0.9609991764710065 -0.025221315973587715
  outer loop
    vertex -221.24523481967 376.3417856626017 309.25701398357825
    vertex -220.1132308196698 376.6457716626014 310.035013983578
    vertex -219.91123481966832 376.5577896626013 315.59301398357786
  endloop
endfacet
facet normal 0.2451149588586058 -0.9690628331068437 -0.028911631477343585
  outer loop
    vertex -222.00123181967268 376.4517716626014 299.0570129835785
    vertex -221.55523181967135 376.4077956626017 304.24301298357835
    vertex -222.74323581967133 376.1117746626016 304.09901298357863
  endloop
endfacet
facet normal 0.2451149588586058 -0.9690628331068437 -0.028911631477343585
  outer loop
    vertex -222.1712298196704 376.1477856626016 307.81701298357854
    vertex -222.74323581967133 376.1117746626016 304.09901298357863
    vertex -221.55523181967135 376.4077956626017 304.24301298357835
  endloop
endfacet
facet normal 0.0634697379348739 0.9978603277311602 0.01569581812904329
  outer loop
    vertex -228.7812298196684 422.62379866260164 315.3790139835802
    vertex -230.82323781966767 422.7077836626016 318.2970149835807
    vertex -229.86922781966706 422.6117746626015 320.54301498358046
  endloop
endfacet
facet normal 0.20141149908994813 0.9794309336718582 0.012184178306812761
  outer loop
    vertex -223.369227819667 421.7677806626014 320.74701398357877
    vertex -224.2892258196675 421.98180066260164 318.7510129835791
    vertex -225.87322581966563 422.2157786626014 326.12701498357944
  endloop
endfacet
facet normal 0.4118821280194176 -0.9106944487304909 -0.031444135695924746
  outer loop
    vertex -215.19323281966814 378.2837716626014 316.44301498357663
    vertex -214.17922481966824 378.7697946626013 315.6490139835763
    vertex -213.8872328196667 378.6857806626012 321.9070129835763
  endloop
endfacet
facet normal 0.1577667050468506 -0.9873413567760142 -0.016331318941214822
  outer loop
    vertex -225.96923381966667 375.1037796626014 321.90701298357953
    vertex -224.89522881966815 375.3657726626017 316.4430149835792
    vertex -224.6172288196667 375.3197826626014 321.90901398357914
  endloop
endfacet
facet normal 0.2571712313948931 0.9663486711276374 0.005762252396722544
  outer loop
    vertex -219.88723281966833 420.9757886626014 315.6490139835779
    vertex -221.0172378196681 421.2717786626017 316.4430149835782
    vertex -219.6592358196667 420.877796662601 321.9070129835779
  endloop
endfacet
facet normal 0.1577700174617591 -0.987399897968336 -0.012250023764705228
  outer loop
    vertex -225.96923381966667 375.1037796626014 321.90701298357953
    vertex -224.6172288196667 375.3197826626014 321.90901398357914
    vertex -225.8452258196655 375.06377066260137 326.72901398357953
  endloop
endfacet
facet normal 0.3487920110774895 -0.9366909779510818 -0.03088923491390628
  outer loop
    vertex -217.15923581966908 377.63777566260137 312.62301398357715
    vertex -216.49523481966838 377.7937816626014 315.42901498357696
    vertex -218.20322681966775 377.0817766626014 317.72901398357743
  endloop
endfacet
facet normal 0.3487920110774895 -0.9366909779510818 -0.03088923491390628
  outer loop
    vertex -217.31322781966713 377.331776662601 320.16301398357723
    vertex -218.20322681966775 377.0817766626014 317.72901398357743
    vertex -216.49523481966838 377.7937816626014 315.42901498357696
  endloop
endfacet
facet normal 0.2387466773078678 -0.9706085551861278 -0.03031594751859971
  outer loop
    vertex -223.49723381967272 376.08379066260153 299.0570129835789
    vertex -222.00123181967268 376.4517716626014 299.0570129835785
    vertex -222.74323581967133 376.1117746626016 304.09901298357863
  endloop
endfacet
facet normal 0.24138213809835377 -0.9701202045763867 -0.024524519969549196
  outer loop
    vertex -222.1712298196704 376.1477856626016 307.81701298357854
    vertex -221.24523481967 376.3417856626017 309.25701398357825
    vertex -221.20522581966878 376.2337846626017 313.92301398357824
  endloop
endfacet
facet normal 0.35473363632495114 -0.934447115478939 -0.031187106835479834
  outer loop
    vertex -217.31322781966713 377.331776662601 320.16301398357723
    vertex -215.96723481966774 377.9217726626014 317.7950139835769
    vertex -216.22323181966684 377.70177166260095 321.47501398357696
  endloop
endfacet
facet normal 0.16297252217670435 -0.9865706113180454 -0.010880528429363752
  outer loop
    vertex -224.6172288196667 375.3197826626014 321.90901398357914
    vertex -224.05323281966545 375.3597916626015 326.729013983579
    vertex -225.8452258196655 375.06377066260137 326.72901398357953
  endloop
endfacet
facet normal 0.2464871107655293 -0.9687417078129911 -0.027992995017165564
  outer loop
    vertex -222.1712298196704 376.1477856626016 307.81701298357854
    vertex -221.55523181967135 376.4077956626017 304.24301298357835
    vertex -221.24523481967 376.3417856626017 309.25701398357825
  endloop
endfacet
facet normal 0.3575912627795599 -0.9334182450853086 -0.029306458769062585
  outer loop
    vertex -216.49523481966838 377.7937816626014 315.42901498357696
    vertex -215.96723481966774 377.9217726626014 317.7950139835769
    vertex -217.31322781966713 377.331776662601 320.16301398357723
  endloop
endfacet
facet normal 0.1944252565907217 -0.980808546915755 -0.014608692502658203
  outer loop
    vertex -224.05323281966545 375.3597916626015 326.729013983579
    vertex -224.6172288196667 375.3197826626014 321.90901398357914
    vertex -223.37723881966542 375.49379366260143 326.72901398357885
  endloop
endfacet
facet normal 0.20952674262413204 -0.9774095899874707 -0.027731525847758683
  outer loop
    vertex -225.01523881967267 375.7677806626016 299.0570129835793
    vertex -222.74323581967133 376.1117746626016 304.09901298357863
    vertex -223.79523781967112 375.8657726626016 304.82101298357895
  endloop
endfacet
facet normal 0.17966830983447954 -0.9833769473293263 -0.026250293378874457
  outer loop
    vertex -226.5512348196726 375.5097856626014 299.0570129835797
    vertex -224.5612288196706 375.66179366260167 306.98301398357916
    vertex -224.9032238196695 375.48778166260166 311.1610139835792
  endloop
endfacet
facet normal 0.02750376486353788 0.9996169907958941 0.0030683269859486132
  outer loop
    vertex -229.86922781966706 422.6117746626015 320.54301498358046
    vertex -232.76322481966594 422.6777846626013 324.97901398358124
    vertex -230.6792248196657 422.61778666260136 325.8450149835807
  endloop
endfacet
facet normal 0.24227386647643748 0.9702075522313314 -0.0008241455246699609
  outer loop
    vertex -219.4812268196654 420.85579366260123 326.7290139835778
    vertex -220.9552258196667 421.2197766626014 321.9090139835782
    vertex -221.21123781966546 421.28780066260134 326.7290139835782
  endloop
endfacet
facet normal 0.19310270148610906 0.9810615138729135 0.015154295633713117
  outer loop
    vertex -224.24723381967027 422.1357926626016 308.2670129835791
    vertex -225.09522581966976 422.27177866260183 310.2690139835792
    vertex -224.8432268196685 422.1477856626016 315.0850129835792
  endloop
endfacet
facet normal 0.20374137884272306 -0.9787045719760418 -0.02503620059951625
  outer loop
    vertex -225.01523881967267 375.7677806626016 299.0570129835793
    vertex -223.49723381967272 376.08379066260153 299.0570129835789
    vertex -222.74323581967133 376.1117746626016 304.09901298357863
  endloop
endfacet
facet normal 0.20417245484358088 -0.9786176492835077 -0.024921982143636882
  outer loop
    vertex -224.5612288196706 375.66179366260167 306.98301398357916
    vertex -222.53722681966974 376.0077706626018 309.9790139835786
    vertex -223.02923081966912 375.8377886626016 312.6230139835787
  endloop
endfacet
facet normal 0.27109120035506706 -0.9622701943351174 -0.023358813846263503
  outer loop
    vertex -221.20522581966878 376.2337846626017 313.92301398357824
    vertex -219.91123481966832 376.5577896626013 315.59301398357786
    vertex -219.6412308196664 376.4537856626013 323.0110129835778
  endloop
endfacet
facet normal 0.21598251487638873 0.9763945036725382 -0.0023079137177476486
  outer loop
    vertex -221.21123781966546 421.28780066260134 326.7290139835782
    vertex -220.9552258196667 421.2197766626014 321.9090139835782
    vertex -222.09722481966546 421.48378466260147 326.72901398357845
  endloop
endfacet
facet normal 0.2551461817443017 0.9668819397929727 0.006304002179740724
  outer loop
    vertex -219.6592358196667 420.877796662601 321.9070129835779
    vertex -221.0172378196681 421.2717786626017 316.4430149835782
    vertex -220.9552258196667 421.2197766626014 321.9090139835782
  endloop
endfacet
facet normal 0.24006915511068194 0.9705917320756691 0.017846299078418938
  outer loop
    vertex -221.97722881967275 421.7497756626013 299.05701298357843
    vertex -223.47323181967272 422.1198016626014 299.0570129835789
    vertex -223.90723681967137 422.13179466260164 304.243012983579
  endloop
endfacet
facet normal 0.21792044033631558 -0.9756123418140656 -0.026291446968568947
  outer loop
    vertex -223.79523781967112 375.8657726626016 304.82101298357895
    vertex -222.1712298196704 376.1477856626016 307.81701298357854
    vertex -222.53722681966974 376.0077706626018 309.9790139835786
  endloop
endfacet
facet normal 0.4073451560806471 -0.9127746058555567 -0.0302066668612488
  outer loop
    vertex -215.19323281966814 378.2837716626014 316.44301498357663
    vertex -213.8872328196667 378.6857806626012 321.9070129835763
    vertex -215.06122881966667 378.16179366260127 321.9090139835766
  endloop
endfacet
facet normal 0.18664077380085592 -0.9822723995354172 -0.017497275958031723
  outer loop
    vertex -223.92922481966775 375.52379266260175 317.795013983579
    vertex -223.3632308196668 375.56578466260135 321.4750139835788
    vertex -224.6172288196667 375.3197826626014 321.90901398357914
  endloop
endfacet
facet normal 0.22234226287806538 -0.9747361677376187 -0.021291346656375564
  outer loop
    vertex -223.02923081966912 375.8377886626016 312.6230139835787
    vertex -222.53722681966974 376.0077706626018 309.9790139835786
    vertex -221.52323481966775 376.06978266260177 317.72901398357834
  endloop
endfacet
facet normal 0.23400544716488744 -0.9719552897579796 -0.02333163964754532
  outer loop
    vertex -222.53722681966974 376.0077706626018 309.9790139835786
    vertex -222.1712298196704 376.1477856626016 307.81701298357854
    vertex -221.20522581966878 376.2337846626017 313.92301398357824
  endloop
endfacet
facet normal 0.23075681852616528 0.9729076859462119 0.014210043295837759
  outer loop
    vertex -221.97722881967275 421.7497756626013 299.05701298357843
    vertex -223.90723681967137 422.13179466260164 304.243012983579
    vertex -222.82123881967118 421.8657726626016 304.82101298357867
  endloop
endfacet
facet normal 0.0694860346690859 0.997537837461024 0.009484398744808407
  outer loop
    vertex -228.64922681966684 422.5197946626013 321.2790129835802
    vertex -229.86922781966706 422.6117746626015 320.54301498358046
    vertex -230.6792248196657 422.61778666260136 325.8450149835807
  endloop
endfacet
facet normal 0.2113113532852842 0.9772752224455558 0.016752658497426944
  outer loop
    vertex -223.74923281966977 421.99379366260166 310.26901398357893
    vertex -224.24723381967027 422.1357926626016 308.2670129835791
    vertex -224.8432268196685 422.1477856626016 315.0850129835792
  endloop
endfacet
facet normal 0.205924218255219 0.9784791322269935 0.013183479521243891
  outer loop
    vertex -224.2892258196675 421.98180066260164 318.7510129835791
    vertex -224.8432268196685 422.1477856626016 315.0850129835792
    vertex -225.87322581966563 422.2157786626014 326.12701498357944
  endloop
endfacet
facet normal 0.16688149135249242 0.9858478098507953 0.015958184619758193
  outer loop
    vertex -224.98923781967272 422.43578066260136 299.05701298357917
    vertex -226.5252338196727 422.69578966260144 299.05701298357957
    vertex -225.10323681967117 422.3617746626017 304.82101298357924
  endloop
endfacet
facet normal 0.07036801577939256 0.9973096255949077 0.020539061590452427
  outer loop
    vertex -228.7812298196684 422.62379866260164 315.3790139835802
    vertex -229.4532268196691 422.72578866260176 312.72901398358033
    vertex -230.82323781966767 422.7077836626016 318.2970149835807
  endloop
endfacet
facet normal 0.16103480713976112 0.9867943548789779 0.017455430915394744
  outer loop
    vertex -225.10323681967117 422.3617746626017 304.82101298357924
    vertex -226.5252338196727 422.69578966260144 299.05701298357957
    vertex -226.35123781967067 422.5297746626016 306.83701298357954
  endloop
endfacet
facet normal 0.2585554127043755 0.965955393569024 0.008903718109976992
  outer loop
    vertex -220.13123581967005 421.1017956626013 309.143012983578
    vertex -221.3392288196696 421.4057816626016 311.1610139835783
    vertex -219.88723281966833 420.9757886626014 315.6490139835779
  endloop
endfacet
facet normal 0.2585554127043755 0.965955393569024 0.008903718109976992
  outer loop
    vertex -221.0172378196681 421.2717786626017 316.4430149835782
    vertex -219.88723281966833 420.9757886626014 315.6490139835779
    vertex -221.3392288196696 421.4057816626016 311.1610139835783
  endloop
endfacet
facet normal 0.25470689117524836 0.9669529433368148 0.011242996046924674
  outer loop
    vertex -220.50922681967268 421.3237806626012 299.0570129835781
    vertex -222.82123881967118 421.8657726626016 304.82101298357867
    vertex -221.9372358196706 421.6077776626017 306.9830139835785
  endloop
endfacet
facet normal 0.09216287526015476 0.995591311876152 0.017433993819661812
  outer loop
    vertex -227.3432268196684 422.49779166260174 315.4310139835798
    vertex -227.5932268196697 422.60579366260157 310.58501398357987
    vertex -228.2532298196679 422.5477796626017 317.38701298358006
  endloop
endfacet
facet normal 0.3229635482327918 -0.9460076287285121 -0.027642592142257724
  outer loop
    vertex -219.6412308196664 376.4537856626013 323.0110129835778
    vertex -217.31322781966713 377.331776662601 320.16301398357723
    vertex -217.89322981966586 376.98778166260115 325.1590139835774
  endloop
endfacet
facet normal 0.3773097592541915 -0.9256301346141923 -0.029089507827675304
  outer loop
    vertex -216.22323181966684 377.70177166260095 321.47501398357696
    vertex -215.96723481966774 377.9217726626014 317.7950139835769
    vertex -215.06122881966667 378.16179366260127 321.9090139835766
  endloop
endfacet
facet normal 0.18424868448110512 -0.982497186148548 -0.02741717485751806
  outer loop
    vertex -226.5512348196726 375.5097856626014 299.0570129835797
    vertex -223.79523781967112 375.8657726626016 304.82101298357895
    vertex -224.5612288196706 375.66179366260167 306.98301398357916
  endloop
endfacet
facet normal 0.15377204711274775 -0.9879575751285139 -0.017146057066912627
  outer loop
    vertex -226.12723881966838 375.18779466260173 315.6490139835796
    vertex -224.89522881966815 375.3657726626017 316.4430149835792
    vertex -225.96923381966667 375.1037796626014 321.90701298357953
  endloop
endfacet
facet normal 0.19959357985677734 -0.9796382213316464 -0.02171078501862195
  outer loop
    vertex -224.5612288196706 375.66179366260167 306.98301398357916
    vertex -223.79523781967112 375.8657726626016 304.82101298357895
    vertex -222.53722681966974 376.0077706626018 309.9790139835786
  endloop
endfacet
facet normal 0.18548945689595303 -0.9824868220370117 -0.017700449261480865
  outer loop
    vertex -224.89522881966815 375.3657726626017 316.4430149835792
    vertex -223.92922481966775 375.52379266260175 317.795013983579
    vertex -224.6172288196667 375.3197826626014 321.90901398357914
  endloop
endfacet
facet normal 0.2725798241674404 -0.961818634445723 -0.02459987580887504
  outer loop
    vertex -221.20522581966878 376.2337846626017 313.92301398357824
    vertex -221.24523481967 376.3417856626017 309.25701398357825
    vertex -219.91123481966832 376.5577896626013 315.59301398357786
  endloop
endfacet
facet normal 0.37604060471589223 -0.9262653820962333 -0.02501810414529665
  outer loop
    vertex -216.22323181966684 377.70177166260095 321.47501398357696
    vertex -215.06122881966667 378.16179366260127 321.9090139835766
    vertex -215.2332258196654 377.9617806626013 326.7290139835767
  endloop
endfacet
facet normal 0.2317597377183255 -0.9725118577870558 -0.02254130511533026
  outer loop
    vertex -222.53722681966974 376.0077706626018 309.9790139835786
    vertex -221.20522581966878 376.2337846626017 313.92301398357824
    vertex -221.52323481966775 376.06978266260177 317.72901398357834
  endloop
endfacet
facet normal 0.6967918790252977 0.7161556294455752 -0.04002738734675419
  outer loop
    vertex -204.33323181966566 411.98180066260124 326.12701498357376
    vertex -206.30523181966703 413.59978166260134 320.7470139835743
    vertex -205.42722581966567 413.04777966260116 326.15501398357407
  endloop
endfacet
facet normal 0.7646680369800019 0.6435957510291519 -0.03266959562609278
  outer loop
    vertex -204.34922281967124 410.64778566260117 304.8210129835738
    vertex -205.27723181967272 411.4577836626013 299.05701298357405
    vertex -206.11722881967276 412.45579966260135 299.0570129835742
  endloop
endfacet
facet normal 0.7299248014329055 0.6825841074860062 -0.03589875291240692
  outer loop
    vertex -205.5812328196707 412.2917986626014 306.8370129835741
    vertex -206.11722881967276 412.45579966260135 299.0570129835742
    vertex -206.47523081967117 413.1417736626012 304.82101298357435
  endloop
endfacet
facet normal 0.6037328097714291 0.7969385861366037 -0.01988930195071441
  outer loop
    vertex -209.51723781967002 415.88377866260134 309.1430129835752
    vertex -209.13923181966834 415.7597856626013 315.6490139835751
    vertex -208.2392378196681 415.09779766260147 316.44301498357487
  endloop
endfacet
facet normal 0.6924836876908184 0.7207133310627138 -0.032227887157124914
  outer loop
    vertex -207.02323481967275 413.4217726626013 299.0570129835745
    vertex -207.9932358196726 414.35377966260114 299.0570129835748
    vertex -207.27523381967134 413.8958016626013 304.24301298357466
  endloop
endfacet
facet normal 0.6615275876204926 0.7495524092816519 -0.02350396896446663
  outer loop
    vertex -207.1192278196691 414.0497936626014 312.87901398357457
    vertex -207.34522581966834 414.3337906626013 315.5750149835746
    vertex -205.87722281966757 413.1377756626014 318.7510129835741
  endloop
endfacet
facet normal 0.18816958501301284 -0.9820511127795369 -0.012954503637891796
  outer loop
    vertex -224.6172288196667 375.3197826626014 321.90901398357914
    vertex -223.3632308196668 375.56578466260135 321.4750139835788
    vertex -223.37723881966542 375.49379366260143 326.72901398357885
  endloop
endfacet
facet normal 0.619659794980979 0.7847196433823918 -0.015388949734901005
  outer loop
    vertex -209.0212358196727 415.24779166260123 299.0570129835751
    vertex -210.1052348196727 416.10377966260114 299.05701298357536
    vertex -207.9612378196711 414.52379266260135 304.8210129835748
  endloop
endfacet
facet normal 0.6821682917569692 0.7306842230852042 -0.02733107856909727
  outer loop
    vertex -206.7292278196703 413.53780066260134 308.2670129835744
    vertex -206.89322981966978 413.7657976626013 310.26901398357455
    vertex -205.81122881966854 412.93578066260136 315.0850129835742
  endloop
endfacet
facet normal 0.6835832878316692 0.7293398082386857 -0.027880687143660196
  outer loop
    vertex -205.81122881966854 412.93578066260136 315.0850129835742
    vertex -206.89322981966978 413.7657976626013 310.26901398357455
    vertex -205.87722281966757 413.1377756626014 318.7510129835741
  endloop
endfacet
facet normal 0.60434824196552 0.7964336266326204 -0.021370091295957325
  outer loop
    vertex -209.13923181966834 415.7597856626013 315.6490139835751
    vertex -208.78922581966668 415.66179366260104 321.90701298357504
    vertex -208.2392378196681 415.09779766260147 316.44301498357487
  endloop
endfacet
facet normal 0.60434824196552 0.7964336266326204 -0.021370091295957325
  outer loop
    vertex -207.83722981966665 414.9397776626011 321.90901398357477
    vertex -208.2392378196681 415.09779766260147 316.44301498357487
    vertex -208.78922581966668 415.66179366260104 321.90701298357504
  endloop
endfacet
facet normal 0.8243583804033541 0.564379667524013 -0.04369040563148701
  outer loop
    vertex -202.50922681966767 409.05577566260155 318.1510149835733
    vertex -202.57323781966872 408.84380066260144 314.2050139835734
    vertex -203.3852338196704 409.53780066260134 307.84901398357357
  endloop
endfacet
facet normal 0.8236056417171596 0.5654865165061256 -0.043574609366384465
  outer loop
    vertex -202.50922681966767 409.05577566260155 318.1510149835733
    vertex -203.3852338196704 409.53780066260134 307.84901398357357
    vertex -203.44323281966982 409.7917986626015 310.0490139835736
  endloop
endfacet
facet normal 0.675254097778437 0.7371329709349125 -0.025824147499939016
  outer loop
    vertex -205.87722281966757 413.1377756626014 318.7510129835741
    vertex -206.30523181966703 413.59978166260134 320.7470139835743
    vertex -204.33323181966566 411.98180066260124 326.12701498357376
  endloop
endfacet
facet normal 0.6279115787428888 0.7779554836849816 -0.0226343695533904
  outer loop
    vertex -208.39722781967063 414.9557996626013 306.98301398357495
    vertex -210.1052348196727 416.10377966260114 299.05701298357536
    vertex -208.45722481966956 415.1257826626013 311.16101398357495
  endloop
endfacet
facet normal 0.7933518889319693 0.607575818827716 -0.038005324678347524
  outer loop
    vertex -203.44323281966982 409.7917986626015 310.0490139835736
    vertex -204.34922281967124 410.64778566260117 304.8210129835738
    vertex -204.64322981967067 411.15779566260136 306.83701298357386
  endloop
endfacet
facet normal 0.8340883005834929 0.5494665333272543 -0.048818393900969946
  outer loop
    vertex -202.86722881967 408.8837786626013 309.3290129835735
    vertex -203.29723681967138 409.08778866260127 304.2430129835735
    vertex -203.3852338196704 409.53780066260134 307.84901398357357
  endloop
endfacet
facet normal 0.8340883005834929 0.5494665333272543 -0.048818393900969946
  outer loop
    vertex -203.7932238196727 409.37578266260135 299.0570129835737
    vertex -203.3852338196704 409.53780066260134 307.84901398357357
    vertex -203.29723681967138 409.08778866260127 304.2430129835735
  endloop
endfacet
facet normal 0.8340883005834929 0.5494665333272543 -0.048818393900969946
  outer loop
    vertex -203.8612318196714 409.9297986626014 304.0990129835737
    vertex -203.3852338196704 409.53780066260134 307.84901398357357
    vertex -203.7932238196727 409.37578266260135 299.0570129835737
  endloop
endfacet
facet normal 0.6629757230064658 0.7482557254373353 -0.02401166496311791
  outer loop
    vertex -206.89322981966978 413.7657976626013 310.26901398357455
    vertex -207.1192278196691 414.0497936626014 312.87901398357457
    vertex -205.87722281966757 413.1377756626014 318.7510129835741
  endloop
endfacet
facet normal 0.5042565511619175 0.8634093070766755 -0.015801868992734783
  outer loop
    vertex -210.64722781966773 416.77379266260135 317.7950139835754
    vertex -211.7892258196671 417.4818006626011 320.1630139835757
    vertex -210.81322781966676 416.935780662601 321.4750139835755
  endloop
endfacet
facet normal 0.5042565511619175 0.8634093070766755 -0.015801868992734783
  outer loop
    vertex -212.22523081966585 417.8297926626012 325.15901398357585
    vertex -210.81322781966676 416.935780662601 321.4750139835755
    vertex -211.7892258196671 417.4818006626011 320.1630139835757
  endloop
endfacet
facet normal 0.8331743295281749 0.5513258129041745 -0.04313217639799163
  outer loop
    vertex -201.22523081966608 407.6077776626013 324.44501298357295
    vertex -202.57323781966872 408.84380066260144 314.2050139835734
    vertex -202.50922681966767 409.05577566260155 318.1510149835733
  endloop
endfacet
facet normal 0.34361827843208714 -0.9387446823281166 -0.026170596631568486
  outer loop
    vertex -217.89322981966586 376.98778166260115 325.1590139835774
    vertex -216.22323181966684 377.70177166260095 321.47501398357696
    vertex -216.56322781966557 377.44578966260104 326.193014983577
  endloop
endfacet
facet normal 0.668115289449635 0.743499077776869 -0.02882848155168718
  outer loop
    vertex -205.87722281966757 413.1377756626014 318.7510129835741
    vertex -207.34522581966834 414.3337906626013 315.5750149835746
    vertex -206.30523181966703 413.59978166260134 320.7470139835743
  endloop
endfacet
facet normal 0.636727129300948 0.7706644604318351 -0.025590080880727322
  outer loop
    vertex -207.9612378196711 414.52379266260135 304.8210129835748
    vertex -210.1052348196727 416.10377966260114 299.05701298357536
    vertex -208.39722781967063 414.9557996626013 306.98301398357495
  endloop
endfacet
facet normal 0.6369607437007151 0.7705763975220961 -0.02220420154161671
  outer loop
    vertex -208.39722781967063 414.9557996626013 306.98301398357495
    vertex -208.45722481966956 415.1257826626013 311.16101398357495
    vertex -207.34522581966834 414.3337906626013 315.5750149835746
  endloop
endfacet
facet normal 0.7135263486571142 0.699948645032251 -0.03085521170827428
  outer loop
    vertex -205.81122881966854 412.93578066260136 315.0850129835742
    vertex -204.80123481966757 412.06779966260143 318.7510129835739
    vertex -206.0332288196698 412.9497876626013 310.2690139835742
  endloop
endfacet
facet normal 0.6525612599994475 0.7573210017877333 -0.025073934656483665
  outer loop
    vertex -207.1192278196691 414.0497936626014 312.87901398357457
    vertex -208.39722781967063 414.9557996626013 306.98301398357495
    vertex -207.34522581966834 414.3337906626013 315.5750149835746
  endloop
endfacet
facet normal 0.6938485482483648 0.7195003154570285 -0.029891272152139204
  outer loop
    vertex -206.0332288196698 412.9497876626013 310.2690139835742
    vertex -206.7292278196703 413.53780066260134 308.2670129835744
    vertex -205.81122881966854 412.93578066260136 315.0850129835742
  endloop
endfacet
facet normal 0.8541988744471907 0.5177943947555317 -0.04725724973911763
  outer loop
    vertex -202.57323781966872 408.84380066260144 314.2050139835734
    vertex -201.89722781966825 407.8937876626016 316.01501298357323
    vertex -202.86722881967 408.8837786626013 309.3290129835735
  endloop
endfacet
facet normal 0.7276887796539195 0.6849886726760712 -0.035490256004482724
  outer loop
    vertex -205.17722581966913 412.17378666260134 312.843012983574
    vertex -205.5812328196707 412.2917986626014 306.8370129835741
    vertex -206.0332288196698 412.9497876626013 310.2690139835742
  endloop
endfacet
facet normal 0.6351879995999955 0.7717252328194124 -0.03124692295218827
  outer loop
    vertex -206.99123681966674 414.23180066260124 321.6210139835746
    vertex -207.83722981966665 414.9397776626011 321.90901398357477
    vertex -207.26723781966538 414.6657916626011 326.7290139835746
  endloop
endfacet
facet normal 0.6958473671538516 0.7175129830588746 -0.031169869537873266
  outer loop
    vertex -206.47523081967117 413.1417736626012 304.82101298357435
    vertex -206.7292278196703 413.53780066260134 308.2670129835744
    vertex -206.0332288196698 412.9497876626013 310.2690139835742
  endloop
endfacet
facet normal 0.7806234080782577 0.6234594235385387 -0.043879858264119664
  outer loop
    vertex -204.64322981967067 411.15779566260136 306.83701298357386
    vertex -204.34922281967124 410.64778566260117 304.8210129835738
    vertex -206.11722881967276 412.45579966260135 299.0570129835742
  endloop
endfacet
facet normal 0.6136112150117363 0.7891220624667074 -0.027706449431689987
  outer loop
    vertex -207.26723781966538 414.6657916626011 326.7290139835746
    vertex -207.83722981966665 414.9397776626011 321.90901398357477
    vertex -208.51723781966535 415.63777566260137 326.72901398357493
  endloop
endfacet
facet normal 0.6040529473409654 0.7963753558673918 -0.030105304778027052
  outer loop
    vertex -207.83722981966665 414.9397776626011 321.90901398357477
    vertex -208.78922581966668 415.66179366260104 321.90701298357504
    vertex -208.51723781966535 415.63777566260137 326.72901398357493
  endloop
endfacet
facet normal 0.7251513502373623 0.687758910139872 -0.03381125215288446
  outer loop
    vertex -204.80123481966757 412.06779966260143 318.7510129835739
    vertex -205.17722581966913 412.17378666260134 312.843012983574
    vertex -206.0332288196698 412.9497876626013 310.2690139835742
  endloop
endfacet
facet normal 0.3473562003621292 -0.9374204422660939 -0.024219506428201074
  outer loop
    vertex -217.31322781966713 377.331776662601 320.16301398357723
    vertex -216.22323181966684 377.70177166260095 321.47501398357696
    vertex -217.89322981966586 376.98778166260115 325.1590139835774
  endloop
endfacet
facet normal 0.8584148224905722 0.5106169658461217 -0.04893165354430631
  outer loop
    vertex -201.89722781966825 407.8937876626016 316.01501298357323
    vertex -202.32723581966974 408.0537916626013 310.14101398357326
    vertex -202.86722881967 408.8837786626013 309.3290129835735
  endloop
endfacet
facet normal 0.6411866722937283 0.7670124149330984 -0.023908295869672563
  outer loop
    vertex -207.34522581966834 414.3337906626013 315.5750149835746
    vertex -208.45722481966956 415.1257826626013 311.16101398357495
    vertex -207.52323481966778 414.5537916626013 317.8590129835747
  endloop
endfacet
facet normal 0.664134078507004 0.7472397851753365 -0.023635338304530015
  outer loop
    vertex -207.27523381967134 413.8958016626013 304.24301298357466
    vertex -207.9612378196711 414.52379266260135 304.8210129835748
    vertex -206.7292278196703 413.53780066260134 308.2670129835744
  endloop
endfacet
facet normal 0.6349052249062273 0.7722055419771783 -0.02437121922484068
  outer loop
    vertex -207.52323481966778 414.5537916626013 317.8590129835747
    vertex -208.2392378196681 415.09779766260147 316.44301498357487
    vertex -207.83722981966665 414.9397776626011 321.90901398357477
  endloop
endfacet
facet normal 0.7289089511807049 0.6836587391401281 -0.036089739344796125
  outer loop
    vertex -206.47523081967117 413.1417736626012 304.82101298357435
    vertex -206.11722881967276 412.45579966260135 299.0570129835742
    vertex -207.02323481967275 413.4217726626013 299.0570129835745
  endloop
endfacet
facet normal 0.6814446095787388 0.7313327692232477 -0.028028998132939683
  outer loop
    vertex -205.81122881966854 412.93578066260136 315.0850129835742
    vertex -205.87722281966757 413.1377756626014 318.7510129835741
    vertex -204.33323181966566 411.98180066260124 326.12701498357376
  endloop
endfacet
facet normal 0.8599744346273608 0.5076358714857817 -0.05243847602879029
  outer loop
    vertex -202.32723581966974 408.0537916626013 310.14101398357326
    vertex -202.74523481967125 408.18178266260134 304.5330129835734
    vertex -202.86722881967 408.8837786626013 309.3290129835735
  endloop
endfacet
facet normal 0.8599744346273608 0.5076358714857817 -0.05243847602879029
  outer loop
    vertex -203.29723681967138 409.08778866260127 304.2430129835735
    vertex -202.86722881967 408.8837786626013 309.3290129835735
    vertex -202.74523481967125 408.18178266260134 304.5330129835734
  endloop
endfacet
facet normal 0.6645423333349418 0.7464629146383812 -0.034301665780600434
  outer loop
    vertex -205.42722581966567 413.04777966260116 326.15501398357407
    vertex -206.99123681966674 414.23180066260124 321.6210139835746
    vertex -206.31322781966554 413.8497816626013 326.4430149835744
  endloop
endfacet
facet normal 0.809726157387356 0.5854319024813472 -0.04016263935272821
  outer loop
    vertex -202.50922681966767 409.05577566260155 318.1510149835733
    vertex -203.44323281966982 409.7917986626015 310.0490139835736
    vertex -203.54923581966912 410.11980166260145 312.6930139835737
  endloop
endfacet
facet normal 0.6574065024143559 0.7529963296693525 -0.028516978939000938
  outer loop
    vertex -206.30523181966703 413.59978166260134 320.7470139835743
    vertex -207.52323481966778 414.5537916626013 317.8590129835747
    vertex -206.99123681966674 414.23180066260124 321.6210139835746
  endloop
endfacet
facet normal 0.6037962250079947 0.7969395654863668 -0.017817060040756397
  outer loop
    vertex -210.1052348196727 416.10377966260114 299.05701298357536
    vertex -209.51723781967002 415.88377866260134 309.1430129835752
    vertex -208.45722481966956 415.1257826626013 311.16101398357495
  endloop
endfacet
facet normal 0.2779927584770592 -0.9601220020507855 -0.02976184490765316
  outer loop
    vertex -221.55523181967135 376.4077956626017 304.24301298357835
    vertex -220.3212388196712 376.75578766260134 304.53301298357803
    vertex -221.24523481967 376.3417856626017 309.25701398357825
  endloop
endfacet
facet normal 0.2779927584770592 -0.9601220020507855 -0.02976184490765316
  outer loop
    vertex -220.1132308196698 376.6457716626014 310.035013983578
    vertex -221.24523481967 376.3417856626017 309.25701398357825
    vertex -220.3212388196712 376.75578766260134 304.53301298357803
  endloop
endfacet
facet normal 0.6621671381603595 0.7488435806024759 -0.02771232453228499
  outer loop
    vertex -207.27523381967134 413.8958016626013 304.24301298357466
    vertex -209.0212358196727 415.24779166260123 299.0570129835751
    vertex -207.9612378196711 414.52379266260135 304.8210129835748
  endloop
endfacet
facet normal 0.8569912253327964 0.5128094578037813 -0.050916595424128235
  outer loop
    vertex -201.22523081966608 407.6077776626013 324.44501298357295
    vertex -201.89722781966825 407.8937876626016 316.01501298357323
    vertex -202.57323781966872 408.84380066260144 314.2050139835734
  endloop
endfacet
facet normal 0.859973688518912 0.507480213688903 -0.05393595989173381
  outer loop
    vertex -202.74523481967125 408.18178266260134 304.5330129835734
    vertex -203.1552228196727 408.2957956626013 299.05701298357354
    vertex -203.29723681967138 409.08778866260127 304.2430129835735
  endloop
endfacet
facet normal 0.859973688518912 0.507480213688903 -0.05393595989173381
  outer loop
    vertex -203.7932238196727 409.37578266260135 299.0570129835737
    vertex -203.29723681967138 409.08778866260127 304.2430129835735
    vertex -203.1552228196727 408.2957956626013 299.05701298357354
  endloop
endfacet
facet normal 0.7273642572209549 0.6851896807979658 -0.038162005259033245
  outer loop
    vertex -204.33323181966566 411.98180066260124 326.12701498357376
    vertex -204.80123481966757 412.06779966260143 318.7510129835739
    vertex -205.81122881966854 412.93578066260136 315.0850129835742
  endloop
endfacet
facet normal 0.6541105973264523 0.7559649710480825 -0.025618138369207927
  outer loop
    vertex -206.89322981966978 413.7657976626013 310.26901398357455
    vertex -208.39722781967063 414.9557996626013 306.98301398357495
    vertex -207.1192278196691 414.0497936626014 312.87901398357457
  endloop
endfacet
facet normal 0.656571224241667 0.753680358401852 -0.029667235413074703
  outer loop
    vertex -206.30523181966703 413.59978166260134 320.7470139835743
    vertex -206.99123681966674 414.23180066260124 321.6210139835746
    vertex -205.42722581966567 413.04777966260116 326.15501398357407
  endloop
endfacet
facet normal 0.6367582582943937 0.7706873142723472 -0.02408285933120306
  outer loop
    vertex -206.99123681966674 414.23180066260124 321.6210139835746
    vertex -207.52323481966778 414.5537916626013 317.8590129835747
    vertex -207.83722981966665 414.9397776626011 321.90901398357477
  endloop
endfacet
facet normal 0.6560277298316163 0.754348382646926 -0.02421023110056704
  outer loop
    vertex -207.9932358196726 414.35377966260114 299.0570129835748
    vertex -209.0212358196727 415.24779166260123 299.0570129835751
    vertex -207.27523381967134 413.8958016626013 304.24301298357466
  endloop
endfacet
facet normal 0.6975002007322532 0.7159000744009709 -0.03131379011156196
  outer loop
    vertex -207.02323481967275 413.4217726626013 299.0570129835745
    vertex -207.27523381967134 413.8958016626013 304.24301298357466
    vertex -206.47523081967117 413.1417736626012 304.82101298357435
  endloop
endfacet
facet normal 0.6975002007322532 0.7159000744009709 -0.03131379011156196
  outer loop
    vertex -206.7292278196703 413.53780066260134 308.2670129835744
    vertex -206.47523081967117 413.1417736626012 304.82101298357435
    vertex -207.27523381967134 413.8958016626013 304.24301298357466
  endloop
endfacet
facet normal 0.8306817814583599 0.5548822575143215 -0.04553524183504227
  outer loop
    vertex -202.57323781966872 408.84380066260144 314.2050139835734
    vertex -202.86722881967 408.8837786626013 309.3290129835735
    vertex -203.3852338196704 409.53780066260134 307.84901398357357
  endloop
endfacet
facet normal 0.6445005066664304 0.7640119310152319 -0.03008099355226121
  outer loop
    vertex -206.99123681966674 414.23180066260124 321.6210139835746
    vertex -207.26723781966538 414.6657916626011 326.7290139835746
    vertex -206.31322781966554 413.8497816626013 326.4430149835744
  endloop
endfacet
facet normal 0.6445005066664304 0.7640119310152319 -0.03008099355226121
  outer loop
    vertex -206.66523281966542 414.15779566260125 326.7290139835745
    vertex -206.31322781966554 413.8497816626013 326.4430149835744
    vertex -207.26723781966538 414.6657916626011 326.7290139835746
  endloop
endfacet
facet normal 0.6075192720761473 0.7940308399383762 -0.0208652649833364
  outer loop
    vertex -208.45722481966956 415.1257826626013 311.16101398357495
    vertex -209.51723781967002 415.88377866260134 309.1430129835752
    vertex -208.2392378196681 415.09779766260147 316.44301498357487
  endloop
endfacet
facet normal 0.6491835045256796 0.7602948762201067 -0.022637991192011098
  outer loop
    vertex -207.34522581966834 414.3337906626013 315.5750149835746
    vertex -207.52323481966778 414.5537916626013 317.8590129835747
    vertex -206.30523181966703 413.59978166260134 320.7470139835743
  endloop
endfacet
facet normal 0.6485103097823265 0.7609087975752258 -0.021264521594786003
  outer loop
    vertex -207.9612378196711 414.52379266260135 304.8210129835748
    vertex -208.39722781967063 414.9557996626013 306.98301398357495
    vertex -206.89322981966978 413.7657976626013 310.26901398357455
  endloop
endfacet
facet normal 0.7290004283608348 0.6836150824957029 -0.03505416429060499
  outer loop
    vertex -206.0332288196698 412.9497876626013 310.2690139835742
    vertex -205.5812328196707 412.2917986626014 306.8370129835741
    vertex -206.47523081967117 413.1417736626012 304.82101298357435
  endloop
endfacet
facet normal 0.8290688557946514 0.5569055711236655 -0.05001017099322666
  outer loop
    vertex -203.8612318196714 409.9297986626014 304.0990129835737
    vertex -203.7932238196727 409.37578266260135 299.0570129835737
    vertex -204.50123181967274 410.4297986626013 299.0570129835738
  endloop
endfacet
facet normal 0.5381740709970387 0.842816439447958 -0.0053961748248974135
  outer loop
    vertex -210.9932358196706 416.8297926626013 306.9830139835755
    vertex -211.75722781967116 417.3037916626012 304.8210129835757
    vertex -212.36323081966975 417.72377466260133 309.9790139835759
  endloop
endfacet
facet normal 0.5115069368794958 0.8589822130359824 -0.02258785540864247
  outer loop
    vertex -209.87322581966544 416.5017896626013 326.72901398357527
    vertex -209.79723681966667 416.3297926626012 321.9090139835752
    vertex -210.40723681966537 416.8197826626012 326.7290139835754
  endloop
endfacet
facet normal 0.5309865649732106 0.847373163449199 -0.0034626123155605854
  outer loop
    vertex -211.75722781967116 417.3037916626012 304.8210129835757
    vertex -212.6492268196713 417.85979166260137 304.09901298357596
    vertex -212.82923381967035 417.9877816626014 307.817012983576
  endloop
endfacet
facet normal 0.5232213099384356 0.852043870612402 -0.01614631159566153
  outer loop
    vertex -209.99523481966816 416.34779766260135 316.4430149835753
    vertex -210.64722781966773 416.77379266260135 317.7950139835754
    vertex -209.79723681966667 416.3297926626012 321.9090139835752
  endloop
endfacet
facet normal -0.9710902830508051 6.551730573490126e-17 -0.23871250944244077
  outer loop
    vertex -264.8912308196727 400.30379166260127 299.0570129835897
    vertex -270.5652268196667 399.71779266260137 322.13901398359116
    vertex -270.5652268196667 400.89378766260126 322.13901398359116
  endloop
endfacet
facet normal 0.5214648160943279 0.8532333108127131 -0.008207490194004291
  outer loop
    vertex -211.75722781967116 417.3037916626012 304.8210129835757
    vertex -212.82923381967035 417.9877816626014 307.817012983576
    vertex -212.36323081966975 417.72377466260133 309.9790139835759
  endloop
endfacet
facet normal 0.5167207858613895 0.8560333261166534 -0.014372683689811492
  outer loop
    vertex -210.64722781966773 416.77379266260135 317.7950139835754
    vertex -210.81322781966676 416.935780662601 321.4750139835755
    vertex -209.79723681966667 416.3297926626012 321.9090139835752
  endloop
endfacet
facet normal 0.558996856075393 0.8290428925165748 -0.014505077234455111
  outer loop
    vertex -209.51723781967002 415.88377866260134 309.1430129835752
    vertex -210.1052348196727 416.10377966260114 299.05701298357536
    vertex -210.39922681966945 416.51378266260133 311.1610139835754
  endloop
endfacet
facet normal 0.5547197080680484 0.8318425697553856 -0.01799957287425246
  outer loop
    vertex -209.13923181966834 415.7597856626013 315.6490139835751
    vertex -209.99523481966816 416.34779766260135 316.4430149835753
    vertex -208.78922581966668 415.66179366260104 321.90701298357504
  endloop
endfacet
facet normal 0.5311276061834398 0.8472147053257619 -0.011432804976543556
  outer loop
    vertex -210.39922681966945 416.51378266260133 311.1610139835754
    vertex -210.9932358196706 416.8297926626013 306.9830139835755
    vertex -211.14322981966842 417.03780066260146 315.4290149835756
  endloop
endfacet
facet normal 0.5558742446459755 0.8311039375037839 -0.01643378243050335
  outer loop
    vertex -209.51723781967002 415.88377866260134 309.1430129835752
    vertex -210.39922681966945 416.51378266260133 311.1610139835754
    vertex -209.13923181966834 415.7597856626013 315.6490139835751
  endloop
endfacet
facet normal 0.5558742446459755 0.8311039375037839 -0.01643378243050335
  outer loop
    vertex -209.99523481966816 416.34779766260135 316.4430149835753
    vertex -209.13923181966834 415.7597856626013 315.6490139835751
    vertex -210.39922681966945 416.51378266260133 311.1610139835754
  endloop
endfacet
facet normal 0.5102856583898262 0.8599343625342503 -0.011019935320785346
  outer loop
    vertex -210.64722781966773 416.77379266260135 317.7950139835754
    vertex -211.14322981966842 417.03780066260146 315.4290149835756
    vertex -211.7892258196671 417.4818006626011 320.1630139835757
  endloop
endfacet
facet normal -0.9644102095004135 0.11115465711445381 -0.23991162959126647
  outer loop
    vertex -264.8912308196727 400.30379166260127 299.0570129835897
    vertex -270.5652268196667 400.89378766260126 322.13901398359116
    vertex -264.7552288196727 401.48378466260135 299.0570129835896
  endloop
endfacet
facet normal 0.632022907721169 0.7746379513915261 -0.021979271589804183
  outer loop
    vertex -208.45722481966956 415.1257826626013 311.16101398357495
    vertex -208.2392378196681 415.09779766260147 316.44301498357487
    vertex -207.52323481966778 414.5537916626013 317.8590129835747
  endloop
endfacet
facet normal 0.494323149601713 0.8690141926593088 -0.021423275298890324
  outer loop
    vertex -210.81322781966676 416.935780662601 321.4750139835755
    vertex -212.22523081966585 417.8297926626012 325.15901398357585
    vertex -211.0412248196655 417.1817826626013 326.19301498357555
  endloop
endfacet
facet normal 0.5521647512124588 0.8332978930350317 -0.026994610237242773
  outer loop
    vertex -208.78922581966668 415.66179366260104 321.90701298357504
    vertex -209.79723681966667 416.3297926626012 321.9090139835752
    vertex -208.51723781966535 415.63777566260137 326.72901398357493
  endloop
endfacet
facet normal 0.5269989574106703 0.849757041491169 -0.013604018679866074
  outer loop
    vertex -209.99523481966816 416.34779766260135 316.4430149835753
    vertex -210.39922681966945 416.51378266260133 311.1610139835754
    vertex -210.64722781966773 416.77379266260135 317.7950139835754
  endloop
endfacet
facet normal -0.9644473306859711 -0.11115902977984363 -0.23976033122914447
  outer loop
    vertex -264.75722781967266 396.7617996626014 299.0570129835896
    vertex -270.5652268196667 397.36778666260136 322.1390139835911
    vertex -264.89322981967274 397.94179166260125 299.0570129835896
  endloop
endfacet
facet normal 0.5196392420808713 0.854304131020778 -0.011811427113238147
  outer loop
    vertex -210.9932358196706 416.8297926626013 306.9830139835755
    vertex -211.76923681966906 417.3797806626013 312.62301398357573
    vertex -211.14322981966842 417.03780066260146 315.4290149835756
  endloop
endfacet
facet normal 0.4680220781437366 0.8834744678484525 -0.020692970543442286
  outer loop
    vertex -211.7892258196671 417.4818006626011 320.1630139835757
    vertex -213.8152268196664 418.62178466260104 323.0110129835763
    vertex -212.22523081966585 417.8297926626012 325.15901398357585
  endloop
endfacet
facet normal 0.5066539839420798 0.8621127155534866 -0.007962803313675536
  outer loop
    vertex -211.14322981966842 417.03780066260146 315.4290149835756
    vertex -211.76923681966906 417.3797806626013 312.62301398357573
    vertex -212.61123181966775 417.92177266260137 317.72901398357595
  endloop
endfacet
facet normal 0.5188077588177739 0.8546275036184535 -0.021221202825689137
  outer loop
    vertex -209.79723681966667 416.3297926626012 321.9090139835752
    vertex -210.81322781966676 416.935780662601 321.4750139835755
    vertex -210.40723681966537 416.8197826626012 326.7290139835754
  endloop
endfacet
facet normal -0.9007919424124232 -0.3467051616383118 -0.26147544316475657
  outer loop
    vertex -263.5332288196727 392.13179466260124 299.05701298358935
    vertex -270.5612288196666 392.9837846626013 322.13901398359116
    vertex -263.9712328196727 393.2697946626013 299.05701298358946
  endloop
endfacet
facet normal 0.508636602662762 0.8607419509303034 -0.020300254687542305
  outer loop
    vertex -210.81322781966676 416.935780662601 321.4750139835755
    vertex -211.0412248196655 417.1817826626013 326.19301498357555
    vertex -210.40723681966537 416.8197826626012 326.7290139835754
  endloop
endfacet
facet normal 0.4844918641146236 0.8747785022541072 -0.005495962226765786
  outer loop
    vertex -211.7892258196671 417.4818006626011 320.1630139835757
    vertex -212.61123181966775 417.92177266260137 317.72901398357595
    vertex -213.8152268196664 418.62178466260104 323.0110129835763
  endloop
endfacet
facet normal 0.5522971895610331 0.8334685846368878 -0.017260730759943377
  outer loop
    vertex -208.78922581966668 415.66179366260104 321.90701298357504
    vertex -209.99523481966816 416.34779766260135 316.4430149835753
    vertex -209.79723681966667 416.3297926626012 321.9090139835752
  endloop
endfacet
facet normal 0.5010321830046806 0.8653341496613615 -0.012789097834196982
  outer loop
    vertex -211.14322981966842 417.03780066260146 315.4290149835756
    vertex -212.61123181966775 417.92177266260137 317.72901398357595
    vertex -211.7892258196671 417.4818006626011 320.1630139835757
  endloop
endfacet
facet normal 0.543594691368127 0.8393301783872661 -0.005446390069669256
  outer loop
    vertex -211.2452348196727 416.91777466260106 299.0570129835756
    vertex -212.43723581967268 417.689777662601 299.0570129835759
    vertex -212.6492268196713 417.85979166260137 304.09901298357596
  endloop
endfacet
facet normal 0.5372423278914078 0.8431508629638594 -0.02161720160243362
  outer loop
    vertex -208.51723781966535 415.63777566260137 326.72901398357493
    vertex -209.79723681966667 416.3297926626012 321.9090139835752
    vertex -209.87322581966544 416.5017896626013 326.72901398357527
  endloop
endfacet
facet normal 0.5209476095948997 0.8534742301285306 -0.01397592801469405
  outer loop
    vertex -210.39922681966945 416.51378266260133 311.1610139835754
    vertex -211.14322981966842 417.03780066260146 315.4290149835756
    vertex -210.64722781966773 416.77379266260135 317.7950139835754
  endloop
endfacet
facet normal 0.6728693579590165 0.7391902689352788 -0.029061545575061104
  outer loop
    vertex -206.7292278196703 413.53780066260134 308.2670129835744
    vertex -207.9612378196711 414.52379266260135 304.8210129835748
    vertex -206.89322981966978 413.7657976626013 310.26901398357455
  endloop
endfacet
facet normal 0.5320169241255205 0.846681927945824 -0.009365112597440405
  outer loop
    vertex -210.9932358196706 416.8297926626013 306.9830139835755
    vertex -212.36323081966975 417.72377466260133 309.9790139835759
    vertex -211.76923681966906 417.3797806626013 312.62301398357573
  endloop
endfacet
facet normal -0.965451649433177 1.441250712820981e-16 -0.2605822568916736
  outer loop
    vertex -264.3352308196727 394.4177746626013 299.0570129835896
    vertex -270.5652268196667 393.8397716626014 322.13901398359116
    vertex -270.5652268196666 395.01579766260124 322.1390139835911
  endloop
endfacet
facet normal 0.5342740319655686 0.845261814720367 -0.009150046059257195
  outer loop
    vertex -211.2452348196727 416.91777466260106 299.0570129835756
    vertex -212.6492268196713 417.85979166260137 304.09901298357596
    vertex -211.75722781967116 417.3037916626012 304.8210129835757
  endloop
endfacet
facet normal 0.5495342383831586 0.835337461279836 -0.014948131227691584
  outer loop
    vertex -210.1052348196727 416.10377966260114 299.05701298357536
    vertex -210.9932358196706 416.8297926626013 306.9830139835755
    vertex -210.39922681966945 416.51378266260133 311.1610139835754
  endloop
endfacet
facet normal -0.9615530368358537 -0.004491060076050485 -0.27458256996965585
  outer loop
    vertex -263.9712328196727 393.2697946626013 299.05701298358946
    vertex -270.5612288196666 392.9837846626013 322.13901398359116
    vertex -270.5652268196667 393.8397716626014 322.13901398359116
  endloop
endfacet
facet normal 0.6970522042040627 -0.7155098722791875 -0.046517171939817935
  outer loop
    vertex -205.4392348196667 384.5077706626013 321.90901398357414
    vertex -204.32923381966543 385.27577666260123 326.7290139835738
    vertex -205.41523281966545 384.21779266260125 326.7290139835741
  endloop
endfacet
facet normal 0.5802193128474752 -0.8127362838818889 -0.05296491159873334
  outer loop
    vertex -211.26322481967273 381.27177866260104 299.0570129835756
    vertex -210.1232258196727 382.08577366260135 299.05701298357536
    vertex -210.75922681967134 381.29378166260136 304.24301298357545
  endloop
endfacet
facet normal 0.5802193128474752 -0.8127362838818889 -0.05296491159873334
  outer loop
    vertex -209.79122481967124 381.96577866260134 304.53301298357525
    vertex -210.75922681967134 381.29378166260136 304.24301298357545
    vertex -210.1232258196727 382.08577366260135 299.05701298357536
  endloop
endfacet
facet normal 0.6576529985472973 -0.7515226352186023 -0.052021747912158266
  outer loop
    vertex -206.65322381966843 383.86577266260144 315.42901498357446
    vertex -206.20322681966775 384.09578366260155 317.7950139835743
    vertex -207.09922281966718 383.14778566260094 320.16301398357456
  endloop
endfacet
facet normal 0.4665588871423089 -0.8837224019747187 -0.03684455287507367
  outer loop
    vertex -214.98522481967262 379.0957836626012 299.05701298357656
    vertex -213.69723081967268 379.77577666260123 299.0570129835762
    vertex -212.54122481967113 380.14577166260136 304.82101298357594
  endloop
endfacet
facet normal 0.5468897073479169 -0.8358158242371251 -0.04820327739609961
  outer loop
    vertex -211.70722481967135 380.6817826626013 304.09901298357573
    vertex -210.75922681967134 381.29378166260136 304.24301298357545
    vertex -211.1472278196704 380.83379066260136 307.8170129835756
  endloop
endfacet
facet normal 0.5468897073479169 -0.8358158242371251 -0.04820327739609961
  outer loop
    vertex -210.36922781967004 381.2597856626012 309.25701398357535
    vertex -211.1472278196704 380.83379066260136 307.8170129835756
    vertex -210.75922681967134 381.29378166260136 304.24301298357545
  endloop
endfacet
facet normal 0.4775884969000211 -0.8778960069997861 -0.03475382745267282
  outer loop
    vertex -213.12723881966812 379.26378266260133 316.44301498357606
    vertex -212.29723681966772 379.6617936626013 317.7950139835758
    vertex -212.75522881966663 379.2497756626012 321.90901398357596
  endloop
endfacet
facet normal 0.5139545209449048 -0.8567698040367898 -0.04238222848145901
  outer loop
    vertex -212.54122481967113 380.14577166260136 304.82101298357594
    vertex -211.70722481967135 380.6817826626013 304.09901298357573
    vertex -211.1472278196704 380.83379066260136 307.8170129835756
  endloop
endfacet
facet normal 0.09423395875052851 -0.9954285063263891 -0.015557950090471628
  outer loop
    vertex -228.26322481966776 374.9137766626018 317.8370139835801
    vertex -227.33123281966814 375.0237926626017 316.44301498357987
    vertex -227.33722981966667 374.93779466260145 321.9090139835799
  endloop
endfacet
facet normal 0.47907863518837174 -0.8770934326772127 -0.03450755946964057
  outer loop
    vertex -212.29723681966772 379.6617936626013 317.7950139835758
    vertex -211.73923781966678 379.821796662601 321.4750139835757
    vertex -212.75522881966663 379.2497756626012 321.90901398357596
  endloop
endfacet
facet normal 0.5212463817442419 -0.8521196812686553 -0.04684291102335142
  outer loop
    vertex -212.54122481967113 380.14577166260136 304.82101298357594
    vertex -211.1472278196704 380.83379066260136 307.8170129835756
    vertex -211.38123581966974 380.57179666260123 309.9790139835756
  endloop
endfacet
facet normal 0.44538778749417546 -0.8947399733587983 -0.03271236501600453
  outer loop
    vertex -214.17922481966824 378.7697946626013 315.6490139835763
    vertex -213.12723881966812 379.26378266260133 316.44301498357606
    vertex -213.8872328196667 378.6857806626012 321.9070129835763
  endloop
endfacet
facet normal 0.44538778749417546 -0.8947399733587983 -0.03271236501600453
  outer loop
    vertex -212.75522881966663 379.2497756626012 321.90901398357596
    vertex -213.8872328196667 378.6857806626012 321.9070129835763
    vertex -213.12723881966812 379.26378266260133 316.44301498357606
  endloop
endfacet
facet normal 0.5470099364885342 -0.8356545040865513 -0.049615311977958286
  outer loop
    vertex -211.70722481967135 380.6817826626013 304.09901298357573
    vertex -211.26322481967273 381.27177866260104 299.0570129835756
    vertex -210.75922681967134 381.29378166260136 304.24301298357545
  endloop
endfacet
facet normal 0.5800844203891208 -0.8129887795070263 -0.05051049017277255
  outer loop
    vertex -210.75922681967134 381.29378166260136 304.24301298357545
    vertex -209.79122481967124 381.96577866260134 304.53301298357525
    vertex -210.36922781967004 381.2597856626012 309.25701398357535
  endloop
endfacet
facet normal 0.5800844203891208 -0.8129887795070263 -0.05051049017277255
  outer loop
    vertex -209.4672348196698 381.85579366260123 310.0350139835752
    vertex -210.36922781967004 381.2597856626012 309.25701398357535
    vertex -209.79122481967124 381.96577866260134 304.53301298357525
  endloop
endfacet
facet normal 0.19687156426759875 -0.9801179432659537 -0.024706364988517495
  outer loop
    vertex -224.9032238196695 375.48778166260166 311.1610139835792
    vertex -224.5612288196706 375.66179366260167 306.98301398357916
    vertex -223.5312298196684 375.6557816626018 315.42901498357884
  endloop
endfacet
facet normal 0.5415642822349482 -0.8394940551789567 -0.044247706455093454
  outer loop
    vertex -211.1472278196704 380.83379066260136 307.8170129835756
    vertex -210.36922781967004 381.2597856626012 309.25701398357535
    vertex -210.21123781966875 381.11577266260133 313.9230139835753
  endloop
endfacet
facet normal 0.0856033584361135 -0.9961388608937997 -0.01947908729026345
  outer loop
    vertex -230.11323081966984 374.9177746626016 310.0730139835806
    vertex -228.16323381967064 375.1457716626016 306.98301398358007
    vertex -229.4772288196691 374.91978866260166 312.76501298358045
  endloop
endfacet
facet normal 0.48594113415410634 -0.8734283712684426 -0.03137027893367251
  outer loop
    vertex -212.16723181966543 379.40379766260133 326.72901398357584
    vertex -212.75522881966663 379.2497756626012 321.90901398357596
    vertex -211.61722881966537 379.7097976626014 326.72901398357567
  endloop
endfacet
facet normal 0.48406814858842223 -0.8738165089149932 -0.04607316214230609
  outer loop
    vertex -214.98522481967262 379.0957836626012 299.05701298357656
    vertex -212.54122481967113 380.14577166260136 304.82101298357594
    vertex -213.1152298196706 379.7137956626012 306.9830139835761
  endloop
endfacet
facet normal 0.4860036376214296 -0.873444986705885 -0.029905173751284354
  outer loop
    vertex -211.73923781966678 379.821796662601 321.4750139835757
    vertex -211.02123581966558 380.0597726626013 326.19301498357555
    vertex -211.61722881966537 379.7097976626014 326.72901398357567
  endloop
endfacet
facet normal 0.6431128544497621 -0.7642229576263286 -0.048673683632387964
  outer loop
    vertex -207.37522381966588 382.6097916626011 325.15901398357465
    vertex -206.27323481966684 383.7717786626014 321.47501398357434
    vertex -206.37722281966555 383.3837786626013 326.19301498357436
  endloop
endfacet
facet normal 0.5733043681551301 -0.8181242758303293 -0.04466285650679399
  outer loop
    vertex -210.21123781966875 381.11577266260133 313.9230139835753
    vertex -210.36922781967004 381.2597856626012 309.25701398357535
    vertex -209.15923581966842 381.7617996626014 315.59301398357513
  endloop
endfacet
facet normal 0.03961880554970049 -0.9991483637485923 -0.011528116295644764
  outer loop
    vertex -230.84923881966765 374.7437936626016 318.29701498358077
    vertex -229.89322981966706 374.75578766260145 320.5430149835805
    vertex -232.78922581966592 374.58977166260144 324.9790139835813
  endloop
endfacet
facet normal 0.5412681670735333 -0.8393291222158064 -0.050550923960909655
  outer loop
    vertex -212.45722481967272 380.50178966260137 299.0570129835759
    vertex -211.26322481967273 381.27177866260104 299.0570129835756
    vertex -211.70722481967135 380.6817826626013 304.09901298357573
  endloop
endfacet
facet normal 0.44580699650257677 -0.8946870413322392 -0.028128632059095732
  outer loop
    vertex -213.8872328196667 378.6857806626012 321.9070129835763
    vertex -212.75522881966663 379.2497756626012 321.90901398357596
    vertex -213.65923581966544 378.64778566260105 326.72901398357624
  endloop
endfacet
facet normal 0.08496986380169945 -0.9963387275572124 -0.009447868288430994
  outer loop
    vertex -229.18523681966556 374.72978666260127 326.36501398358035
    vertex -228.66323381966677 374.8197826626013 321.5690139835802
    vertex -227.66723181966543 374.8557936626014 326.72901398358
  endloop
endfacet
facet normal 0.5721909510481384 -0.8189585933937803 -0.04363871956310917
  outer loop
    vertex -210.21123781966875 381.11577266260133 313.9230139835753
    vertex -209.15923581966842 381.7617996626014 315.59301398357513
    vertex -208.74523481966645 381.6557816626011 323.011012983575
  endloop
endfacet
facet normal 0.06688235624801415 -0.9975992700117471 -0.017956806362579444
  outer loop
    vertex -229.89322981966706 374.75578766260145 320.5430149835805
    vertex -228.26322481966776 374.9137766626018 317.8370139835801
    vertex -228.66323381966677 374.8197826626013 321.5690139835802
  endloop
endfacet
facet normal 0.06108381912540093 -0.9980722907852905 -0.010975855668599757
  outer loop
    vertex -229.89322981966706 374.75578766260145 320.5430149835805
    vertex -228.66323381966677 374.8197826626013 321.5690139835802
    vertex -230.7052258196657 374.64778566260145 325.8450149835807
  endloop
endfacet
facet normal 0.11340607163784941 -0.993506700070643 -0.009137824161824277
  outer loop
    vertex -227.66723181966543 374.8557936626014 326.72901398358
    vertex -227.33722981966667 374.93779466260145 321.9090139835799
    vertex -225.8452258196655 375.06377066260137 326.72901398357953
  endloop
endfacet
facet normal 0.12042694338953243 -0.9926574977462425 -0.011333290520543453
  outer loop
    vertex -227.33722981966667 374.93779466260145 321.9090139835799
    vertex -225.96923381966667 375.1037796626014 321.90701298357953
    vertex -225.8452258196655 375.06377066260137 326.72901398357953
  endloop
endfacet
facet normal 0.19163654235043018 -0.9811998246808679 -0.022854751851769342
  outer loop
    vertex -224.9032238196695 375.48778166260166 311.1610139835792
    vertex -223.5312298196684 375.6557816626018 315.42901498357884
    vertex -224.89522881966815 375.3657726626017 316.4430149835792
  endloop
endfacet
facet normal 0.19163654235043018 -0.9811998246808679 -0.022854751851769342
  outer loop
    vertex -223.92922481966775 375.52379266260175 317.795013983579
    vertex -224.89522881966815 375.3657726626017 316.4430149835792
    vertex -223.5312298196684 375.6557816626018 315.42901498357884
  endloop
endfacet
facet normal 0.8028526254134767 -0.5927581935637726 -0.06376037821171371
  outer loop
    vertex -203.26522381966683 386.95579966260135 321.5450139835735
    vertex -203.74523481966776 386.7057996626016 317.8250149835736
    vertex -202.77523381966708 387.7377816626012 320.44501298357335
  endloop
endfacet
facet normal 0.6716393305450804 -0.7388677579178782 -0.05454398201785502
  outer loop
    vertex -208.1732288196704 383.0557756626013 307.8170129835748
    vertex -207.34722481967114 384.02779066260126 304.82101298357463
    vertex -207.7512318196698 383.2797746626013 309.97901398357476
  endloop
endfacet
facet normal 0.6185876770527596 -0.7842794134774979 -0.047487760463755635
  outer loop
    vertex -208.69723081967007 382.5097856626013 309.25701398357495
    vertex -208.34722481966878 382.50377366260136 313.9230139835749
    vertex -209.4672348196698 381.85579366260123 310.0350139835752
  endloop
endfacet
facet normal 0.6185876770527596 -0.7842794134774979 -0.047487760463755635
  outer loop
    vertex -209.15923581966842 381.7617996626014 315.59301398357513
    vertex -209.4672348196698 381.85579366260123 310.0350139835752
    vertex -208.34722481966878 382.50377366260136 313.9230139835749
  endloop
endfacet
facet normal 0.6208360373640429 -0.7825994260312966 -0.04583397305054305
  outer loop
    vertex -209.15923581966842 381.7617996626014 315.59301398357513
    vertex -208.34722481966878 382.50377366260136 313.9230139835749
    vertex -208.74523481966645 381.6557816626011 323.011012983575
  endloop
endfacet
facet normal 0.6676872285899174 -0.7421764880495737 -0.05803296790891059
  outer loop
    vertex -207.21723481966913 383.57777866260136 312.6230139835746
    vertex -206.68923481967062 384.4937936626014 306.98301398357444
    vertex -206.65322381966843 383.86577266260144 315.42901498357446
  endloop
endfacet
facet normal 0.8306274785300838 -0.5537553653888999 -0.05842077724372938
  outer loop
    vertex -202.77523381966708 387.7377816626012 320.44501298357335
    vertex -202.5192368196677 388.3637896626016 318.1510149835733
    vertex -201.23522481966603 389.6257826626013 324.445012983573
  endloop
endfacet
facet normal 0.6258471608476847 -0.7786323141740852 -0.045244343102769854
  outer loop
    vertex -208.34722481966878 382.50377366260136 313.9230139835749
    vertex -207.82323781966778 382.7037856626013 317.72901398357476
    vertex -208.74523481966645 381.6557816626011 323.011012983575
  endloop
endfacet
facet normal 0.7446030877718243 -0.6651543255115777 -0.05599968690897467
  outer loop
    vertex -204.63723281966668 385.31178766260126 321.9070129835739
    vertex -204.31922481966814 386.1277966626015 316.44301498357373
    vertex -203.89922681966667 386.13777566260126 321.9090139835737
  endloop
endfacet
facet normal 0.6487005299417419 -0.7591285705211589 -0.05395772300426631
  outer loop
    vertex -209.03722681967267 382.93977766260133 299.0570129835751
    vertex -208.08922881967132 383.38979066260123 304.0990129835748
    vertex -208.90322381967135 382.6837966626013 304.24301298357506
  endloop
endfacet
facet normal 0.6487005299417419 -0.7591285705211589 -0.05395772300426631
  outer loop
    vertex -208.1732288196704 383.0557756626013 307.8170129835748
    vertex -208.90322381967135 382.6837966626013 304.24301298357506
    vertex -208.08922881967132 383.38979066260123 304.0990129835748
  endloop
endfacet
facet normal 0.7709746886409959 -0.633331491210388 -0.06700187845236819
  outer loop
    vertex -204.60123781966954 386.30977266260135 311.16101398357387
    vertex -206.13123581967267 385.72777266260124 299.0570129835742
    vertex -204.64722781967063 386.6957896626013 306.98301398357387
  endloop
endfacet
facet normal 0.8047911640922542 -0.589985454757237 -0.06502572855363441
  outer loop
    vertex -204.36123181967113 387.29179866260137 304.8210129835738
    vertex -203.87122681967134 388.0397836626013 304.09901298357363
    vertex -203.39522881967036 388.27577666260146 307.84901398357357
  endloop
endfacet
facet normal 0.6789156910855585 -0.7324798483971953 -0.05046539497359014
  outer loop
    vertex -208.08922881967132 383.38979066260123 304.0990129835748
    vertex -207.34722481967114 384.02779066260126 304.82101298357463
    vertex -208.1732288196704 383.0557756626013 307.8170129835748
  endloop
endfacet
facet normal 0.6516399484007027 -0.7568882034188792 -0.049856044504867025
  outer loop
    vertex -208.69723081967007 382.5097856626013 309.25701398357495
    vertex -208.1732288196704 383.0557756626013 307.8170129835748
    vertex -208.34722481966878 382.50377366260136 313.9230139835749
  endloop
endfacet
facet normal 0.6154601800229189 -0.7864531795594814 -0.05196309427794541
  outer loop
    vertex -209.79122481967124 381.96577866260134 304.53301298357525
    vertex -208.69723081967007 382.5097856626013 309.25701398357495
    vertex -209.4672348196698 381.85579366260123 310.0350139835752
  endloop
endfacet
facet normal 0.79577864955067 -0.6018756588248857 -0.06694798154852744
  outer loop
    vertex -205.28922581967268 386.72578866260125 299.05701298357405
    vertex -204.51322481967273 387.75178966260137 299.0570129835738
    vertex -203.87122681967134 388.0397836626013 304.09901298357363
  endloop
endfacet
facet normal 0.7777765782330902 -0.6247056078559036 -0.06932891074733723
  outer loop
    vertex -204.64722781967063 386.6957896626013 306.98301398357387
    vertex -206.13123581967267 385.72777266260124 299.0570129835742
    vertex -204.36123181967113 387.29179866260137 304.8210129835738
  endloop
endfacet
facet normal 0.6620614250318669 -0.7478178921988885 -0.04942741741164626
  outer loop
    vertex -207.7512318196698 383.2797746626013 309.97901398357476
    vertex -207.21723481966913 383.57777866260136 312.6230139835746
    vertex -207.82323781966778 382.7037856626013 317.72901398357476
  endloop
endfacet
facet normal 0.6736158147071226 -0.7368516429897654 -0.057370640572882464
  outer loop
    vertex -206.12722281966958 384.6817826626013 311.1610139835742
    vertex -205.69922981966815 384.66179366260144 316.44301498357413
    vertex -206.20322681966775 384.09578366260155 317.7950139835743
  endloop
endfacet
facet normal 0.7070298476474306 -0.7053834175226684 -0.0504284524816294
  outer loop
    vertex -204.32923381966543 385.27577666260123 326.7290139835738
    vertex -205.4392348196667 384.5077706626013 321.90901398357414
    vertex -204.63723281966668 385.31178766260126 321.9070129835739
  endloop
endfacet
facet normal 0.8285077308799157 -0.5559754127209319 -0.06683023508863764
  outer loop
    vertex -202.58323181966873 388.72179066260134 314.2050139835734
    vertex -203.39522881967036 388.27577666260146 307.84901398357357
    vertex -202.87722281967004 388.8698016626014 309.3290129835735
  endloop
endfacet
facet normal 0.20847307949218383 -0.9776792672662104 -0.026119446488238225
  outer loop
    vertex -224.5612288196706 375.66179366260167 306.98301398357916
    vertex -223.02923081966912 375.8377886626016 312.6230139835787
    vertex -223.5312298196684 375.6557816626018 315.42901498357884
  endloop
endfacet
facet normal 0.7833246256115505 -0.6190722366406839 -0.056143536860673755
  outer loop
    vertex -203.36722881966546 386.37379866260125 326.7290139835735
    vertex -203.89922681966667 386.13777566260126 321.9090139835737
    vertex -202.97523081966548 386.86980166260133 326.7290139835734
  endloop
endfacet
facet normal 0.7746443260892353 -0.6296973810731519 -0.058372736164825814
  outer loop
    vertex -203.89922681966667 386.13777566260126 321.9090139835737
    vertex -204.31922481966814 386.1277966626015 316.44301498357373
    vertex -203.74523481966776 386.7057996626016 317.8250149835736
  endloop
endfacet
facet normal 0.6802883252985642 -0.7308767394514699 -0.05501805332127947
  outer loop
    vertex -207.7512318196698 383.2797746626013 309.97901398357476
    vertex -206.68923481967062 384.4937936626014 306.98301398357444
    vertex -207.21723481966913 383.57777866260136 312.6230139835746
  endloop
endfacet
facet normal 0.7774980900856987 -0.626572305283722 -0.05388753255191009
  outer loop
    vertex -202.97523081966548 386.86980166260133 326.7290139835734
    vertex -203.89922681966667 386.13777566260126 321.9090139835737
    vertex -203.26522381966683 386.95579966260135 321.5450139835735
  endloop
endfacet
facet normal 0.16120229481653917 -0.986652533977109 -0.02303469866161617
  outer loop
    vertex -226.29323881967008 375.3077896626016 309.1430129835796
    vertex -224.9032238196695 375.48778166260166 311.1610139835792
    vertex -224.89522881966815 375.3657726626017 316.4430149835792
  endloop
endfacet
facet normal 0.8239531211509562 -0.5628284757696199 -0.06576747682893165
  outer loop
    vertex -203.4532268196698 387.93379666260137 310.04901398357356
    vertex -203.39522881967036 388.27577666260146 307.84901398357357
    vertex -202.58323181966873 388.72179066260134 314.2050139835734
  endloop
endfacet
facet normal 0.8075475381611665 -0.5869864824174114 -0.05756598882216542
  outer loop
    vertex -203.26522381966683 386.95579966260135 321.5450139835735
    vertex -202.77523381966708 387.7377816626012 320.44501298357335
    vertex -202.01522381966575 388.27379266260135 325.6410149835732
  endloop
endfacet
facet normal 0.6744590551487362 -0.7360614106612776 -0.05760714073102475
  outer loop
    vertex -206.68923481967062 384.4937936626014 306.98301398357444
    vertex -206.12722281966958 384.6817826626013 311.1610139835742
    vertex -206.65322381966843 383.86577266260144 315.42901498357446
  endloop
endfacet
facet normal 0.8099946920082378 -0.582343752073407 -0.06916902008519554
  outer loop
    vertex -203.4532268196698 387.93379666260137 310.04901398357356
    vertex -204.36123181967113 387.29179866260137 304.8210129835738
    vertex -203.39522881967036 388.27577666260146 307.84901398357357
  endloop
endfacet
facet normal 0.6848522315421881 -0.7268409815243968 -0.05176493531664899
  outer loop
    vertex -207.34722481967114 384.02779066260126 304.82101298357463
    vertex -206.68923481967062 384.4937936626014 306.98301398357444
    vertex -207.7512318196698 383.2797746626013 309.97901398357476
  endloop
endfacet
facet normal 0.7915895615568919 -0.6078128810606819 -0.0628447901649882
  outer loop
    vertex -204.64722781967063 386.6957896626013 306.98301398357387
    vertex -204.36123181967113 387.29179866260137 304.8210129835738
    vertex -203.4532268196698 387.93379666260137 310.04901398357356
  endloop
endfacet
facet normal 0.8550267149056057 -0.5142165311218534 -0.0671615657853232
  outer loop
    vertex -202.58323181966873 388.72179066260134 314.2050139835734
    vertex -202.87722281967004 388.8698016626014 309.3290129835735
    vertex -201.23522481966603 389.6257826626013 324.445012983573
  endloop
endfacet
facet normal 0.8529991028360111 -0.5176235840922153 -0.0667709199613853
  outer loop
    vertex -202.87722281967004 388.8698016626014 309.3290129835735
    vertex -201.90723681966824 389.6057936626013 316.01501298357323
    vertex -201.23522481966603 389.6257826626013 324.445012983573
  endloop
endfacet
facet normal 0.7764049602040725 -0.6275590024254445 -0.05800893246125109
  outer loop
    vertex -203.89922681966667 386.13777566260126 321.9090139835737
    vertex -203.74523481966776 386.7057996626016 317.8250149835736
    vertex -203.26522381966683 386.95579966260135 321.5450139835735
  endloop
endfacet
facet normal 0.6760088725084668 -0.7346739299919594 -0.05715086071093939
  outer loop
    vertex -206.65322381966843 383.86577266260144 315.42901498357446
    vertex -206.12722281966958 384.6817826626013 311.1610139835742
    vertex -206.20322681966775 384.09578366260155 317.7950139835743
  endloop
endfacet
facet normal 0.7447392323409742 -0.6652843553536522 -0.052537627790490815
  outer loop
    vertex -204.32923381966543 385.27577666260123 326.7290139835738
    vertex -204.63723281966668 385.31178766260126 321.9070129835739
    vertex -203.89922681966667 386.13777566260126 321.9090139835737
  endloop
endfacet
facet normal 0.7958346086742369 -0.6018017616389714 -0.0669471084107054
  outer loop
    vertex -203.6632338196684 387.0497936626014 315.49901398357355
    vertex -204.64722781967063 386.6957896626013 306.98301398357387
    vertex -203.4532268196698 387.93379666260137 310.04901398357356
  endloop
endfacet
facet normal 0.6544747839078471 -0.7540252467808655 -0.05575557771050104
  outer loop
    vertex -209.03722681967267 382.93977766260133 299.0570129835751
    vertex -208.0072278196727 383.833790662601 299.0570129835748
    vertex -208.08922881967132 383.38979066260123 304.0990129835748
  endloop
endfacet
facet normal 0.7629565333378373 -0.643694119769411 -0.05962556843664334
  outer loop
    vertex -206.13123581967267 385.72777266260124 299.0570129835742
    vertex -205.28922581967268 386.72578866260125 299.05701298357405
    vertex -204.36123181967113 387.29179866260137 304.8210129835738
  endloop
endfacet
facet normal 0.7083546385302718 -0.7032887087465007 -0.06015561671471482
  outer loop
    vertex -205.69922981966815 384.66179366260144 316.44301498357413
    vertex -206.12722281966958 384.6817826626013 311.1610139835742
    vertex -205.03322881966835 385.3997996626014 315.6490139835739
  endloop
endfacet
facet normal 0.7083546385302718 -0.7032887087465007 -0.06015561671471482
  outer loop
    vertex -205.46523581967003 385.5217786626013 309.1430129835741
    vertex -205.03322881966835 385.3997996626014 315.6490139835739
    vertex -206.12722281966958 384.6817826626013 311.1610139835742
  endloop
endfacet
facet normal 0.7832198297005742 -0.61845740749068 -0.0638524352214604
  outer loop
    vertex -203.74523481966776 386.7057996626016 317.8250149835736
    vertex -204.60123781966954 386.30977266260135 311.16101398357387
    vertex -203.6632338196684 387.0497936626014 315.49901398357355
  endloop
endfacet
facet normal 0.7511903238586845 -0.6581369476237322 -0.05068387824152167
  outer loop
    vertex -204.32923381966543 385.27577666260123 326.7290139835738
    vertex -203.89922681966667 386.13777566260126 321.9090139835737
    vertex -203.36722881966546 386.37379866260125 326.7290139835735
  endloop
endfacet
facet normal 0.749481386788672 -0.6590257923699859 -0.06294962945436011
  outer loop
    vertex -205.46523581967003 385.5217786626013 309.1430129835741
    vertex -206.13123581967267 385.72777266260124 299.0570129835742
    vertex -204.31922481966814 386.1277966626015 316.44301498357373
  endloop
endfacet
facet normal 0.7475189290378651 -0.6612752799055427 -0.06269334028371412
  outer loop
    vertex -204.31922481966814 386.1277966626015 316.44301498357373
    vertex -206.13123581967267 385.72777266260124 299.0570129835742
    vertex -204.60123781966954 386.30977266260135 311.16101398357387
  endloop
endfacet
facet normal 0.25151574411391714 -0.9675950830717366 -0.022351413338348905
  outer loop
    vertex -222.28722681966715 375.8317766626013 320.16301398357854
    vertex -219.6412308196664 376.4537856626013 323.0110129835778
    vertex -221.2892258196658 375.97578866260136 325.15901398357823
  endloop
endfacet
facet normal 0.24649367492601962 -0.9689885249298675 -0.017381219051187387
  outer loop
    vertex -222.28722681966715 375.8317766626013 320.16301398357854
    vertex -221.52323481966775 376.06978266260177 317.72901398357834
    vertex -219.6412308196664 376.4537856626013 323.0110129835778
  endloop
endfacet
facet normal 0.6820433368267349 -0.7291139938240601 -0.05665395573286754
  outer loop
    vertex -208.08922881967132 383.38979066260123 304.0990129835748
    vertex -207.03922581967274 384.76378266260133 299.0570129835745
    vertex -207.34722481967114 384.02779066260126 304.82101298357463
  endloop
endfacet
facet normal 0.8120609337510176 -0.5801821220017557 -0.06281516683863182
  outer loop
    vertex -203.6632338196684 387.0497936626014 315.49901398357355
    vertex -203.4532268196698 387.93379666260137 310.04901398357356
    vertex -202.5192368196677 388.3637896626016 318.1510149835733
  endloop
endfacet
facet normal 0.15695210796865475 -0.987356329972504 -0.02221516300691083
  outer loop
    vertex -226.12723881966838 375.18779466260173 315.6490139835796
    vertex -226.29323881967008 375.3077896626016 309.1430129835796
    vertex -224.89522881966815 375.3657726626017 316.4430149835792
  endloop
endfacet
facet normal 0.7991460140505188 -0.5981068561398549 -0.06028131439896472
  outer loop
    vertex -203.74523481966776 386.7057996626016 317.8250149835736
    vertex -203.6632338196684 387.0497936626014 315.49901398357355
    vertex -202.77523381966708 387.7377816626012 320.44501298357335
  endloop
endfacet
facet normal 0.8016979653786998 -0.5935227108837706 -0.07078957531186035
  outer loop
    vertex -204.36123181967113 387.29179866260137 304.8210129835738
    vertex -205.28922581967268 386.72578866260125 299.05701298357405
    vertex -203.87122681967134 388.0397836626013 304.09901298357363
  endloop
endfacet
facet normal 0.7270741580717748 -0.6848370468444749 -0.048594114186375895
  outer loop
    vertex -207.34722481967114 384.02779066260126 304.82101298357463
    vertex -207.03922581967274 384.76378266260133 299.0570129835745
    vertex -206.13123581967267 385.72777266260124 299.0570129835742
  endloop
endfacet
facet normal 0.759619224483313 0.6493320958926807 -0.03669418263143541
  outer loop
    vertex -204.80123481966757 412.06779966260143 318.7510129835739
    vertex -204.36323081966842 411.3677866626016 315.4310139835738
    vertex -205.17722581966913 412.17378666260134 312.843012983574
  endloop
endfacet
facet normal 0.8881852664221006 0.4561425085225989 -0.05532580256456359
  outer loop
    vertex -201.22523081966608 407.6077776626013 324.44501298357295
    vertex -201.56522681966874 407.02779066260143 314.205013983573
    vertex -201.89722781966825 407.8937876626016 316.01501298357323
  endloop
endfacet
facet normal 0.9774565531810298 0.1983630737552755 -0.07232411502272397
  outer loop
    vertex -200.18923481966957 402.55778966260135 311.1610139835728
    vertex -200.44723081967064 402.30577566260126 306.98301398357285
    vertex -201.3332318196727 403.7817886626013 299.0570129835731
  endloop
endfacet
facet normal 0.8319586624410084 -0.5500572041489383 -0.07267637961003226
  outer loop
    vertex -203.87122681967134 388.0397836626013 304.09901298357363
    vertex -203.80523181967268 388.80577566260126 299.0570129835737
    vertex -203.30723081967136 388.8737986626014 304.2430129835736
  endloop
endfacet
facet normal 0.8148797882211434 -0.5758367590502297 -0.06620390981801631
  outer loop
    vertex -202.77523381966708 387.7377816626012 320.44501298357335
    vertex -203.6632338196684 387.0497936626014 315.49901398357355
    vertex -202.5192368196677 388.3637896626016 318.1510149835733
  endloop
endfacet
facet normal 0.9530146206127398 -0.2947257636241845 -0.06999897966754322
  outer loop
    vertex -199.93523681966695 393.17778466260114 321.11701398357263
    vertex -199.659235819667 394.1077776626011 320.9590129835725
    vertex -199.2072248196656 394.2977796626013 326.3130139835724
  endloop
endfacet
facet normal 0.9324256880971868 -0.35315203807934126 -0.0765896479747451
  outer loop
    vertex -200.43322281966783 392.5717966626014 317.60501298357275
    vertex -200.72922781966955 393.18779466260145 311.16101398357284
    vertex -200.29723681966826 393.2257886626014 316.24501498357273
  endloop
endfacet
facet normal 0.9099238077248789 0.4107307292720832 -0.057783493898173596
  outer loop
    vertex -201.7772318196704 406.63179466260135 307.8490139835731
    vertex -201.90522281967137 406.3877756626013 304.0990129835731
    vertex -202.5892288196727 407.19377566260124 299.0570129835733
  endloop
endfacet
facet normal 0.9107407915126893 0.4088886323630014 -0.05797669358591423
  outer loop
    vertex -201.7772318196704 406.63179466260135 307.8490139835731
    vertex -202.5892288196727 407.19377566260124 299.0570129835733
    vertex -202.29322381967134 407.2697946626014 304.24301298357324
  endloop
endfacet
facet normal 0.9525821885120329 -0.2952241321482637 -0.07368775968185258
  outer loop
    vertex -199.93523681966695 393.17778466260114 321.11701398357263
    vertex -200.29723681966826 393.2257886626014 316.24501498357273
    vertex -199.659235819667 394.1077776626011 320.9590129835725
  endloop
endfacet
facet normal 0.9163552090209989 0.39653289525289576 -0.05527018981727217
  outer loop
    vertex -201.47922781966977 406.2497756626014 310.049013983573
    vertex -201.7772318196704 406.63179466260135 307.8490139835731
    vertex -201.56522681966874 407.02779066260143 314.205013983573
  endloop
endfacet
facet normal 0.972623580801701 0.22432951726029 -0.060660017756695675
  outer loop
    vertex -200.49723381967118 401.71577866260134 304.8210129835728
    vertex -201.06522681967274 402.61980166260133 299.057012983573
    vertex -201.3332318196727 403.7817886626013 299.0570129835731
  endloop
endfacet
facet normal 0.9953595458576329 0.06831991910523016 -0.0677625495649459
  outer loop
    vertex -198.95922381966656 398.62578266260124 322.3050139835724
    vertex -199.61722881966875 399.76778066260135 313.79101398357255
    vertex -199.3852338196678 400.0378006626015 317.47101398357245
  endloop
endfacet
facet normal 0.9844557800754192 0.1612730192711097 -0.06955451337819948
  outer loop
    vertex -200.4272258196714 400.8997996626013 304.0990129835727
    vertex -200.8732258196727 401.44777366260126 299.057012983573
    vertex -201.06522681967274 402.61980166260133 299.057012983573
  endloop
endfacet
facet normal 0.6469862556234097 -0.7606589193419051 -0.05297917949539686
  outer loop
    vertex -208.90322381967135 382.6837966626013 304.24301298357506
    vertex -208.1732288196704 383.0557756626013 307.8170129835748
    vertex -208.69723081967007 382.5097856626013 309.25701398357495
  endloop
endfacet
facet normal 0.8578264014267638 -0.5083327753977551 -0.07570769096746038
  outer loop
    vertex -203.30723081967136 388.8737986626014 304.2430129835736
    vertex -203.80523181967268 388.80577566260126 299.0570129835737
    vertex -203.16523281967267 389.8857926626014 299.05701298357354
  endloop
endfacet
facet normal 0.6544163588901188 -0.7545083557832061 -0.049561782356187606
  outer loop
    vertex -208.1732288196704 383.0557756626013 307.8170129835748
    vertex -207.7512318196698 383.2797746626013 309.97901398357476
    vertex -208.34722481966878 382.50377366260136 313.9230139835749
  endloop
endfacet
facet normal 0.935367687091942 0.3480359293275844 -0.06291487774251485
  outer loop
    vertex -200.2912248196682 404.2397966626015 316.2450149835728
    vertex -200.7232318196696 404.4818006626013 311.16101398357284
    vertex -200.42522681966787 404.8457836626015 317.60501298357275
  endloop
endfacet
facet normal 0.8217807001945076 -0.5661200070648956 -0.06468862642433647
  outer loop
    vertex -202.5192368196677 388.3637896626016 318.1510149835733
    vertex -203.4532268196698 387.93379666260137 310.04901398357356
    vertex -202.58323181966873 388.72179066260134 314.2050139835734
  endloop
endfacet
facet normal 0.9351624958603182 -0.3466499928839801 -0.07283466736271385
  outer loop
    vertex -200.27523381966697 392.27577666260106 321.04901398357276
    vertex -200.43322281966783 392.5717966626014 317.60501298357275
    vertex -199.93523681966695 393.17778466260114 321.11701398357263
  endloop
endfacet
facet normal 0.9351624958603182 -0.3466499928839801 -0.07283466736271385
  outer loop
    vertex -200.29723681966826 393.2257886626014 316.24501498357273
    vertex -199.93523681966695 393.17778466260114 321.11701398357263
    vertex -200.43322281966783 392.5717966626014 317.60501298357275
  endloop
endfacet
facet normal 0.9567955845570413 0.28570282525306795 -0.05400097234832476
  outer loop
    vertex -201.3332318196727 403.7817886626013 299.0570129835731
    vertex -201.6772258196727 404.9337966626013 299.0570129835731
    vertex -201.54122481967116 405.5677996626015 304.82101298357304
  endloop
endfacet
facet normal 0.9791519908979496 0.1890748722342315 -0.07424332569457637
  outer loop
    vertex -200.44723081967064 402.30577566260126 306.98301398357285
    vertex -200.49723381967118 401.71577866260134 304.8210129835728
    vertex -201.3332318196727 403.7817886626013 299.0570129835731
  endloop
endfacet
facet normal 0.6918638369589882 -0.7201412247675093 -0.052163660710673826
  outer loop
    vertex -208.0072278196727 383.833790662601 299.0570129835748
    vertex -207.03922581967274 384.76378266260133 299.0570129835745
    vertex -208.08922881967132 383.38979066260123 304.0990129835748
  endloop
endfacet
facet normal 0.9191410247643069 -0.38664582431844424 -0.07539750083610734
  outer loop
    vertex -200.27523381966697 392.27577666260106 321.04901398357276
    vertex -200.6892348196672 391.45579966260107 320.2070149835729
    vertex -200.43322281966783 392.5717966626014 317.60501298357275
  endloop
endfacet
facet normal 0.9932246856814431 0.09197157458397666 -0.07103487327744618
  outer loop
    vertex -199.61722881966875 399.76778066260135 313.79101398357255
    vertex -199.94323281967002 399.76179966260145 309.22501298357264
    vertex -200.1112318196704 400.4777726626013 307.80301298357267
  endloop
endfacet
facet normal 0.7455051911080007 -0.6636150216577951 -0.06194443527184502
  outer loop
    vertex -205.03322881966835 385.3997996626014 315.6490139835739
    vertex -205.46523581967003 385.5217786626013 309.1430129835741
    vertex -204.31922481966814 386.1277966626015 316.44301498357373
  endloop
endfacet
facet normal 0.6174390749044856 -0.784857753056332 -0.05260509717184107
  outer loop
    vertex -209.79122481967124 381.96577866260134 304.53301298357525
    vertex -208.90322381967135 382.6837966626013 304.24301298357506
    vertex -208.69723081967007 382.5097856626013 309.25701398357495
  endloop
endfacet
facet normal 0.8591821162653159 -0.5061082527711456 -0.07523647763413302
  outer loop
    vertex -202.75522881967126 389.76778066260147 304.5330129835734
    vertex -203.30723081967136 388.8737986626014 304.2430129835736
    vertex -203.16523281967267 389.8857926626014 299.05701298357354
  endloop
endfacet
facet normal 0.9932123741377584 0.0880454422090672 -0.07600776253677781
  outer loop
    vertex -200.3332318196713 399.9637956626013 304.2430129835727
    vertex -200.7572278196727 400.2697946626013 299.0570129835728
    vertex -200.4272258196714 400.8997996626013 304.0990129835727
  endloop
endfacet
facet normal 0.9247336008884847 0.37585678034641773 -0.05999540028570029
  outer loop
    vertex -201.47922781966977 406.2497756626014 310.049013983573
    vertex -201.54122481967116 405.5677996626015 304.82101298357304
    vertex -201.7772318196704 406.63179466260135 307.8490139835731
  endloop
endfacet
facet normal 0.9158150900940603 -0.3951808049833242 -0.07151819438954206
  outer loop
    vertex -200.28122981966547 391.23378466260135 326.72901398357277
    vertex -200.0392258196659 392.0957836626013 325.0670149835726
    vertex -199.8852338196655 392.15178366260125 326.7290139835726
  endloop
endfacet
facet normal 0.9158150900940603 -0.3951808049833242 -0.07151819438954206
  outer loop
    vertex -200.49523481966597 391.0857736626013 324.80901398357275
    vertex -200.27523381966697 392.27577666260106 321.04901398357276
    vertex -200.28122981966547 391.23378466260135 326.72901398357277
  endloop
endfacet
facet normal 0.9158150900940603 -0.3951808049833242 -0.07151819438954206
  outer loop
    vertex -200.0392258196659 392.0957836626013 325.0670149835726
    vertex -200.28122981966547 391.23378466260135 326.72901398357277
    vertex -200.27523381966697 392.27577666260106 321.04901398357276
  endloop
endfacet
facet normal 0.7073521440696868 -0.7042164933038957 -0.061090709922060164
  outer loop
    vertex -205.46523581967003 385.5217786626013 309.1430129835741
    vertex -206.12722281966958 384.6817826626013 311.1610139835742
    vertex -206.13123581967267 385.72777266260124 299.0570129835742
  endloop
endfacet
facet normal 0.9125386035019799 -0.4018868498205556 -0.07589635735637591
  outer loop
    vertex -200.6892348196672 391.45579966260107 320.2070149835729
    vertex -201.13723281966773 390.83778866260144 318.093013983573
    vertex -200.74123681966844 392.2377816626015 315.4410139835729
  endloop
endfacet
facet normal 0.7794891021776849 -0.623230653849738 -0.06308955292483089
  outer loop
    vertex -204.31922481966814 386.1277966626015 316.44301498357373
    vertex -204.60123781966954 386.30977266260135 311.16101398357387
    vertex -203.74523481966776 386.7057996626016 317.8250149835736
  endloop
endfacet
facet normal 0.9549484076524924 -0.2879642326806986 -0.07176447184077744
  outer loop
    vertex -199.6332348196658 393.1137896626012 325.3930129835726
    vertex -199.93523681966695 393.17778466260114 321.11701398357263
    vertex -199.18523681966548 394.26579766260124 326.72901398357243
  endloop
endfacet
facet normal 0.9549484076524924 -0.2879642326806986 -0.07176447184077744
  outer loop
    vertex -199.2072248196656 394.2977796626013 326.3130139835724
    vertex -199.18523681966548 394.26579766260124 326.72901398357243
    vertex -199.93523681966695 393.17778466260114 321.11701398357263
  endloop
endfacet
facet normal 0.9341112262644858 -0.34994255766921717 -0.07054376867296726
  outer loop
    vertex -200.0392258196659 392.0957836626013 325.0670149835726
    vertex -200.27523381966697 392.27577666260106 321.04901398357276
    vertex -199.6332348196658 393.1137896626012 325.3930129835726
  endloop
endfacet
facet normal 0.6526467653593663 -0.7560025569534932 -0.05012318371509125
  outer loop
    vertex -208.34722481966878 382.50377366260136 313.9230139835749
    vertex -207.7512318196698 383.2797746626013 309.97901398357476
    vertex -207.82323781966778 382.7037856626013 317.72901398357476
  endloop
endfacet
facet normal 0.8376324398412711 -0.542160104104996 -0.06659066933451989
  outer loop
    vertex -202.01522381966575 388.27379266260135 325.6410149835732
    vertex -202.77523381966708 387.7377816626012 320.44501298357335
    vertex -201.23522481966603 389.6257826626013 324.445012983573
  endloop
endfacet
facet normal 0.7826404530646416 -0.620121401799137 -0.05406818156222874
  outer loop
    vertex -202.97523081966548 386.86980166260133 326.7290139835734
    vertex -203.26522381966683 386.95579966260135 321.5450139835735
    vertex -202.65522281966554 387.3097726626013 326.3150139835733
  endloop
endfacet
facet normal 0.7428538684993317 -0.6670745784569174 -0.05638826856805981
  outer loop
    vertex -204.63723281966668 385.31178766260126 321.9070129835739
    vertex -205.03322881966835 385.3997996626014 315.6490139835739
    vertex -204.31922481966814 386.1277966626015 316.44301498357373
  endloop
endfacet
facet normal 0.7024596155139909 -0.7091093927412346 -0.0609455305834129
  outer loop
    vertex -207.34722481967114 384.02779066260126 304.82101298357463
    vertex -206.13123581967267 385.72777266260124 299.0570129835742
    vertex -206.68923481967062 384.4937936626014 306.98301398357444
  endloop
endfacet
facet normal 0.6983446583014515 -0.7130840185521012 -0.06185402741467726
  outer loop
    vertex -206.68923481967062 384.4937936626014 306.98301398357444
    vertex -206.13123581967267 385.72777266260124 299.0570129835742
    vertex -206.12722281966958 384.6817826626013 311.1610139835742
  endloop
endfacet
facet normal 0.8570775315862355 -0.5106628693138349 -0.06812883937222781
  outer loop
    vertex -201.90723681966824 389.6057936626013 316.01501298357323
    vertex -202.87722281967004 388.8698016626014 309.3290129835735
    vertex -202.3372298196698 389.6677746626013 310.14101398357326
  endloop
endfacet
facet normal 0.9150047055091183 -0.3968115794153841 -0.07284888014266386
  outer loop
    vertex -201.13723281966773 390.83778866260144 318.093013983573
    vertex -201.12322581966913 391.8577776626014 312.7130139835729
    vertex -200.74123681966844 392.2377816626015 315.4410139835729
  endloop
endfacet
facet normal 0.8387809024310847 -0.5408501209082383 -0.06267171954270544
  outer loop
    vertex -202.5192368196677 388.3637896626016 318.1510149835733
    vertex -202.58323181966873 388.72179066260134 314.2050139835734
    vertex -201.23522481966603 389.6257826626013 324.445012983573
  endloop
endfacet
facet normal 0.8321294694657045 -0.5500356298424417 -0.07086149836514613
  outer loop
    vertex -203.87122681967134 388.0397836626013 304.09901298357363
    vertex -203.30723081967136 388.8737986626014 304.2430129835736
    vertex -203.39522881967036 388.27577666260146 307.84901398357357
  endloop
endfacet
facet normal 0.8321294694657045 -0.5500356298424417 -0.07086149836514613
  outer loop
    vertex -202.87722281967004 388.8698016626014 309.3290129835735
    vertex -203.39522881967036 388.27577666260146 307.84901398357357
    vertex -203.30723081967136 388.8737986626014 304.2430129835736
  endloop
endfacet
facet normal 0.8968095426850149 -0.43637069122627437 -0.07289213941021376
  outer loop
    vertex -200.49523481966597 391.0857736626013 324.80901398357275
    vertex -201.23522481966603 389.6257826626013 324.445012983573
    vertex -200.6892348196672 391.45579966260107 320.2070149835729
  endloop
endfacet
facet normal 0.9176010832341318 -0.3912650873809101 -0.07014188081564825
  outer loop
    vertex -200.49523481966597 391.0857736626013 324.80901398357275
    vertex -200.6892348196672 391.45579966260107 320.2070149835729
    vertex -200.27523381966697 392.27577666260106 321.04901398357276
  endloop
endfacet
facet normal 0.8278514302696456 -0.556091843412418 -0.07364693537874611
  outer loop
    vertex -203.87122681967134 388.0397836626013 304.09901298357363
    vertex -204.51322481967273 387.75178966260137 299.0570129835738
    vertex -203.80523181967268 388.80577566260126 299.0570129835737
  endloop
endfacet
facet normal 0.6171145092843942 -0.7849731653232171 -0.054651735133761634
  outer loop
    vertex -210.1232258196727 382.08577366260135 299.05701298357536
    vertex -209.03722681967267 382.93977766260133 299.0570129835751
    vertex -209.79122481967124 381.96577866260134 304.53301298357525
  endloop
endfacet
facet normal 0.6171145092843942 -0.7849731653232171 -0.054651735133761634
  outer loop
    vertex -208.90322381967135 382.6837966626013 304.24301298357506
    vertex -209.79122481967124 381.96577866260134 304.53301298357525
    vertex -209.03722681967267 382.93977766260133 299.0570129835751
  endloop
endfacet
facet normal 0.7866773529270077 -0.6138927949266442 -0.0653787330017145
  outer loop
    vertex -204.60123781966954 386.30977266260135 311.16101398357387
    vertex -204.64722781967063 386.6957896626013 306.98301398357387
    vertex -203.6632338196684 387.0497936626014 315.49901398357355
  endloop
endfacet
facet normal 0.9027904614936295 -0.42480941403525196 -0.06712931090921123
  outer loop
    vertex -201.23522481966603 389.6257826626013 324.445012983573
    vertex -201.13723281966773 390.83778866260144 318.093013983573
    vertex -200.6892348196672 391.45579966260107 320.2070149835729
  endloop
endfacet
facet normal 0.9518590967893575 -0.29768496782187975 -0.07312947280156613
  outer loop
    vertex -200.29723681966826 393.2257886626014 316.24501498357273
    vertex -200.0892288196685 394.09578366260143 315.4110129835726
    vertex -199.659235819667 394.1077776626011 320.9590129835725
  endloop
endfacet
facet normal 0.9351162139684754 -0.34710603632029774 -0.07123949693306743
  outer loop
    vertex -199.6332348196658 393.1137896626012 325.3930129835726
    vertex -200.27523381966697 392.27577666260106 321.04901398357276
    vertex -199.93523681966695 393.17778466260114 321.11701398357263
  endloop
endfacet
facet normal 0.8115230009495379 -0.5811640620039907 -0.06065271605524336
  outer loop
    vertex -202.65522281966554 387.3097726626013 326.3150139835733
    vertex -203.26522381966683 386.95579966260135 321.5450139835735
    vertex -202.01522381966575 388.27379266260135 325.6410149835732
  endloop
endfacet
facet normal 0.8589646602017544 -0.5067981329863068 -0.07304358237434991
  outer loop
    vertex -202.87722281967004 388.8698016626014 309.3290129835735
    vertex -203.30723081967136 388.8737986626014 304.2430129835736
    vertex -202.3372298196698 389.6677746626013 310.14101398357326
  endloop
endfacet
facet normal 0.8589646602017544 -0.5067981329863068 -0.07304358237434991
  outer loop
    vertex -202.75522881967126 389.76778066260147 304.5330129835734
    vertex -202.3372298196698 389.6677746626013 310.14101398357326
    vertex -203.30723081967136 388.8737986626014 304.2430129835736
  endloop
endfacet
facet normal 0.9547051369267562 0.290552563165035 -0.0641662649987701
  outer loop
    vertex -199.62722281966583 404.0717966626013 325.3930129835726
    vertex -199.20322681966556 402.8817946626013 326.3130139835725
    vertex -199.9292248196669 404.11980166260116 321.1170139835727
  endloop
endfacet
facet normal 0.9219310490798355 -0.38051034808190826 -0.07249148739775868
  outer loop
    vertex -200.6892348196672 391.45579966260107 320.2070149835729
    vertex -200.74123681966844 392.2377816626015 315.4410139835729
    vertex -200.43322281966783 392.5717966626014 317.60501298357275
  endloop
endfacet
facet normal 0.931217455585169 0.35924018477135583 -0.061486096468437695
  outer loop
    vertex -201.54122481967116 405.5677996626015 304.82101298357304
    vertex -201.6772258196727 404.9337966626013 299.0570129835731
    vertex -201.90522281967137 406.3877756626013 304.0990129835731
  endloop
endfacet
facet normal 0.9964942366413986 0.03224137048290178 -0.07719928995697288
  outer loop
    vertex -199.85523481966976 398.8617746626015 309.9850129835726
    vertex -200.28122981967124 398.9737746626013 304.53301298357275
    vertex -199.94323281967002 399.76179966260145 309.22501298357264
  endloop
endfacet
facet normal 0.9965992053145821 0.029849529708981103 -0.07680514007861845
  outer loop
    vertex -199.94323281967002 399.76179966260145 309.22501298357264
    vertex -200.28122981967124 398.9737746626013 304.53301298357275
    vertex -200.3332318196713 399.9637956626013 304.2430129835727
  endloop
endfacet
facet normal 0.9240463451218641 0.37819774837300113 -0.05572086855494098
  outer loop
    vertex -201.11722881966918 405.7578016626013 312.7130139835729
    vertex -201.47922781966977 406.2497756626014 310.049013983573
    vertex -201.12923781966774 406.57979266260145 318.0930139835729
  endloop
endfacet
facet normal 0.949718917577918 0.30603978249739483 -0.06613341911299597
  outer loop
    vertex -200.2912248196682 404.2397966626015 316.2450149835728
    vertex -200.56922481967004 403.5677996626014 309.1430129835728
    vertex -200.7232318196696 404.4818006626013 311.16101398357284
  endloop
endfacet
facet normal 0.9209066440308868 0.38490601434761684 -0.06146798433983418
  outer loop
    vertex -200.26723781966695 405.01778066260107 321.0490139835727
    vertex -200.42522681966787 404.8457836626015 317.60501298357275
    vertex -200.68122381966714 405.8737986626013 320.20701498357283
  endloop
endfacet
facet normal 0.8158779858638667 0.5763800012922838 -0.04614332338515456
  outer loop
    vertex -202.7652238196671 409.6017956626011 320.4450129835734
    vertex -202.50922681966767 409.05577566260155 318.1510149835733
    vertex -203.65923581966848 410.45979766260143 315.3550129835736
  endloop
endfacet
facet normal 0.9967372134828114 0.036786568792855176 -0.07184480228220302
  outer loop
    vertex -199.46122281966836 398.75178966260154 315.3950139835725
    vertex -199.85523481966976 398.8617746626015 309.9850129835726
    vertex -199.94323281967002 399.76179966260145 309.22501298357264
  endloop
endfacet
facet normal 0.9074256057896365 0.41676300842771036 -0.0537342047823884
  outer loop
    vertex -201.12923781966774 406.57979266260145 318.0930139835729
    vertex -201.56522681966874 407.02779066260143 314.205013983573
    vertex -201.22523081966608 407.6077776626013 324.44501298357295
  endloop
endfacet
facet normal 0.9141694811095789 0.40087652387775075 -0.05993473459968354
  outer loop
    vertex -201.90522281967137 406.3877756626013 304.0990129835731
    vertex -202.0972248196727 406.0717966626012 299.0570129835732
    vertex -202.5892288196727 407.19377566260124 299.0570129835733
  endloop
endfacet
facet normal 0.7577286942979053 0.6514970911047695 -0.03740008181294943
  outer loop
    vertex -203.95122781966708 411.19377566260107 320.7470139835737
    vertex -204.36323081966842 411.3677866626016 315.4310139835738
    vertex -204.80123481966757 412.06779966260143 318.7510129835739
  endloop
endfacet
facet normal 0.9358576242880441 0.34782407231280427 -0.056470539059542815
  outer loop
    vertex -201.16323381967064 404.90178366260125 306.98301398357296
    vertex -201.54122481967116 405.5677996626015 304.82101298357304
    vertex -201.47922781966977 406.2497756626014 310.049013983573
  endloop
endfacet
facet normal 0.9182601900194394 0.39125868251012197 -0.0609497070206821
  outer loop
    vertex -200.03122981966592 405.08980266260136 325.0670149835726
    vertex -200.26723781966695 405.01778066260107 321.0490139835727
    vertex -200.48722381966593 406.1198016626013 324.80901398357275
  endloop
endfacet
facet normal 0.9871643665623623 0.14463104957297213 -0.0677375293980436
  outer loop
    vertex -200.1112318196704 400.4777726626013 307.80301298357267
    vertex -200.4272258196714 400.8997996626013 304.0990129835727
    vertex -200.49723381967118 401.71577866260134 304.8210129835728
  endloop
endfacet
facet normal 0.8891182336131178 0.45463284712197843 -0.05270427852132237
  outer loop
    vertex -201.89722781966825 407.8937876626016 316.01501298357323
    vertex -201.96323681967004 407.2477916626014 309.32901298357314
    vertex -202.32723581966974 408.0537916626013 310.14101398357326
  endloop
endfacet
facet normal 0.9343007284596324 0.3511978276989626 -0.06117380664410213
  outer loop
    vertex -199.62722281966583 404.0717966626013 325.3930129835726
    vertex -200.26723781966695 405.01778066260107 321.0490139835727
    vertex -200.03122981966592 405.08980266260136 325.0670149835726
  endloop
endfacet
facet normal 0.932208146001508 0.3567816730780603 -0.06078495113143811
  outer loop
    vertex -201.11722881966918 405.7578016626013 312.7130139835729
    vertex -201.16323381967064 404.90178366260125 306.98301398357296
    vertex -201.47922781966977 406.2497756626014 310.049013983573
  endloop
endfacet
facet normal 0.9153678215117907 0.3979571372040135 -0.06108901938273541
  outer loop
    vertex -200.68122381966714 405.8737986626013 320.20701498357283
    vertex -200.73322581966838 405.26179966260145 315.4410139835729
    vertex -201.12923781966774 406.57979266260145 318.0930139835729
  endloop
endfacet
facet normal 0.8068154216466155 0.5893930785562049 -0.040800420870789264
  outer loop
    vertex -203.3852338196704 409.53780066260134 307.84901398357357
    vertex -203.8612318196714 409.9297986626014 304.0990129835737
    vertex -204.34922281967124 410.64778566260117 304.8210129835738
  endloop
endfacet
facet normal 0.7980957566840442 0.6010253917370261 -0.04256338391478386
  outer loop
    vertex -203.54923581966912 410.11980166260145 312.6930139835737
    vertex -203.44323281966982 409.7917986626015 310.0490139835736
    vertex -204.64322981967067 411.15779566260136 306.83701298357386
  endloop
endfacet
facet normal 0.9368476615531892 0.34435412482879674 -0.061128518350396274
  outer loop
    vertex -199.9292248196669 404.11980166260116 321.1170139835727
    vertex -200.2912248196682 404.2397966626015 316.2450149835728
    vertex -200.42522681966787 404.8457836626015 317.60501298357275
  endloop
endfacet
facet normal 0.7741416471064063 0.6316648135357322 -0.041282848209019396
  outer loop
    vertex -204.62122681966974 411.3757826626014 310.58501398357384
    vertex -204.64322981967067 411.15779566260136 306.83701298357386
    vertex -206.11722881967276 412.45579966260135 299.0570129835742
  endloop
endfacet
facet normal 0.8125524410970847 0.5810963297587647 -0.045668216606976425
  outer loop
    vertex -203.44323281966982 409.7917986626015 310.0490139835736
    vertex -203.3852338196704 409.53780066260134 307.84901398357357
    vertex -204.34922281967124 410.64778566260117 304.8210129835738
  endloop
endfacet
facet normal 0.9898510405514775 0.12495699205942482 -0.06768062983319721
  outer loop
    vertex -199.3852338196678 400.0378006626015 317.47101398357245
    vertex -199.99323581966982 400.77779066260143 309.9450129835726
    vertex -199.86323081966916 401.1637766626014 312.5590139835726
  endloop
endfacet
facet normal 0.8872193203387826 0.4578263417409428 -0.0568939225725774
  outer loop
    vertex -202.74523481967125 408.18178266260134 304.5330129835734
    vertex -202.29322381967134 407.2697946626014 304.24301298357324
    vertex -203.1552228196727 408.2957956626013 299.05701298357354
  endloop
endfacet
facet normal 0.7860539395456602 0.6168529434482517 -0.04014536441453548
  outer loop
    vertex -203.26923681966687 410.35777766260134 321.2550149835735
    vertex -203.75922681966793 410.7297866626016 317.37701498357364
    vertex -203.95122781966708 411.19377566260107 320.7470139835737
  endloop
endfacet
facet normal 0.9141319371623442 0.40149627834350665 -0.05624535479605273
  outer loop
    vertex -201.12923781966774 406.57979266260145 318.0930139835729
    vertex -201.47922781966977 406.2497756626014 310.049013983573
    vertex -201.56522681966874 407.02779066260143 314.205013983573
  endloop
endfacet
facet normal 0.935625336295882 0.3474750630296266 -0.062179664310569406
  outer loop
    vertex -199.62722281966583 404.0717966626013 325.3930129835726
    vertex -199.9292248196669 404.11980166260116 321.1170139835727
    vertex -200.26723781966695 405.01778066260107 321.0490139835727
  endloop
endfacet
facet normal 0.9935591630493282 0.08554753334106104 -0.07430887605110409
  outer loop
    vertex -199.94323281967002 399.76179966260145 309.22501298357264
    vertex -200.3332318196713 399.9637956626013 304.2430129835727
    vertex -200.1112318196704 400.4777726626013 307.80301298357267
  endloop
endfacet
facet normal 0.9327366280450039 0.3550939548093941 -0.06253531770975537
  outer loop
    vertex -200.7232318196696 404.4818006626013 311.16101398357284
    vertex -201.16323381967064 404.90178366260125 306.98301398357296
    vertex -200.73322581966838 405.26179966260145 315.4410139835729
  endloop
endfacet
facet normal 0.9517895830134967 0.30036381537786044 -0.06227493941104027
  outer loop
    vertex -199.65522281966696 403.2018016626011 320.9590129835726
    vertex -200.08323181966844 403.4077956626013 315.41101298357273
    vertex -200.2912248196682 404.2397966626015 316.2450149835728
  endloop
endfacet
facet normal 0.9844359091981348 0.1624321843018896 -0.06709490430843855
  outer loop
    vertex -199.99323581966982 400.77779066260143 309.9450129835726
    vertex -200.49723381967118 401.71577866260134 304.8210129835728
    vertex -200.44723081967064 402.30577566260126 306.98301398357285
  endloop
endfacet
facet normal 0.9078993287423057 0.41575205015512895 -0.05356343585952891
  outer loop
    vertex -200.68122381966714 405.8737986626013 320.20701498357283
    vertex -201.12923781966774 406.57979266260145 318.0930139835729
    vertex -201.22523081966608 407.6077776626013 324.44501298357295
  endloop
endfacet
facet normal 0.9107145001289786 0.40923981573770263 -0.05587371895440878
  outer loop
    vertex -201.56522681966874 407.02779066260143 314.205013983573
    vertex -201.7772318196704 406.63179466260135 307.8490139835731
    vertex -201.96323681967004 407.2477916626014 309.32901298357314
  endloop
endfacet
facet normal 0.9366032396371938 0.3456699684045635 -0.057329263420188174
  outer loop
    vertex -201.6772258196727 404.9337966626013 299.0570129835731
    vertex -202.0972248196727 406.0717966626012 299.0570129835732
    vertex -201.90522281967137 406.3877756626013 304.0990129835731
  endloop
endfacet
facet normal 0.9309440280255913 0.35962219898184156 -0.06336474321696485
  outer loop
    vertex -200.42522681966787 404.8457836626015 317.60501298357275
    vertex -200.7232318196696 404.4818006626013 311.16101398357284
    vertex -200.73322581966838 405.26179966260145 315.4410139835729
  endloop
endfacet
facet normal 0.92370780294299 0.37857527288618054 -0.05869120497475371
  outer loop
    vertex -200.42522681966787 404.8457836626015 317.60501298357275
    vertex -200.73322581966838 405.26179966260145 315.4410139835729
    vertex -200.68122381966714 405.8737986626013 320.20701498357283
  endloop
endfacet
facet normal 0.7666709340671711 0.6408079803140816 -0.0397594167758939
  outer loop
    vertex -204.36323081966842 411.3677866626016 315.4310139835738
    vertex -204.62122681966974 411.3757826626014 310.58501398357384
    vertex -205.5812328196707 412.2917986626014 306.8370129835741
  endloop
endfacet
facet normal 0.7656995750203031 0.6420015880429374 -0.039218895497883356
  outer loop
    vertex -205.5812328196707 412.2917986626014 306.8370129835741
    vertex -204.62122681966974 411.3757826626014 310.58501398357384
    vertex -206.11722881967276 412.45579966260135 299.0570129835742
  endloop
endfacet
facet normal 0.8012325292390721 0.597008312826141 -0.0400937464655594
  outer loop
    vertex -202.7652238196671 409.6017956626011 320.4450129835734
    vertex -203.65923581966848 410.45979766260143 315.3550129835736
    vertex -203.75922681966793 410.7297866626016 317.37701498357364
  endloop
endfacet
facet normal 0.8875660458072291 0.45730455648392077 -0.055669174137614484
  outer loop
    vertex -201.96323681967004 407.2477916626014 309.32901298357314
    vertex -202.29322381967134 407.2697946626014 304.24301298357324
    vertex -202.32723581966974 408.0537916626013 310.14101398357326
  endloop
endfacet
facet normal 0.8875660458072291 0.45730455648392077 -0.055669174137614484
  outer loop
    vertex -202.74523481967125 408.18178266260134 304.5330129835734
    vertex -202.32723581966974 408.0537916626013 310.14101398357326
    vertex -202.29322381967134 407.2697946626014 304.24301298357324
  endloop
endfacet
facet normal 0.8909646954447735 0.4510418093333943 -0.05237554490657134
  outer loop
    vertex -201.56522681966874 407.02779066260143 314.205013983573
    vertex -201.96323681967004 407.2477916626014 309.32901298357314
    vertex -201.89722781966825 407.8937876626016 316.01501298357323
  endloop
endfacet
facet normal 0.9297713235761822 0.36394273710296093 -0.05541633302014369
  outer loop
    vertex -201.54122481967116 405.5677996626015 304.82101298357304
    vertex -201.90522281967137 406.3877756626013 304.0990129835731
    vertex -201.7772318196704 406.63179466260135 307.8490139835731
  endloop
endfacet
facet normal 0.9000547053849896 0.4314853298418621 -0.061007683496421376
  outer loop
    vertex -200.48722381966593 406.1198016626013 324.80901398357275
    vertex -200.68122381966714 405.8737986626013 320.20701498357283
    vertex -201.22523081966608 407.6077776626013 324.44501298357295
  endloop
endfacet
facet normal 0.9203289993542398 0.3865988797064234 -0.0594629225430604
  outer loop
    vertex -200.26723781966695 405.01778066260107 321.0490139835727
    vertex -200.68122381966714 405.8737986626013 320.20701498357283
    vertex -200.48722381966593 406.1198016626013 324.80901398357275
  endloop
endfacet
facet normal 0.7999932214931413 0.5984390887828125 -0.04337629054936639
  outer loop
    vertex -203.65923581966848 410.45979766260143 315.3550129835736
    vertex -203.54923581966912 410.11980166260145 312.6930139835737
    vertex -204.64322981967067 411.15779566260136 306.83701298357386
  endloop
endfacet
facet normal 0.9922204539591384 0.09770597626814584 -0.0771499380855886
  outer loop
    vertex -200.4272258196714 400.8997996626013 304.0990129835727
    vertex -200.7572278196727 400.2697946626013 299.0570129835728
    vertex -200.8732258196727 401.44777366260126 299.057012983573
  endloop
endfacet
facet normal 0.9356873609344359 0.34764188308055793 -0.060285020658159216
  outer loop
    vertex -199.9292248196669 404.11980166260116 321.1170139835727
    vertex -200.42522681966787 404.8457836626015 317.60501298357275
    vertex -200.26723781966695 405.01778066260107 321.0490139835727
  endloop
endfacet
facet normal 0.9859716185887465 0.14977636201995467 -0.07366823411454311
  outer loop
    vertex -200.49723381967118 401.71577866260134 304.8210129835728
    vertex -200.4272258196714 400.8997996626013 304.0990129835727
    vertex -201.06522681967274 402.61980166260133 299.057012983573
  endloop
endfacet
facet normal 0.9932940158465301 0.08825736107814545 -0.0746835744926215
  outer loop
    vertex -200.1112318196704 400.4777726626013 307.80301298357267
    vertex -200.3332318196713 399.9637956626013 304.2430129835727
    vertex -200.4272258196714 400.8997996626013 304.0990129835727
  endloop
endfacet
facet normal 0.9263965128196789 0.3712586171818309 -0.0629010349976306
  outer loop
    vertex -200.73322581966838 405.26179966260145 315.4410139835729
    vertex -201.16323381967064 404.90178366260125 306.98301398357296
    vertex -201.11722881966918 405.7578016626013 312.7130139835729
  endloop
endfacet
facet normal 0.9093584977743425 0.4120597546056251 -0.0572178395252991
  outer loop
    vertex -201.96323681967004 407.2477916626014 309.32901298357314
    vertex -201.7772318196704 406.63179466260135 307.8490139835731
    vertex -202.29322381967134 407.2697946626014 304.24301298357324
  endloop
endfacet
facet normal 0.9924647462859619 0.10060264754592357 -0.06994880046356627
  outer loop
    vertex -199.3852338196678 400.0378006626015 317.47101398357245
    vertex -199.61722881966875 399.76778066260135 313.79101398357255
    vertex -200.1112318196704 400.4777726626013 307.80301298357267
  endloop
endfacet
facet normal 0.9918270166359819 0.1069260444412131 -0.06961314596485015
  outer loop
    vertex -199.3852338196678 400.0378006626015 317.47101398357245
    vertex -200.1112318196704 400.4777726626013 307.80301298357267
    vertex -199.99323581966982 400.77779066260143 309.9450129835726
  endloop
endfacet
facet normal 0.8131417858304203 0.5799023263928983 -0.0501370918644033
  outer loop
    vertex -202.65923581966567 409.9177746626012 326.0590139835734
    vertex -202.00322981966573 408.9617806626013 325.64101498357326
    vertex -203.26923681966687 410.35777766260134 321.2550149835735
  endloop
endfacet
facet normal 0.8039970544733576 0.592840946726271 -0.04613402521852506
  outer loop
    vertex -204.34922281967124 410.64778566260117 304.8210129835738
    vertex -203.8612318196714 409.9297986626014 304.0990129835737
    vertex -205.27723181967272 411.4577836626013 299.05701298357405
  endloop
endfacet
facet normal 0.888071557156595 0.45611075381691396 -0.05737499125949603
  outer loop
    vertex -202.29322381967134 407.2697946626014 304.24301298357324
    vertex -202.5892288196727 407.19377566260124 299.0570129835733
    vertex -203.1552228196727 408.2957956626013 299.05701298357354
  endloop
endfacet
facet normal 0.9180069038199575 0.392316079001374 -0.05789143888247484
  outer loop
    vertex -200.73322581966838 405.26179966260145 315.4410139835729
    vertex -201.11722881966918 405.7578016626013 312.7130139835729
    vertex -201.12923781966774 406.57979266260145 318.0930139835729
  endloop
endfacet
facet normal 0.9443340414456122 0.32234017640995893 -0.06580295463726069
  outer loop
    vertex -201.16323381967064 404.90178366260125 306.98301398357296
    vertex -201.3332318196727 403.7817886626013 299.0570129835731
    vertex -201.54122481967116 405.5677996626015 304.82101298357304
  endloop
endfacet
facet normal 0.9964410127149752 0.02917384562903699 -0.07908346799912075
  outer loop
    vertex -200.28122981967124 398.9737746626013 304.53301298357275
    vertex -200.71923381967264 399.08977166260127 299.0570129835728
    vertex -200.3332318196713 399.9637956626013 304.2430129835727
  endloop
endfacet
facet normal 0.985498587603822 0.15378139482667383 -0.07172040460032889
  outer loop
    vertex -199.86323081966916 401.1637766626014 312.5590139835726
    vertex -199.99323581966982 400.77779066260143 309.9450129835726
    vertex -200.44723081967064 402.30577566260126 306.98301398357285
  endloop
endfacet
facet normal 0.9427115346677956 0.3269308265192458 -0.06641684331352156
  outer loop
    vertex -200.7232318196696 404.4818006626013 311.16101398357284
    vertex -201.3332318196727 403.7817886626013 299.0570129835731
    vertex -201.16323381967064 404.90178366260125 306.98301398357296
  endloop
endfacet
facet normal 0.9504787878121783 0.3037130130916833 -0.06594300264518814
  outer loop
    vertex -200.08323181966844 403.4077956626013 315.41101298357273
    vertex -200.56922481967004 403.5677996626014 309.1430129835728
    vertex -200.2912248196682 404.2397966626015 316.2450149835728
  endloop
endfacet
facet normal 0.9966359226401241 0.040023767358108614 -0.07151877900057114
  outer loop
    vertex -198.95922381966656 398.62578266260124 322.3050139835724
    vertex -199.46122281966836 398.75178966260154 315.3950139835725
    vertex -199.61722881966875 399.76778066260135 313.79101398357255
  endloop
endfacet
facet normal 0.9966359226401241 0.040023767358108614 -0.07151877900057114
  outer loop
    vertex -199.94323281967002 399.76179966260145 309.22501298357264
    vertex -199.61722881966875 399.76778066260135 313.79101398357255
    vertex -199.46122281966836 398.75178966260154 315.3950139835725
  endloop
endfacet
facet normal 0.9963134915766204 0.032078980493561685 -0.07956359414265794
  outer loop
    vertex -200.3332318196713 399.9637956626013 304.2430129835727
    vertex -200.71923381967264 399.08977166260127 299.0570129835728
    vertex -200.7572278196727 400.2697946626013 299.0570129835728
  endloop
endfacet
facet normal 0.8077619002653511 0.5877177804595476 -0.04591865646348959
  outer loop
    vertex -202.00322981966573 408.9617806626013 325.64101498357326
    vertex -202.7652238196671 409.6017956626011 320.4450129835734
    vertex -203.26923681966687 410.35777766260134 321.2550149835735
  endloop
endfacet
facet normal 0.8077619002653511 0.5877177804595476 -0.04591865646348959
  outer loop
    vertex -203.75922681966793 410.7297866626016 317.37701498357364
    vertex -203.26923681966687 410.35777766260134 321.2550149835735
    vertex -202.7652238196671 409.6017956626011 320.4450129835734
  endloop
endfacet
facet normal 0.9501797309367292 0.3047407630387408 -0.06550989436391041
  outer loop
    vertex -200.56922481967004 403.5677996626014 309.1430129835728
    vertex -201.3332318196727 403.7817886626013 299.0570129835731
    vertex -200.7232318196696 404.4818006626013 311.16101398357284
  endloop
endfacet
facet normal 0.988507037167312 0.1323836358550159 -0.07299596172740838
  outer loop
    vertex -199.99323581966982 400.77779066260143 309.9450129835726
    vertex -200.1112318196704 400.4777726626013 307.80301298357267
    vertex -200.49723381967118 401.71577866260134 304.8210129835728
  endloop
endfacet
facet normal 0.9533595716908888 0.29514503244901485 -0.06320551309842547
  outer loop
    vertex -199.20322681966556 402.8817946626013 326.3130139835725
    vertex -199.65522281966696 403.2018016626011 320.9590129835726
    vertex -199.9292248196669 404.11980166260116 321.1170139835727
  endloop
endfacet
facet normal 0.9533595716908888 0.29514503244901485 -0.06320551309842547
  outer loop
    vertex -200.2912248196682 404.2397966626015 316.2450149835728
    vertex -199.9292248196669 404.11980166260116 321.1170139835727
    vertex -199.65522281966696 403.2018016626011 320.9590129835726
  endloop
endfacet
facet normal 0.79744009765056 0.6019674565064999 -0.041526762047633545
  outer loop
    vertex -203.8612318196714 409.9297986626014 304.0990129835737
    vertex -204.50123181967274 410.4297986626013 299.0570129835738
    vertex -205.27723181967272 411.4577836626013 299.05701298357405
  endloop
endfacet
facet normal 0.9905919160016438 -0.11279077867967248 -0.07749771736654966
  outer loop
    vertex -199.2832288196672 396.70378566260155 319.79301298357257
    vertex -199.71723481966842 395.9537856626014 315.33701398357266
    vertex -199.3872328196678 397.3857926626015 317.4710139835725
  endloop
endfacet
facet normal 0.9856615945989567 -0.14898214481973404 -0.07921831516482679
  outer loop
    vertex -199.71723481966842 395.9537856626014 315.33701398357266
    vertex -200.4512278196706 395.53978366260134 306.98301398357285
    vertex -199.8652298196691 396.4518016626014 312.5590139835727
  endloop
endfacet
facet normal 0.9916305387259001 -0.10586742916211493 -0.07389832277383535
  outer loop
    vertex -199.99523481966983 396.9457896626013 309.9450129835727
    vertex -200.1132308196704 397.3337906626012 307.8030129835728
    vertex -199.3872328196678 397.3857926626015 317.4710139835725
  endloop
endfacet
facet normal 0.9916305387259001 -0.10586742916211493 -0.07389832277383535
  outer loop
    vertex -199.61722881966875 397.8017776626014 313.79101398357255
    vertex -199.3872328196678 397.3857926626015 317.4710139835725
    vertex -200.1132308196704 397.3337906626012 307.8030129835728
  endloop
endfacet
facet normal 0.9302490197660084 -0.35875416832544715 -0.07702082792009804
  outer loop
    vertex -200.74123681966844 392.2377816626015 315.4410139835729
    vertex -201.16923081967062 392.9437756626014 306.98301398357296
    vertex -200.43322281966783 392.5717966626014 317.60501298357275
  endloop
endfacet
facet normal 0.9302490197660084 -0.35875416832544715 -0.07702082792009804
  outer loop
    vertex -200.72922781966955 393.18779466260145 311.16101398357284
    vertex -200.43322281966783 392.5717966626014 317.60501298357275
    vertex -201.16923081967062 392.9437756626014 306.98301398357296
  endloop
endfacet
facet normal 0.9781838879141517 -0.19096585069942762 -0.08178218199460335
  outer loop
    vertex -200.4512278196706 395.53978366260134 306.98301398357285
    vertex -201.33722981967276 394.39577166260136 299.057012983573
    vertex -200.49923281967116 396.21977666260136 304.8210129835728
  endloop
endfacet
facet normal 0.9966303861123167 -0.036746422400521596 -0.07333194336969993
  outer loop
    vertex -199.46122281966836 398.75178966260154 315.3950139835725
    vertex -199.94323281967002 397.99177966260146 309.22501298357264
    vertex -199.85523481966976 398.8617746626015 309.9850129835726
  endloop
endfacet
facet normal 0.9209180941336798 -0.3833666101470418 -0.07028446572007967
  outer loop
    vertex -201.13723281966773 390.83778866260144 318.093013983573
    vertex -201.48722381966985 391.47179066260145 310.04901398357305
    vertex -201.12322581966913 391.8577776626014 312.7130139835729
  endloop
endfacet
facet normal 0.054417240067692094 -0.9983800071733914 -0.01661701717741236
  outer loop
    vertex -230.59923881967043 374.9277846626013 307.85901298358067
    vertex -230.11323081966984 374.9177746626016 310.0730139835806
    vertex -231.50722781967 374.85377966260165 309.353012983581
  endloop
endfacet
facet normal 0.054417240067692094 -0.9983800071733914 -0.01661701717741236
  outer loop
    vertex -231.34923881966873 374.77977466260165 314.3030129835809
    vertex -231.50722781967 374.85377966260165 309.353012983581
    vertex -230.11323081966984 374.9177746626016 310.0730139835806
  endloop
endfacet
facet normal 0.9833544288929175 -0.16627565636372685 -0.07325621664743631
  outer loop
    vertex -199.06322781966574 395.3337906626013 325.3930129835725
    vertex -199.43723581966694 395.00578766260134 321.1170139835726
    vertex -199.60523481966786 395.57979266260145 317.55901398357264
  endloop
endfacet
facet normal 0.9815736065417876 -0.17640351327587278 -0.07345104113950339
  outer loop
    vertex -199.06322781966574 395.3337906626013 325.3930129835725
    vertex -199.60523481966786 395.57979266260145 317.55901398357264
    vertex -199.29923581966693 395.87178466260116 320.94701398357256
  endloop
endfacet
facet normal 0.8863475283649889 -0.4569762178616101 -0.07457074004040694
  outer loop
    vertex -201.9712328196701 390.5057876626013 309.32901298357325
    vertex -202.75522881967126 389.76778066260147 304.5330129835734
    vertex -202.3032328196714 390.6917916626013 304.2430129835733
  endloop
endfacet
facet normal 0.22138432900701493 -0.9750534391611504 -0.016117371067473546
  outer loop
    vertex -223.3632308196668 375.56578466260135 321.4750139835788
    vertex -222.28722681966715 375.8317766626013 320.16301398357854
    vertex -221.2892258196658 375.97578866260136 325.15901398357823
  endloop
endfacet
facet normal 0.8860271729927265 -0.4573293526954728 -0.07619522217079715
  outer loop
    vertex -202.75522881967126 389.76778066260147 304.5330129835734
    vertex -203.16523281967267 389.8857926626014 299.05701298357354
    vertex -202.3032328196714 390.6917916626013 304.2430129835733
  endloop
endfacet
facet normal 0.8877164878385146 -0.45508028602796674 -0.06972352894365283
  outer loop
    vertex -201.90723681966824 389.6057936626013 316.01501298357323
    vertex -202.3372298196698 389.6677746626013 310.14101398357326
    vertex -201.23522481966603 389.6257826626013 324.445012983573
  endloop
endfacet
facet normal 0.8877164878385146 -0.45508028602796674 -0.06972352894365283
  outer loop
    vertex -201.9712328196701 390.5057876626013 309.32901298357325
    vertex -201.23522481966603 389.6257826626013 324.445012983573
    vertex -202.3372298196698 389.6677746626013 310.14101398357326
  endloop
endfacet
facet normal 0.9768703748491987 -0.19805546265007756 -0.0806120614824479
  outer loop
    vertex -200.19323281966956 395.1117746626014 311.1610139835728
    vertex -201.33722981967276 394.39577166260136 299.057012983573
    vertex -200.4512278196706 395.53978366260134 306.98301398357285
  endloop
endfacet
facet normal 0.7930093153234965 0.607541599142685 -0.04504920777669951
  outer loop
    vertex -202.65923581966567 409.9177746626012 326.0590139835734
    vertex -203.26923681966687 410.35777766260134 321.2550149835735
    vertex -203.36323081966566 410.8438006626013 326.1550139835735
  endloop
endfacet
facet normal 0.9848685788011503 -0.15465274646435478 -0.07820748366514818
  outer loop
    vertex -199.8652298196691 396.4518016626014 312.5590139835727
    vertex -200.4512278196706 395.53978366260134 306.98301398357285
    vertex -199.99523481966983 396.9457896626013 309.9450129835727
  endloop
endfacet
facet normal 0.9945616211838141 -0.07908101192092554 -0.0677744437217014
  outer loop
    vertex -199.2832288196672 396.70378566260155 319.79301298357257
    vertex -199.3872328196678 397.3857926626015 317.4710139835725
    vertex -198.95922381966656 398.62578266260124 322.3050139835724
  endloop
endfacet
facet normal 0.9947926966643137 -0.0632982734482533 -0.0798800303067866
  outer loop
    vertex -198.90322381966612 397.27977466260137 324.0690139835724
    vertex -199.2832288196672 396.70378566260155 319.79301298357257
    vertex -198.95922381966656 398.62578266260124 322.3050139835724
  endloop
endfacet
facet normal 0.8113930690760724 0.5830652359694972 -0.04094164211590296
  outer loop
    vertex -202.50922681966767 409.05577566260155 318.1510149835733
    vertex -203.54923581966912 410.11980166260145 312.6930139835737
    vertex -203.65923581966848 410.45979766260143 315.3550129835736
  endloop
endfacet
facet normal 0.02182841663074854 -0.9996393619699802 -0.015641810241963865
  outer loop
    vertex -231.50722781967 374.85377966260165 309.353012983581
    vertex -231.34923881966873 374.77977466260165 314.3030129835809
    vertex -232.67322881966822 374.7217906626016 316.1610129835813
  endloop
endfacet
facet normal 0.22781548943080115 -0.9734164083654184 -0.023676965607396017
  outer loop
    vertex -223.5312298196684 375.6557816626018 315.42901498357884
    vertex -221.52323481966775 376.06978266260177 317.72901398357834
    vertex -222.28722681966715 375.8317766626013 320.16301398357854
  endloop
endfacet
facet normal 0.787520081395562 0.6145808730841441 -0.045852718980000824
  outer loop
    vertex -203.36323081966566 410.8438006626013 326.1550139835735
    vertex -203.26923681966687 410.35777766260134 321.2550149835735
    vertex -203.95122781966708 411.19377566260107 320.7470139835737
  endloop
endfacet
facet normal 0.7610271067811478 0.6474374019279597 -0.04077442003375129
  outer loop
    vertex -203.36323081966566 410.8438006626013 326.1550139835735
    vertex -203.95122781966708 411.19377566260107 320.7470139835737
    vertex -204.33323181966566 411.98180066260124 326.12701498357376
  endloop
endfacet
facet normal 0.7610271067811478 0.6474374019279597 -0.04077442003375129
  outer loop
    vertex -204.80123481966757 412.06779966260143 318.7510129835739
    vertex -204.33323181966566 411.98180066260124 326.12701498357376
    vertex -203.95122781966708 411.19377566260107 320.7470139835737
  endloop
endfacet
facet normal 0.9351777821662752 -0.3467981073880177 -0.07192766126224166
  outer loop
    vertex -201.91323381967143 391.5797926626013 304.0990129835731
    vertex -202.10523481967272 392.10777766260134 299.0570129835732
    vertex -201.68322281967278 393.24577766260126 299.0570129835731
  endloop
endfacet
facet normal 0.9902529225252141 -0.1180481946240042 -0.0739173401597062
  outer loop
    vertex -199.71723481966842 395.9537856626014 315.33701398357266
    vertex -199.8652298196691 396.4518016626014 312.5590139835727
    vertex -199.3872328196678 397.3857926626015 317.4710139835725
  endloop
endfacet
facet normal 0.9104523022976949 -0.40736271162191434 -0.07163955904992636
  outer loop
    vertex -201.57323781966872 390.53780066260134 314.2050139835731
    vertex -201.9712328196701 390.5057876626013 309.32901298357325
    vertex -201.78522781967044 391.1817826626013 307.8490139835732
  endloop
endfacet
facet normal 0.01660529354388076 -0.9996538618831579 -0.020406387441435945
  outer loop
    vertex -231.42922481967133 374.9597976626014 304.24301298358097
    vertex -231.50722781967 374.85377966260165 309.353012983581
    vertex -232.73723881967126 374.9317826626015 304.5330129835813
  endloop
endfacet
facet normal 0.01660529354388076 -0.9996538618831579 -0.020406387441435945
  outer loop
    vertex -232.68523681966974 374.8177996626016 310.1770139835813
    vertex -232.73723881967126 374.9317826626015 304.5330129835813
    vertex -231.50722781967 374.85377966260165 309.353012983581
  endloop
endfacet
facet normal 0.12796650345247346 -0.9916778621931942 -0.014127690189291085
  outer loop
    vertex -228.10123781967272 375.3097726626013 299.0570129835801
    vertex -226.5512348196726 375.5097856626014 299.0570129835797
    vertex -229.0612288196712 375.1037796626016 304.8210129835803
  endloop
endfacet
facet normal 0.985484901151957 -0.1542247890848985 -0.0709522658780969
  outer loop
    vertex -199.29923581966693 395.87178466260116 320.94701398357256
    vertex -198.9532268196659 396.2697946626013 324.8810139835724
    vertex -199.06322781966574 395.3337906626013 325.3930129835725
  endloop
endfacet
facet normal 0.985484901151957 -0.1542247890848985 -0.0709522658780969
  outer loop
    vertex -198.78322881966542 396.50978566260136 326.7290139835724
    vertex -199.06322781966574 395.3337906626013 325.3930129835725
    vertex -198.9532268196659 396.2697946626013 324.8810139835724
  endloop
endfacet
facet normal 0.8855265846142631 -0.4586280024355639 -0.07418236531253683
  outer loop
    vertex -202.3372298196698 389.6677746626013 310.14101398357326
    vertex -202.75522881967126 389.76778066260147 304.5330129835734
    vertex -201.9712328196701 390.5057876626013 309.32901298357325
  endloop
endfacet
facet normal 0.9125150751144017 -0.4017646470438494 -0.07682060970006166
  outer loop
    vertex -201.91323381967143 391.5797926626013 304.0990129835731
    vertex -202.59922281967278 390.9857986626013 299.0570129835734
    vertex -202.10523481967272 392.10777766260134 299.0570129835732
  endloop
endfacet
facet normal 0.907875398078702 -0.412594122090642 -0.07435288817316249
  outer loop
    vertex -201.9712328196701 390.5057876626013 309.32901298357325
    vertex -202.3032328196714 390.6917916626013 304.2430129835733
    vertex -201.78522781967044 391.1817826626013 307.8490139835732
  endloop
endfacet
facet normal 0.9964376284522517 -0.04238560999101164 -0.0729075625030909
  outer loop
    vertex -199.61722881966875 397.8017776626014 313.79101398357255
    vertex -199.94323281967002 397.99177966260146 309.22501298357264
    vertex -198.95922381966656 398.62578266260124 322.3050139835724
  endloop
endfacet
facet normal 0.9965782192029863 -0.038572096794450575 -0.07310298461133076
  outer loop
    vertex -198.95922381966656 398.62578266260124 322.3050139835724
    vertex -199.94323281967002 397.99177966260146 309.22501298357264
    vertex -199.46122281966836 398.75178966260154 315.3950139835725
  endloop
endfacet
facet normal 0.8427636510611864 0.53518556195608 -0.05767011985225684
  outer loop
    vertex -202.00322981966573 408.9617806626013 325.64101498357326
    vertex -201.22523081966608 407.6077776626013 324.44501298357295
    vertex -202.7652238196671 409.6017956626011 320.4450129835734
  endloop
endfacet
facet normal 0.9702705603975038 -0.23051740462013653 -0.0737344274617371
  outer loop
    vertex -199.2072248196656 394.2977796626013 326.3130139835724
    vertex -199.659235819667 394.1077776626011 320.9590129835725
    vertex -199.82122381966818 394.9337966626014 316.2450149835727
  endloop
endfacet
facet normal 0.9721974316673401 -0.22238186043330088 -0.073337998402272
  outer loop
    vertex -199.2072248196656 394.2977796626013 326.3130139835724
    vertex -199.82122381966818 394.9337966626014 316.2450149835727
    vertex -199.43723581966694 395.00578766260134 321.1170139835726
  endloop
endfacet
facet normal 0.9776159582070293 -0.19830614736830046 -0.07029729848930102
  outer loop
    vertex -199.2072248196656 394.2977796626013 326.3130139835724
    vertex -199.43723581966694 395.00578766260134 321.1170139835726
    vertex -199.06322781966574 395.3337906626013 325.3930129835725
  endloop
endfacet
facet normal 0.9307094924261571 -0.3579223434200703 -0.07530894228795328
  outer loop
    vertex -201.12322581966913 391.8577776626014 312.7130139835729
    vertex -201.48722381966985 391.47179066260145 310.04901398357305
    vertex -201.16923081967062 392.9437756626014 306.98301398357296
  endloop
endfacet
facet normal 0.9880828586196378 -0.13244729136494068 -0.07842180508082883
  outer loop
    vertex -199.99523481966983 396.9457896626013 309.9450129835727
    vertex -200.49923281967116 396.21977666260136 304.8210129835728
    vertex -200.1132308196704 397.3337906626012 307.8030129835728
  endloop
endfacet
facet normal 0.9867447754951811 -0.14456852072290122 -0.07372035572999473
  outer loop
    vertex -200.49923281967116 396.21977666260136 304.8210129835728
    vertex -200.4292248196713 397.06578466260135 304.0990129835728
    vertex -200.1132308196704 397.3337906626012 307.8030129835728
  endloop
endfacet
facet normal 0.7840664071517278 0.6193475130831784 -0.04060205923180569
  outer loop
    vertex -203.95122781966708 411.19377566260107 320.7470139835737
    vertex -203.75922681966793 410.7297866626016 317.37701498357364
    vertex -204.62122681966974 411.3757826626014 310.58501398357384
  endloop
endfacet
facet normal 0.7876156396915556 0.614806775345368 -0.04091739364490416
  outer loop
    vertex -204.36323081966842 411.3677866626016 315.4310139835738
    vertex -203.95122781966708 411.19377566260107 320.7470139835737
    vertex -204.62122681966974 411.3757826626014 310.58501398357384
  endloop
endfacet
facet normal 0.2146999685723409 -0.9764349504347742 -0.021879466731986416
  outer loop
    vertex -223.92922481966775 375.52379266260175 317.795013983579
    vertex -222.28722681966715 375.8317766626013 320.16301398357854
    vertex -223.3632308196668 375.56578466260135 321.4750139835788
  endloop
endfacet
facet normal 0.0232046107888848 -0.9996232347666529 -0.014660646397406519
  outer loop
    vertex -232.67322881966822 374.7217906626016 316.1610129835813
    vertex -231.34923881966873 374.77977466260165 314.3030129835809
    vertex -232.78922581966592 374.58977166260144 324.9790139835813
  endloop
endfacet
facet normal 0.05648125392138504 -0.9982744195553146 -0.016063972639667624
  outer loop
    vertex -231.34923881966873 374.77977466260165 314.3030129835809
    vertex -230.11323081966984 374.9177746626016 310.0730139835806
    vertex -230.84923881966765 374.7437936626016 318.29701498358077
  endloop
endfacet
facet normal 0.2234005496017799 -0.9745730858791525 -0.017305915682479044
  outer loop
    vertex -223.3632308196668 375.56578466260135 321.4750139835788
    vertex -221.2892258196658 375.97578866260136 325.15901398357823
    vertex -222.63123581966556 375.6497996626015 326.1930149835786
  endloop
endfacet
facet normal 0.04890738781784103 -0.9985766914722933 -0.02127577648603637
  outer loop
    vertex -231.23522481967268 375.0797926626014 299.0570129835809
    vertex -230.1852368196714 375.02379266260147 304.0990129835806
    vertex -231.42922481967133 374.9597976626014 304.24301298358097
  endloop
endfacet
facet normal 0.04885529443662629 -0.9986051777408669 -0.020021468343818013
  outer loop
    vertex -230.1852368196714 375.02379266260147 304.0990129835806
    vertex -230.59923881967043 374.9277846626013 307.85901298358067
    vertex -231.42922481967133 374.9597976626014 304.24301298358097
  endloop
endfacet
facet normal 0.04885529443662629 -0.9986051777408669 -0.020021468343818013
  outer loop
    vertex -231.50722781967 374.85377966260165 309.353012983581
    vertex -231.42922481967133 374.9597976626014 304.24301298358097
    vertex -230.59923881967043 374.9277846626013 307.85901298358067
  endloop
endfacet
facet normal 0.06708050835017428 -0.9976332693985374 -0.01510182732876269
  outer loop
    vertex -230.11323081966984 374.9177746626016 310.0730139835806
    vertex -229.4772288196691 374.91978866260166 312.76501298358045
    vertex -230.84923881966765 374.7437936626016 318.29701498358077
  endloop
endfacet
facet normal 0.019287139260176337 -0.9996847034758609 -0.016077931942225253
  outer loop
    vertex -232.68523681966974 374.8177996626016 310.1770139835813
    vertex -231.50722781967 374.85377966260165 309.353012983581
    vertex -232.67322881966822 374.7217906626016 316.1610129835813
  endloop
endfacet
facet normal 0.7868566496155158 0.6158097074121581 -0.04043534608232863
  outer loop
    vertex -203.65923581966848 410.45979766260143 315.3550129835736
    vertex -204.64322981967067 411.15779566260136 306.83701298357386
    vertex -204.62122681966974 411.3757826626014 310.58501398357384
  endloop
endfacet
facet normal 0.7623517403120472 0.646011459361459 -0.038587801399811855
  outer loop
    vertex -205.17722581966913 412.17378666260134 312.843012983574
    vertex -204.36323081966842 411.3677866626016 315.4310139835738
    vertex -205.5812328196707 412.2917986626014 306.8370129835741
  endloop
endfacet
facet normal 0.017791365954756205 -0.9995966078751171 -0.02213794981527689
  outer loop
    vertex -232.80922981967268 375.05177766260135 299.0570129835813
    vertex -231.23522481967268 375.0797926626014 299.0570129835809
    vertex -232.73723881967126 374.9317826626015 304.5330129835813
  endloop
endfacet
facet normal 0.016417821419083448 -0.99961168714558 -0.022515107412980163
  outer loop
    vertex -231.23522481967268 375.0797926626014 299.0570129835809
    vertex -231.42922481967133 374.9597976626014 304.24301298358097
    vertex -232.73723881967126 374.9317826626015 304.5330129835813
  endloop
endfacet
facet normal 0.2108057634658995 -0.9773421104914335 -0.01906119486574474
  outer loop
    vertex -223.92922481966775 375.52379266260175 317.795013983579
    vertex -223.5312298196684 375.6557816626018 315.42901498357884
    vertex -222.28722681966715 375.8317766626013 320.16301398357854
  endloop
endfacet
facet normal 0.22665399907833783 -0.9737128796493704 -0.022609571130996958
  outer loop
    vertex -223.5312298196684 375.6557816626018 315.42901498357884
    vertex -223.02923081966912 375.8377886626016 312.6230139835787
    vertex -221.52323481966775 376.06978266260177 317.72901398357834
  endloop
endfacet
facet normal 0.889264205476366 -0.45206492654849756 -0.06961662907085593
  outer loop
    vertex -201.23522481966603 389.6257826626013 324.445012983573
    vertex -201.9712328196701 390.5057876626013 309.32901298357325
    vertex -201.57323781966872 390.53780066260134 314.2050139835731
  endloop
endfacet
facet normal 0.9902925606628312 -0.11890373732483615 -0.07198989891671953
  outer loop
    vertex -199.29923581966693 395.87178466260116 320.94701398357256
    vertex -199.2832288196672 396.70378566260155 319.79301298357257
    vertex -198.90322381966612 397.27977466260137 324.0690139835724
  endloop
endfacet
facet normal 0.9136935006096072 -0.40015094189064626 -0.07101697436381342
  outer loop
    vertex -201.57323781966872 390.53780066260134 314.2050139835731
    vertex -201.78522781967044 391.1817826626013 307.8490139835732
    vertex -201.48722381966985 391.47179066260145 310.04901398357305
  endloop
endfacet
facet normal 0.7910908449291526 0.6102301568087799 -0.04236072226026949
  outer loop
    vertex -203.75922681966793 410.7297866626016 317.37701498357364
    vertex -203.65923581966848 410.45979766260143 315.3550129835736
    vertex -204.62122681966974 411.3757826626014 310.58501398357384
  endloop
endfacet
facet normal 0.8284617458649429 0.5585791950597125 -0.04050208000652166
  outer loop
    vertex -201.22523081966608 407.6077776626013 324.44501298357295
    vertex -202.50922681966767 409.05577566260155 318.1510149835733
    vertex -202.7652238196671 409.6017956626011 320.4450129835734
  endloop
endfacet
facet normal 0.03377059124552722 -0.9993420341320322 -0.013230494464677304
  outer loop
    vertex -231.34923881966873 374.77977466260165 314.3030129835809
    vertex -230.84923881966765 374.7437936626016 318.29701498358077
    vertex -232.78922581966592 374.58977166260144 324.9790139835813
  endloop
endfacet
facet normal 0.05468090330777553 -0.9982509185687038 -0.022474483090489397
  outer loop
    vertex -231.23522481967268 375.0797926626014 299.0570129835809
    vertex -229.6652328196727 375.16579166260146 299.0570129835805
    vertex -230.1852368196714 375.02379266260147 304.0990129835806
  endloop
endfacet
facet normal 0.9008192766852249 -0.42884743020371496 -0.06793020211936664
  outer loop
    vertex -201.23522481966603 389.6257826626013 324.445012983573
    vertex -201.57323781966872 390.53780066260134 314.2050139835731
    vertex -201.13723281966773 390.83778866260144 318.093013983573
  endloop
endfacet
facet normal 0.9341546620234602 -0.34973048135321144 -0.07101871466230512
  outer loop
    vertex -201.48722381966985 391.47179066260145 310.04901398357305
    vertex -201.54923581967122 392.36778666260125 304.82101298357304
    vertex -201.16923081967062 392.9437756626014 306.98301398357296
  endloop
endfacet
facet normal 0.9555099976454839 -0.2874795612980354 -0.06600110783476844
  outer loop
    vertex -201.54923581967122 392.36778666260125 304.82101298357304
    vertex -201.68322281967278 393.24577766260126 299.0570129835731
    vertex -201.33722981967276 394.39577166260136 299.057012983573
  endloop
endfacet
facet normal 0.993042606229121 -0.08799142700229842 -0.0782552936725327
  outer loop
    vertex -200.4292248196713 397.06578466260135 304.0990129835728
    vertex -200.33523081967132 397.99577766260126 304.2430129835727
    vertex -200.1132308196704 397.3337906626012 307.8030129835728
  endloop
endfacet
facet normal 0.993042606229121 -0.08799142700229842 -0.0782552936725327
  outer loop
    vertex -199.94323281967002 397.99177966260146 309.22501298357264
    vertex -200.1132308196704 397.3337906626012 307.8030129835728
    vertex -200.33523081967132 397.99577766260126 304.2430129835727
  endloop
endfacet
facet normal 0.9285609927440891 -0.36444686987399644 -0.07037728179716847
  outer loop
    vertex -201.78522781967044 391.1817826626013 307.8490139835732
    vertex -201.91323381967143 391.5797926626013 304.0990129835731
    vertex -201.54923581967122 392.36778666260125 304.82101298357304
  endloop
endfacet
facet normal 0.970425570593862 0.23213288719636765 -0.0662460158760969
  outer loop
    vertex -199.65522281966696 403.2018016626011 320.9590129835726
    vertex -199.81722581966818 402.53377166260145 316.2450149835727
    vertex -200.08323181966844 403.4077956626013 315.41101298357273
  endloop
endfacet
facet normal 0.982561239665746 -0.1688069926658168 -0.07795902470936393
  outer loop
    vertex -200.19323281966956 395.1117746626014 311.1610139835728
    vertex -200.4512278196706 395.53978366260134 306.98301398357285
    vertex -199.60523481966786 395.57979266260145 317.55901398357264
  endloop
endfacet
facet normal 0.982561239665746 -0.1688069926658168 -0.07795902470936393
  outer loop
    vertex -199.71723481966842 395.9537856626014 315.33701398357266
    vertex -199.60523481966786 395.57979266260145 317.55901398357264
    vertex -200.4512278196706 395.53978366260134 306.98301398357285
  endloop
endfacet
facet normal 0.9884308437812042 0.1353830701730545 -0.06838048970645441
  outer loop
    vertex -199.2812298196673 400.6297806626014 319.79301298357245
    vertex -199.71523581966844 401.54777966260144 315.33701398357266
    vertex -199.60123781966783 401.83778866260144 317.55901398357264
  endloop
endfacet
facet normal 0.48611153360017323 -0.8729825089051064 -0.039963934323760796
  outer loop
    vertex -213.27723181966948 379.4197886626014 311.16101398357614
    vertex -212.0392258196684 379.9137766626013 315.4290149835758
    vertex -212.29723681966772 379.6617936626013 317.7950139835758
  endloop
endfacet
facet normal 0.9964037491232632 -0.03196317417393232 -0.07847244248672375
  outer loop
    vertex -199.94323281967002 397.99177966260146 309.22501298357264
    vertex -200.33523081967132 397.99577766260126 304.2430129835727
    vertex -199.85523481966976 398.8617746626015 309.9850129835726
  endloop
endfacet
facet normal 0.9964037491232632 -0.03196317417393232 -0.07847244248672375
  outer loop
    vertex -200.28122981967124 398.9737746626013 304.53301298357275
    vertex -199.85523481966976 398.8617746626015 309.9850129835726
    vertex -200.33523081967132 397.99577766260126 304.2430129835727
  endloop
endfacet
facet normal 0.5495231859046763 -0.8344250473448839 -0.0419417276308797
  outer loop
    vertex -210.90923581966715 380.373798662601 320.16301398357547
    vertex -208.74523481966645 381.6557816626011 323.011012983575
    vertex -209.97523081966582 380.7377816626014 325.1590139835753
  endloop
endfacet
facet normal 0.9716894285711251 0.22564299499758775 -0.07003494279028798
  outer loop
    vertex -199.81722581966818 402.53377166260145 316.2450149835727
    vertex -200.18923481966957 402.55778966260135 311.1610139835728
    vertex -200.56922481967004 403.5677996626014 309.1430129835728
  endloop
endfacet
facet normal 0.9837051761860804 -0.16282869341456976 -0.07622954116099924
  outer loop
    vertex -201.06922481967266 395.5597726626012 299.057012983573
    vertex -200.8752238196726 396.73180066260124 299.057012983573
    vertex -200.4292248196713 397.06578466260135 304.0990129835728
  endloop
endfacet
facet normal 0.8865882797018364 -0.45619554092800674 -0.07646470252830184
  outer loop
    vertex -202.3032328196714 390.6917916626013 304.2430129835733
    vertex -203.16523281967267 389.8857926626014 299.05701298357354
    vertex -202.59922281967278 390.9857986626013 299.0570129835734
  endloop
endfacet
facet normal 0.9720783557097996 -0.22381583840736255 -0.07049922580100969
  outer loop
    vertex -201.33722981967276 394.39577166260136 299.057012983573
    vertex -201.06922481967266 395.5597726626012 299.057012983573
    vertex -200.49923281967116 396.21977666260136 304.8210129835728
  endloop
endfacet
facet normal 0.9695563278376846 -0.23194195284689875 -0.07850769172171244
  outer loop
    vertex -200.0892288196685 394.09578366260143 315.4110129835726
    vertex -200.5752368196701 394.1857806626013 309.14301298357276
    vertex -199.82122381966818 394.9337966626014 316.2450149835727
  endloop
endfacet
facet normal 0.9918947408855744 -0.09767306060505786 -0.0812698974748969
  outer loop
    vertex -200.4292248196713 397.06578466260135 304.0990129835728
    vertex -200.8752238196726 396.73180066260124 299.057012983573
    vertex -200.7592268196727 397.90977966260124 299.0570129835728
  endloop
endfacet
facet normal 0.9094927811016997 -0.4088819216610854 -0.07508964817226078
  outer loop
    vertex -202.3032328196714 390.6917916626013 304.2430129835733
    vertex -202.59922281967278 390.9857986626013 299.0570129835734
    vertex -201.78522781967044 391.1817826626013 307.8490139835732
  endloop
endfacet
facet normal 0.9076209422274283 -0.41306868811992925 -0.07482301868460063
  outer loop
    vertex -201.78522781967044 391.1817826626013 307.8490139835732
    vertex -202.59922281967278 390.9857986626013 299.0570129835734
    vertex -201.91323381967143 391.5797926626013 304.0990129835731
  endloop
endfacet
facet normal 0.9862879747181148 0.15065607009558235 -0.06737046437270787
  outer loop
    vertex -198.95122781966595 400.91579166260135 324.88101398357236
    vertex -199.29723681966698 401.4217726626013 320.94701398357256
    vertex -199.05922981966583 401.8517956626014 325.3930129835725
  endloop
endfacet
facet normal 0.9827473400083157 0.17073946361929396 -0.07110345469508435
  outer loop
    vertex -199.81722581966818 402.53377166260145 316.2450149835727
    vertex -199.60123781966783 401.83778866260144 317.55901398357264
    vertex -200.18923481966957 402.55778966260135 311.1610139835728
  endloop
endfacet
facet normal 0.9719840360838536 0.22576586943337706 -0.06539729197094601
  outer loop
    vertex -199.43322281966692 402.29179866260137 321.1170139835726
    vertex -199.81722581966818 402.53377166260145 316.2450149835727
    vertex -199.65522281966696 403.2018016626011 320.9590129835726
  endloop
endfacet
facet normal 0.9500836124538151 -0.3020761848393815 -0.07804555015881953
  outer loop
    vertex -201.33722981967276 394.39577166260136 299.057012983573
    vertex -200.5752368196701 394.1857806626013 309.14301298357276
    vertex -200.29723681966826 393.2257886626014 316.24501498357273
  endloop
endfacet
facet normal 0.9500836124538151 -0.3020761848393815 -0.07804555015881953
  outer loop
    vertex -200.0892288196685 394.09578366260143 315.4110129835726
    vertex -200.29723681966826 393.2257886626014 316.24501498357273
    vertex -200.5752368196701 394.1857806626013 309.14301298357276
  endloop
endfacet
facet normal 0.9926831201202887 -0.09477478757391979 -0.07481953400394023
  outer loop
    vertex -199.61722881966875 397.8017776626014 313.79101398357255
    vertex -200.1132308196704 397.3337906626012 307.8030129835728
    vertex -199.94323281967002 397.99177966260146 309.22501298357264
  endloop
endfacet
facet normal 0.9413686418096765 -0.3277584884752424 -0.07999658398850198
  outer loop
    vertex -200.72922781966955 393.18779466260145 311.16101398357284
    vertex -201.16923081967062 392.9437756626014 306.98301398357296
    vertex -201.33722981967276 394.39577166260136 299.057012983573
  endloop
endfacet
facet normal 0.9905164180995153 0.1187083091265576 -0.06917776246468114
  outer loop
    vertex -199.3852338196678 400.0378006626015 317.47101398357245
    vertex -199.86323081966916 401.1637766626014 312.5590139835726
    vertex -199.71523581966844 401.54777966260144 315.33701398357266
  endloop
endfacet
facet normal 0.923381044073617 -0.3763948967545659 -0.07546077883666771
  outer loop
    vertex -201.48722381966985 391.47179066260145 310.04901398357305
    vertex -201.78522781967044 391.1817826626013 307.8490139835732
    vertex -201.54923581967122 392.36778666260125 304.82101298357304
  endloop
endfacet
facet normal 0.9895928055080528 -0.12418897888425613 -0.0726854649182831
  outer loop
    vertex -199.8652298196691 396.4518016626014 312.5590139835727
    vertex -199.99523481966983 396.9457896626013 309.9450129835727
    vertex -199.3872328196678 397.3857926626015 317.4710139835725
  endloop
endfacet
facet normal 0.9929244032525523 -0.08801063592406659 -0.07971986822495547
  outer loop
    vertex -200.4292248196713 397.06578466260135 304.0990129835728
    vertex -200.7592268196727 397.90977966260124 299.0570129835728
    vertex -200.33523081967132 397.99577766260126 304.2430129835727
  endloop
endfacet
facet normal 0.9962788385974899 -0.031184987921578932 -0.08034906527874429
  outer loop
    vertex -200.28122981967124 398.9737746626013 304.53301298357275
    vertex -200.33523081967132 397.99577766260126 304.2430129835727
    vertex -200.71923381967264 399.08977166260127 299.0570129835728
  endloop
endfacet
facet normal 0.97121540198456 0.22807199368463954 -0.06872996904322907
  outer loop
    vertex -200.56922481967004 403.5677996626014 309.1430129835728
    vertex -200.18923481966957 402.55778966260135 311.1610139835728
    vertex -201.3332318196727 403.7817886626013 299.0570129835731
  endloop
endfacet
facet normal 0.9961515984059395 -0.033762170315616465 -0.0808833038943838
  outer loop
    vertex -200.33523081967132 397.99577766260126 304.2430129835727
    vertex -200.7592268196727 397.90977966260124 299.0570129835728
    vertex -200.71923381967264 399.08977166260127 299.0570129835728
  endloop
endfacet
facet normal 0.988726615534111 -0.12762702027267894 -0.07830085204376483
  outer loop
    vertex -199.29923581966693 395.87178466260116 320.94701398357256
    vertex -199.60523481966786 395.57979266260145 317.55901398357264
    vertex -199.2832288196672 396.70378566260155 319.79301298357257
  endloop
endfacet
facet normal 0.9947913624802152 0.07880770604516835 -0.06464897990421518
  outer loop
    vertex -198.95922381966656 398.62578266260124 322.3050139835724
    vertex -199.3852338196678 400.0378006626015 317.47101398357245
    vertex -199.2812298196673 400.6297806626014 319.79301298357245
  endloop
endfacet
facet normal 0.35009639592487607 -0.936289815186264 -0.028176151953099134
  outer loop
    vertex -219.05922981966998 377.0177806626013 309.25701398357774
    vertex -218.2872268196704 377.3497816626013 307.81701298357746
    vertex -218.76923681966872 376.98579866260144 313.9230139835776
  endloop
endfacet
facet normal 0.3732181415073883 -0.9270993437442452 -0.03456914344847075
  outer loop
    vertex -215.5632278196695 378.33177666260127 311.1610139835767
    vertex -215.19323281966814 378.2837716626014 316.44301498357663
    vertex -215.96723481966774 377.9217726626014 317.7950139835769
  endloop
endfacet
facet normal 0.9950710259486663 -0.07012269022354435 -0.07011748450480772
  outer loop
    vertex -199.3872328196678 397.3857926626015 317.4710139835725
    vertex -199.61722881966875 397.8017776626014 313.79101398357255
    vertex -198.95922381966656 398.62578266260124 322.3050139835724
  endloop
endfacet
facet normal 0.37395157762280035 -0.9267813868910113 -0.03516359631483034
  outer loop
    vertex -216.16923081967053 378.24577766260126 306.9830139835769
    vertex -215.5632278196695 378.33177666260127 311.1610139835767
    vertex -216.49523481966838 377.7937816626014 315.42901498357696
  endloop
endfacet
facet normal 0.970047007272056 -0.23002818863533242 -0.07807583567068606
  outer loop
    vertex -200.5752368196701 394.1857806626013 309.14301298357276
    vertex -201.33722981967276 394.39577166260136 299.057012983573
    vertex -200.19323281966956 395.1117746626014 311.1610139835728
  endloop
endfacet
facet normal 0.9862958804316803 0.1479593774105865 -0.07299629360295173
  outer loop
    vertex -199.71523581966844 401.54777966260144 315.33701398357266
    vertex -199.86323081966916 401.1637766626014 312.5590139835726
    vertex -200.44723081967064 402.30577566260126 306.98301398357285
  endloop
endfacet
facet normal 0.9708909380889781 0.2292394170974365 -0.06942676706812569
  outer loop
    vertex -200.08323181966844 403.4077956626013 315.41101298357273
    vertex -199.81722581966818 402.53377166260145 316.2450149835727
    vertex -200.56922481967004 403.5677996626014 309.1430129835728
  endloop
endfacet
facet normal 0.9718974674332201 0.2251903996999042 -0.06859006254473404
  outer loop
    vertex -199.20322681966556 402.8817946626013 326.3130139835725
    vertex -199.43322281966692 402.29179866260137 321.1170139835726
    vertex -199.65522281966696 403.2018016626011 320.9590129835726
  endloop
endfacet
facet normal 0.9786076772396136 0.19504463507380287 -0.06545688945111416
  outer loop
    vertex -198.92122981966546 401.6057936626013 326.7290139835725
    vertex -199.05922981966583 401.8517956626014 325.3930129835725
    vertex -199.20322681966556 402.8817946626013 326.3130139835725
  endloop
endfacet
facet normal 0.9786076772396136 0.19504463507380287 -0.06545688945111416
  outer loop
    vertex -199.43322281966692 402.29179866260137 321.1170139835726
    vertex -199.20322681966556 402.8817946626013 326.3130139835725
    vertex -199.05922981966583 401.8517956626014 325.3930129835725
  endloop
endfacet
facet normal 0.9836842456201389 -0.16420930455755342 -0.07348883735277736
  outer loop
    vertex -200.4512278196706 395.53978366260134 306.98301398357285
    vertex -200.49923281967116 396.21977666260136 304.8210129835728
    vertex -199.99523481966983 396.9457896626013 309.9450129835727
  endloop
endfacet
facet normal 0.9252082762287065 -0.3713946417172649 -0.0778181579170956
  outer loop
    vertex -200.74123681966844 392.2377816626015 315.4410139835729
    vertex -201.12322581966913 391.8577776626014 312.7130139835729
    vertex -201.16923081967062 392.9437756626014 306.98301398357296
  endloop
endfacet
facet normal 0.9689704229805489 -0.23565373952075566 -0.07458977435801818
  outer loop
    vertex -199.659235819667 394.1077776626011 320.9590129835725
    vertex -200.0892288196685 394.09578366260143 315.4110129835726
    vertex -199.82122381966818 394.9337966626014 316.2450149835727
  endloop
endfacet
facet normal 0.9910268112494484 -0.10975292575453698 -0.07628993821644821
  outer loop
    vertex -199.29923581966693 395.87178466260116 320.94701398357256
    vertex -198.90322381966612 397.27977466260137 324.0690139835724
    vertex -198.9532268196659 396.2697946626013 324.8810139835724
  endloop
endfacet
facet normal 0.9910268112494484 -0.10975292575453698 -0.07628993821644821
  outer loop
    vertex -198.78322881966542 396.50978566260136 326.7290139835724
    vertex -198.9532268196659 396.2697946626013 324.8810139835724
    vertex -198.90322381966612 397.27977466260137 324.0690139835724
  endloop
endfacet
facet normal 0.9426939323662655 -0.32408554367157977 -0.07935181323021918
  outer loop
    vertex -201.16923081967062 392.9437756626014 306.98301398357296
    vertex -201.54923581967122 392.36778666260125 304.82101298357304
    vertex -201.33722981967276 394.39577166260136 299.057012983573
  endloop
endfacet
facet normal 0.9854157643438894 -0.15004415427373308 -0.08026532969363918
  outer loop
    vertex -200.49923281967116 396.21977666260136 304.8210129835728
    vertex -201.06922481967266 395.5597726626012 299.057012983573
    vertex -200.4292248196713 397.06578466260135 304.0990129835728
  endloop
endfacet
facet normal 0.9484378801750245 -0.30714105332719366 -0.07829406625133349
  outer loop
    vertex -200.29723681966826 393.2257886626014 316.24501498357273
    vertex -200.72922781966955 393.18779466260145 311.16101398357284
    vertex -201.33722981967276 394.39577166260136 299.057012983573
  endloop
endfacet
facet normal 0.9704102814487172 -0.2281746086208788 -0.07899514946710422
  outer loop
    vertex -199.82122381966818 394.9337966626014 316.2450149835727
    vertex -200.5752368196701 394.1857806626013 309.14301298357276
    vertex -200.19323281966956 395.1117746626014 311.1610139835728
  endloop
endfacet
facet normal 0.989240069558014 0.12666655542427604 -0.07320975698501088
  outer loop
    vertex -199.29723681966698 401.4217726626013 320.94701398357256
    vertex -199.2812298196673 400.6297806626014 319.79301298357245
    vertex -199.60123781966783 401.83778866260144 317.55901398357264
  endloop
endfacet
facet normal 0.9823439535157177 -0.17012317162670407 -0.07783613214170233
  outer loop
    vertex -199.82122381966818 394.9337966626014 316.2450149835727
    vertex -200.19323281966956 395.1117746626014 311.1610139835728
    vertex -199.60523481966786 395.57979266260145 317.55901398357264
  endloop
endfacet
facet normal 0.9299779041093411 -0.35959059077128175 -0.07639178553455706
  outer loop
    vertex -201.54923581967122 392.36778666260125 304.82101298357304
    vertex -201.91323381967143 391.5797926626013 304.0990129835731
    vertex -201.68322281967278 393.24577766260126 299.0570129835731
  endloop
endfacet
facet normal 0.9914068711719988 0.1083771600337221 -0.07325849422403703
  outer loop
    vertex -198.95122781966595 400.91579166260135 324.88101398357236
    vertex -198.90322381966612 399.92778466260125 324.0690139835724
    vertex -199.29723681966698 401.4217726626013 320.94701398357256
  endloop
endfacet
facet normal 0.9950186685959898 0.06255117022605891 -0.07762216338659111
  outer loop
    vertex -199.2812298196673 400.6297806626014 319.79301298357245
    vertex -198.90322381966612 399.92778466260125 324.0690139835724
    vertex -198.95922381966656 398.62578266260124 322.3050139835724
  endloop
endfacet
facet normal 0.9950186685959898 0.06255117022605891 -0.07762216338659111
  outer loop
    vertex -198.67922481966542 399.65977966260135 326.7290139835723
    vertex -198.95922381966656 398.62578266260124 322.3050139835724
    vertex -198.90322381966612 399.92778466260125 324.0690139835724
  endloop
endfacet
facet normal 0.9129733907711679 -0.40172584410447826 -0.07138581037111366
  outer loop
    vertex -201.13723281966773 390.83778866260144 318.093013983573
    vertex -201.57323781966872 390.53780066260134 314.2050139835731
    vertex -201.48722381966985 391.47179066260145 310.04901398357305
  endloop
endfacet
facet normal 0.9821565953178322 0.17506096851900751 -0.06871738917385795
  outer loop
    vertex -199.43322281966692 402.29179866260137 321.1170139835726
    vertex -199.60123781966783 401.83778866260144 317.55901398357264
    vertex -199.81722581966818 402.53377166260145 316.2450149835727
  endloop
endfacet
facet normal 0.9877538360226884 -0.1378907046618338 -0.07299666424109527
  outer loop
    vertex -199.60523481966786 395.57979266260145 317.55901398357264
    vertex -199.71723481966842 395.9537856626014 315.33701398357266
    vertex -199.2832288196672 396.70378566260155 319.79301298357257
  endloop
endfacet
facet normal 0.9837802523246327 0.16432880553297238 -0.07191980817680813
  outer loop
    vertex -199.60123781966783 401.83778866260144 317.55901398357264
    vertex -199.71523581966844 401.54777966260144 315.33701398357266
    vertex -200.18923481966957 402.55778966260135 311.1610139835728
  endloop
endfacet
facet normal 0.9843658641106787 0.162314343171727 -0.06839517215686997
  outer loop
    vertex -199.29723681966698 401.4217726626013 320.94701398357256
    vertex -199.60123781966783 401.83778866260144 317.55901398357264
    vertex -199.05922981966583 401.8517956626014 325.3930129835725
  endloop
endfacet
facet normal 0.9827998158926695 0.1715784638675619 -0.068303386579164
  outer loop
    vertex -199.05922981966583 401.8517956626014 325.3930129835725
    vertex -199.60123781966783 401.83778866260144 317.55901398357264
    vertex -199.43322281966692 402.29179866260137 321.1170139835726
  endloop
endfacet
facet normal 0.981527140083553 -0.1761132100487428 -0.0747570098768578
  outer loop
    vertex -199.43723581966694 395.00578766260134 321.1170139835726
    vertex -199.82122381966818 394.9337966626014 316.2450149835727
    vertex -199.60523481966786 395.57979266260145 317.55901398357264
  endloop
endfacet
facet normal 0.9831699596200466 0.16838776319377002 -0.07086883452770272
  outer loop
    vertex -199.71523581966844 401.54777966260144 315.33701398357266
    vertex -200.44723081967064 402.30577566260126 306.98301398357285
    vertex -200.18923481966957 402.55778966260135 311.1610139835728
  endloop
endfacet
facet normal 0.9905481440965376 0.11911732395490446 -0.06801056800768068
  outer loop
    vertex -198.90322381966612 399.92778466260125 324.0690139835724
    vertex -199.2812298196673 400.6297806626014 319.79301298357245
    vertex -199.29723681966698 401.4217726626013 320.94701398357256
  endloop
endfacet
facet normal 0.9908841761579298 0.11308584510338304 -0.07321298434755016
  outer loop
    vertex -199.2812298196673 400.6297806626014 319.79301298357245
    vertex -199.3852338196678 400.0378006626015 317.47101398357245
    vertex -199.71523581966844 401.54777966260144 315.33701398357266
  endloop
endfacet
facet normal 0.5050539194454853 -0.8623045651801451 -0.03676105714250643
  outer loop
    vertex -212.29723681966772 379.6617936626013 317.7950139835758
    vertex -212.0392258196684 379.9137766626013 315.4290149835758
    vertex -210.90923581966715 380.373798662601 320.16301398357547
  endloop
endfacet
facet normal 0.5436296216969883 -0.8385699906400942 -0.03559782593729313
  outer loop
    vertex -210.90923581966715 380.373798662601 320.16301398357547
    vertex -210.36522981966775 380.82979266260133 317.7290139835753
    vertex -208.74523481966645 381.6557816626011 323.011012983575
  endloop
endfacet
facet normal 0.5543821748699286 -0.8312988558473319 -0.04003269230772462
  outer loop
    vertex -210.36522981966775 380.82979266260133 317.7290139835753
    vertex -210.21123781966875 381.11577266260133 313.9230139835753
    vertex -208.74523481966645 381.6557816626011 323.011012983575
  endloop
endfacet
facet normal 0.4025505919797887 -0.914610691846277 -0.037951327476073875
  outer loop
    vertex -217.00922681967114 377.96577866260134 304.82101298357713
    vertex -214.98522481967262 379.0957836626012 299.05701298357656
    vertex -216.16923081967053 378.24577766260126 306.9830139835769
  endloop
endfacet
facet normal 0.6689510675586963 -0.741865196667512 -0.046265529128655995
  outer loop
    vertex -206.37722281966555 383.3837786626013 326.19301498357436
    vertex -206.27323481966684 383.7717786626014 321.47501398357434
    vertex -205.41523281966545 384.21779266260125 326.7290139835741
  endloop
endfacet
facet normal 0.399426852516141 -0.9164566899540404 -0.023776562567639808
  outer loop
    vertex -215.06122881966667 378.16179366260127 321.9090139835766
    vertex -213.65923581966544 378.64778566260105 326.72901398357624
    vertex -215.2332258196654 377.9617806626013 326.7290139835767
  endloop
endfacet
facet normal 0.6272930127096304 -0.7774956223778868 -0.04476643149613382
  outer loop
    vertex -207.82323781966778 382.7037856626013 317.72901398357476
    vertex -207.09922281966718 383.14778566260094 320.16301398357456
    vertex -208.74523481966645 381.6557816626011 323.011012983575
  endloop
endfacet
facet normal 0.5047637799007578 -0.8621197081314147 -0.04430728328055706
  outer loop
    vertex -213.69723081967268 379.77577666260123 299.0570129835762
    vertex -212.45722481967272 380.50178966260137 299.0570129835759
    vertex -211.70722481967135 380.6817826626013 304.09901298357573
  endloop
endfacet
facet normal 0.515613392451585 -0.8561457128502691 -0.03401981617634641
  outer loop
    vertex -211.73923781966678 379.821796662601 321.4750139835757
    vertex -210.90923581966715 380.373798662601 320.16301398357547
    vertex -209.97523081966582 380.7377816626014 325.1590139835753
  endloop
endfacet
facet normal 0.474703520739693 -0.8790724220643639 -0.04345393150490479
  outer loop
    vertex -214.98522481967262 379.0957836626012 299.05701298357656
    vertex -213.1152298196706 379.7137956626012 306.9830139835761
    vertex -213.27723181966948 379.4197886626014 311.16101398357614
  endloop
endfacet
facet normal 0.4837089461207484 -0.874334424359786 -0.03955969947050292
  outer loop
    vertex -213.12723881966812 379.26378266260133 316.44301498357606
    vertex -213.27723181966948 379.4197886626014 311.16101398357614
    vertex -212.29723681966772 379.6617936626013 317.7950139835758
  endloop
endfacet
facet normal 0.4921124087128713 -0.8695127637359535 -0.042106185900411715
  outer loop
    vertex -213.27723181966948 379.4197886626014 311.16101398357614
    vertex -213.1152298196706 379.7137956626012 306.9830139835761
    vertex -212.0392258196684 379.9137766626013 315.4290149835758
  endloop
endfacet
facet normal 0.5237436909103983 -0.8508231573709795 -0.04233793940227233
  outer loop
    vertex -212.0392258196684 379.9137766626013 315.4290149835758
    vertex -210.36522981966775 380.82979266260133 317.7290139835753
    vertex -210.90923581966715 380.373798662601 320.16301398357547
  endloop
endfacet
facet normal 0.3791214919589594 -0.9247532194111446 -0.033141779124492336
  outer loop
    vertex -217.79523781966975 377.4717906626012 309.9790139835774
    vertex -216.16923081967053 378.24577766260126 306.9830139835769
    vertex -217.15923581966908 377.63777566260137 312.62301398357715
  endloop
endfacet
facet normal 0.52135732316285 -0.8524017542349549 -0.039972377482950086
  outer loop
    vertex -212.0392258196684 379.9137766626013 315.4290149835758
    vertex -211.38123581966974 380.57179666260123 309.9790139835756
    vertex -210.36522981966775 380.82979266260133 317.7290139835753
  endloop
endfacet
facet normal 0.37755347226192965 -0.9253561013945457 -0.034197385789669334
  outer loop
    vertex -216.49523481966838 377.7937816626014 315.42901498357696
    vertex -215.5632278196695 378.33177666260127 311.1610139835767
    vertex -215.96723481966774 377.9217726626014 317.7950139835769
  endloop
endfacet
facet normal 0.397938068918697 -0.9165892065204825 -0.03885253911150304
  outer loop
    vertex -216.16923081967053 378.24577766260126 306.9830139835769
    vertex -214.98522481967262 379.0957836626012 299.05701298357656
    vertex -215.5632278196695 378.33177666260127 311.1610139835767
  endloop
endfacet
facet normal 0.37167173563072425 -0.9278049616410844 -0.03221915714960445
  outer loop
    vertex -218.2872268196704 377.3497816626013 307.81701298357746
    vertex -217.00922681967114 377.96577866260134 304.82101298357713
    vertex -217.79523781966975 377.4717906626012 309.9790139835774
  endloop
endfacet
facet normal 0.344677252242836 -0.9381919225188183 -0.031519966795226805
  outer loop
    vertex -219.13123581967133 377.15977966260124 304.24301298357767
    vertex -218.2872268196704 377.3497816626013 307.81701298357746
    vertex -219.05922981966998 377.0177806626013 309.25701398357774
  endloop
endfacet
facet normal 0.35252431549846747 -0.9351829246320086 -0.034051497163265824
  outer loop
    vertex -219.0932268196727 377.35377966260126 299.05701298357775
    vertex -217.68723581967265 377.8837786626013 299.0570129835773
    vertex -218.0172378196713 377.57579466260137 304.0990129835774
  endloop
endfacet
facet normal 0.3683013589431648 -0.9290283749643025 -0.03550193673316547
  outer loop
    vertex -217.15923581966908 377.63777566260137 312.62301398357715
    vertex -216.16923081967053 378.24577766260126 306.9830139835769
    vertex -216.49523481966838 377.7937816626014 315.42901498357696
  endloop
endfacet
facet normal 0.480675062646115 -0.8763907839493715 -0.02984422823192819
  outer loop
    vertex -212.75522881966663 379.2497756626012 321.90901398357596
    vertex -211.73923781966678 379.821796662601 321.4750139835757
    vertex -211.61722881966537 379.7097976626014 326.72901398357567
  endloop
endfacet
facet normal 0.6477343600488533 -0.7604697898411374 -0.04610745656701263
  outer loop
    vertex -207.09922281966718 383.14778566260094 320.16301398357456
    vertex -206.27323481966684 383.7717786626014 321.47501398357434
    vertex -207.37522381966588 382.6097916626011 325.15901398357465
  endloop
endfacet
facet normal 0.3145371276511573 -0.9486690319222839 -0.03306755510460994
  outer loop
    vertex -220.53322881967264 376.8757826626012 299.0570129835781
    vertex -219.0932268196727 377.35377966260126 299.05701298357775
    vertex -220.3212388196712 376.75578766260134 304.53301298357803
  endloop
endfacet
facet normal 0.3145371276511573 -0.9486690319222839 -0.03306755510460994
  outer loop
    vertex -219.13123581967133 377.15977966260124 304.24301298357767
    vertex -220.3212388196712 376.75578766260134 304.53301298357803
    vertex -219.0932268196727 377.35377966260126 299.05701298357775
  endloop
endfacet
facet normal 0.35977295615712485 -0.9326198428343548 -0.027993727325719964
  outer loop
    vertex -217.79523781966975 377.4717906626012 309.9790139835774
    vertex -217.15923581966908 377.63777566260137 312.62301398357715
    vertex -218.20322681966775 377.0817766626014 317.72901398357743
  endloop
endfacet
facet normal 0.5184124392134701 -0.8543810541128842 -0.035798844139120455
  outer loop
    vertex -211.73923781966678 379.821796662601 321.4750139835757
    vertex -209.97523081966582 380.7377816626014 325.1590139835753
    vertex -211.02123581966558 380.0597726626013 326.19301498357555
  endloop
endfacet
facet normal 0.44840691495799273 -0.8929990181734007 -0.038522618799846885
  outer loop
    vertex -214.17922481966824 378.7697946626013 315.6490139835763
    vertex -214.49523481967 378.89177366260145 309.14301298357645
    vertex -213.12723881966812 379.26378266260133 316.44301498357606
  endloop
endfacet
facet normal 0.3691999816359232 -0.9290965929655037 -0.021700103684716993
  outer loop
    vertex -215.84722481966537 377.71779266260114 326.72901398357686
    vertex -216.56322781966557 377.44578966260104 326.193014983577
    vertex -215.2332258196654 377.9617806626013 326.7290139835767
  endloop
endfacet
facet normal 0.6480045732739272 -0.7597074804012973 -0.05417210756826999
  outer loop
    vertex -207.82323781966778 382.7037856626013 317.72901398357476
    vertex -206.65322381966843 383.86577266260144 315.42901498357446
    vertex -207.09922281966718 383.14778566260094 320.16301398357456
  endloop
endfacet
facet normal 0.5779108451556577 -0.8148134558088089 -0.04580488275696978
  outer loop
    vertex -210.36922781967004 381.2597856626012 309.25701398357535
    vertex -209.4672348196698 381.85579366260123 310.0350139835752
    vertex -209.15923581966842 381.7617996626014 315.59301398357513
  endloop
endfacet
facet normal 0.5337948248140859 -0.8445771380582714 -0.04186338341557089
  outer loop
    vertex -211.38123581966974 380.57179666260123 309.9790139835756
    vertex -210.21123781966875 381.11577266260133 313.9230139835753
    vertex -210.36522981966775 380.82979266260133 317.7290139835753
  endloop
endfacet
facet normal 0.6221195233747409 -0.7813387645116481 -0.049769807186657126
  outer loop
    vertex -208.74523481966645 381.6557816626011 323.011012983575
    vertex -207.09922281966718 383.14778566260094 320.16301398357456
    vertex -207.37522381966588 382.6097916626011 325.15901398357465
  endloop
endfacet
facet normal 0.3237874553445894 -0.9458177148747361 -0.024300905139691673
  outer loop
    vertex -218.76923681966872 376.98579866260144 313.9230139835776
    vertex -218.20322681966775 377.0817766626014 317.72901398357743
    vertex -219.6412308196664 376.4537856626013 323.0110129835778
  endloop
endfacet
facet normal 0.39032962416569045 -0.9201645314809993 -0.03065973749111766
  outer loop
    vertex -217.68723581967265 377.8837786626013 299.0570129835773
    vertex -216.31522681967266 378.4657786626012 299.0570129835769
    vertex -218.0172378196713 377.57579466260137 304.0990129835774
  endloop
endfacet
facet normal 0.31872848943461846 -0.9475193089165357 -0.024885924798105686
  outer loop
    vertex -219.91123481966832 376.5577896626013 315.59301398357786
    vertex -218.76923681966872 376.98579866260144 313.9230139835776
    vertex -219.6412308196664 376.4537856626013 323.0110129835778
  endloop
endfacet
facet normal 0.3698939993347815 -0.9287707118866824 -0.02373592209344551
  outer loop
    vertex -216.56322781966557 377.44578966260104 326.193014983577
    vertex -216.22323181966684 377.70177166260095 321.47501398357696
    vertex -215.2332258196654 377.9617806626013 326.7290139835767
  endloop
endfacet
facet normal 0.40837473400773483 -0.9120674533980324 -0.03691933201101998
  outer loop
    vertex -214.49523481967 378.89177366260145 309.14301298357645
    vertex -214.17922481966824 378.7697946626013 315.6490139835763
    vertex -215.5632278196695 378.33177666260127 311.1610139835767
  endloop
endfacet
facet normal 0.40837473400773483 -0.9120674533980324 -0.03691933201101998
  outer loop
    vertex -215.19323281966814 378.2837716626014 316.44301498357663
    vertex -215.5632278196695 378.33177666260127 311.1610139835767
    vertex -214.17922481966824 378.7697946626013 315.6490139835763
  endloop
endfacet
facet normal 0.6758269163422801 -0.7352324819745961 -0.05187655151183447
  outer loop
    vertex -206.27323481966684 383.7717786626014 321.47501398357434
    vertex -206.20322681966775 384.09578366260155 317.7950139835743
    vertex -205.4392348196667 384.5077706626013 321.90901398357414
  endloop
endfacet
facet normal 0.5025420931507897 -0.8634537452900221 -0.04357837027995384
  outer loop
    vertex -213.1152298196706 379.7137956626012 306.9830139835761
    vertex -211.38123581966974 380.57179666260123 309.9790139835756
    vertex -212.0392258196684 379.9137766626013 315.4290149835758
  endloop
endfacet
facet normal 0.3511114416326913 -0.9358963408496407 -0.02861458961555543
  outer loop
    vertex -218.76923681966872 376.98579866260144 313.9230139835776
    vertex -217.79523781966975 377.4717906626012 309.9790139835774
    vertex -218.20322681966775 377.0817766626014 317.72901398357743
  endloop
endfacet
facet normal 0.38429857097971126 -0.9227275050192245 -0.029808720602346205
  outer loop
    vertex -217.00922681967114 377.96577866260134 304.82101298357713
    vertex -216.16923081967053 378.24577766260126 306.9830139835769
    vertex -217.79523781966975 377.4717906626012 309.9790139835774
  endloop
endfacet
facet normal 0.4073938184754632 -0.912869309764192 -0.02645562243889367
  outer loop
    vertex -215.06122881966667 378.16179366260127 321.9090139835766
    vertex -213.8872328196667 378.6857806626012 321.9070129835763
    vertex -213.65923581966544 378.64778566260105 326.72901398357624
  endloop
endfacet
facet normal 0.4279343449732398 -0.9034111390911281 -0.026842320287092377
  outer loop
    vertex -216.31522681967266 378.4657786626012 299.0570129835769
    vertex -214.98522481967262 379.0957836626012 299.05701298357656
    vertex -217.00922681967114 377.96577866260134 304.82101298357713
  endloop
endfacet
facet normal 0.3539428645960164 -0.9348541785052993 -0.02778693097029587
  outer loop
    vertex -218.2872268196704 377.3497816626013 307.81701298357746
    vertex -217.79523781966975 377.4717906626012 309.9790139835774
    vertex -218.76923681966872 376.98579866260144 313.9230139835776
  endloop
endfacet
facet normal 0.31444347814439444 -0.9487572298318396 -0.031384994731074985
  outer loop
    vertex -220.3212388196712 376.75578766260134 304.53301298357803
    vertex -219.13123581967133 377.15977966260124 304.24301298357767
    vertex -219.05922981966998 377.0177806626013 309.25701398357774
  endloop
endfacet
facet normal 0.3123797558991867 -0.9494580390467217 -0.03079480790520644
  outer loop
    vertex -220.3212388196712 376.75578766260134 304.53301298357803
    vertex -219.05922981966998 377.0177806626013 309.25701398357774
    vertex -220.1132308196698 376.6457716626014 310.035013983578
  endloop
endfacet
facet normal 0.5107401351494949 -0.8584314165832462 -0.047328821772329645
  outer loop
    vertex -213.69723081967268 379.77577666260123 299.0570129835762
    vertex -211.70722481967135 380.6817826626013 304.09901298357573
    vertex -212.54122481967113 380.14577166260136 304.82101298357594
  endloop
endfacet
facet normal 0.7069129307753131 -0.7052744340561937 -0.053498420251192676
  outer loop
    vertex -205.4392348196667 384.5077706626013 321.90901398357414
    vertex -205.69922981966815 384.66179366260144 316.44301498357413
    vertex -204.63723281966668 385.31178766260126 321.9070129835739
  endloop
endfacet
facet normal 0.4524786674680144 -0.8908776083185328 -0.04000178099810883
  outer loop
    vertex -214.49523481967 378.89177366260145 309.14301298357645
    vertex -214.98522481967262 379.0957836626012 299.05701298357656
    vertex -213.27723181966948 379.4197886626014 311.16101398357614
  endloop
endfacet
facet normal 0.45133141294673607 -0.8914973098230914 -0.039147187200280875
  outer loop
    vertex -214.49523481967 378.89177366260145 309.14301298357645
    vertex -213.27723181966948 379.4197886626014 311.16101398357614
    vertex -213.12723881966812 379.26378266260133 316.44301498357606
  endloop
endfacet
facet normal 0.3459012856597183 -0.9377154222297425 -0.03228137994959458
  outer loop
    vertex -219.0932268196727 377.35377966260126 299.05701298357775
    vertex -218.0172378196713 377.57579466260137 304.0990129835774
    vertex -219.13123581967133 377.15977966260124 304.24301298357767
  endloop
endfacet
facet normal 0.3459012856597183 -0.9377154222297425 -0.03228137994959458
  outer loop
    vertex -218.2872268196704 377.3497816626013 307.81701298357746
    vertex -219.13123581967133 377.15977966260124 304.24301298357767
    vertex -218.0172378196713 377.57579466260137 304.0990129835774
  endloop
endfacet
facet normal 0.5385051231468575 -0.8414889838177141 -0.04368663935368268
  outer loop
    vertex -211.38123581966974 380.57179666260123 309.9790139835756
    vertex -211.1472278196704 380.83379066260136 307.8170129835756
    vertex -210.21123781966875 381.11577266260133 313.9230139835753
  endloop
endfacet
facet normal 0.40645844035237805 -0.9128699048673993 -0.03821090228845403
  outer loop
    vertex -214.98522481967262 379.0957836626012 299.05701298357656
    vertex -214.49523481967 378.89177366260145 309.14301298357645
    vertex -215.5632278196695 378.33177666260127 311.1610139835767
  endloop
endfacet
facet normal 0.6796351070074668 -0.7316372575142056 -0.05294378849346891
  outer loop
    vertex -206.20322681966775 384.09578366260155 317.7950139835743
    vertex -205.69922981966815 384.66179366260144 316.44301498357413
    vertex -205.4392348196667 384.5077706626013 321.90901398357414
  endloop
endfacet
facet normal 0.498624238035827 -0.865865973227238 -0.0406200153919104
  outer loop
    vertex -213.1152298196706 379.7137956626012 306.9830139835761
    vertex -212.54122481967113 380.14577166260136 304.82101298357594
    vertex -211.38123581966974 380.57179666260123 309.9790139835756
  endloop
endfacet
facet normal 0.381793724180882 -0.9236164230292412 -0.0341504800370719
  outer loop
    vertex -218.0172378196713 377.57579466260137 304.0990129835774
    vertex -216.31522681967266 378.4657786626012 299.0570129835769
    vertex -217.00922681967114 377.96577866260134 304.82101298357713
  endloop
endfacet
facet normal 0.5089680708710784 -0.8598653134286244 -0.03978876218313982
  outer loop
    vertex -212.29723681966772 379.6617936626013 317.7950139835758
    vertex -210.90923581966715 380.373798662601 320.16301398357547
    vertex -211.73923781966678 379.821796662601 321.4750139835757
  endloop
endfacet
facet normal 0.7112064996420844 -0.7008392370842114 -0.054860538003874484
  outer loop
    vertex -204.63723281966668 385.31178766260126 321.9070129835739
    vertex -205.69922981966815 384.66179366260144 316.44301498357413
    vertex -205.03322881966835 385.3997996626014 315.6490139835739
  endloop
endfacet
facet normal 0.6747558701213926 -0.7364999580474969 -0.047668936769743604
  outer loop
    vertex -206.27323481966684 383.7717786626014 321.47501398357434
    vertex -205.4392348196667 384.5077706626013 321.90901398357414
    vertex -205.41523281966545 384.21779266260125 326.7290139835741
  endloop
endfacet
facet normal 0.31551976122605857 -0.9485596870663675 -0.02611130690728105
  outer loop
    vertex -220.1132308196698 376.6457716626014 310.035013983578
    vertex -219.05922981966998 377.0177806626013 309.25701398357774
    vertex -218.76923681966872 376.98579866260144 313.9230139835776
  endloop
endfacet
facet normal 0.3165962974331508 -0.9481896945493882 -0.02651579910087338
  outer loop
    vertex -220.1132308196698 376.6457716626014 310.035013983578
    vertex -218.76923681966872 376.98579866260144 313.9230139835776
    vertex -219.91123481966832 376.5577896626013 315.59301398357786
  endloop
endfacet
facet normal 0.6696745955649577 -0.7410471560238884 -0.04883695940389018
  outer loop
    vertex -205.85123781966544 383.8237806626013 326.72901398357425
    vertex -206.37722281966555 383.3837786626013 326.19301498357436
    vertex -205.41523281966545 384.21779266260125 326.7290139835741
  endloop
endfacet
facet normal 0.3785189719497696 -0.9251468644664559 -0.02875181806381905
  outer loop
    vertex -218.0172378196713 377.57579466260137 304.0990129835774
    vertex -217.00922681967114 377.96577866260134 304.82101298357713
    vertex -218.2872268196704 377.3497816626013 307.81701298357746
  endloop
endfacet
facet normal 0.4518346674196701 -0.8917042733829769 -0.02662559198015026
  outer loop
    vertex -213.65923581966544 378.64778566260105 326.72901398357624
    vertex -212.75522881966663 379.2497756626012 321.90901398357596
    vertex -212.16723181966543 379.40379766260133 326.72901398357584
  endloop
endfacet
facet normal 0.6549997038522839 -0.7537043669384879 -0.053899120691102295
  outer loop
    vertex -207.09922281966718 383.14778566260094 320.16301398357456
    vertex -206.20322681966775 384.09578366260155 317.7950139835743
    vertex -206.27323481966684 383.7717786626014 321.47501398357434
  endloop
endfacet
facet normal 0.6495962450766668 -0.7584488319615005 -0.052726536758359546
  outer loop
    vertex -207.21723481966913 383.57777866260136 312.6230139835746
    vertex -206.65322381966843 383.86577266260144 315.42901498357446
    vertex -207.82323781966778 382.7037856626013 317.72901398357476
  endloop
endfacet
facet normal -0.06776588006170037 0.9953337351693816 0.0686916380153421
  outer loop
    vertex -226.86323081966611 379.3937876626014 324.1450139835797
    vertex -232.3272358196661 379.0217786626014 324.14501398358107
    vertex -226.87522381966417 378.8757826626014 331.6390139835797
  endloop
endfacet
facet normal 0.6018327880125097 0.7949771380847966 0.07621446841378346
  outer loop
    vertex -255.6092328196661 387.70579966260135 324.1450139835873
    vertex -258.8032328196661 390.1237986626013 324.145013983588
    vertex -256.1672318196642 387.4097796626014 331.63901398358746
  endloop
endfacet
facet normal 0.6488138561715173 -0.7593162627360278 -0.049793505444357296
  outer loop
    vertex -206.81122881966542 386.49177966260135 326.7250139835744
    vertex -206.56722581966417 386.37779666260127 331.63901398357433
    vertex -210.64722781966543 383.2137956626011 326.7250139835755
  endloop
endfacet
facet normal 0.6488138561715173 -0.7593162627360278 -0.049793505444357296
  outer loop
    vertex -210.44123381966415 383.0677996626014 331.63901398357547
    vertex -210.64722781966543 383.2137956626011 326.7250139835755
    vertex -206.56722581966417 386.37779666260127 331.63901398357433
  endloop
endfacet
facet normal -0.5735459679215157 -0.817008398274281 0.059517222971720164
  outer loop
    vertex -214.90322381966615 414.00780166260125 324.14501398357663
    vertex -212.50722781966616 412.3257946626012 324.14501398357595
    vertex -212.24523481966418 412.68779466260133 331.63901398357586
  endloop
endfacet
facet normal 0.09793895006231464 0.9951689775642105 0.00683140940768273
  outer loop
    vertex -232.44323281966277 378.60979166260165 337.0090159835811
    vertex -232.56322781966324 378.6337786626017 335.2350139835812
    vertex -237.8692278196628 379.14378766260165 337.0090159835826
  endloop
endfacet
facet normal 0.7717051011248441 -0.6337666665144293 -0.05301932961743487
  outer loop
    vertex -206.56722581966417 386.37779666260127 331.63901398357433
    vertex -206.81122881966542 386.49177966260135 326.7250139835744
    vertex -203.0972248196628 390.15379766260145 337.00901598357353
  endloop
endfacet
facet normal -0.7901886514651107 -0.6104828071256272 -0.053968854905065276
  outer loop
    vertex -258.07923381966543 386.5197946626014 326.7250139835879
    vertex -258.32523681966416 386.4037976626014 331.639013983588
    vertex -261.1992298196642 390.1237986626013 331.63901398358865
  endloop
endfacet
facet normal 0.4945845993897935 -0.8659278046032098 0.07453261877529055
  outer loop
    vertex -252.1132308196661 412.34578366260126 324.14501398358635
    vertex -247.86922781966612 414.76979466260127 324.1450139835852
    vertex -252.60523481966416 412.7097976626015 331.6390139835865
  endloop
endfacet
facet normal 0.7937290520507512 0.604100392723412 -0.07111193600258446
  outer loop
    vertex -203.08922881966285 406.87779666260127 337.0090159835734
    vertex -203.95122781966543 406.79979366260125 326.72501398357366
    vertex -206.7992358196655 410.5417986626013 326.7250139835744
  endloop
endfacet
facet normal -0.6493388843542903 -0.7583478442343151 0.05716257876174499
  outer loop
    vertex -212.24523481966418 412.68779466260133 331.63901398357586
    vertex -209.0252338196661 409.3657726626012 324.14501398357504
    vertex -208.69723081966416 409.6497996626013 331.63901398357496
  endloop
endfacet
facet normal 0.5718559154072119 0.8203540569965738 -0.0001821621307608215
  outer loop
    vertex -210.6312358196655 413.82378066260134 326.72501398357554
    vertex -213.9852248196654 416.1617936626013 326.72501398357633
    vertex -214.0152238196641 416.18379666260125 331.6390139835763
  endloop
endfacet
facet normal -0.19144653671421802 0.04752605463489958 0.9803517214301061
  outer loop
    vertex -237.1912338196643 379.23579866260127 331.1870139835824
    vertex -237.6152298196643 379.30177766260164 331.1010159835825
    vertex -237.68723581966432 377.23778166260166 331.1870139835825
  endloop
endfacet
facet normal -0.1903705283664586 0.04749730385899242 0.9805626283188658
  outer loop
    vertex -237.68723581966432 377.23778166260166 331.1870139835825
    vertex -237.6152298196643 379.30177766260164 331.1010159835825
    vertex -238.11323081966432 377.30577566260155 331.1010159835826
  endloop
endfacet
facet normal -0.16579119166819278 -0.9852094614204971 -0.043308173510026055
  outer loop
    vertex -238.11323081966373 377.30577566260155 333.34701398358266
    vertex -237.68723581966378 377.23778166260166 333.2630139835825
    vertex -238.52323481966275 377.2137956626016 337.00901598358274
  endloop
endfacet
facet normal 0.5414461320680893 -0.13495419843436107 -0.8298333871286719
  outer loop
    vertex -238.03922581966378 379.36980166260156 333.2630139835826
    vertex -238.53722681966377 377.37178466260156 333.2630139835827
    vertex -238.39922681966382 379.42580066260166 333.01901498358274
  endloop
endfacet
facet normal 0.5414461320680893 -0.13495419843436107 -0.8298333871286719
  outer loop
    vertex -238.89722781966384 377.4277846626013 333.01901498358285
    vertex -238.39922681966382 379.42580066260166 333.01901498358274
    vertex -238.53722681966377 377.37178466260156 333.2630139835827
  endloop
endfacet
facet normal 0.6495377321141679 0.7586857605328823 -0.0499665020251166
  outer loop
    vertex -206.7992358196655 410.5417986626013 326.7250139835744
    vertex -210.6312358196655 413.82378066260134 326.72501398357554
    vertex -206.55523181966421 410.6577956626013 331.63901398357433
  endloop
endfacet
facet normal 0.6495377321141679 0.7586857605328823 -0.0499665020251166
  outer loop
    vertex -210.42522681966418 413.9697766626013 331.6390139835754
    vertex -206.55523181966421 410.6577956626013 331.63901398357433
    vertex -210.6312358196655 413.82378066260134 326.72501398357554
  endloop
endfacet
facet normal -0.7050967044450751 0.7072848704036199 -0.05086009711777159
  outer loop
    vertex -254.23122681966547 413.84779766260135 326.7250139835869
    vertex -258.3112288196641 410.13377866260134 331.63901398358786
    vertex -254.43923481966416 413.9937936626013 331.639013983587
  endloop
endfacet
facet normal -0.4979346056137592 0.8650798911429262 0.06081044706638287
  outer loop
    vertex -212.25922681966418 384.3517956626012 331.63901398357586
    vertex -212.52123581966615 384.72777266260124 324.14501398357595
    vertex -216.5852308196642 381.86177466260136 331.63901398357706
  endloop
endfacet
facet normal -0.35035947932754974 0.935578584357485 -0.04405618840722299
  outer loop
    vertex -244.22722881966544 418.53380266260143 326.72501398358435
    vertex -249.55723081966545 416.53780066260134 326.7250139835856
    vertex -249.72123281966418 416.70778366260134 331.63901398358564
  endloop
endfacet
facet normal -2.3111159332763138e-32 -1.0 6.050284018971948e-45
  outer loop
    vertex -255.53522781966612 410.13377866260134 324.14501398358715
    vertex -255.5352278196642 410.13377866260134 331.6390139835872
    vertex -258.0672258196654 410.13377866260134 326.72501398358787
  endloop
endfacet
facet normal -2.3111159332763138e-32 -1.0 6.050284018971948e-45
  outer loop
    vertex -258.3112288196641 410.13377866260134 331.63901398358786
    vertex -258.0672258196654 410.13377866260134 326.72501398358787
    vertex -255.5352278196642 410.13377866260134 331.6390139835872
  endloop
endfacet
facet normal 0.8079610160144614 -0.20138241798115933 -0.5537545650637484
  outer loop
    vertex -238.89722781966384 377.4277846626013 333.01901498358285
    vertex -239.1372328196639 377.46577866260145 332.6550159835829
    vertex -238.39922681966382 379.42580066260166 333.01901498358274
  endloop
endfacet
facet normal 0.8079610160144614 -0.20138241798115933 -0.5537545650637484
  outer loop
    vertex -238.63923181966393 379.46379566260146 332.65501598358276
    vertex -238.39922681966382 379.42580066260166 333.01901498358274
    vertex -239.1372328196639 377.46577866260145 332.6550159835829
  endloop
endfacet
facet normal 0.49818273343841396 -0.8658246872253903 -0.046492742389380136
  outer loop
    vertex -215.32122381966536 380.5237926626013 326.7250139835767
    vertex -210.64722781966543 383.2137956626011 326.7250139835755
    vertex -215.1592358196641 380.3537796626013 331.6390139835766
  endloop
endfacet
facet normal 0.49818273343841396 -0.8658246872253903 -0.046492742389380136
  outer loop
    vertex -210.44123381966415 383.0677996626014 331.63901398357547
    vertex -215.1592358196641 380.3537796626013 331.6390139835766
    vertex -210.64722781966543 383.2137956626011 326.7250139835755
  endloop
endfacet
facet normal -0.9166920610249576 0.39952612535255067 -0.007385148244537367
  outer loop
    vertex -213.9852248196654 416.1617936626013 326.72501398357633
    vertex -214.90322381966615 414.00780166260125 324.14501398357663
    vertex -214.0152238196641 416.18379666260125 331.6390139835763
  endloop
endfacet
facet normal 0.127559111392868 0.9918286369886834 0.002151267029623514
  outer loop
    vertex -238.63923181966393 379.46379566260146 332.65501598358276
    vertex -238.725230819664 379.47578866260164 332.22501598358275
    vertex -240.2752338196636 379.6717726626014 333.77501498358316
  endloop
endfacet
facet normal 0.13076379070424093 0.9913910454970231 -0.006680265636709924
  outer loop
    vertex -236.50522881966404 379.12779666260127 332.2250159835822
    vertex -236.5892288196639 379.1417736626014 332.65501598358225
    vertex -234.9552258196636 378.9337966626014 333.7750149835818
  endloop
endfacet
facet normal 0.5243350137076104 0.8502005971966569 -0.04724127355065684
  outer loop
    vertex -210.6312358196655 413.82378066260134 326.72501398357554
    vertex -214.0152238196641 416.18379666260125 331.6390139835763
    vertex -210.42522681966418 413.9697766626013 331.6390139835754
  endloop
endfacet
facet normal 2.6179058920661186e-13 0.0 1.0
  outer loop
    vertex -206.55523181966421 410.6577956626013 331.63901398357433
    vertex -210.42522681966418 413.9697766626013 331.6390139835754
    vertex -208.69723081966416 409.6497996626013 331.63901398357496
  endloop
endfacet
facet normal 2.6179058920661186e-13 0.0 1.0
  outer loop
    vertex -212.24523481966418 412.68779466260133 331.63901398357586
    vertex -208.69723081966416 409.6497996626013 331.63901398357496
    vertex -210.42522681966418 413.9697766626013 331.6390139835754
  endloop
endfacet
facet normal 2.6179058920661186e-13 0.0 1.0
  outer loop
    vertex -214.0152238196641 416.18379666260125 331.6390139835763
    vertex -212.24523481966418 412.68779466260133 331.63901398357586
    vertex -210.42522681966418 413.9697766626013 331.6390139835754
  endloop
endfacet
facet normal 2.6179058920661186e-13 0.0 1.0
  outer loop
    vertex -214.72323181966414 414.41579166260135 331.63901398357655
    vertex -212.24523481966418 412.68779466260133 331.63901398357586
    vertex -214.0152238196641 416.18379666260125 331.6390139835763
  endloop
endfacet
facet normal 2.6179058920661186e-13 0.0 1.0
  outer loop
    vertex -206.56722581966417 386.37779666260127 331.63901398357433
    vertex -208.70922381966417 387.3857926626012 331.63901398357496
    vertex -210.44123381966415 383.0677996626014 331.63901398357547
  endloop
endfacet
facet normal 2.6179058920661186e-13 0.0 1.0
  outer loop
    vertex -212.25922681966418 384.3517956626012 331.63901398357586
    vertex -210.44123381966415 383.0677996626014 331.63901398357547
    vertex -208.70922381966417 387.3857926626012 331.63901398357496
  endloop
endfacet
facet normal 2.6179058920661186e-13 0.0 1.0
  outer loop
    vertex -215.1592358196641 380.3537796626013 331.6390139835766
    vertex -210.44123381966415 383.0677996626014 331.63901398357547
    vertex -212.25922681966418 384.3517956626012 331.63901398357586
  endloop
endfacet
facet normal 2.6179058920661186e-13 0.0 1.0
  outer loop
    vertex -216.5852308196642 381.86177466260136 331.63901398357706
    vertex -215.1592358196641 380.3537796626013 331.6390139835766
    vertex -212.25922681966418 384.3517956626012 331.63901398357586
  endloop
endfacet
facet normal 0.9974484548503608 0.04944738269283662 0.051493070033316296
  outer loop
    vertex -231.03922581966276 418.82777866260165 337.00901598358075
    vertex -230.3272358196661 417.8617746626015 324.14501398358055
    vertex -231.13123581966278 420.68379666260165 337.00901598358087
  endloop
endfacet
facet normal 0.1254422776327566 0.9921009197568091 -3.2837447349043095e-14
  outer loop
    vertex -238.725230819664 379.47578866260164 332.22501598358275
    vertex -240.27523381966444 379.6717726626014 330.6750149835832
    vertex -240.2752338196636 379.6717726626014 333.77501498358316
  endloop
endfacet
facet normal -0.5005725430523859 -0.47802770062907673 0.7217455552847869
  outer loop
    vertex -248.27923081966415 415.19777366260143 331.63901398358524
    vertex -244.33922881966276 419.1797986626016 337.00901598358433
    vertex -249.72123281966418 416.70778366260134 331.63901398358564
  endloop
endfacet
facet normal 0.12037861870857185 -0.9927031877383927 -0.007026322782931928
  outer loop
    vertex -237.81122881966374 418.37578266260147 333.2630139835825
    vertex -235.57123881966365 418.64378766260137 333.7750149835819
    vertex -238.23522481966324 418.30977266260163 335.32501498358266
  endloop
endfacet
facet normal 2.6179058920661186e-13 0.0 1.0
  outer loop
    vertex -231.03922581966276 418.82777866260165 337.00901598358075
    vertex -231.13123581966278 420.68379666260165 337.00901598358087
    vertex -238.21923381966278 418.3157846626016 337.00901598358263
  endloop
endfacet
facet normal 2.6179058920661186e-13 0.0 1.0
  outer loop
    vertex -238.50123181966276 420.1177866626016 337.0090159835828
    vertex -238.21923381966278 418.3157846626016 337.00901598358263
    vertex -231.13123581966278 420.68379666260165 337.00901598358087
  endloop
endfacet
facet normal 2.6179058920661186e-13 0.0 1.0
  outer loop
    vertex -243.34522581966277 417.5078016626017 337.00901598358394
    vertex -238.21923381966278 418.3157846626016 337.00901598358263
    vertex -238.50123181966276 420.1177866626016 337.0090159835828
  endloop
endfacet
facet normal 2.6179058920661186e-13 0.0 1.0
  outer loop
    vertex -244.33922881966276 419.1797986626016 337.00901598358433
    vertex -243.34522581966277 417.5078016626017 337.00901598358394
    vertex -238.50123181966276 420.1177866626016 337.0090159835828
  endloop
endfacet
facet normal -0.6048963060445176 -0.35961113739878486 0.710478915093509
  outer loop
    vertex -243.34522581966277 417.5078016626017 337.00901598358394
    vertex -244.33922881966276 419.1797986626016 337.00901598358433
    vertex -248.27923081966415 415.19777366260143 331.63901398358524
  endloop
endfacet
facet normal -0.5170868522846052 0.49579512958676764 0.6977165446457748
  outer loop
    vertex -244.36123181966275 378.4258006626017 337.0090159835842
    vertex -248.2972368196642 381.8777966626014 331.6390139835853
    vertex -249.74123681966415 380.37178466260144 331.63901398358576
  endloop
endfacet
facet normal -0.32606618907856344 0.6928930778896706 0.6431018760292662
  outer loop
    vertex -206.55523181966421 410.6577956626013 331.63901398357433
    vertex -208.69723081966416 409.6497996626013 331.63901398357496
    vertex -205.47123281966282 406.18379666260137 337.00901598357405
  endloop
endfacet
facet normal 0.9148437162291473 -0.3958540339504674 -0.07975311079315725
  outer loop
    vertex -203.0972248196628 390.15379766260145 337.00901598357353
    vertex -203.96122281966544 390.2318006626013 326.7250139835737
    vertex -201.32523681966288 394.2517896626013 337.00901598357297
  endloop
endfacet
facet normal 0.9148437162291473 -0.3958540339504674 -0.07975311079315725
  outer loop
    vertex -202.20322681966545 394.29179866260137 326.7250139835732
    vertex -201.32523681966288 394.2517896626013 337.00901598357297
    vertex -203.96122281966544 390.2318006626013 326.7250139835737
  endloop
endfacet
facet normal -0.541541993006839 0.134436418511162 -0.8298548783902356
  outer loop
    vertex -236.83123281966377 379.17979866260157 333.0190149835823
    vertex -237.3272358196638 377.18178266260156 333.01901498358245
    vertex -237.19123381966375 379.23579866260127 333.26301398358237
  endloop
endfacet
facet normal -0.541541993006839 0.134436418511162 -0.8298548783902356
  outer loop
    vertex -237.68723581966378 377.23778166260166 333.2630139835825
    vertex -237.19123381966375 379.23579866260127 333.26301398358237
    vertex -237.3272358196638 377.18178266260156 333.01901498358245
  endloop
endfacet
facet normal -0.14573629087672377 -0.9884675276468257 -0.04114462673627018
  outer loop
    vertex -238.53722681966377 377.37178466260156 333.2630139835827
    vertex -238.11323081966373 377.30577566260155 333.34701398358266
    vertex -238.52323481966275 377.2137956626016 337.00901598358274
  endloop
endfacet
facet normal -0.21246282961863508 0.7292324351633073 0.6504456945327841
  outer loop
    vertex -203.08922881966285 406.87779666260127 337.0090159835734
    vertex -206.55523181966421 410.6577956626013 331.63901398357433
    vertex -205.47123281966282 406.18379666260137 337.00901598357405
  endloop
endfacet
facet normal -0.172121812068203 -0.9850178411572781 0.010674006380630242
  outer loop
    vertex -239.1372328196639 377.46577866260145 332.6550159835829
    vertex -238.89722781966384 377.4277846626013 333.01901498358285
    vertex -244.36123181966275 378.4258006626017 337.0090159835842
  endloop
endfacet
facet normal -0.18630264369877114 -0.9822824675790618 -0.020309575023575194
  outer loop
    vertex -244.24723381966547 378.53978366260145 326.72501398358423
    vertex -238.89722781966424 377.4277846626013 331.43101398358283
    vertex -239.13723281966412 377.46577866260145 331.7950159835829
  endloop
endfacet
facet normal 0.9834233060591449 -0.15425858195930445 0.09530420238166822
  outer loop
    vertex -230.3272358196661 417.8617746626015 324.14501398358055
    vertex -230.24723381966544 419.96577866260134 326.7250139835806
    vertex -231.13123581966278 420.68379666260165 337.00901598358087
  endloop
endfacet
facet normal 0.13554718296038706 0.9906714873733675 -0.014034432547957006
  outer loop
    vertex -238.39922681966422 379.42580066260166 331.43101398358266
    vertex -240.27523381966444 379.6717726626014 330.6750149835832
    vertex -238.63923181966416 379.46379566260146 331.79501598358274
  endloop
endfacet
facet normal -0.36455086791393787 0.9290949358666994 -0.0623318927199258
  outer loop
    vertex -244.22722881966544 418.53380266260143 326.72501398358435
    vertex -249.72123281966418 416.70778366260134 331.63901398358564
    vertex -244.33922881966276 419.1797986626016 337.00901598358433
  endloop
endfacet
facet normal 0.06865221357286884 -0.9976089405206593 -0.007954581371328373
  outer loop
    vertex -232.45122781966543 376.88579266260143 326.72501398358116
    vertex -226.43523681966542 377.2997936626015 326.7250139835796
    vertex -232.4512278196628 376.8037916626016 337.00901598358115
  endloop
endfacet
facet normal 0.49827602000915383 0.8634943207406337 0.07809331554306786
  outer loop
    vertex -247.8852338196661 382.3177996626014 324.1450139835852
    vertex -252.6192278196642 384.37178466260144 331.6390139835864
    vertex -248.2972368196642 381.8777966626014 331.6390139835853
  endloop
endfacet
facet normal -0.27215811498966513 -0.6888121815623371 0.6719134906940076
  outer loop
    vertex -221.04323881966604 416.43379666260154 324.14501398357817
    vertex -214.90322381966615 414.00780166260125 324.14501398357663
    vertex -213.9852248196654 416.1617936626013 326.72501398357633
  endloop
endfacet
facet normal 0.1353536613599403 0.990705320142322 0.013503888260708606
  outer loop
    vertex -234.95522581966443 378.9337966626014 330.67501498358183
    vertex -236.8312328196642 379.17979866260157 331.43101398358226
    vertex -236.58922881966413 379.1417736626014 331.79501598358223
  endloop
endfacet
facet normal -0.6951772692249775 0.71800906499662 -0.03451879105042567
  outer loop
    vertex -254.23122681966547 413.84779766260135 326.7250139835869
    vertex -258.0672258196654 410.13377866260134 326.72501398358787
    vertex -258.3112288196641 410.13377866260134 331.63901398358786
  endloop
endfacet
facet normal 0.7933630713824339 -0.604565994046132 -0.07123900483333362
  outer loop
    vertex -203.0972248196628 390.15379766260145 337.00901598357353
    vertex -206.81122881966542 386.49177966260135 326.7250139835744
    vertex -203.96122281966544 390.2318006626013 326.7250139835737
  endloop
endfacet
facet normal 0.18702787720164415 -0.04663976163706756 -0.9812468118592205
  outer loop
    vertex -237.6152298196637 379.30177766260164 333.3470139835825
    vertex -238.11323081966373 377.30577566260155 333.34701398358266
    vertex -238.03922581966378 379.36980166260156 333.2630139835826
  endloop
endfacet
facet normal 0.18702787720164415 -0.04663976163706756 -0.9812468118592205
  outer loop
    vertex -238.53722681966377 377.37178466260156 333.2630139835827
    vertex -238.03922581966378 379.36980166260156 333.2630139835826
    vertex -238.11323081966373 377.30577566260155 333.34701398358266
  endloop
endfacet
facet normal -0.5710222260206195 -0.8188621641197618 0.0582955707027286
  outer loop
    vertex -214.90322381966615 414.00780166260125 324.14501398357663
    vertex -212.24523481966418 412.68779466260133 331.63901398357586
    vertex -214.72323181966414 414.41579166260135 331.63901398357655
  endloop
endfacet
facet normal -0.35128423569867123 -0.9352305945971 -0.04408084254134988
  outer loop
    vertex -249.57723581966542 380.5417986626014 326.7250139835857
    vertex -244.24723381966547 378.53978366260145 326.72501398358423
    vertex -249.74123681966415 380.37178466260144 331.63901398358576
  endloop
endfacet
facet normal -0.9175285897935256 0.3969917022921197 0.02321368610775622
  outer loop
    vertex -204.41123481966332 393.41777466260135 335.2710139835738
    vertex -205.47922781966284 390.84779766260135 337.0090159835741
    vertex -203.8532368196629 394.6057936626014 337.0090159835736
  endloop
endfacet
facet normal 0.49545591340078643 0.8653184365613378 0.07581188048871065
  outer loop
    vertex -247.8852338196661 382.3177996626014 324.1450139835852
    vertex -252.12923781966612 384.7477916626013 324.14501398358624
    vertex -252.6192278196642 384.37178466260144 331.6390139835864
  endloop
endfacet
facet normal -0.4981759689288792 0.8658177596753938 -0.046693800578391544
  outer loop
    vertex -249.55723081966545 416.53780066260134 326.7250139835856
    vertex -254.23122681966547 413.84779766260135 326.7250139835869
    vertex -249.72123281966418 416.70778366260134 331.63901398358564
  endloop
endfacet
facet normal -0.4981759689288792 0.8658177596753938 -0.046693800578391544
  outer loop
    vertex -254.43923481966416 413.9937936626013 331.639013983587
    vertex -249.72123281966418 416.70778366260134 331.63901398358564
    vertex -254.23122681966547 413.84779766260135 326.7250139835869
  endloop
endfacet
facet normal 0.35688892310903564 -0.9313126130264414 0.07271253935831773
  outer loop
    vertex -248.27923081966415 415.19777366260143 331.63901398358524
    vertex -247.86922781966612 414.76979466260127 324.1450139835852
    vertex -243.34522581966277 417.5078016626017 337.00901598358394
  endloop
endfacet
facet normal -0.7803633074906151 0.6215439865779264 0.06867445719571606
  outer loop
    vertex -208.70922381966417 387.3857926626012 331.63901398357496
    vertex -205.47922781966284 390.84779766260135 337.0090159835741
    vertex -206.44723081966612 391.0537916626012 324.14501398357436
  endloop
endfacet
facet normal -0.32612357726097085 -0.6930147046676814 0.6429417014542406
  outer loop
    vertex -208.70922381966417 387.3857926626012 331.63901398357496
    vertex -206.56722581966417 386.37779666260127 331.63901398357433
    vertex -205.47922781966284 390.84779766260135 337.0090159835741
  endloop
endfacet
facet normal -0.7838552135664725 -0.6194258878168715 -0.04338863522790842
  outer loop
    vertex -260.9272258196654 390.1237986626013 326.72501398358855
    vertex -258.07923381966543 386.5197946626014 326.7250139835879
    vertex -261.1992298196642 390.1237986626013 331.63901398358865
  endloop
endfacet
facet normal 0.6770432590175265 0.18865402613539659 0.7113522923571918
  outer loop
    vertex -226.37923781966413 377.09578366260166 331.63901398357956
    vertex -226.87522381966417 378.8757826626014 331.6390139835797
    vertex -232.44323281966277 378.60979166260165 337.0090159835811
  endloop
endfacet
facet normal 0.17038652798855508 0.9853592486931165 -0.005965072920125887
  outer loop
    vertex -237.8692278196628 379.14378766260165 337.0090159835826
    vertex -242.89322981966325 380.00178966260165 335.23501398358394
    vertex -243.36323081966276 380.0938006626016 337.00901598358405
  endloop
endfacet
facet normal -0.6495319077072007 -0.7586734085070979 -0.05022907618568245
  outer loop
    vertex -254.24723381966544 383.2377816626014 326.72501398358685
    vertex -254.45522581966418 383.0917856626014 331.6390139835869
    vertex -258.07923381966543 386.5197946626014 326.7250139835879
  endloop
endfacet
facet normal -0.6495319077072007 -0.7586734085070979 -0.05022907618568245
  outer loop
    vertex -258.32523681966416 386.4037976626014 331.639013983588
    vertex -258.07923381966543 386.5197946626014 326.7250139835879
    vertex -254.45522581966418 383.0917856626014 331.6390139835869
  endloop
endfacet
facet normal 0.5412868902371926 -0.8373770016482489 0.07621193848694588
  outer loop
    vertex -255.53522781966612 410.13377866260134 324.14501398358715
    vertex -252.1132308196661 412.34578366260126 324.14501398358635
    vertex -252.60523481966416 412.7097976626015 331.6390139835865
  endloop
endfacet
facet normal -0.20783170483012617 0.9773311349863962 -0.040371215656779424
  outer loop
    vertex -238.44323281966547 419.76378266260133 326.72501398358276
    vertex -244.22722881966544 418.53380266260143 326.72501398358435
    vertex -239.51723781966422 419.7297866626013 331.43101398358306
  endloop
endfacet
facet normal -0.1627959782455552 -0.7555306351414854 0.6345635735131478
  outer loop
    vertex -221.04323881966604 416.43379666260154 324.14501398357817
    vertex -220.0272318196654 418.381794662601 326.72501398357787
    vertex -226.41323381966544 419.75780166260137 326.72501398357963
  endloop
endfacet
facet normal 0.1353537015046939 0.9907053135138092 -0.013503972174259886
  outer loop
    vertex -236.5892288196639 379.1417736626014 332.65501598358225
    vertex -236.83123281966377 379.17979866260157 333.0190149835823
    vertex -234.9552258196636 378.9337966626014 333.7750149835818
  endloop
endfacet
facet normal 0.9678637413744777 0.16741007002862132 0.18765299514159248
  outer loop
    vertex -263.55922981966665 389.92177266260126 322.1390139835893
    vertex -262.4572398196682 390.12379866260164 316.27501298358897
    vertex -263.7012278196682 397.31578466260163 316.2750129835893
  endloop
endfacet
facet normal 0.13554722474650344 0.9906714804180103 0.014034519938658202
  outer loop
    vertex -238.39922681966382 379.42580066260166 333.01901498358274
    vertex -238.63923181966393 379.46379566260146 332.65501598358276
    vertex -240.2752338196636 379.6717726626014 333.77501498358316
  endloop
endfacet
facet normal -0.6477202907722802 -0.760517662337179 -0.045511649004022256
  outer loop
    vertex -259.6352338196727 385.6758006626013 299.0570129835883
    vertex -259.3352308196711 385.04579566260134 305.31501298358813
    vertex -259.92522681967057 385.4357806626013 307.1950129835883
  endloop
endfacet
facet normal 0.15376176748496134 0.9881079489913542 -4.0253383707338084e-14
  outer loop
    vertex -237.61522981966485 379.30177766260164 329.12501398358245
    vertex -237.6152298196643 379.30177766260164 331.1010159835825
    vertex -237.1912338196643 379.23579866260127 331.1870139835824
  endloop
endfacet
facet normal 0.1584097314602174 0.9873734637809048 -4.147598858744641e-14
  outer loop
    vertex -237.6152298196643 379.30177766260164 331.1010159835825
    vertex -237.61522981966485 379.30177766260164 329.12501398358245
    vertex -238.03922581966432 379.36980166260156 331.18701398358263
  endloop
endfacet
facet normal -0.12616524261853448 -0.9911478692885103 -0.0413307725532976
  outer loop
    vertex -238.89722781966384 377.4277846626013 333.01901498358285
    vertex -238.53722681966377 377.37178466260156 333.2630139835827
    vertex -238.52323481966275 377.2137956626016 337.00901598358274
  endloop
endfacet
facet normal -0.04187073691760242 -0.77373405476267 0.6321253466603713
  outer loop
    vertex -230.3272358196661 417.8617746626015 324.14501398358055
    vertex -226.8432268196661 417.67378666260134 324.1450139835797
    vertex -230.24723381966544 419.96577866260134 326.7250139835806
  endloop
endfacet
facet normal -0.04187073691760242 -0.77373405476267 0.6321253466603713
  outer loop
    vertex -226.41323381966544 419.75780166260137 326.72501398357963
    vertex -230.24723381966544 419.96577866260134 326.7250139835806
    vertex -226.8432268196661 417.67378666260134 324.1450139835797
  endloop
endfacet
facet normal -0.11838054044325282 0.9926370840873562 0.025645017818568688
  outer loop
    vertex -237.7092388196639 420.01179966260133 332.6550159835826
    vertex -237.94922981966377 419.97377466260156 333.0190149835826
    vertex -231.13123581966278 420.68379666260165 337.00901598358087
  endloop
endfacet
facet normal -0.04458956945561675 0.9962109439821506 -0.0746694407770343
  outer loop
    vertex -230.24723381966544 419.96577866260134 326.7250139835806
    vertex -237.9492298196642 419.97377466260156 331.43101398358266
    vertex -237.70923881966414 420.01179966260133 331.7950159835826
  endloop
endfacet
facet normal -0.04675686620999286 0.9961932092478812 -0.07357231347883623
  outer loop
    vertex -230.24723381966544 419.96577866260134 326.7250139835806
    vertex -237.62322581966404 420.02577666260146 332.2250159835825
    vertex -231.13123581966278 420.68379666260165 337.00901598358087
  endloop
endfacet
facet normal 0.011248057576829444 -0.9990707925758306 -0.041605680172906924
  outer loop
    vertex -226.43523681966542 377.2997936626015 326.7250139835796
    vertex -226.37923781966413 377.09578366260166 331.63901398357956
    vertex -232.4512278196628 376.8037916626016 337.00901598358115
  endloop
endfacet
facet normal -0.6554866637401778 -0.7538961529512056 -0.044472735739367206
  outer loop
    vertex -259.6352338196727 385.6758006626013 299.0570129835883
    vertex -258.7452348196713 384.5817766626013 304.48501298358804
    vertex -259.3352308196711 385.04579566260134 305.31501298358813
  endloop
endfacet
facet normal 0.13494331917348576 0.9908410066962348 -0.00493964165047066
  outer loop
    vertex -237.61522981966485 379.30177766260164 329.12501398358245
    vertex -240.27523381966444 379.6717726626014 330.6750149835832
    vertex -238.03922581966432 379.36980166260156 331.18701398358263
  endloop
endfacet
facet normal -0.16128861057376734 -0.7544189919801901 0.6362687864721779
  outer loop
    vertex -226.8432268196661 417.67378666260134 324.1450139835797
    vertex -221.04323881966604 416.43379666260154 324.14501398357817
    vertex -226.41323381966544 419.75780166260137 326.72501398357963
  endloop
endfacet
facet normal -0.21094462541437667 0.9767929938736968 -0.03711889179445948
  outer loop
    vertex -239.51723781966422 419.7297866626013 331.43101398358306
    vertex -244.22722881966544 418.53380266260143 326.72501398358435
    vertex -239.7572278196641 419.69179166260153 331.79501598358314
  endloop
endfacet
facet normal -0.014005594829144088 0.9994611592382415 -0.02968559394104041
  outer loop
    vertex -230.24723381966544 419.96577866260134 326.7250139835806
    vertex -237.70923881966414 420.01179966260133 331.7950159835826
    vertex -237.62322581966404 420.02577666260146 332.2250159835825
  endloop
endfacet
facet normal -0.5341138055455574 -0.17249731278276148 0.8276274039737742
  outer loop
    vertex -237.4512278196642 418.43178266260156 331.43101398358243
    vertex -237.9492298196642 419.97377466260156 331.43101398358266
    vertex -237.81122881966428 418.37578266260147 331.1870139835825
  endloop
endfacet
facet normal -0.5341138055455574 -0.17249731278276148 0.8276274039737742
  outer loop
    vertex -238.3092298196643 419.91777466260146 331.1870139835827
    vertex -237.81122881966428 418.37578266260147 331.1870139835825
    vertex -237.9492298196642 419.97377466260156 331.43101398358266
  endloop
endfacet
facet normal 0.9997069407429182 -1.7334152068600931e-19 -0.024208110839876434
  outer loop
    vertex -263.55922981966665 389.92177266260126 322.1390139835893
    vertex -263.7012278196682 397.31578466260163 316.2750129835893
    vertex -263.55922981966665 410.5837906626015 322.1390139835893
  endloop
endfacet
facet normal 0.9997069407429182 -1.7334152068600931e-19 -0.024208110839876434
  outer loop
    vertex -263.7012278196682 404.1077776626017 316.2750129835893
    vertex -263.55922981966665 410.5837906626015 322.1390139835893
    vertex -263.7012278196682 397.31578466260163 316.2750129835893
  endloop
endfacet
facet normal -0.14555908751486993 -0.9892732665888654 0.012286417477615452
  outer loop
    vertex -238.46523581966542 377.3057756626014 326.7250139835827
    vertex -238.5372268196643 377.37178466260156 331.1870139835827
    vertex -238.89722781966424 377.4277846626013 331.43101398358283
  endloop
endfacet
facet normal -0.1624836495368409 -0.9866216463334923 0.013296263361504843
  outer loop
    vertex -237.68723581966432 377.23778166260166 331.1870139835825
    vertex -238.46523581966542 377.3057756626014 326.7250139835827
    vertex -237.3272358196642 377.18178266260156 331.4310139835824
  endloop
endfacet
facet normal -0.19538410900288802 -0.980667171450809 -0.010814286283304362
  outer loop
    vertex -244.24723381966547 378.53978366260145 326.72501398358423
    vertex -239.13723281966412 377.46577866260145 331.7950159835829
    vertex -239.22123281966404 377.4777726626013 332.2250159835829
  endloop
endfacet
facet normal 0.7947442121234451 0.25530646817545605 -0.5506362180278911
  outer loop
    vertex -239.2612258196639 418.1477856626013 332.6550159835829
    vertex -239.75722781966388 419.69179166260153 332.6550159835831
    vertex -239.02123581966381 418.1857806626014 333.01901498358285
  endloop
endfacet
facet normal 0.7947442121234451 0.25530646817545605 -0.5506362180278911
  outer loop
    vertex -239.51723781966382 419.7297866626013 333.019014983583
    vertex -239.02123581966381 418.1857806626014 333.01901498358285
    vertex -239.75722781966388 419.69179166260153 332.6550159835831
  endloop
endfacet
facet normal 0.5342892979077741 0.17163694604972535 -0.8276930015965711
  outer loop
    vertex -238.66123481966378 418.2417796626015 333.2630139835827
    vertex -239.02123581966381 418.1857806626014 333.01901498358285
    vertex -239.15723681966375 419.7857866626014 333.26301398358294
  endloop
endfacet
facet normal 0.5342892979077741 0.17163694604972535 -0.8276930015965711
  outer loop
    vertex -239.51723781966382 419.7297866626013 333.019014983583
    vertex -239.15723681966375 419.7857866626014 333.26301398358294
    vertex -239.02123581966381 418.1857806626014 333.01901498358285
  endloop
endfacet
facet normal -0.16013937521948984 -0.9870103571695882 0.012881589353550672
  outer loop
    vertex -238.11323081966432 377.30577566260155 331.1010159835826
    vertex -238.46523581966542 377.3057756626014 326.7250139835827
    vertex -237.68723581966432 377.23778166260166 331.1870139835825
  endloop
endfacet
facet normal -0.10745763779684493 0.9918065950325358 -0.06908353008561456
  outer loop
    vertex -239.15723681966375 419.7857866626014 333.26301398358294
    vertex -239.51723781966382 419.7297866626013 333.019014983583
    vertex -238.50123181966276 420.1177866626016 337.0090159835828
  endloop
endfacet
facet normal 0.5414476601558847 -0.13495457930660804 0.8298323281458092
  outer loop
    vertex -238.03922581966432 379.36980166260156 331.18701398358263
    vertex -238.39922681966422 379.42580066260166 331.43101398358266
    vertex -238.5372268196643 377.37178466260156 331.1870139835827
  endloop
endfacet
facet normal 0.5414476601558847 -0.13495457930660804 0.8298323281458092
  outer loop
    vertex -238.89722781966424 377.4277846626013 331.43101398358283
    vertex -238.5372268196643 377.37178466260156 331.1870139835827
    vertex -238.39922681966422 379.42580066260166 331.43101398358266
  endloop
endfacet
facet normal -0.1764930221245329 0.9822435576729496 -0.06362237461252393
  outer loop
    vertex -239.843226819664 419.6777846626014 332.22501598358315
    vertex -244.22722881966544 418.53380266260143 326.72501398358435
    vertex -244.33922881966276 419.1797986626016 337.00901598358433
  endloop
endfacet
facet normal -0.9520881522951469 0.2375452789782464 0.19261461703193883
  outer loop
    vertex -237.08722981966415 377.1437876626014 331.79501598358235
    vertex -237.003229819664 377.1317946626016 332.2250159835824
    vertex -236.50522881966404 379.12779666260127 332.2250159835822
  endloop
endfacet
facet normal -0.9519413547305311 0.23727280701526687 0.19367310656076486
  outer loop
    vertex -237.08722981966415 377.1437876626014 331.79501598358235
    vertex -236.50522881966404 379.12779666260127 332.2250159835822
    vertex -236.58922881966413 379.1417736626014 331.79501598358223
  endloop
endfacet
facet normal -0.807959255370256 0.20138505331548281 -0.5537561755526177
  outer loop
    vertex -237.08722981966392 377.1437876626014 332.65501598358236
    vertex -237.3272358196638 377.18178266260156 333.01901498358245
    vertex -236.5892288196639 379.1417736626014 332.65501598358225
  endloop
endfacet
facet normal -0.8061356778137752 0.20012137770798527 -0.5568632714948826
  outer loop
    vertex -236.5892288196639 379.1417736626014 332.65501598358225
    vertex -237.3272358196638 377.18178266260156 333.01901498358245
    vertex -236.83123281966377 379.17979866260157 333.0190149835823
  endloop
endfacet
facet normal -0.18716594991478844 0.046463411216977946 -0.981228851293406
  outer loop
    vertex -237.6152298196637 379.30177766260164 333.3470139835825
    vertex -237.19123381966375 379.23579866260127 333.26301398358237
    vertex -237.68723581966378 377.23778166260166 333.2630139835825
  endloop
endfacet
facet normal -0.1861122295815004 0.04643486151000489 -0.9814306096901348
  outer loop
    vertex -237.6152298196637 379.30177766260164 333.3470139835825
    vertex -237.68723581966378 377.23778166260166 333.2630139835825
    vertex -238.11323081966373 377.30577566260155 333.34701398358266
  endloop
endfacet
facet normal -0.03258246802990075 0.999345473614027 0.01571646093230567
  outer loop
    vertex -226.87522381966417 378.8757826626014 331.6390139835797
    vertex -232.56322781966324 378.6337786626017 335.2350139835812
    vertex -232.44323281966277 378.60979166260165 337.0090159835811
  endloop
endfacet
facet normal 0.12755911366854586 0.9918286366970129 -0.0021512665664252095
  outer loop
    vertex -238.63923181966416 379.46379566260146 331.79501598358274
    vertex -240.27523381966444 379.6717726626014 330.6750149835832
    vertex -238.725230819664 379.47578866260164 332.22501598358275
  endloop
endfacet
facet normal -0.18492219840596852 -0.9816019276479302 -0.04755455997663352
  outer loop
    vertex -237.68723581966378 377.23778166260166 333.2630139835825
    vertex -237.3272358196638 377.18178266260156 333.01901498358245
    vertex -238.52323481966275 377.2137956626016 337.00901598358274
  endloop
endfacet
facet normal 0.13883326825077402 0.9900627000062083 -0.02238690874652696
  outer loop
    vertex -238.03922581966432 379.36980166260156 331.18701398358263
    vertex -240.27523381966444 379.6717726626014 330.6750149835832
    vertex -238.39922681966422 379.42580066260166 331.43101398358266
  endloop
endfacet
facet normal 0.5342907980287279 0.17163742795364106 0.8276919333105065
  outer loop
    vertex -238.66123481966432 418.2417796626015 331.18701398358274
    vertex -239.1572368196643 419.7857866626014 331.1870139835829
    vertex -239.0212358196642 418.1857806626014 331.43101398358283
  endloop
endfacet
facet normal 0.5342907980287279 0.17163742795364106 0.8276919333105065
  outer loop
    vertex -239.51723781966422 419.7297866626013 331.43101398358306
    vertex -239.0212358196642 418.1857806626014 331.43101398358283
    vertex -239.1572368196643 419.7857866626014 331.1870139835829
  endloop
endfacet
facet normal 2.3111159332763138e-32 1.0 -6.050284018971948e-45
  outer loop
    vertex -258.8032328196661 390.1237986626013 324.145013983588
    vertex -260.9272258196654 390.1237986626013 326.72501398358855
    vertex -258.8032328196642 390.1237986626013 331.63901398358803
  endloop
endfacet
facet normal 2.3111159332763138e-32 1.0 -6.050284018971948e-45
  outer loop
    vertex -261.1992298196642 390.1237986626013 331.63901398358865
    vertex -258.8032328196642 390.1237986626013 331.63901398358803
    vertex -260.9272258196654 390.1237986626013 326.72501398358855
  endloop
endfacet
facet normal 0.1347457780480306 0.9908721343436104 0.003998584695725081
  outer loop
    vertex -234.95522581966443 378.9337966626014 330.67501498358183
    vertex -237.61522981966485 379.30177766260164 329.12501398358245
    vertex -237.1912338196643 379.23579866260127 331.1870139835824
  endloop
endfacet
facet normal -0.8079612973146225 0.20138556227324372 0.5537530111426587
  outer loop
    vertex -237.3272358196642 377.18178266260156 331.4310139835824
    vertex -237.08722981966415 377.1437876626014 331.79501598358235
    vertex -236.58922881966413 379.1417736626014 331.79501598358223
  endloop
endfacet
facet normal -0.8061377380764292 0.2001218891636502 0.5568601051669891
  outer loop
    vertex -237.3272358196642 377.18178266260156 331.4310139835824
    vertex -236.58922881966413 379.1417736626014 331.79501598358223
    vertex -236.8312328196642 379.17979866260157 331.43101398358226
  endloop
endfacet
facet normal 0.13884407910076182 0.9900614571948276 -0.022374822366130094
  outer loop
    vertex -236.83123281966377 379.17979866260157 333.0190149835823
    vertex -237.19123381966375 379.23579866260127 333.26301398358237
    vertex -234.9552258196636 378.9337966626014 333.7750149835818
  endloop
endfacet
facet normal -0.5415435214434724 0.13443679794176566 0.8298538195018255
  outer loop
    vertex -236.8312328196642 379.17979866260157 331.43101398358226
    vertex -237.1912338196643 379.23579866260127 331.1870139835824
    vertex -237.3272358196642 377.18178266260156 331.4310139835824
  endloop
endfacet
facet normal -0.5415435214434724 0.13443679794176566 0.8298538195018255
  outer loop
    vertex -237.68723581966432 377.23778166260166 331.1870139835825
    vertex -237.3272358196642 377.18178266260156 331.4310139835824
    vertex -237.1912338196643 379.23579866260127 331.1870139835824
  endloop
endfacet
facet normal -0.9283287201629028 0.37175469554956714 0.0020575853701761617
  outer loop
    vertex -214.90322381966615 414.00780166260125 324.14501398357663
    vertex -214.72323181966414 414.41579166260135 331.63901398357655
    vertex -214.0152238196641 416.18379666260125 331.6390139835763
  endloop
endfacet
facet normal 0.13494332280401902 0.9908410062175331 0.0049396384925279625
  outer loop
    vertex -238.03922581966378 379.36980166260156 333.2630139835826
    vertex -240.2752338196636 379.6717726626014 333.77501498358316
    vertex -237.6152298196632 379.30177766260164 335.3250149835825
  endloop
endfacet
facet normal -0.0449447847599717 -0.9980152306266279 -0.04410856787698375
  outer loop
    vertex -263.55922981966665 410.5837906626015 322.1390139835893
    vertex -255.53522781966612 410.13377866260134 324.14501398358715
    vertex -258.0672258196654 410.13377866260134 326.72501398358787
  endloop
endfacet
facet normal -0.20315828571402472 -0.978574727433886 -0.033439703548847254
  outer loop
    vertex -244.36123181966275 378.4258006626017 337.0090159835842
    vertex -238.89722781966384 377.4277846626013 333.01901498358285
    vertex -238.52323481966275 377.2137956626016 337.00901598358274
  endloop
endfacet
facet normal 0.1881822105246046 0.060774015059004094 0.9802519955275181
  outer loop
    vertex -238.66123481966432 418.2417796626015 331.18701398358274
    vertex -238.23522481966432 418.30977266260146 331.10101598358267
    vertex -238.73322581966428 419.85179566260143 331.10101598358284
  endloop
endfacet
facet normal 0.18930349729797516 0.06081249195544752 0.9800336865296643
  outer loop
    vertex -238.66123481966432 418.2417796626015 331.18701398358274
    vertex -238.73322581966428 419.85179566260143 331.10101598358284
    vertex -239.1572368196643 419.7857866626014 331.1870139835829
  endloop
endfacet
facet normal 0.9341045557373202 0.3016779612746003 -0.1908902476083699
  outer loop
    vertex -239.2612258196639 418.1477856626013 332.6550159835829
    vertex -239.34522581966405 418.13579266260143 332.2250159835829
    vertex -239.843226819664 419.6777846626014 332.22501598358315
  endloop
endfacet
facet normal 0.9335234388297823 0.2998884024456084 -0.19647120713742924
  outer loop
    vertex -239.2612258196639 418.1477856626013 332.6550159835829
    vertex -239.843226819664 419.6777846626014 332.22501598358315
    vertex -239.75722781966388 419.69179166260153 332.6550159835831
  endloop
endfacet
facet normal 0.9521434347341845 -0.23731949359842694 -0.19261967098605487
  outer loop
    vertex -239.1372328196639 377.46577866260145 332.6550159835829
    vertex -239.22123281966404 377.4777726626013 332.2250159835829
    vertex -238.63923181966393 379.46379566260146 332.65501598358276
  endloop
endfacet
facet normal 0.9515427578262645 -0.2362178836242419 -0.19689462025274107
  outer loop
    vertex -238.63923181966393 379.46379566260146 332.65501598358276
    vertex -239.22123281966404 377.4777726626013 332.2250159835829
    vertex -238.725230819664 379.47578866260164 332.22501598358275
  endloop
endfacet
facet normal -0.9520881522952477 0.2375452789782464 -0.1926146170314403
  outer loop
    vertex -237.003229819664 377.1317946626016 332.2250159835824
    vertex -237.08722981966392 377.1437876626014 332.65501598358236
    vertex -236.50522881966404 379.12779666260127 332.2250159835822
  endloop
endfacet
facet normal -0.9519413547306323 0.23727280701526682 -0.1936731065602664
  outer loop
    vertex -236.50522881966404 379.12779666260127 332.2250159835822
    vertex -237.08722981966392 377.1437876626014 332.65501598358236
    vertex -236.5892288196639 379.1417736626014 332.65501598358225
  endloop
endfacet
facet normal 0.13884404918173537 0.9900614624381753 0.02237477601232331
  outer loop
    vertex -234.95522581966443 378.9337966626014 330.67501498358183
    vertex -237.1912338196643 379.23579866260127 331.1870139835824
    vertex -236.8312328196642 379.17979866260157 331.43101398358226
  endloop
endfacet
facet normal 0.8079630579519801 -0.20138292692929952 0.5537514006540062
  outer loop
    vertex -238.89722781966424 377.4277846626013 331.43101398358283
    vertex -238.39922681966422 379.42580066260166 331.43101398358266
    vertex -239.13723281966412 377.46577866260145 331.7950159835829
  endloop
endfacet
facet normal 0.8079630579519801 -0.20138292692929952 0.5537514006540062
  outer loop
    vertex -238.63923181966416 379.46379566260146 331.79501598358274
    vertex -239.13723281966412 377.46577866260145 331.7950159835829
    vertex -238.39922681966422 379.42580066260166 331.43101398358266
  endloop
endfacet
facet normal -0.2634909822446621 -0.7171232621787659 0.6452183577036755
  outer loop
    vertex -220.0272318196654 418.381794662601 326.72501398357787
    vertex -221.04323881966604 416.43379666260154 324.14501398357817
    vertex -213.9852248196654 416.1617936626013 326.72501398357633
  endloop
endfacet
facet normal 0.15376176748496134 0.9881079489913542 -4.0253383707338084e-14
  outer loop
    vertex -237.19123381966375 379.23579866260127 333.26301398358237
    vertex -237.6152298196637 379.30177766260164 333.3470139835825
    vertex -237.6152298196632 379.30177766260164 335.3250149835825
  endloop
endfacet
facet normal 0.15840973146021742 0.9873734637809048 -4.1467276979206665e-14
  outer loop
    vertex -237.6152298196637 379.30177766260164 333.3470139835825
    vertex -238.03922581966378 379.36980166260156 333.2630139835826
    vertex -237.6152298196632 379.30177766260164 335.3250149835825
  endloop
endfacet
facet normal 0.13883329818607232 0.9900626947597799 0.02238695512525449
  outer loop
    vertex -238.03922581966378 379.36980166260156 333.2630139835826
    vertex -238.39922681966382 379.42580066260166 333.01901498358274
    vertex -240.2752338196636 379.6717726626014 333.77501498358316
  endloop
endfacet
facet normal 0.9521434347342855 -0.237319493598427 0.19261967098555616
  outer loop
    vertex -239.22123281966404 377.4777726626013 332.2250159835829
    vertex -239.13723281966412 377.46577866260145 331.7950159835829
    vertex -238.63923181966416 379.46379566260146 331.79501598358274
  endloop
endfacet
facet normal 0.9515427578263675 -0.23621788362424195 0.1968946202522429
  outer loop
    vertex -239.22123281966404 377.4777726626013 332.2250159835829
    vertex -238.63923181966416 379.46379566260146 331.79501598358274
    vertex -238.725230819664 379.47578866260164 332.22501598358275
  endloop
endfacet
facet normal -0.06736522276434269 -0.9976539355265082 -0.012188178304425682
  outer loop
    vertex -238.52323481966275 377.2137956626016 337.00901598358274
    vertex -237.3272358196638 377.18178266260156 333.01901498358245
    vertex -232.4512278196628 376.8037916626016 337.00901598358115
  endloop
endfacet
facet normal -0.17527260010894496 -0.9844966047252531 0.006778711935064735
  outer loop
    vertex -239.22123281966404 377.4777726626013 332.2250159835829
    vertex -239.1372328196639 377.46577866260145 332.6550159835829
    vertex -244.36123181966275 378.4258006626017 337.0090159835842
  endloop
endfacet
facet normal 0.19130546820829092 -0.0477064786842356 0.9803704961519178
  outer loop
    vertex -237.6152298196643 379.30177766260164 331.1010159835825
    vertex -238.03922581966432 379.36980166260156 331.18701398358263
    vertex -238.11323081966432 377.30577566260155 331.1010159835826
  endloop
endfacet
facet normal 0.19130546820829092 -0.0477064786842356 0.9803704961519178
  outer loop
    vertex -238.5372268196643 377.37178466260156 331.1870139835827
    vertex -238.11323081966432 377.30577566260155 331.1010159835826
    vertex -238.03922581966432 379.36980166260156 331.18701398358263
  endloop
endfacet
facet normal 0.9604127245861844 -0.1982644716508382 0.1957002752526321
  outer loop
    vertex -263.7012278196682 404.1077776626017 316.2750129835893
    vertex -262.4572398196682 410.13377866260174 316.27501298358897
    vertex -263.55922981966665 410.5837906626015 322.1390139835893
  endloop
endfacet
facet normal 0.13474578098673543 0.9908721339542984 -0.0039985821398942824
  outer loop
    vertex -234.9552258196636 378.9337966626014 333.7750149835818
    vertex -237.19123381966375 379.23579866260127 333.26301398358237
    vertex -237.6152298196632 379.30177766260164 335.3250149835825
  endloop
endfacet
facet normal -0.19446048175011416 0.9789340267883299 -0.06223577936765118
  outer loop
    vertex -237.94922981966377 419.97377466260156 333.0190149835826
    vertex -238.30922981966376 419.91777466260146 333.2630139835827
    vertex -238.50123181966276 420.1177866626016 337.0090159835828
  endloop
endfacet
facet normal 0.1307637977931909 0.9913910445715299 0.00668026422174096
  outer loop
    vertex -234.95522581966443 378.9337966626014 330.67501498358183
    vertex -236.58922881966413 379.1417736626014 331.79501598358223
    vertex -236.50522881966404 379.12779666260127 332.2250159835822
  endloop
endfacet
facet normal -0.16526910383087282 0.9843584510763203 -0.06102919886061152
  outer loop
    vertex -238.30922981966376 419.91777466260146 333.2630139835827
    vertex -238.73322581966372 419.85179566260143 333.3470139835829
    vertex -238.50123181966276 420.1177866626016 337.0090159835828
  endloop
endfacet
facet normal -0.17536745516561802 0.9839526916056915 -0.03291437908650382
  outer loop
    vertex -239.1572368196643 419.7857866626014 331.1870139835829
    vertex -238.44323281966547 419.76378266260133 326.72501398358276
    vertex -239.51723781966422 419.7297866626013 331.43101398358306
  endloop
endfacet
facet normal -0.7944003120875032 -0.2565568241244036 -0.550551305647782
  outer loop
    vertex -237.4512278196638 418.43178266260156 333.01901498358245
    vertex -237.94922981966377 419.97377466260156 333.0190149835826
    vertex -237.2112378196639 418.46977666260136 332.65501598358236
  endloop
endfacet
facet normal -0.7944003120875032 -0.2565568241244036 -0.550551305647782
  outer loop
    vertex -237.7092388196639 420.01179966260133 332.6550159835826
    vertex -237.2112378196639 418.46977666260136 332.65501598358236
    vertex -237.94922981966377 419.97377466260156 333.0190149835826
  endloop
endfacet
facet normal -0.13363817596740185 0.9905707578168012 -0.030173029055002333
  outer loop
    vertex -238.44323281966547 419.76378266260133 326.72501398358276
    vertex -238.3092298196643 419.91777466260146 331.1870139835827
    vertex -237.9492298196642 419.97377466260156 331.43101398358266
  endloop
endfacet
facet normal 0.7947461981008695 0.25530710615784186 0.550633055808968
  outer loop
    vertex -239.26122581966413 418.1477856626013 331.7950159835829
    vertex -239.0212358196642 418.1857806626014 331.43101398358283
    vertex -239.7572278196641 419.69179166260153 331.79501598358314
  endloop
endfacet
facet normal 0.7947461981008695 0.25530710615784186 0.550633055808968
  outer loop
    vertex -239.51723781966422 419.7297866626013 331.43101398358306
    vertex -239.7572278196641 419.69179166260153 331.79501598358314
    vertex -239.0212358196642 418.1857806626014 331.43101398358283
  endloop
endfacet
facet normal -0.14781407358237006 0.9885697758436952 -0.02967824016568854
  outer loop
    vertex -238.44323281966547 419.76378266260133 326.72501398358276
    vertex -238.73322581966428 419.85179566260143 331.10101598358284
    vertex -238.3092298196643 419.91777466260146 331.1870139835827
  endloop
endfacet
facet normal -0.23451609531753762 0.97199276022104 -0.015240574624987938
  outer loop
    vertex -239.7572278196641 419.69179166260153 331.79501598358314
    vertex -244.22722881966544 418.53380266260143 326.72501398358435
    vertex -239.843226819664 419.6777846626014 332.22501598358315
  endloop
endfacet
facet normal -0.1583901971497739 0.9858137799094154 -0.055531403616031774
  outer loop
    vertex -238.50123181966276 420.1177866626016 337.0090159835828
    vertex -239.51723781966382 419.7297866626013 333.019014983583
    vertex -244.33922881966276 419.1797986626016 337.00901598358433
  endloop
endfacet
facet normal -0.11904882198437843 0.9928517419951334 -0.008532080716983493
  outer loop
    vertex -239.75722781966388 419.69179166260153 332.6550159835831
    vertex -239.843226819664 419.6777846626014 332.22501598358315
    vertex -244.33922881966276 419.1797986626016 337.00901598358433
  endloop
endfacet
facet normal 0.10880260891011483 -0.9940423182542539 -0.006470070638041074
  outer loop
    vertex -240.89922681966442 417.97578866260153 330.67501498358337
    vertex -239.26122581966413 418.1477856626013 331.7950159835829
    vertex -239.34522581966405 418.13579266260143 332.2250159835829
  endloop
endfacet
facet normal 0.12137560198675182 -0.9923271600021251 0.023553572223136362
  outer loop
    vertex -237.4512278196642 418.43178266260156 331.43101398358243
    vertex -235.57123881966444 418.64378766260137 330.67501498358195
    vertex -237.21123781966412 418.46977666260136 331.79501598358235
  endloop
endfacet
facet normal -0.06966136157024168 -0.9975260564697348 -0.009437233075412743
  outer loop
    vertex -238.46523581966542 377.3057756626014 326.7250139835827
    vertex -232.45122781966543 376.88579266260143 326.72501398358116
    vertex -237.3272358196642 377.18178266260156 331.4310139835824
  endloop
endfacet
facet normal -0.12858220631042228 0.9915221323265341 -0.018721039687665992
  outer loop
    vertex -239.51723781966382 419.7297866626013 333.019014983583
    vertex -239.75722781966388 419.69179166260153 332.6550159835831
    vertex -244.33922881966276 419.1797986626016 337.00901598358433
  endloop
endfacet
facet normal 0.18397543886780726 0.05941542540657939 -0.9811334491888212
  outer loop
    vertex -238.23522481966373 418.30977266260146 333.34701398358266
    vertex -238.66123481966378 418.2417796626015 333.2630139835827
    vertex -238.73322581966372 419.85179566260143 333.3470139835829
  endloop
endfacet
facet normal 0.18507348153305386 0.059453627468966784 -0.9809246008812378
  outer loop
    vertex -238.73322581966372 419.85179566260143 333.3470139835829
    vertex -238.66123481966378 418.2417796626015 333.2630139835827
    vertex -239.15723681966375 419.7857866626014 333.26301398358294
  endloop
endfacet
facet normal -0.18926162733286891 -0.061123230376282735 0.9800224421551182
  outer loop
    vertex -237.81122881966428 418.37578266260147 331.1870139835825
    vertex -238.3092298196643 419.91777466260146 331.1870139835827
    vertex -238.23522481966432 418.30977266260146 331.10101598358267
  endloop
endfacet
facet normal -0.18926162733286891 -0.061123230376282735 0.9800224421551182
  outer loop
    vertex -238.73322581966428 419.85179566260143 331.10101598358284
    vertex -238.23522481966432 418.30977266260146 331.10101598358267
    vertex -238.3092298196643 419.91777466260146 331.1870139835827
  endloop
endfacet
facet normal -0.15140635881694833 -0.9883965721659805 0.012179106713280763
  outer loop
    vertex -238.46523581966542 377.3057756626014 326.7250139835827
    vertex -238.11323081966432 377.30577566260155 331.1010159835826
    vertex -238.5372268196643 377.37178466260156 331.1870139835827
  endloop
endfacet
facet normal -0.20871779653061476 -0.9779562872400154 0.006195293304553863
  outer loop
    vertex -244.24723381966547 378.53978366260145 326.72501398358423
    vertex -238.46523581966542 377.3057756626014 326.7250139835827
    vertex -238.89722781966424 377.4277846626013 331.43101398358283
  endloop
endfacet
facet normal -0.9341028041124843 -0.30167133081077685 -0.19090929656789582
  outer loop
    vertex -237.12723881966403 418.48180066260153 332.2250159835823
    vertex -237.2112378196639 418.46977666260136 332.65501598358236
    vertex -237.7092388196639 420.01179966260133 332.6550159835826
  endloop
endfacet
facet normal -0.9335226286936427 -0.2998848997898032 -0.1964804025722957
  outer loop
    vertex -237.12723881966403 418.48180066260153 332.2250159835823
    vertex -237.7092388196639 420.01179966260133 332.6550159835826
    vertex -237.62322581966404 420.02577666260146 332.2250159835825
  endloop
endfacet
facet normal -0.18503264097516928 -0.05975745269026383 -0.9809138436283409
  outer loop
    vertex -237.81122881966374 418.37578266260147 333.2630139835825
    vertex -238.23522481966373 418.30977266260146 333.34701398358266
    vertex -238.30922981966376 419.91777466260146 333.2630139835827
  endloop
endfacet
facet normal -0.18503264097516928 -0.05975745269026383 -0.9809138436283409
  outer loop
    vertex -238.73322581966372 419.85179566260143 333.3470139835829
    vertex -238.30922981966376 419.91777466260146 333.2630139835827
    vertex -238.23522481966373 418.30977266260146 333.34701398358266
  endloop
endfacet
facet normal 0.9341045557374201 0.30167796127460034 0.19089024760788073
  outer loop
    vertex -239.34522581966405 418.13579266260143 332.2250159835829
    vertex -239.26122581966413 418.1477856626013 331.7950159835829
    vertex -239.843226819664 419.6777846626014 332.22501598358315
  endloop
endfacet
facet normal 0.9335234388298851 0.2998884024456085 0.19647120713694044
  outer loop
    vertex -239.843226819664 419.6777846626014 332.22501598358315
    vertex -239.26122581966413 418.1477856626013 331.7950159835829
    vertex -239.7572278196641 419.69179166260153 331.79501598358314
  endloop
endfacet
facet normal -0.5341123061562298 -0.172496828540074 -0.8276284725383064
  outer loop
    vertex -237.4512278196638 418.43178266260156 333.01901498358245
    vertex -237.81122881966374 418.37578266260147 333.2630139835825
    vertex -237.94922981966377 419.97377466260156 333.0190149835826
  endloop
endfacet
facet normal -0.5341123061562298 -0.172496828540074 -0.8276284725383064
  outer loop
    vertex -238.30922981966376 419.91777466260146 333.2630139835827
    vertex -237.94922981966377 419.97377466260156 333.0190149835826
    vertex -237.81122881966374 418.37578266260147 333.2630139835825
  endloop
endfacet
facet normal 0.10979407655530515 -0.9939341015164839 -0.006345281395486473
  outer loop
    vertex -237.2112378196639 418.46977666260136 332.65501598358236
    vertex -237.12723881966403 418.48180066260153 332.2250159835823
    vertex -235.57123881966365 418.64378766260137 333.7750149835819
  endloop
endfacet
facet normal 0.12755040362659092 -0.9910545406751968 -0.039265658555137334
  outer loop
    vertex -237.81122881966374 418.37578266260147 333.2630139835825
    vertex -237.4512278196638 418.43178266260156 333.01901498358245
    vertex -235.57123881966365 418.64378766260137 333.7750149835819
  endloop
endfacet
facet normal -0.794402296592787 -0.25655746503357657 0.5505481434930565
  outer loop
    vertex -237.4512278196642 418.43178266260156 331.43101398358243
    vertex -237.21123781966412 418.46977666260136 331.79501598358235
    vertex -237.9492298196642 419.97377466260156 331.43101398358266
  endloop
endfacet
facet normal -0.794402296592787 -0.25655746503357657 0.5505481434930565
  outer loop
    vertex -237.70923881966414 420.01179966260133 331.7950159835826
    vertex -237.9492298196642 419.97377466260156 331.43101398358266
    vertex -237.21123781966412 418.46977666260136 331.79501598358235
  endloop
endfacet
facet normal -0.19306799154233592 -0.9810990681066478 -0.013014192332835406
  outer loop
    vertex -244.24723381966547 378.53978366260145 326.72501398358423
    vertex -239.22123281966404 377.4777726626013 332.2250159835829
    vertex -244.36123181966275 378.4258006626017 337.0090159835842
  endloop
endfacet
facet normal -0.024616477021053344 0.9988149322164058 -0.04198523836551163
  outer loop
    vertex -230.24723381966544 419.96577866260134 326.7250139835806
    vertex -238.44323281966547 419.76378266260133 326.72501398358276
    vertex -237.9492298196642 419.97377466260156 331.43101398358266
  endloop
endfacet
facet normal 0.12064738357203045 -0.9924041834214133 0.024044657720616095
  outer loop
    vertex -239.2612258196639 418.1477856626013 332.6550159835829
    vertex -239.02123581966381 418.1857806626014 333.01901498358285
    vertex -240.8992268196636 417.97578866260153 333.77501498358333
  endloop
endfacet
facet normal -0.9341028041123843 -0.30167133081077685 0.1909092965683848
  outer loop
    vertex -237.21123781966412 418.46977666260136 331.79501598358235
    vertex -237.12723881966403 418.48180066260153 332.2250159835823
    vertex -237.70923881966414 420.01179966260133 331.7950159835826
  endloop
endfacet
facet normal -0.9335226286935396 -0.29988489978980315 0.19648040257278462
  outer loop
    vertex -237.70923881966414 420.01179966260133 331.7950159835826
    vertex -237.12723881966403 418.48180066260153 332.2250159835823
    vertex -237.62322581966404 420.02577666260146 332.2250159835825
  endloop
endfacet
facet normal -0.10856158855343481 0.9940332616412219 0.01059510460869517
  outer loop
    vertex -237.62322581966404 420.02577666260146 332.2250159835825
    vertex -237.7092388196639 420.01179966260133 332.6550159835826
    vertex -231.13123581966278 420.68379666260165 337.00901598358087
  endloop
endfacet
facet normal -0.07649079965332747 0.9959839710989917 -0.04653049411168289
  outer loop
    vertex -231.13123581966278 420.68379666260165 337.00901598358087
    vertex -237.94922981966377 419.97377466260156 333.0190149835826
    vertex -238.50123181966276 420.1177866626016 337.0090159835828
  endloop
endfacet
facet normal -0.14136148369232807 0.9879637544233787 -0.06280565956954398
  outer loop
    vertex -238.73322581966372 419.85179566260143 333.3470139835829
    vertex -239.15723681966375 419.7857866626014 333.26301398358294
    vertex -238.50123181966276 420.1177866626016 337.0090159835828
  endloop
endfacet
facet normal -0.15977699240612137 0.9866839110469198 -0.030433080337170015
  outer loop
    vertex -238.73322581966428 419.85179566260143 331.10101598358284
    vertex -238.44323281966547 419.76378266260133 326.72501398358276
    vertex -239.1572368196643 419.7857866626014 331.1870139835829
  endloop
endfacet
facet normal -0.5617604281427255 -0.826638530058922 -0.03307509629505096
  outer loop
    vertex -262.16923081966763 386.5477796626016 318.379013983589
    vertex -261.30723081966823 386.0557756626017 316.0350139835888
    vertex -261.9152328196674 386.34380066260167 319.16301398358894
  endloop
endfacet
facet normal -0.20563712990018793 -0.9784841009418543 -0.01679985150006351
  outer loop
    vertex -242.81322781966676 375.8237806626013 321.5130139835839
    vertex -240.9792278196657 375.3717846626013 325.39101498358343
    vertex -242.19323281966533 375.6037796626013 326.72901398358374
  endloop
endfacet
facet normal -0.39968172882821895 -0.9164473797454157 -0.019460621743614844
  outer loop
    vertex -251.14722781966643 378.6897776626012 323.01101298358606
    vertex -248.7752338196672 377.7157786626012 320.1630139835854
    vertex -249.6192278196659 377.97777266260135 325.1590139835856
  endloop
endfacet
facet normal -0.3339219982140732 -0.9424616043076331 -0.01619331697345912
  outer loop
    vertex -247.76723781966686 377.2977796626012 321.47501398358514
    vertex -247.2952378196678 377.1937756626016 317.795013983585
    vertex -246.5972398196667 376.87578266260135 321.9090139835848
  endloop
endfacet
facet normal -0.33855073700068594 -0.9407109442583557 -0.02112623555784343
  outer loop
    vertex -246.47523081966952 377.04777966260144 311.16101398358484
    vertex -246.41523281966812 376.9077956626016 316.4430149835848
    vertex -247.6912338196684 377.3897906626017 315.42901498358515
  endloop
endfacet
facet normal -0.33855073700068594 -0.9407109442583557 -0.02112623555784343
  outer loop
    vertex -247.2952378196678 377.1937756626016 317.795013983585
    vertex -247.6912338196684 377.3897906626017 315.42901498358515
    vertex -246.41523281966812 376.9077956626016 316.4430149835848
  endloop
endfacet
facet normal -0.05046856121740644 -0.9985319029491515 -0.01967137822805434
  outer loop
    vertex -234.38323481967268 375.0817766626013 299.0570129835817
    vertex -234.05323281967136 374.96178066260165 304.2430129835816
    vertex -235.30123481967138 375.02779066260166 304.09901298358193
  endloop
endfacet
facet normal -0.05046856121740644 -0.9985319029491515 -0.01967137822805434
  outer loop
    vertex -234.80323281967037 374.9297986626016 307.8590129835818
    vertex -235.30123481967138 375.02779066260166 304.09901298358193
    vertex -234.05323281967136 374.96178066260165 304.2430129835816
  endloop
endfacet
facet normal -0.27832011360727016 -0.9604123178037175 -0.012086942232324357
  outer loop
    vertex -245.08323181967268 376.88979066260146 299.0570129835844
    vertex -243.6132308196727 376.4637956626014 299.05701298358406
    vertex -242.6212268196712 376.10377966260137 304.82101298358384
  endloop
endfacet
facet normal -0.4672331715007749 -0.8835870586497084 -0.031097801145483724
  outer loop
    vertex -251.9132338196727 379.7957956626013 299.0570129835863
    vertex -250.6272388196727 379.1157726626013 299.0570129835859
    vertex -251.82723581967133 379.56779966260143 304.24301298358625
  endloop
endfacet
facet normal -0.4660900924777724 -0.8842016930450857 -0.03077972888551388
  outer loop
    vertex -251.82723581967133 379.56779966260143 304.24301298358625
    vertex -250.6272388196727 379.1157726626013 299.0570129835859
    vertex -250.76122581967127 378.9957776626014 304.53301298358593
  endloop
endfacet
facet normal -0.24159103570418317 -0.9702366391095664 -0.01657213313829271
  outer loop
    vertex -243.6132308196727 376.4637956626014 299.05701298358406
    vertex -242.11922781967272 376.09178566260135 299.0570129835837
    vertex -241.55123481967127 375.8617746626014 304.2430129835836
  endloop
endfacet
facet normal -0.0945300125384441 -0.9954334132685486 -0.013281433582585146
  outer loop
    vertex -236.6312358196669 374.8337906626013 321.1710129835823
    vertex -236.43523681966565 374.7517896626014 325.91901398358226
    vertex -237.89922681966578 374.8977856626014 325.39101498358264
  endloop
endfacet
facet normal -0.0945300125384441 -0.9954334132685486 -0.013281433582585146
  outer loop
    vertex -238.00123181966543 374.88979066260134 326.7290139835826
    vertex -237.89922681966578 374.8977856626014 325.39101498358264
    vertex -236.43523681966565 374.7517896626014 325.91901398358226
  endloop
endfacet
facet normal -0.09534251358836232 -0.9953352203871239 -0.014751412121170666
  outer loop
    vertex -238.00123181966543 374.88979066260134 326.7290139835826
    vertex -236.43523681966565 374.7517896626014 325.91901398358226
    vertex -236.76923681966545 374.77177866260143 326.7290139835823
  endloop
endfacet
facet normal -0.35510842620183075 -0.9345110406975801 -0.024230568602184876
  outer loop
    vertex -248.1892348196691 377.6517836626015 312.6230139835853
    vertex -246.84122781967062 377.28578666260137 306.9830139835849
    vertex -247.6912338196684 377.3897906626017 315.42901498358515
  endloop
endfacet
facet normal -0.302633595053354 -0.9529783417086933 -0.015658460308459077
  outer loop
    vertex -246.41523281966812 376.9077956626016 316.4430149835848
    vertex -245.33123281966667 376.47377466260133 321.90701298358454
    vertex -246.5972398196667 376.87578266260135 321.9090139835848
  endloop
endfacet
facet normal -0.17971362744740677 -0.9835250169224853 -0.019533386734503583
  outer loop
    vertex -241.76322481966704 375.61577266260133 320.3190139835836
    vertex -239.56522681966615 375.1417736626014 323.96301498358304
    vertex -240.9792278196657 375.3717846626013 325.39101498358343
  endloop
endfacet
facet normal -0.42704783169046134 -0.9039302781322952 -0.023242240084531515
  outer loop
    vertex -250.8872328196698 378.88579266260155 310.03501398358594
    vertex -249.87122681967006 378.4258006626014 309.2570139835857
    vertex -250.99923281966835 378.7957956626017 315.593013983586
  endloop
endfacet
facet normal -0.18646386033606427 -0.9823536773375953 -0.01457674208720049
  outer loop
    vertex -240.95122781966762 375.4917796626017 318.10501298358344
    vertex -240.43923481966848 375.4457896626017 314.6550139835833
    vertex -239.56522681966615 375.1417736626014 323.96301498358304
  endloop
endfacet
facet normal -0.26502190543655546 -0.9639995146732175 -0.021640825968038346
  outer loop
    vertex -245.2712358196684 376.56377066260177 315.6490139835845
    vertex -243.93723581966952 376.2977796626016 311.1610139835842
    vertex -244.12122681966815 376.22978666260167 316.44301498358425
  endloop
endfacet
facet normal -0.3452996531315962 -0.9382057376765685 -0.023197916672956075
  outer loop
    vertex -246.84122781967062 377.28578666260137 306.9830139835849
    vertex -246.47523081966952 377.04777966260144 311.16101398358484
    vertex -247.6912338196684 377.3897906626017 315.42901498358515
  endloop
endfacet
facet normal -0.03949442334017546 -0.99913060813341 -0.013349847039918542
  outer loop
    vertex -234.47722881966766 374.74577766260165 318.29701498358173
    vertex -233.98723881966873 374.77977466260165 314.3030129835816
    vertex -232.78922581966592 374.58977166260144 324.9790139835813
  endloop
endfacet
facet normal -0.640011906029361 0.768320306746901 -0.00828651802704742
  outer loop
    vertex -255.4692338196727 416.1277966626013 299.0570129835872
    vertex -257.89522881967156 414.14979966260137 302.96901298358785
    vertex -256.24523481967077 415.56178766260143 306.4890129835873
  endloop
endfacet
facet normal -0.640011906029361 0.768320306746901 -0.00828651802704742
  outer loop
    vertex -258.04723681967124 414.0397836626013 304.6110129835879
    vertex -256.24523481967077 415.56178766260143 306.4890129835873
    vertex -257.89522881967156 414.14979966260137 302.96901298358785
  endloop
endfacet
facet normal -0.6393920159890704 0.7688214068449563 -0.00956526352876055
  outer loop
    vertex -256.24523481967077 415.56178766260143 306.4890129835873
    vertex -258.04723681967124 414.0397836626013 304.6110129835879
    vertex -256.68323781966967 415.24977566260134 310.68901398358753
  endloop
endfacet
facet normal -0.2440276246420191 0.9625253509963196 -0.1183024391168061
  outer loop
    vertex -263.41523281966664 413.7578016626013 322.13901398358934
    vertex -260.3112288196727 411.7077836626014 299.0570129835885
    vertex -267.66723181966665 412.67979866260134 322.1390139835905
  endloop
endfacet
facet normal -0.37543872989782917 -0.9265821870999322 -0.022163272362420817
  outer loop
    vertex -249.50522881966785 378.0697826626017 317.72901398358556
    vertex -247.6912338196684 377.3897906626017 315.42901498358515
    vertex -248.7752338196672 377.7157786626012 320.1630139835854
  endloop
endfacet
facet normal -0.5043989881036426 -0.8629204276417008 -0.030822010944872153
  outer loop
    vertex -253.1552378196727 380.5217786626014 299.0570129835866
    vertex -251.9132338196727 379.7957956626013 299.0570129835863
    vertex -252.8132278196714 380.14177366260134 304.09901298358653
  endloop
endfacet
facet normal -0.6180820855456989 0.7859868440177086 0.014114409607265293
  outer loop
    vertex -255.4692338196727 416.1277966626013 299.0570129835872
    vertex -256.5552318196727 415.27379266260135 299.0570129835874
    vertex -257.89522881967156 414.14979966260137 302.96901298358785
  endloop
endfacet
facet normal -0.39256146804290276 -0.9194329037187476 -0.023208390019847265
  outer loop
    vertex -249.87122681967006 378.4258006626014 309.2570139835857
    vertex -249.0412398196704 378.1077776626013 307.81701298358547
    vertex -249.8472398196688 378.2977796626015 313.92301398358563
  endloop
endfacet
facet normal -0.019050986949441573 -0.9995782763873768 -0.02191641555303295
  outer loop
    vertex -234.38323481967268 375.0817766626013 299.0570129835817
    vertex -232.80922981967268 375.05177766260135 299.0570129835813
    vertex -234.05323281967136 374.96178066260165 304.2430129835816
  endloop
endfacet
facet normal -0.01801113246235512 -0.9996029824803376 -0.021667406947701418
  outer loop
    vertex -234.05323281967136 374.96178066260165 304.2430129835816
    vertex -232.80922981967268 375.05177766260135 299.0570129835813
    vertex -232.73723881967126 374.9317826626015 304.5330129835813
  endloop
endfacet
facet normal -0.0749323452920924 -0.9970732230750123 -0.015170084239502628
  outer loop
    vertex -236.98122681966794 374.9277846626017 317.33901398358245
    vertex -236.45122781966842 374.9177746626016 315.37901398358224
    vertex -235.42122981966705 374.76179966260133 320.543014983582
  endloop
endfacet
facet normal -0.17007906376619544 -0.9852974753066217 -0.016186328268381418
  outer loop
    vertex -240.23322581966974 375.4837846626017 310.1610129835832
    vertex -239.21523581966767 375.1777846626018 318.105012983583
    vertex -240.43923481966848 375.4457896626017 314.6550139835833
  endloop
endfacet
facet normal -0.17007906376619544 -0.9852974753066217 -0.016186328268381418
  outer loop
    vertex -239.56522681966615 375.1417736626014 323.96301498358304
    vertex -240.43923481966848 375.4457896626017 314.6550139835833
    vertex -239.21523581966767 375.1777846626018 318.105012983583
  endloop
endfacet
facet normal -0.5643692334011177 -0.8248046268137704 -0.034419412790340935
  outer loop
    vertex -261.3532368196687 386.16579166260146 314.1530139835888
    vertex -261.30723081966823 386.0557756626017 316.0350139835888
    vertex -262.16923081966763 386.5477796626016 318.379013983589
  endloop
endfacet
facet normal -0.2179475704031746 -0.9758343191300796 -0.015691977672926447
  outer loop
    vertex -242.17522681966904 375.8517956626017 312.71701398358374
    vertex -241.57923381966972 375.75978566260176 310.16101298358353
    vertex -240.95122781966762 375.4917796626017 318.10501298358344
  endloop
endfacet
facet normal -0.055958807846119306 -0.9982147962537291 -0.020876598491304674
  outer loop
    vertex -235.9532268196727 375.16978866260143 299.0570129835821
    vertex -234.38323481967268 375.0817766626013 299.0570129835817
    vertex -235.30123481967138 375.02779066260166 304.09901298358193
  endloop
endfacet
facet normal -0.16022381967050642 -0.9868813892410897 -0.019835603841828288
  outer loop
    vertex -239.0672258196726 375.51778066260147 299.057012983583
    vertex -239.0392258196707 375.35579366260146 306.8370129835829
    vertex -240.33922881967112 375.60777766260134 304.8210129835833
  endloop
endfacet
facet normal -0.16022381967050642 -0.9868813892410897 -0.019835603841828288
  outer loop
    vertex -240.23322581966974 375.4837846626017 310.1610129835832
    vertex -240.33922881967112 375.60777766260134 304.8210129835833
    vertex -239.0392258196707 375.35579366260146 306.8370129835829
  endloop
endfacet
facet normal -0.16022381967050642 -0.9868813892410897 -0.019835603841828288
  outer loop
    vertex -239.07923381966913 375.24577766260177 312.68101398358294
    vertex -240.23322581966974 375.4837846626017 310.1610129835832
    vertex -239.0392258196707 375.35579366260146 306.8370129835829
  endloop
endfacet
facet normal -0.25219936614196387 -0.9673914232250483 -0.023437448415024063
  outer loop
    vertex -245.08323181967268 376.88979066260146 299.0570129835844
    vertex -243.44922981967062 376.27177866260166 306.98301398358404
    vertex -243.93723581966952 376.2977796626016 311.1610139835842
  endloop
endfacet
facet normal -0.2318190917524567 -0.9725316753026655 -0.021024966874101794
  outer loop
    vertex -243.93723581966952 376.2977796626016 311.1610139835842
    vertex -243.44922981967062 376.27177866260166 306.98301398358404
    vertex -242.7672378196683 375.9258006626017 315.4670129835839
  endloop
endfacet
facet normal -0.20720804572418436 -0.9781260099159079 -0.01828481646475361
  outer loop
    vertex -242.7672378196683 375.9258006626017 315.4670129835839
    vertex -242.17522681966904 375.8517956626017 312.71701398358374
    vertex -240.95122781966762 375.4917796626017 318.10501298358344
  endloop
endfacet
facet normal -0.02262318518111658 -0.999625148673408 -0.0154192617179975
  outer loop
    vertex -233.87122681966997 374.85579366260157 309.35301298358155
    vertex -232.67322881966822 374.7217906626016 316.1610129835813
    vertex -233.98723881966873 374.77977466260165 314.3030129835816
  endloop
endfacet
facet normal -0.02262318518111658 -0.999625148673408 -0.0154192617179975
  outer loop
    vertex -232.78922581966592 374.58977166260144 324.9790139835813
    vertex -233.98723881966873 374.77977466260165 314.3030129835816
    vertex -232.67322881966822 374.7217906626016 316.1610129835813
  endloop
endfacet
facet normal -0.3691799658970557 -0.9290082569085342 -0.025491398078885306
  outer loop
    vertex -249.0412398196704 378.1077776626013 307.81701298358547
    vertex -247.58123281967121 377.6097916626013 304.8210129835851
    vertex -248.67722581966987 377.90379766260133 309.97901398358533
  endloop
endfacet
facet normal -0.38533398660828416 -0.9225110929485365 -0.02215856835320672
  outer loop
    vertex -249.0412398196704 378.1077776626013 307.81701298358547
    vertex -248.67722581966987 377.90379766260133 309.97901398358533
    vertex -249.8472398196688 378.2977796626015 313.92301398358563
  endloop
endfacet
facet normal -0.3908309759452638 -0.9200031205887318 -0.029075872276998847
  outer loop
    vertex -249.29723681967272 378.4818006626014 299.05701298358554
    vertex -247.9272258196727 377.8997996626013 299.0570129835852
    vertex -248.56122881967136 378.0097856626014 304.0990129835854
  endloop
endfacet
facet normal -0.23870311881160458 -0.9709612719856048 -0.01596963912270274
  outer loop
    vertex -243.44922981967062 376.27177866260166 306.98301398358404
    vertex -242.6212268196712 376.10377966260137 304.82101298358384
    vertex -241.57923381966972 375.75978566260176 310.16101298358353
  endloop
endfacet
facet normal -0.19703686680890017 -0.9802430789107068 -0.0173199124071002
  outer loop
    vertex -241.11722881967023 375.69578966260144 308.2190139835834
    vertex -240.23322581966974 375.4837846626017 310.1610129835832
    vertex -240.43923481966848 375.4457896626017 314.6550139835833
  endloop
endfacet
facet normal -0.36074787110406037 -0.9324506895303196 -0.019916954795347136
  outer loop
    vertex -248.7752338196672 377.7157786626012 320.1630139835854
    vertex -247.2952378196678 377.1937756626016 317.795013983585
    vertex -247.76723781966686 377.2977796626012 321.47501398358514
  endloop
endfacet
facet normal -0.018246543656866503 -0.9996324953532914 -0.020048388422271145
  outer loop
    vertex -234.05323281967136 374.96178066260165 304.2430129835816
    vertex -232.73723881967126 374.9317826626015 304.5330129835813
    vertex -233.87122681966997 374.85579366260157 309.35301298358155
  endloop
endfacet
facet normal -0.018246543656866503 -0.9996324953532914 -0.020048388422271145
  outer loop
    vertex -232.68523681966974 374.8177996626016 310.1770139835813
    vertex -233.87122681966997 374.85579366260157 309.35301298358155
    vertex -232.73723881967126 374.9317826626015 304.5330129835813
  endloop
endfacet
facet normal -0.4045106642865105 -0.9143476809883392 -0.01842391787140766
  outer loop
    vertex -249.8472398196688 378.2977796626015 313.92301398358563
    vertex -249.50522881966785 378.0697826626017 317.72901398358556
    vertex -251.14722781966643 378.6897776626012 323.01101298358606
  endloop
endfacet
facet normal -0.36360913966568864 -0.9312822848747652 -0.022398647950592432
  outer loop
    vertex -248.56122881967136 378.0097856626014 304.0990129835854
    vertex -247.58123281967121 377.6097916626013 304.8210129835851
    vertex -249.0412398196704 378.1077776626013 307.81701298358547
  endloop
endfacet
facet normal -0.08904991691068846 -0.9958421208063952 -0.019198508432186966
  outer loop
    vertex -237.24523481967066 375.1537976626016 306.83701298358244
    vertex -236.45122781966842 374.9177746626016 315.37901398358224
    vertex -237.69922981966965 375.12178466260156 310.5850139835826
  endloop
endfacet
facet normal -0.08904991691068846 -0.9958421208063952 -0.019198508432186966
  outer loop
    vertex -236.98122681966794 374.9277846626017 317.33901398358245
    vertex -237.69922981966965 375.12178466260156 310.5850139835826
    vertex -236.45122781966842 374.9177746626016 315.37901398358224
  endloop
endfacet
facet normal -0.42267919301591167 -0.9060271087414292 -0.021381721564550343
  outer loop
    vertex -250.99923281966835 378.7957956626017 315.593013983586
    vertex -249.8472398196688 378.2977796626015 313.92301398358563
    vertex -251.14722781966643 378.6897776626012 323.01101298358606
  endloop
endfacet
facet normal -0.2984812701158078 -0.9542713822018805 -0.016584948012188086
  outer loop
    vertex -246.41523281966812 376.9077956626016 316.4430149835848
    vertex -245.2712358196684 376.56377066260177 315.6490139835845
    vertex -245.33123281966667 376.47377466260133 321.90701298358454
  endloop
endfacet
facet normal -0.04888364917241985 -0.9986242903029815 -0.01897144328865537
  outer loop
    vertex -234.80323281967037 374.9297986626016 307.8590129835818
    vertex -234.05323281967136 374.96178066260165 304.2430129835816
    vertex -233.87122681966997 374.85579366260157 309.35301298358155
  endloop
endfacet
facet normal -0.6224927287010249 0.1755041652574324 0.7626933136534267
  outer loop
    vertex -258.0672258196654 410.13377866260134 326.72501398358787
    vertex -256.53122981966544 415.58177666260127 326.7250139835874
    vertex -263.55922981966665 410.5837906626015 322.1390139835893
  endloop
endfacet
facet normal -0.38198211834207996 -0.9239305814298175 -0.021022415790214157
  outer loop
    vertex -249.8472398196688 378.2977796626015 313.92301398358563
    vertex -248.67722581966987 377.90379766260133 309.97901398358533
    vertex -249.50522881966785 378.0697826626017 317.72901398358556
  endloop
endfacet
facet normal -0.3536704625809999 -0.9350659547561218 -0.02385087322854883
  outer loop
    vertex -248.67722581966987 377.90379766260133 309.97901398358533
    vertex -246.84122781967062 377.28578666260137 306.9830139835849
    vertex -248.1892348196691 377.6517836626015 312.6230139835853
  endloop
endfacet
facet normal -0.21018510919443573 -0.9775535398381311 -0.014536045640500688
  outer loop
    vertex -242.81322781966676 375.8237806626013 321.5130139835839
    vertex -241.76322481966704 375.61577266260133 320.3190139835836
    vertex -240.9792278196657 375.3717846626013 325.39101498358343
  endloop
endfacet
facet normal -0.23307919548638598 -0.972240673532963 -0.0205465656397794
  outer loop
    vertex -243.93723581966952 376.2977796626016 311.1610139835842
    vertex -242.7672378196683 375.9258006626017 315.4670129835839
    vertex -244.12122681966815 376.22978666260167 316.44301498358425
  endloop
endfacet
facet normal -0.23307919548638598 -0.972240673532963 -0.0205465656397794
  outer loop
    vertex -243.22922781966778 375.9877816626017 317.811014983584
    vertex -244.12122681966815 376.22978666260167 316.44301498358425
    vertex -242.7672378196683 375.9258006626017 315.4670129835839
  endloop
endfacet
facet normal -0.3680609285911943 -0.9297047707083186 -0.013423567587662057
  outer loop
    vertex -248.7752338196672 377.7157786626012 320.1630139835854
    vertex -247.76723781966686 377.2977796626012 321.47501398358514
    vertex -249.6192278196659 377.97777266260135 325.1590139835856
  endloop
endfacet
facet normal -0.06665823883036931 -0.9976767212325415 -0.014065529023802864
  outer loop
    vertex -236.6312358196669 374.8337906626013 321.1710129835823
    vertex -235.42122981966705 374.76179966260133 320.543014983582
    vertex -234.9532268196657 374.65578166260144 325.84501498358185
  endloop
endfacet
facet normal -0.07786816144011693 -0.9967569065532347 -0.020303169022648847
  outer loop
    vertex -237.24523481967066 375.1537976626016 306.83701298358244
    vertex -235.83722981966912 374.9237866626017 312.7290139835821
    vertex -236.45122781966842 374.9177746626016 315.37901398358224
  endloop
endfacet
facet normal 0.07681291123085957 0.9970177068528443 -0.007447743962852156
  outer loop
    vertex -227.7112378196656 422.41579166260135 326.1550139835799
    vertex -229.1692308196656 422.5277906626013 326.1110139835803
    vertex -229.23923781966542 422.53780066260146 326.7290139835803
  endloop
endfacet
facet normal 0.5557616675231096 -0.8305275215712694 -0.036783213897342994
  outer loop
    vertex -208.74523481966645 381.6557816626011 323.011012983575
    vertex -208.52923081966543 381.63579266260126 326.72901398357493
    vertex -209.97523081966582 380.7377816626014 325.1590139835753
  endloop
endfacet
facet normal 0.5557616675231096 -0.8305275215712694 -0.036783213897342994
  outer loop
    vertex -209.77523381966546 380.8017776626011 326.7290139835752
    vertex -209.97523081966582 380.7377816626014 325.1590139835753
    vertex -208.52923081966543 381.63579266260126 326.72901398357493
  endloop
endfacet
facet normal 0.36711921798959163 -0.9299905663827615 -0.018466895293507854
  outer loop
    vertex -216.6072338196654 377.4177746626012 326.72901398357703
    vertex -216.56322781966557 377.44578966260104 326.193014983577
    vertex -215.84722481966537 377.71779266260114 326.72901398357686
  endloop
endfacet
facet normal 0.34022512109416275 -0.9401049279475754 -0.021203571047034055
  outer loop
    vertex -217.89322981966586 376.98778166260115 325.1590139835774
    vertex -216.56322781966557 377.44578966260104 326.193014983577
    vertex -216.6072338196654 377.4177746626012 326.72901398357703
  endloop
endfacet
facet normal 0.3389800688533565 -0.9405798013585449 -0.020053682866096798
  outer loop
    vertex -217.96123781966537 376.9297986626012 326.7290139835774
    vertex -217.89322981966586 376.98778166260115 325.1590139835774
    vertex -216.6072338196654 377.4177746626012 326.72901398357703
  endloop
endfacet
facet normal -0.13032223487377767 -0.9914142166319106 -0.010675493320641638
  outer loop
    vertex -239.0672258196726 375.51778066260147 299.057012983583
    vertex -237.5152388196727 375.3137706626015 299.0570129835826
    vertex -236.40523781967119 375.1057936626015 304.8210129835822
  endloop
endfacet
facet normal 0.5207402548818375 -0.8530925419091654 -0.032599108646678386
  outer loop
    vertex -211.02123581966558 380.0597726626013 326.19301498357555
    vertex -209.97523081966582 380.7377816626014 325.1590139835753
    vertex -210.9352368196654 380.09178566260135 326.7290139835755
  endloop
endfacet
facet normal -0.20260551224619602 -0.9791125990191698 -0.017015429744290878
  outer loop
    vertex -241.57923381966972 375.75978566260176 310.16101298358353
    vertex -240.43923481966848 375.4457896626017 314.6550139835833
    vertex -240.95122781966762 375.4917796626017 318.10501298358344
  endloop
endfacet
facet normal 0.762313938611101 0.644715224239875 -0.05674274079173647
  outer loop
    vertex -204.20722481966547 411.88579266260126 326.72901398357374
    vertex -203.27523381966546 410.7838026626012 326.7290139835735
    vertex -204.33323181966566 411.98180066260124 326.12701498357376
  endloop
endfacet
facet normal -0.052721786795616635 -0.9984717641455265 -0.016569532316814926
  outer loop
    vertex -234.80323281967037 374.9297986626016 307.8590129835818
    vertex -233.87122681966997 374.85579366260157 309.35301298358155
    vertex -233.98723881966873 374.77977466260165 314.3030129835816
  endloop
endfacet
facet normal -0.06878335764944345 -0.997465879435058 -0.01818430843652948
  outer loop
    vertex -236.98122681966794 374.9277846626017 317.33901398358245
    vertex -235.42122981966705 374.76179966260133 320.543014983582
    vertex -236.6312358196669 374.8337906626013 321.1710129835823
  endloop
endfacet
facet normal 0.20592213919509497 0.9784632254009163 -0.014345352116688564
  outer loop
    vertex -224.0592298196656 421.8977856626015 326.1550139835789
    vertex -224.0952258196654 421.91377666260155 326.72901398357897
    vertex -222.67922481966542 421.6157726626015 326.7290139835786
  endloop
endfacet
facet normal -0.16560753466809167 -0.9859648790410231 -0.021151873646972116
  outer loop
    vertex -240.60323681967262 375.7757766626014 299.0570129835833
    vertex -239.0672258196726 375.51778066260147 299.057012983583
    vertex -240.33922881967112 375.60777766260134 304.8210129835833
  endloop
endfacet
facet normal 0.6372685599896993 0.7693704041782038 -0.044248882735305695
  outer loop
    vertex -206.26923681966548 413.8297926626012 326.72901398357436
    vertex -206.31322781966554 413.8497816626013 326.4430149835744
    vertex -206.66523281966542 414.15779566260125 326.7290139835745
  endloop
endfacet
facet normal 0.5217767852455506 -0.8524921917644352 -0.0317182811559512
  outer loop
    vertex -210.9352368196654 380.09178566260135 326.7290139835755
    vertex -209.97523081966582 380.7377816626014 325.1590139835753
    vertex -209.77523381966546 380.8017776626011 326.7290139835752
  endloop
endfacet
facet normal -0.037161077556265534 -0.9991697529890012 -0.016699072631604174
  outer loop
    vertex -235.42122981966705 374.76179966260133 320.543014983582
    vertex -232.78922581966592 374.58977166260144 324.9790139835813
    vertex -234.9532268196657 374.65578166260144 325.84501498358185
  endloop
endfacet
facet normal -0.09190789593391986 -0.9956606694344381 -0.014586637939105656
  outer loop
    vertex -237.24523481967066 375.1537976626016 306.83701298358244
    vertex -236.40523781967119 375.1057936626015 304.8210129835822
    vertex -235.2452348196698 374.9217726626016 310.0730139835819
  endloop
endfacet
facet normal 0.8397015978605434 0.5392505619336427 -0.0641097340869606
  outer loop
    vertex -201.22523081966608 407.6077776626013 324.44501298357295
    vertex -202.00322981966573 408.9617806626013 325.64101498357326
    vertex -201.08922881966544 407.66777466260135 326.729013983573
  endloop
endfacet
facet normal 0.8397015978605434 0.5392505619336427 -0.0641097340869606
  outer loop
    vertex -201.88323481966543 408.90379766260133 326.72901398357317
    vertex -201.08922881966544 407.66777466260135 326.729013983573
    vertex -202.00322981966573 408.9617806626013 325.64101498357326
  endloop
endfacet
facet normal 0.6371715628938073 -0.769603119268809 -0.04151431381081282
  outer loop
    vertex -207.37923781966546 382.5217786626013 326.72901398357465
    vertex -207.37522381966588 382.6097916626011 325.15901398357465
    vertex -206.39123081966545 383.33977166260127 326.72901398357436
  endloop
endfacet
facet normal -0.08043682363597601 -0.996641960976592 -0.015320542552031325
  outer loop
    vertex -236.40523781967119 375.1057936626015 304.8210129835822
    vertex -235.30123481967138 375.02779066260166 304.09901298358193
    vertex -234.80323281967037 374.9297986626016 307.8590129835818
  endloop
endfacet
facet normal 0.2211544376851023 0.9751786733093184 -0.010829118840611366
  outer loop
    vertex -222.09722481966546 421.48378466260147 326.72901398357845
    vertex -222.6492268196655 421.60579366260157 326.4430149835786
    vertex -222.67922481966542 421.6157726626015 326.7290139835786
  endloop
endfacet
facet normal 0.3159904325469281 -0.9485222869598892 -0.021342860145422256
  outer loop
    vertex -219.6412308196664 376.4537856626013 323.0110129835778
    vertex -217.89322981966586 376.98778166260115 325.1590139835774
    vertex -217.96123781966537 376.9297986626012 326.7290139835774
  endloop
endfacet
facet normal -0.04524650888463424 -0.9989050734858307 -0.011891492674174999
  outer loop
    vertex -235.42122981966705 374.76179966260133 320.543014983582
    vertex -234.47722881966766 374.74577766260165 318.29701498358173
    vertex -232.78922581966592 374.58977166260144 324.9790139835813
  endloop
endfacet
facet normal -0.20401885465750555 -0.9787403127476517 -0.02106435726217754
  outer loop
    vertex -242.11922781967272 376.09178566260135 299.0570129835837
    vertex -240.60323681967262 375.7757766626014 299.0570129835833
    vertex -241.55123481967127 375.8617746626014 304.2430129835836
  endloop
endfacet
facet normal -0.13267274511540345 -0.9910592745554693 -0.014122925374373716
  outer loop
    vertex -239.21523581966767 375.1777846626018 318.105012983583
    vertex -237.92122981966716 374.97377466260133 320.31901398358264
    vertex -239.56522681966615 375.1417736626014 323.96301498358304
  endloop
endfacet
facet normal -0.13267274511540345 -0.9910592745554693 -0.014122925374373716
  outer loop
    vertex -237.89922681966578 374.8977856626014 325.39101498358264
    vertex -239.56522681966615 375.1417736626014 323.96301498358304
    vertex -237.92122981966716 374.97377466260133 320.31901398358264
  endloop
endfacet
facet normal -0.12857205484164755 -0.9915740395008855 -0.015816159511491144
  outer loop
    vertex -239.07923381966913 375.24577766260177 312.68101398358294
    vertex -237.88523381966846 375.04979366260164 315.32301398358265
    vertex -239.21523581966767 375.1777846626018 318.105012983583
  endloop
endfacet
facet normal -0.12857205484164755 -0.9915740395008855 -0.015816159511491144
  outer loop
    vertex -237.92122981966716 374.97377466260133 320.31901398358264
    vertex -239.21523581966767 375.1777846626018 318.105012983583
    vertex -237.88523381966846 375.04979366260164 315.32301398358265
  endloop
endfacet
facet normal -0.2313035450423474 -0.9726561798171034 -0.020943397872394406
  outer loop
    vertex -243.6132308196727 376.4637956626014 299.05701298358406
    vertex -241.55123481967127 375.8617746626014 304.2430129835836
    vertex -242.6212268196712 376.10377966260137 304.82101298358384
  endloop
endfacet
facet normal -0.20471397536978034 -0.9786835883506378 -0.016450598208583134
  outer loop
    vertex -241.57923381966972 375.75978566260176 310.16101298358353
    vertex -241.11722881967023 375.69578966260144 308.2190139835834
    vertex -240.43923481966848 375.4457896626017 314.6550139835833
  endloop
endfacet
facet normal -0.1075011633198575 -0.9939751261172725 -0.02137635481156353
  outer loop
    vertex -236.40523781967119 375.1057936626015 304.8210129835822
    vertex -237.24523481967066 375.1537976626016 306.83701298358244
    vertex -239.0672258196726 375.51778066260147 299.057012983583
  endloop
endfacet
facet normal -0.1075011633198575 -0.9939751261172725 -0.02137635481156353
  outer loop
    vertex -237.69922981966965 375.12178466260156 310.5850139835826
    vertex -239.0672258196726 375.51778066260147 299.057012983583
    vertex -237.24523481967066 375.1537976626016 306.83701298358244
  endloop
endfacet
facet normal -0.0925279776150331 -0.9955333617080316 -0.018758973446790107
  outer loop
    vertex -237.88523381966846 375.04979366260164 315.32301398358265
    vertex -237.69922981966965 375.12178466260156 310.5850139835826
    vertex -236.98122681966794 374.9277846626017 317.33901398358245
  endloop
endfacet
facet normal -0.5680060574887843 -0.8224373619225189 -0.031079002074962423
  outer loop
    vertex -261.9152328196674 386.34380066260167 319.16301398358894
    vertex -260.9312388196672 385.63179466260124 320.02101398358866
    vertex -260.5972398196654 385.1477856626012 326.7250139835885
  endloop
endfacet
facet normal -0.09177614311318974 -0.9956483230995549 -0.016172701206409408
  outer loop
    vertex -237.5152388196727 375.3137706626015 299.0570129835826
    vertex -235.9532268196727 375.16978866260143 299.0570129835821
    vertex -235.30123481967138 375.02779066260166 304.09901298358193
  endloop
endfacet
facet normal -0.25541258226462005 -0.9665653836708391 -0.02271061228065622
  outer loop
    vertex -245.08323181967268 376.88979066260146 299.0570129835844
    vertex -242.6212268196712 376.10377966260137 304.82101298358384
    vertex -243.44922981967062 376.27177866260166 306.98301398358404
  endloop
endfacet
facet normal 0.10806263409750187 0.994114328814499 -0.00769209708778357
  outer loop
    vertex -225.87322581966563 422.2157786626014 326.12701498357944
    vertex -227.7112378196656 422.41579166260135 326.1550139835799
    vertex -227.79923581966543 422.4297986626013 326.72901398357993
  endloop
endfacet
facet normal 0.8853966575119172 -0.46068325203944893 -0.0619975818647993
  outer loop
    vertex -201.09922281966547 389.57979266260133 326.72901398357294
    vertex -201.23522481966603 389.6257826626013 324.445012983573
    vertex -200.84322681966546 390.07179666260123 326.72901398357294
  endloop
endfacet
facet normal 0.6964087995579028 0.7159904749208719 -0.048707532486312134
  outer loop
    vertex -204.33323181966566 411.98180066260124 326.12701498357376
    vertex -205.42722581966567 413.04777966260116 326.15501398357407
    vertex -204.29523781966543 411.9857986626012 326.7290139835738
  endloop
endfacet
facet normal 0.6973161484645384 0.7148274681024043 -0.052648646106885466
  outer loop
    vertex -204.29523781966543 411.9857986626012 326.7290139835738
    vertex -205.42722581966567 413.04777966260116 326.15501398357407
    vertex -205.35723381966548 413.0217786626012 326.7290139835741
  endloop
endfacet
facet normal -0.020910361275317223 -0.9996533700661925 -0.015996765505562904
  outer loop
    vertex -233.87122681966997 374.85579366260157 309.35301298358155
    vertex -232.68523681966974 374.8177996626016 310.1770139835813
    vertex -232.67322881966822 374.7217906626016 316.1610129835813
  endloop
endfacet
facet normal -0.11675260242611353 -0.9929544816246789 -0.02025406744817469
  outer loop
    vertex -239.0392258196707 375.35579366260146 306.8370129835829
    vertex -239.0672258196726 375.51778066260147 299.057012983583
    vertex -237.69922981966965 375.12178466260156 310.5850139835826
  endloop
endfacet
facet normal -0.11820343763099508 -0.9927934627004831 -0.01972530738417412
  outer loop
    vertex -239.0392258196707 375.35579366260146 306.8370129835829
    vertex -237.69922981966965 375.12178466260156 310.5850139835826
    vertex -237.88523381966846 375.04979366260164 315.32301398358265
  endloop
endfacet
facet normal -0.5791136183972053 -0.8146177005786949 -0.03202216249374697
  outer loop
    vertex -261.30723081966823 386.0557756626017 316.0350139835888
    vertex -260.7852278196685 385.7217906626017 315.09101298358866
    vertex -260.9312388196672 385.63179466260124 320.02101398358866
  endloop
endfacet
facet normal -0.2332403620479624 -0.9722258217132412 -0.019387756594008324
  outer loop
    vertex -243.44922981967062 376.27177866260166 306.98301398358404
    vertex -241.57923381966972 375.75978566260176 310.16101298358353
    vertex -242.17522681966904 375.8517956626017 312.71701398358374
  endloop
endfacet
facet normal 0.17290445684375122 0.984780025467554 -0.017673433274019174
  outer loop
    vertex -224.0592298196656 421.8977856626015 326.1550139835789
    vertex -225.87322581966563 422.2157786626014 326.12701498357944
    vertex -225.85723381966542 422.2237746626014 326.7290139835794
  endloop
endfacet
facet normal 0.1732494923198942 0.9847385836799232 -0.0165691044706143
  outer loop
    vertex -224.0952258196654 421.91377666260155 326.72901398357897
    vertex -224.0592298196656 421.8977856626015 326.1550139835789
    vertex -225.85723381966542 422.2237746626014 326.7290139835794
  endloop
endfacet
facet normal 0.6624156763530815 0.7476666048868827 -0.04690543314597479
  outer loop
    vertex -205.35723381966548 413.0217786626012 326.7290139835741
    vertex -205.42722581966567 413.04777966260116 326.15501398357407
    vertex -206.26923681966548 413.8297926626012 326.72901398357436
  endloop
endfacet
facet normal 0.20523829338184396 0.9786306781092659 -0.012618985423036865
  outer loop
    vertex -222.6492268196655 421.60579366260157 326.4430149835786
    vertex -224.0592298196656 421.8977856626015 326.1550139835789
    vertex -222.67922481966542 421.6157726626015 326.7290139835786
  endloop
endfacet
facet normal 0.7607286149590502 0.6472199912739359 -0.04897200504218237
  outer loop
    vertex -203.27523381966546 410.7838026626012 326.7290139835735
    vertex -203.36323081966566 410.8438006626013 326.1550139835735
    vertex -204.33323181966566 411.98180066260124 326.12701498357376
  endloop
endfacet
facet normal 0.10514575518962661 0.9943098980803837 -0.01709376333579421
  outer loop
    vertex -226.02123581966546 422.24177966260135 326.7290139835795
    vertex -225.87322581966563 422.2157786626014 326.12701498357944
    vertex -227.79923581966543 422.4297986626013 326.72901398357993
  endloop
endfacet
facet normal 0.7921949284885473 0.6075108129420946 -0.057946591232450835
  outer loop
    vertex -203.27523381966546 410.7838026626012 326.7290139835735
    vertex -202.57122381966553 409.8657726626013 326.7290139835734
    vertex -203.36323081966566 410.8438006626013 326.1550139835735
  endloop
endfacet
facet normal 0.061118531995363407 0.9980876462308468 -0.009250702032809697
  outer loop
    vertex -230.6792248196657 422.61778666260136 325.8450149835807
    vertex -230.74123681966546 422.6297806626014 326.72901398358067
    vertex -229.1692308196656 422.5277906626013 326.1110139835803
  endloop
endfacet
facet normal 0.061118531995363407 0.9980876462308468 -0.009250702032809697
  outer loop
    vertex -229.23923781966542 422.53780066260146 326.7290139835803
    vertex -229.1692308196656 422.5277906626013 326.1110139835803
    vertex -230.74123681966546 422.6297806626014 326.72901398358067
  endloop
endfacet
facet normal 0.35729358594729266 0.9336528404768665 -0.025172741416139295
  outer loop
    vertex -215.28122981966578 419.3037916626013 325.1590139835767
    vertex -216.49923281966554 419.7977796626011 326.19301498357703
    vertex -216.40923581966544 419.77779066260126 326.72901398357703
  endloop
endfacet
facet normal -0.0834011058033536 -0.9963175765592964 -0.01988824250124413
  outer loop
    vertex -237.5152388196727 375.3137706626015 299.0570129835826
    vertex -235.30123481967138 375.02779066260166 304.09901298358193
    vertex -236.40523781967119 375.1057936626015 304.8210129835822
  endloop
endfacet
facet normal -0.16717652762899696 -0.9857880763384185 -0.016549234390502616
  outer loop
    vertex -240.23322581966974 375.4837846626017 310.1610129835832
    vertex -239.07923381966913 375.24577766260177 312.68101398358294
    vertex -239.21523581966767 375.1777846626018 318.105012983583
  endloop
endfacet
facet normal -0.22862573905866815 -0.9733881114172209 -0.01567979564579671
  outer loop
    vertex -242.6212268196712 376.10377966260137 304.82101298358384
    vertex -241.55123481967127 375.8617746626014 304.2430129835836
    vertex -241.11722881967023 375.69578966260144 308.2190139835834
  endloop
endfacet
facet normal 0.6098253163290867 -0.7915416778608315 -0.03968445253987093
  outer loop
    vertex -208.74523481966645 381.6557816626011 323.011012983575
    vertex -207.37923781966546 382.5217786626013 326.72901398357465
    vertex -208.52923081966543 381.63579266260126 326.72901398357493
  endloop
endfacet
facet normal -0.21933932591471011 -0.9754428672185392 -0.020036788658770018
  outer loop
    vertex -242.6212268196712 376.10377966260137 304.82101298358384
    vertex -241.11722881967023 375.69578966260144 308.2190139835834
    vertex -241.57923381966972 375.75978566260176 310.16101298358353
  endloop
endfacet
facet normal 0.3917859834932816 0.9197267054165409 -0.02462783956903142
  outer loop
    vertex -213.8152268196664 418.62178466260104 323.0110129835763
    vertex -215.28122981966578 419.3037916626013 325.1590139835767
    vertex -215.07923381966543 419.2597856626011 326.7290139835766
  endloop
endfacet
facet normal -0.0744825244812525 -0.9970509979897749 -0.018484072995251868
  outer loop
    vertex -236.40523781967119 375.1057936626015 304.8210129835822
    vertex -234.80323281967037 374.9297986626016 307.8590129835818
    vertex -235.2452348196698 374.9217726626016 310.0730139835819
  endloop
endfacet
facet normal -0.19611864774461396 -0.9803849688599944 -0.019564990166418085
  outer loop
    vertex -240.60323681967262 375.7757766626014 299.0570129835833
    vertex -240.33922881967112 375.60777766260134 304.8210129835833
    vertex -241.55123481967127 375.8617746626014 304.2430129835836
  endloop
endfacet
facet normal -0.19611864774461396 -0.9803849688599944 -0.019564990166418085
  outer loop
    vertex -241.11722881967023 375.69578966260144 308.2190139835834
    vertex -241.55123481967127 375.8617746626014 304.2430129835836
    vertex -240.33922881967112 375.60777766260134 304.8210129835833
  endloop
endfacet
facet normal 0.7919379586092846 0.6079498639273342 -0.05684393252137538
  outer loop
    vertex -202.57122381966553 409.8657726626013 326.7290139835734
    vertex -202.65923581966567 409.9177746626012 326.0590139835734
    vertex -203.36323081966566 410.8438006626013 326.1550139835735
  endloop
endfacet
facet normal -0.11976569044034491 -0.9926105404708487 -0.01950626410969902
  outer loop
    vertex -239.07923381966913 375.24577766260177 312.68101398358294
    vertex -239.0392258196707 375.35579366260146 306.8370129835829
    vertex -237.88523381966846 375.04979366260164 315.32301398358265
  endloop
endfacet
facet normal -0.09955228182686757 -0.9949165675772268 -0.015177837244268966
  outer loop
    vertex -237.88523381966846 375.04979366260164 315.32301398358265
    vertex -236.98122681966794 374.9277846626017 317.33901398358245
    vertex -237.92122981966716 374.97377466260133 320.31901398358264
  endloop
endfacet
facet normal -0.09955228182686757 -0.9949165675772268 -0.015177837244268966
  outer loop
    vertex -236.6312358196669 374.8337906626013 321.1710129835823
    vertex -237.92122981966716 374.97377466260133 320.31901398358264
    vertex -236.98122681966794 374.9277846626017 317.33901398358245
  endloop
endfacet
facet normal -0.09955228182686757 -0.9949165675772268 -0.015177837244268966
  outer loop
    vertex -237.89922681966578 374.8977856626014 325.39101498358264
    vertex -237.92122981966716 374.97377466260133 320.31901398358264
    vertex -236.6312358196669 374.8337906626013 321.1710129835823
  endloop
endfacet
facet normal -0.6131569395837895 -0.7890368642402358 -0.03820201971331968
  outer loop
    vertex -259.92522681967057 385.4357806626013 307.1950129835883
    vertex -260.1072338196691 385.29979366260164 312.92501398358837
    vertex -260.7852278196685 385.7217906626017 315.09101298358866
  endloop
endfacet
facet normal -0.23222500798928075 -0.9725696827291112 -0.0134073823162795
  outer loop
    vertex -242.95522581966537 375.7857866626013 326.7290139835839
    vertex -242.81322781966676 375.8237806626013 321.5130139835839
    vertex -242.19323281966533 375.6037796626013 326.72901398358374
  endloop
endfacet
facet normal -0.253779314891913 0.9672586496773312 0.002600760922714515
  outer loop
    vertex -244.0132248196667 421.2318006626015 321.9090139835842
    vertex -245.30922981966668 420.8917736626013 321.9070129835846
    vertex -245.35123781966544 420.8677866626014 326.72901398358454
  endloop
endfacet
facet normal 0.8119897653731498 0.5807219799779678 -0.05860548523581861
  outer loop
    vertex -201.88323481966543 408.90379766260133 326.72901398357317
    vertex -202.00322981966573 408.9617806626013 325.64101498357326
    vertex -202.57122381966553 409.8657726626013 326.7290139835734
  endloop
endfacet
facet normal -0.6001522971181552 -0.7995484593682289 -0.02322673859355238
  outer loop
    vertex -257.1432298196667 382.4077956626014 321.90901398358767
    vertex -256.1972308196667 381.69777366260126 321.90701298358744
    vertex -256.33323181966546 381.6597796626013 326.72901398358744
  endloop
endfacet
facet normal -0.40879899554519017 -0.9125272744322844 -0.01331745690551066
  outer loop
    vertex -251.2192338196654 378.66777466260146 326.72901398358607
    vertex -251.14722781966643 378.6897776626012 323.01101298358606
    vertex -249.77723181966542 378.02177866260143 326.7290139835857
  endloop
endfacet
facet normal -0.36157224048757913 0.9322921082338093 -0.009845802849520304
  outer loop
    vertex -249.59923881966589 419.3217966626014 325.1590139835857
    vertex -249.75522881966543 419.2777906626014 326.72901398358573
    vertex -248.35323681966563 419.81578466260123 326.1930149835854
  endloop
endfacet
facet normal -0.36157224048757913 0.9322921082338093 -0.009845802849520304
  outer loop
    vertex -248.42522681966543 419.7937816626014 326.7290139835854
    vertex -248.35323681966563 419.81578466260123 326.1930149835854
    vertex -249.75522881966543 419.2777906626014 326.72901398358573
  endloop
endfacet
facet normal -0.15073856395272978 0.9884580120090947 -0.015120973265550805
  outer loop
    vertex -237.87322581966578 422.35179566260143 325.3910149835826
    vertex -240.95522581966583 421.8817946626013 325.3910149835834
    vertex -239.34522581966544 422.1477856626013 326.72901398358295
  endloop
endfacet
facet normal -0.15264871240108188 0.9881979947009976 -0.012770821086328913
  outer loop
    vertex -239.34522581966544 422.1477856626013 326.72901398358295
    vertex -240.95522581966583 421.8817946626013 325.3910149835834
    vertex -240.57523681966543 421.9577836626014 326.72901398358323
  endloop
endfacet
facet normal -0.13417875304083138 -0.9908255360406879 -0.01614990285082254
  outer loop
    vertex -238.19323281966544 374.9157916626013 326.7290139835827
    vertex -237.89922681966578 374.8977856626014 325.39101498358264
    vertex -238.00123181966543 374.88979066260134 326.7290139835826
  endloop
endfacet
facet normal -0.5200159549223466 -0.8539296297371425 -0.019687409255325854
  outer loop
    vertex -254.19123381966685 380.4077956626013 321.4750139835869
    vertex -253.8312328196656 380.07979266260133 326.1930149835868
    vertex -254.44922981966545 380.44377566260135 326.729013983587
  endloop
endfacet
facet normal -0.09883882763054698 0.9950665337067421 -0.00857202715046668
  outer loop
    vertex -236.44123381966543 422.48378466260147 326.72901398358215
    vertex -236.41123481966565 422.47978666260127 325.91901398358215
    vertex -236.76322481966542 422.4518016626014 326.72901398358226
  endloop
endfacet
facet normal -0.4799304481176028 0.8772716377430797 -0.007825508367623643
  outer loop
    vertex -252.57923381966543 417.9258006626014 326.7290139835864
    vertex -252.76723781966626 417.7957956626013 323.68501298358643
    vertex -253.93923481966542 417.1817826626013 326.72901398358675
  endloop
endfacet
facet normal -0.4642290114276732 -0.8855538664707571 -0.01690486697901346
  outer loop
    vertex -252.67522681966588 379.44978766260135 325.1590139835865
    vertex -251.14722781966643 378.6897776626012 323.01101298358606
    vertex -252.59122781966545 379.3757826626013 326.7290139835864
  endloop
endfacet
facet normal 0.5031084793354902 0.8635171596186425 -0.03492811281593317
  outer loop
    vertex -211.0412248196655 417.1817826626013 326.19301498357555
    vertex -212.22523081966585 417.8297926626012 325.15901398357585
    vertex -211.0692248196654 417.2197766626011 326.72901398357556
  endloop
endfacet
facet normal 0.4700936054354634 0.8822236108532395 -0.02633443718325246
  outer loop
    vertex -212.2632248196654 417.90578166260116 326.72901398357584
    vertex -213.8152268196664 418.62178466260104 323.0110129835763
    vertex -213.6332348196654 418.63579266260115 326.72901398357624
  endloop
endfacet
facet normal 0.07478503069896407 0.9971166624371783 -0.012867038256620259
  outer loop
    vertex -227.79923581966543 422.4297986626013 326.72901398357993
    vertex -227.7112378196656 422.41579166260135 326.1550139835799
    vertex -229.23923781966542 422.53780066260146 326.7290139835803
  endloop
endfacet
facet normal -0.3026424841009572 -0.953021980562583 -0.012515245973367261
  outer loop
    vertex -246.5972398196667 376.87578266260135 321.9090139835848
    vertex -245.33123281966667 376.47377466260133 321.90701298358454
    vertex -245.37322581966544 376.42378666260134 326.72901398358454
  endloop
endfacet
facet normal -0.4703343963138021 0.8824469023780598 -0.008545181536901217
  outer loop
    vertex -253.95923881966598 417.16179366260127 324.66901398358675
    vertex -254.39722781966702 416.8897906626012 320.6870139835869
    vertex -255.62523981966547 416.29378166260136 326.7290139835872
  endloop
endfacet
facet normal -0.24120550090616463 0.9704534023303361 0.006332474878052016
  outer loop
    vertex -243.62122681966542 421.2977796626013 326.7290139835841
    vertex -244.0132248196667 421.2318006626015 321.9090139835842
    vertex -245.35123781966544 420.8677866626014 326.72901398358454
  endloop
endfacet
facet normal 0.49795095350088836 0.8666896574807806 -0.029897918379099955
  outer loop
    vertex -211.0692248196654 417.2197766626011 326.72901398357556
    vertex -212.22523081966585 417.8297926626012 325.15901398357585
    vertex -212.2632248196654 417.90578166260116 326.72901398357584
  endloop
endfacet
facet normal -0.46263898606747883 0.8865465670527205 -0.0005941527508046445
  outer loop
    vertex -254.75522881966543 416.74779166260123 326.729013983587
    vertex -253.95923881966598 417.16179366260127 324.66901398358675
    vertex -255.62523981966547 416.29378166260136 326.7290139835872
  endloop
endfacet
facet normal -0.5274592196177433 -0.849342917661115 -0.02008431873740404
  outer loop
    vertex -255.19323281966672 381.0197946626012 321.90901398358716
    vertex -254.19123381966685 380.4077956626013 321.4750139835869
    vertex -254.44922981966545 380.44377566260135 326.729013983587
  endloop
endfacet
facet normal 0.6668149941077497 -0.7439436645047124 -0.04365303742446479
  outer loop
    vertex -206.39123081966545 383.33977166260127 326.72901398357436
    vertex -206.37722281966555 383.3837786626013 326.19301498357436
    vertex -205.85123781966544 383.8237806626013 326.72901398357425
  endloop
endfacet
facet normal 0.8103079238526084 0.5827988601486181 -0.061209126371374815
  outer loop
    vertex -202.57122381966553 409.8657726626013 326.7290139835734
    vertex -202.00322981966573 408.9617806626013 325.64101498357326
    vertex -202.65923581966567 409.9177746626012 326.0590139835734
  endloop
endfacet
facet normal 0.6150198400502143 -0.7873618547241542 -0.04256648998859338
  outer loop
    vertex -208.74523481966645 381.6557816626011 323.011012983575
    vertex -207.37522381966588 382.6097916626011 325.15901398357465
    vertex -207.37923781966546 382.5217786626013 326.72901398357465
  endloop
endfacet
facet normal -0.0044885643387706405 -0.9999747612409972 -0.005507238072535668
  outer loop
    vertex -233.15523781966542 374.58177666260144 326.7290139835814
    vertex -232.78922581966592 374.58977166260144 324.9790139835813
    vertex -232.71323681966544 374.57979266260133 326.7290139835813
  endloop
endfacet
facet normal -0.05019605883748438 0.9986422436090023 -0.013929284143914355
  outer loop
    vertex -233.12923781966543 422.6837966626014 326.7290139835813
    vertex -232.76322481966594 422.6777846626013 324.97901398358124
    vertex -234.99923281966545 422.58980266260136 326.7290139835818
  endloop
endfacet
facet normal 0.03411338683201765 0.9993352661702954 -0.012857006929842109
  outer loop
    vertex -230.6792248196657 422.61778666260136 325.8450149835807
    vertex -232.76322481966594 422.6777846626013 324.97901398358124
    vertex -232.68923481966542 422.6977736626013 326.72901398358124
  endloop
endfacet
facet normal 0.03488064404756243 0.9993297081074954 -0.011111937932495724
  outer loop
    vertex -230.74123681966546 422.6297806626014 326.72901398358067
    vertex -230.6792248196657 422.61778666260136 325.8450149835807
    vertex -232.68923481966542 422.6977736626013 326.72901398358124
  endloop
endfacet
facet normal -0.6318509121786977 -0.7747151593647368 -0.02410075993445318
  outer loop
    vertex -258.64322981966546 383.47777266260135 326.699014983588
    vertex -258.0612288196667 383.1557816626013 321.79101398358785
    vertex -257.57523681966546 382.60579366260146 326.7290139835877
  endloop
endfacet
facet normal 0.5168636793333284 0.8554067144870192 -0.033634651723154024
  outer loop
    vertex -211.0412248196655 417.1817826626013 326.19301498357555
    vertex -211.0692248196654 417.2197766626011 326.72901398357556
    vertex -210.40723681966537 416.8197826626012 326.7290139835754
  endloop
endfacet
facet normal 0.4787606636401777 0.8774021894813646 -0.030880816765821138
  outer loop
    vertex -212.22523081966585 417.8297926626012 325.15901398357585
    vertex -213.8152268196664 418.62178466260104 323.0110129835763
    vertex -212.2632248196654 417.90578166260116 326.72901398357584
  endloop
endfacet
facet normal -0.6295794301658181 -0.7765488338857508 -0.024528548729282996
  outer loop
    vertex -258.0612288196667 383.1557816626013 321.79101398358785
    vertex -257.1432298196667 382.4077956626014 321.90901398358767
    vertex -257.57523681966546 382.60579366260146 326.7290139835877
  endloop
endfacet
facet normal -0.21786221135992612 0.9759794801511052 0.0003334446599104511
  outer loop
    vertex -242.93123881966542 421.45180166260127 326.7290139835839
    vertex -242.23322581966556 421.60777766260134 326.25301398358374
    vertex -243.62122681966542 421.2977796626013 326.7290139835841
  endloop
endfacet
facet normal -0.4585367597788853 -0.88856295860512 -0.014138901173604477
  outer loop
    vertex -252.59122781966545 379.3757826626013 326.7290139835864
    vertex -251.14722781966643 378.6897776626012 323.01101298358606
    vertex -251.2192338196654 378.66777466260146 326.72901398358607
  endloop
endfacet
facet normal 0.3628453256268916 0.9316222985770922 -0.020570913072843804
  outer loop
    vertex -215.07923381966543 419.2597856626011 326.7290139835766
    vertex -215.28122981966578 419.3037916626013 325.1590139835767
    vertex -216.40923581966544 419.77779066260126 326.72901398357703
  endloop
endfacet
facet normal -0.3444913469189646 -0.9387733965362791 -0.0054974406495807765
  outer loop
    vertex -248.44723081966546 377.4857986626013 326.72901398358533
    vertex -248.3732258196656 377.46178066260126 326.19301498358533
    vertex -247.67322881966544 377.2017716626014 326.72901398358516
  endloop
endfacet
facet normal -0.5579707899682772 -0.829165736658917 -0.03395259479115198
  outer loop
    vertex -262.16923081966763 386.5477796626016 318.379013983589
    vertex -261.9152328196674 386.34380066260167 319.16301398358894
    vertex -263.41523281966664 387.2318006626014 322.13901398358934
  endloop
endfacet
facet normal -0.5579707899682772 -0.829165736658917 -0.03395259479115198
  outer loop
    vertex -260.5972398196654 385.1477856626012 326.7250139835885
    vertex -263.41523281966664 387.2318006626014 322.13901398358934
    vertex -261.9152328196674 386.34380066260167 319.16301398358894
  endloop
endfacet
facet normal -0.03174806690176868 0.9994451370797429 -0.010073639642878883
  outer loop
    vertex -232.68923481966542 422.6977736626013 326.72901398358124
    vertex -232.76322481966594 422.6777846626013 324.97901398358124
    vertex -233.12923781966543 422.6837966626014 326.7290139835813
  endloop
endfacet
facet normal -0.3401714043923459 0.9403367417115542 -0.007087158883278126
  outer loop
    vertex -247.6512248196654 420.07378066260134 326.72901398358516
    vertex -248.35323681966563 419.81578466260123 326.1930149835854
    vertex -248.42522681966543 419.7937816626014 326.7290139835854
  endloop
endfacet
facet normal 0.7496809971435408 0.6597771493873162 -0.051696379643196094
  outer loop
    vertex -204.20722481966547 411.88579266260126 326.72901398357374
    vertex -204.33323181966566 411.98180066260124 326.12701498357376
    vertex -204.29523781966543 411.9857986626012 326.7290139835738
  endloop
endfacet
facet normal -0.6443979647540637 -0.7642387315381158 -0.026275925061400224
  outer loop
    vertex -258.0612288196667 383.1557816626013 321.79101398358785
    vertex -258.64322981966546 383.47777266260135 326.699014983588
    vertex -259.79723681966544 384.4497876626013 326.7290139835883
  endloop
endfacet
facet normal -0.1618686392269001 -0.9866620784679025 -0.017218784748941823
  outer loop
    vertex -240.84122781966542 375.3257946626013 326.7290139835834
    vertex -240.9792278196657 375.3717846626013 325.39101498358343
    vertex -240.46323681966544 375.26378266260133 326.7290139835833
  endloop
endfacet
facet normal -0.08598964792971826 0.9962901973706807 -0.0034092626788533643
  outer loop
    vertex -236.41123481966565 422.47978666260127 325.91901398358215
    vertex -237.87322581966578 422.35179566260143 325.3910149835826
    vertex -238.06522681966544 422.3398026626014 326.7290139835826
  endloop
endfacet
facet normal -0.08497719372265473 0.99638201422708 -0.0013259984199959544
  outer loop
    vertex -236.79923581966545 422.4477736626014 326.72901398358226
    vertex -236.41123481966565 422.47978666260127 325.91901398358215
    vertex -238.06522681966544 422.3398026626014 326.7290139835826
  endloop
endfacet
facet normal -0.31211558867360883 -0.9499933247836221 -0.009825587691651547
  outer loop
    vertex -247.04723681966547 376.9737746626012 326.729013983585
    vertex -246.5972398196667 376.87578266260135 321.9090139835848
    vertex -245.37322581966544 376.42378666260134 326.72901398358454
  endloop
endfacet
facet normal -0.263486399403146 -0.9645958448554699 -0.011391813601360308
  outer loop
    vertex -245.37322581966544 376.42378666260134 326.72901398358454
    vertex -244.0372268196667 376.1157726626014 321.9090139835842
    vertex -243.64522881966542 375.95177166260135 326.72901398358414
  endloop
endfacet
facet normal -0.37375670855573356 -0.927454002268284 -0.011618798824608947
  outer loop
    vertex -249.77723181966542 378.02177866260143 326.7290139835857
    vertex -249.6192278196659 377.97777266260135 325.1590139835856
    vertex -248.44723081966546 377.4857986626013 326.72901398358533
  endloop
endfacet
facet normal -0.21575457786086583 0.9764241624119392 0.006768839651129941
  outer loop
    vertex -242.23322581966556 421.60777766260134 326.25301398358374
    vertex -242.78922581966683 421.51778066260147 321.51301398358385
    vertex -243.62122681966542 421.2977796626013 326.7290139835841
  endloop
endfacet
facet normal -0.15207113283099202 -0.9881439437437535 -0.021116746956878773
  outer loop
    vertex -240.9792278196657 375.3717846626013 325.39101498358343
    vertex -237.89922681966578 374.8977856626014 325.39101498358264
    vertex -240.46323681966544 375.26378266260133 326.7290139835833
  endloop
endfacet
facet normal -0.15149925658774155 -0.9882552090462982 -0.0199904238629218
  outer loop
    vertex -240.46323681966544 375.26378266260133 326.7290139835833
    vertex -237.89922681966578 374.8977856626014 325.39101498358264
    vertex -238.19323281966544 374.9157916626013 326.7290139835827
  endloop
endfacet
facet normal -0.3172430763226603 0.9483330103407681 0.004618660341670122
  outer loop
    vertex -245.35123781966544 420.8677866626014 326.72901398358454
    vertex -246.57523681966669 420.4818006626015 321.9090139835849
    vertex -247.02523381966543 420.30778966260146 326.729013983585
  endloop
endfacet
facet normal 0.3422216221850377 0.939351518942602 -0.022429560166612874
  outer loop
    vertex -216.49923281966554 419.7977796626011 326.19301498357703
    vertex -217.1832378196654 420.05977266260123 326.7290139835772
    vertex -216.40923581966544 419.77779066260126 326.72901398357703
  endloop
endfacet
facet normal 0.6415711597707914 -0.7656771511776757 -0.046097148662369115
  outer loop
    vertex -207.37522381966588 382.6097916626011 325.15901398357465
    vertex -206.37722281966555 383.3837786626013 326.19301498357436
    vertex -206.39123081966545 383.33977166260127 326.72901398357436
  endloop
endfacet
facet normal -0.39116415625227824 0.9202280916583898 -0.013071426326201575
  outer loop
    vertex -249.59923881966589 419.3217966626014 325.1590139835857
    vertex -251.12723881966645 418.64177366260145 323.0110129835861
    vertex -249.75522881966543 419.2777906626014 326.72901398358573
  endloop
endfacet
facet normal -0.5661283509441808 -0.8236072057103727 -0.034203230244736836
  outer loop
    vertex -261.9152328196674 386.34380066260167 319.16301398358894
    vertex -261.30723081966823 386.0557756626017 316.0350139835888
    vertex -260.9312388196672 385.63179466260124 320.02101398358866
  endloop
endfacet
facet normal 0.3961101282557295 0.9179187095811583 -0.02284751395865296
  outer loop
    vertex -213.6332348196654 418.63579266260115 326.72901398357624
    vertex -213.8152268196664 418.62178466260104 323.0110129835763
    vertex -215.07923381966543 419.2597856626011 326.7290139835766
  endloop
endfacet
facet normal -0.5197350925270467 0.8540597618136628 -0.021385902989860643
  outer loop
    vertex -254.39722781966702 416.8897906626012 320.6870139835869
    vertex -255.62122681966733 416.1177866626016 319.60301398358723
    vertex -255.62523981966547 416.29378166260136 326.7290139835872
  endloop
endfacet
facet normal -0.5969226873050973 0.8021411776248516 -0.01590083454027706
  outer loop
    vertex -255.62122681966733 416.1177866626016 319.60301398358723
    vertex -257.0952258196687 414.9157916626014 314.30101298358755
    vertex -256.53122981966544 415.58177666260127 326.7250139835874
  endloop
endfacet
facet normal -0.5760128835466993 -0.8167471511487439 -0.03366376506910462
  outer loop
    vertex -261.3532368196687 386.16579166260146 314.1530139835888
    vertex -260.8112288196694 385.88377866260146 311.72101398358865
    vertex -261.30723081966823 386.0557756626017 316.0350139835888
  endloop
endfacet
facet normal -0.601252416453474 -0.7983991413288902 -0.03247064573039744
  outer loop
    vertex -260.1072338196691 385.29979366260164 312.92501398358837
    vertex -260.3292338196675 385.2277726626017 318.79501398358843
    vertex -260.7852278196685 385.7217906626017 315.09101298358866
  endloop
endfacet
facet normal -0.601252416453474 -0.7983991413288902 -0.03247064573039744
  outer loop
    vertex -260.9312388196672 385.63179466260124 320.02101398358866
    vertex -260.7852278196685 385.7217906626017 315.09101298358866
    vertex -260.3292338196675 385.2277726626017 318.79501398358843
  endloop
endfacet
facet normal -0.5822106586514724 -0.8123033933836432 -0.03455352442279835
  outer loop
    vertex -260.8112288196694 385.88377866260146 311.72101398358865
    vertex -260.7852278196685 385.7217906626017 315.09101298358866
    vertex -261.30723081966823 386.0557756626017 316.0350139835888
  endloop
endfacet
facet normal -0.5853990885491234 -0.8100143497317558 -0.03441889531197274
  outer loop
    vertex -260.8112288196694 385.88377866260146 311.72101398358865
    vertex -259.92522681967057 385.4357806626013 307.1950129835883
    vertex -260.7852278196685 385.7217906626017 315.09101298358866
  endloop
endfacet
facet normal 0.6613905525517854 0.7484115168208814 -0.04942406787296853
  outer loop
    vertex -205.42722581966567 413.04777966260116 326.15501398357407
    vertex -206.31322781966554 413.8497816626013 326.4430149835744
    vertex -206.26923681966548 413.8297926626012 326.72901398357436
  endloop
endfacet
facet normal 0.48850507412840993 -0.8721649698812823 -0.026287979435074472
  outer loop
    vertex -211.61722881966537 379.7097976626014 326.72901398357567
    vertex -211.02123581966558 380.0597726626013 326.19301498357555
    vertex -210.9352368196654 380.09178566260135 326.7290139835755
  endloop
endfacet
facet normal -0.5851340849326047 -0.8098976409067129 -0.04103552002624635
  outer loop
    vertex -261.29923581966943 386.2457776626016 311.5350139835888
    vertex -259.6352338196727 385.6758006626013 299.0570129835883
    vertex -260.8112288196694 385.88377866260146 311.72101398358865
  endloop
endfacet
facet normal -0.23386179336913687 -0.9721682020067248 -0.014058755605783764
  outer loop
    vertex -243.64522881966542 375.95177166260135 326.72901398358414
    vertex -244.0372268196667 376.1157726626014 321.9090139835842
    vertex -242.95522581966537 375.7857866626013 326.7290139835839
  endloop
endfacet
facet normal -0.5516491907096925 -0.8334933150822055 -0.03117794256549182
  outer loop
    vertex -261.3532368196687 386.16579166260146 314.1530139835888
    vertex -262.16923081966763 386.5477796626016 318.379013983589
    vertex -263.41523281966664 387.2318006626014 322.13901398358934
  endloop
endfacet
facet normal -0.4047888426403463 -0.9142853228534048 -0.01511096584385918
  outer loop
    vertex -251.14722781966643 378.6897776626012 323.01101298358606
    vertex -249.6192278196659 377.97777266260135 325.1590139835856
    vertex -249.77723181966542 378.02177866260143 326.7290139835857
  endloop
endfacet
facet normal -0.6057898578927772 -0.7953307587965063 -0.021624804887496886
  outer loop
    vertex -257.57523681966546 382.60579366260146 326.7290139835877
    vertex -257.1432298196667 382.4077956626014 321.90901398358767
    vertex -256.33323181966546 381.6597796626013 326.72901398358744
  endloop
endfacet
facet normal -0.20853035981294313 0.9780143649897464 0.0017294247563330572
  outer loop
    vertex -240.95522581966583 421.8817946626013 325.3910149835834
    vertex -242.23322581966556 421.60777766260134 326.25301398358374
    vertex -240.62523981966544 421.9497876626014 326.7290139835833
  endloop
endfacet
facet normal -0.2072035094878172 0.9782934035882951 -0.002953328894905867
  outer loop
    vertex -240.62523981966544 421.9497876626014 326.7290139835833
    vertex -242.23322581966556 421.60777766260134 326.25301398358374
    vertex -241.94723081966544 421.6697886626013 326.7290139835836
  endloop
endfacet
facet normal -0.3391601244733125 0.9407204864167468 0.003921275696353046
  outer loop
    vertex -246.57523681966669 420.4818006626015 321.9090139835849
    vertex -247.74523481966682 420.0617876626013 321.4750139835852
    vertex -247.6512248196654 420.07378066260134 326.72901398358516
  endloop
endfacet
facet normal -0.5209658828633564 -0.8533051680592467 -0.021560126525238855
  outer loop
    vertex -254.98322581966542 380.76979466260127 326.7290139835871
    vertex -255.19323281966672 381.0197946626012 321.90901398358716
    vertex -254.44922981966545 380.44377566260135 326.729013983587
  endloop
endfacet
facet normal -0.6251754670126362 -0.7791709118473863 -0.04525843099848745
  outer loop
    vertex -259.6352338196727 385.6758006626013 299.0570129835883
    vertex -259.92522681967057 385.4357806626013 307.1950129835883
    vertex -260.8112288196694 385.88377866260146 311.72101398358865
  endloop
endfacet
facet normal -0.6177304686879249 0.7861415046445138 -0.019763671973002245
  outer loop
    vertex -255.62122681966733 416.1177866626016 319.60301398358723
    vertex -256.53122981966544 415.58177666260127 326.7250139835874
    vertex -255.62523981966547 416.29378166260136 326.7290139835872
  endloop
endfacet
facet normal 0.9887648761396667 -0.14303373038483996 0.04342086692716777
  outer loop
    vertex -263.7672378196721 399.1057936626013 301.3010129835894
    vertex -263.1932328196721 403.0737806626012 301.3010129835892
    vertex -263.7012278196682 404.1077776626017 316.2750129835893
  endloop
endfacet
facet normal 0.857005224074126 0.49991795482151913 0.12499633737324811
  outer loop
    vertex -262.4572398196682 390.12379866260164 316.27501298358897
    vertex -260.97323181967215 391.3237806626014 301.30101298358863
    vertex -263.19922981967204 395.1397906626013 301.3010129835892
  endloop
endfacet
facet normal -0.20137972454863126 -0.9794283665967136 -0.012895008585155554
  outer loop
    vertex -242.19323281966533 375.6037796626013 326.72901398358374
    vertex -240.9792278196657 375.3717846626013 325.39101498358343
    vertex -240.84122781966542 375.3257946626013 326.7290139835834
  endloop
endfacet
facet normal -0.33527130548730283 -0.9420432859098764 -0.012149040660178382
  outer loop
    vertex -247.76723781966686 377.2977796626012 321.47501398358514
    vertex -246.5972398196667 376.87578266260135 321.9090139835848
    vertex -247.04723681966547 376.9737746626012 326.729013983585
  endloop
endfacet
facet normal -0.3752909732680098 -0.9268499988937708 -0.010284207999024705
  outer loop
    vertex -249.6192278196659 377.97777266260135 325.1590139835856
    vertex -248.3732258196656 377.46178066260126 326.19301498358533
    vertex -248.44723081966546 377.4857986626013 326.72901398358533
  endloop
endfacet
facet normal -0.04578737295958619 0.9989168724488521 -0.008282415979885938
  outer loop
    vertex -232.76322481966594 422.6777846626013 324.97901398358124
    vertex -234.9272258196657 422.58577366260135 325.8450149835818
    vertex -234.99923281966545 422.58980266260136 326.7290139835818
  endloop
endfacet
facet normal -0.6462846814895199 -0.7626054984375779 -0.027367210759654117
  outer loop
    vertex -258.98523981966684 383.9517716626013 321.43101398358806
    vertex -258.0612288196667 383.1557816626013 321.79101398358785
    vertex -259.79723681966544 384.4497876626013 326.7290139835883
  endloop
endfacet
facet normal -0.22596623825426207 0.9741220808838443 0.005042886449976903
  outer loop
    vertex -242.78922581966683 421.51778066260147 321.51301398358385
    vertex -244.0132248196667 421.2318006626015 321.9090139835842
    vertex -243.62122681966542 421.2977796626013 326.7290139835841
  endloop
endfacet
facet normal -0.461464340399699 0.8871091040901734 -0.009386158948180835
  outer loop
    vertex -251.12723881966645 418.64177366260145 323.0110129835861
    vertex -252.76723781966626 417.7957956626013 323.68501298358643
    vertex -252.57923381966543 417.9258006626014 326.7290139835864
  endloop
endfacet
facet normal -0.2361555910079465 -0.9716213840176634 -0.013506404232354037
  outer loop
    vertex -244.0372268196667 376.1157726626014 321.9090139835842
    vertex -242.81322781966676 375.8237806626013 321.5130139835839
    vertex -242.95522581966537 375.7857866626013 326.7290139835839
  endloop
endfacet
facet normal -0.22258565751754325 0.974888359726533 -0.006950621353026385
  outer loop
    vertex -242.16923081966544 421.62578266260147 326.7290139835837
    vertex -242.23322581966556 421.60777766260134 326.25301398358374
    vertex -242.93123881966542 421.45180166260127 326.7290139835839
  endloop
endfacet
facet normal -0.3413797808627233 -0.9398589864913491 -0.011177241590538766
  outer loop
    vertex -248.3732258196656 377.46178066260126 326.19301498358533
    vertex -247.76723781966686 377.2977796626012 321.47501398358514
    vertex -247.04723681966547 376.9737746626012 326.729013983585
  endloop
endfacet
facet normal -0.26660727557047925 -0.9637266030472271 -0.012312399926049288
  outer loop
    vertex -245.33123281966667 376.47377466260133 321.90701298358454
    vertex -244.0372268196667 376.1157726626014 321.9090139835842
    vertex -245.37322581966544 376.42378666260134 326.72901398358454
  endloop
endfacet
facet normal -0.1578942715709673 0.9873921037261787 -0.011235323950162692
  outer loop
    vertex -240.57523681966543 421.9577836626014 326.72901398358323
    vertex -240.95522581966583 421.8817946626013 325.3910149835834
    vertex -240.62523981966544 421.9497876626014 326.7290139835833
  endloop
endfacet
facet normal -0.07331948681058612 0.9972530447693185 -0.010517487920399892
  outer loop
    vertex -234.99923281966545 422.58980266260136 326.7290139835818
    vertex -234.9272258196657 422.58577366260135 325.8450149835818
    vertex -236.44123381966543 422.48378466260147 326.72901398358215
  endloop
endfacet
facet normal -0.34221152005273575 -0.939581107913043 -0.008866633864943534
  outer loop
    vertex -247.67322881966544 377.2017716626014 326.72901398358516
    vertex -248.3732258196656 377.46178066260126 326.19301498358533
    vertex -247.04723681966547 376.9737746626012 326.729013983585
  endloop
endfacet
facet normal -0.5677992119853169 -0.8223424693529476 -0.03683636745595112
  outer loop
    vertex -261.29923581966943 386.2457776626016 311.5350139835888
    vertex -261.3532368196687 386.16579166260146 314.1530139835888
    vertex -263.41523281966664 387.2318006626014 322.13901398358934
  endloop
endfacet
facet normal 0.9898208795413657 0.1417614102022939 0.012582885257938648
  outer loop
    vertex -263.7012278196682 397.31578466260163 316.2750129835893
    vertex -263.19922981967204 395.1397906626013 301.3010129835892
    vertex -263.7672378196721 399.1057936626013 301.3010129835894
  endloop
endfacet
facet normal -0.4721374676236129 0.8815160005924814 -0.003968924967599545
  outer loop
    vertex -252.76723781966626 417.7957956626013 323.68501298358643
    vertex -253.95923881966598 417.16179366260127 324.66901398358675
    vertex -253.93923481966542 417.1817826626013 326.72901398358675
  endloop
endfacet
facet normal -0.07161169162211872 0.9974038210271998 -0.007575184707992836
  outer loop
    vertex -234.9272258196657 422.58577366260135 325.8450149835818
    vertex -236.41123481966565 422.47978666260127 325.91901398358215
    vertex -236.44123381966543 422.48378466260147 326.72901398358215
  endloop
endfacet
facet normal -0.34769265742454514 0.9375996804724853 0.004081072279612779
  outer loop
    vertex -247.74523481966682 420.0617876626013 321.4750139835852
    vertex -248.35323681966563 419.81578466260123 326.1930149835854
    vertex -247.6512248196654 420.07378066260134 326.72901398358516
  endloop
endfacet
facet normal -0.11115062908172013 0.9937053882666266 -0.013969215604709628
  outer loop
    vertex -236.76322481966542 422.4518016626014 326.72901398358226
    vertex -236.41123481966565 422.47978666260127 325.91901398358215
    vertex -236.79923581966545 422.4477736626014 326.72901398358226
  endloop
endfacet
facet normal -0.3080768967318772 0.9513592532585208 0.002048643318474478
  outer loop
    vertex -245.30922981966668 420.8917736626013 321.9070129835846
    vertex -246.57523681966669 420.4818006626015 321.9090139835849
    vertex -245.35123781966544 420.8677866626014 326.72901398358454
  endloop
endfacet
facet normal -0.10740058270463779 -0.9940195251379684 -0.01975597325347772
  outer loop
    vertex -236.76923681966545 374.77177866260143 326.7290139835823
    vertex -236.43523681966565 374.7517896626014 325.91901398358226
    vertex -236.69523181966542 374.76378266260144 326.7290139835823
  endloop
endfacet
facet normal -0.3951254196645938 0.9185573869663255 -0.01132385024957645
  outer loop
    vertex -249.75522881966543 419.2777906626014 326.72901398358573
    vertex -251.12723881966645 418.64177366260145 323.0110129835861
    vertex -251.2012278196654 418.65578166260116 326.72901398358607
  endloop
endfacet
facet normal -0.3501553756611695 0.9366909553286342 0.0011256558603204702
  outer loop
    vertex -247.02523381966543 420.30778966260146 326.729013983585
    vertex -246.57523681966669 420.4818006626015 321.9090139835849
    vertex -247.6512248196654 420.07378066260134 326.72901398358516
  endloop
endfacet
facet normal -0.11936901496458868 0.9928158441873641 -0.008230297498594517
  outer loop
    vertex -238.06522681966544 422.3398026626014 326.7290139835826
    vertex -237.87322581966578 422.35179566260143 325.3910149835826
    vertex -238.1152298196654 422.3337906626013 326.7290139835826
  endloop
endfacet
facet normal -0.4695684156459537 0.8828869947916185 -0.004007175510710786
  outer loop
    vertex -253.93923481966542 417.1817826626013 326.72901398358675
    vertex -253.95923881966598 417.16179366260127 324.66901398358675
    vertex -254.75522881966543 416.74779166260123 326.729013983587
  endloop
endfacet
facet normal -0.06525116234082415 -0.9977627402031467 -0.014553352722984565
  outer loop
    vertex -236.6312358196669 374.8337906626013 321.1710129835823
    vertex -234.9532268196657 374.65578166260144 325.84501498358185
    vertex -236.43523681966565 374.7517896626014 325.91901398358226
  endloop
endfacet
facet normal -0.06525116234082415 -0.9977627402031467 -0.014553352722984565
  outer loop
    vertex -235.02523381966543 374.64778566260145 326.7290139835819
    vertex -236.43523681966565 374.7517896626014 325.91901398358226
    vertex -234.9532268196657 374.65578166260144 325.84501498358185
  endloop
endfacet
facet normal -0.06525116234082415 -0.9977627402031467 -0.014553352722984565
  outer loop
    vertex -236.46523581966542 374.7417796626013 326.72901398358226
    vertex -236.43523681966565 374.7517896626014 325.91901398358226
    vertex -235.02523381966543 374.64778566260145 326.7290139835819
  endloop
endfacet
facet normal -0.5594620242667623 -0.8285557385409029 -0.022307656404825436
  outer loop
    vertex -256.1972308196667 381.69777366260126 321.90701298358744
    vertex -255.19323281966672 381.0197946626012 321.90901398358716
    vertex -256.33323181966546 381.6597796626013 326.72901398358744
  endloop
endfacet
facet normal 0.695450172203142 -0.6847629441862153 0.21782738177751299
  outer loop
    vertex -262.4572398196682 410.13377866260174 316.27501298358897
    vertex -260.9632368196721 406.88777566260137 301.3010129835887
    vertex -257.50322981967213 410.40178366260125 301.3010129835877
  endloop
endfacet
facet normal -0.6574118586447901 -0.7525219802943813 -0.03899124628715078
  outer loop
    vertex -258.7452348196713 384.5817766626013 304.48501298358804
    vertex -256.5712388196727 382.96379566260117 299.0570129835874
    vertex -257.6412308196711 383.57979266260145 305.2090129835877
  endloop
endfacet
facet normal 0.8417585889237587 -0.5364054085913357 -0.060923850888179656
  outer loop
    vertex -201.09922281966547 389.57979266260133 326.72901398357294
    vertex -201.8932298196655 388.33379066260125 326.72901398357317
    vertex -201.23522481966603 389.6257826626013 324.445012983573
  endloop
endfacet
facet normal -0.6621952918829462 -0.7481413431585848 -0.04221286610653592
  outer loop
    vertex -259.6352338196727 385.6758006626013 299.0570129835883
    vertex -256.5712388196727 382.96379566260117 299.0570129835874
    vertex -258.7452348196713 384.5817766626013 304.48501298358804
  endloop
endfacet
facet normal 0.22827036264516928 -0.9735153973116485 -0.012665414915678512
  outer loop
    vertex -222.5412248196654 375.6617936626013 326.7290139835786
    vertex -221.2892258196658 375.97578866260136 325.15901398357823
    vertex -221.09122781966545 376.0017896626013 326.7290139835782
  endloop
endfacet
facet normal 0.9696848185181344 -0.20017857249254678 0.1401423984749047
  outer loop
    vertex -263.7012278196682 404.1077776626017 316.2750129835893
    vertex -260.9632368196721 406.88777566260137 301.3010129835887
    vertex -262.4572398196682 410.13377866260174 316.27501298358897
  endloop
endfacet
facet normal 0.9865190932283646 0.14537992472933725 -0.07513159243339322
  outer loop
    vertex -198.92122981966546 401.6057936626013 326.7290139835725
    vertex -198.78122981966547 400.6557816626013 326.7290139835723
    vertex -199.05922981966583 401.8517956626014 325.3930129835725
  endloop
endfacet
facet normal 0.9197120509910623 0.3863198704401945 -0.06990494234948563
  outer loop
    vertex -200.27323481966542 405.9577836626013 326.7290139835727
    vertex -199.87923781966543 405.0197946626013 326.7290139835726
    vertex -200.48722381966593 406.1198016626013 324.80901398357275
  endloop
endfacet
facet normal 0.9853347660918094 0.1704320093227359 0.008266131441862841
  outer loop
    vertex -262.4572398196682 390.12379866260164 316.27501298358897
    vertex -263.19922981967204 395.1397906626013 301.3010129835892
    vertex -263.7012278196682 397.31578466260163 316.2750129835893
  endloop
endfacet
facet normal 0.9859890511044788 0.15170788706692653 -0.06935638473693893
  outer loop
    vertex -198.78122981966547 400.6557816626013 326.7290139835723
    vertex -198.95122781966595 400.91579166260135 324.88101398357236
    vertex -199.05922981966583 401.8517956626014 325.3930129835725
  endloop
endfacet
facet normal 0.955946718944113 0.2843939682308134 -0.07270447973760837
  outer loop
    vertex -199.52323481966542 404.0638016626013 326.72901398357254
    vertex -199.20322681966556 402.8817946626013 326.3130139835725
    vertex -199.62722281966583 404.0717966626013 325.3930129835726
  endloop
endfacet
facet normal 0.8614993038802808 -0.5037080545873137 0.06400894591895209
  outer loop
    vertex -263.7012278196682 404.1077776626017 316.2750129835893
    vertex -263.1932328196721 403.0737806626012 301.3010129835892
    vertex -260.9632368196721 406.88777566260137 301.3010129835887
  endloop
endfacet
facet normal 0.05582702917627711 -0.998413111122875 -0.0073893403827907655
  outer loop
    vertex -230.76723781966544 374.6377756626013 326.7290139835808
    vertex -230.7052258196657 374.64778566260145 325.8450149835807
    vertex -229.22922781966543 374.7237746626014 326.7290139835804
  endloop
endfacet
facet normal 0.8965724885673507 -0.43792560545296433 -0.06617353574354493
  outer loop
    vertex -201.23522481966603 389.6257826626013 324.445012983573
    vertex -200.49523481966597 391.0857736626013 324.80901398357275
    vertex -200.28122981966547 391.23378466260135 326.72901398357277
  endloop
endfacet
facet normal -0.03526577670389171 -0.999306699220832 -0.01193506957821106
  outer loop
    vertex -232.78922581966592 374.58977166260144 324.9790139835813
    vertex -233.15523781966542 374.58177666260144 326.7290139835814
    vertex -234.9532268196657 374.65578166260144 325.84501498358185
  endloop
endfacet
facet normal -0.03526577670389171 -0.999306699220832 -0.01193506957821106
  outer loop
    vertex -235.02523381966543 374.64778566260145 326.7290139835819
    vertex -234.9532268196657 374.65578166260144 325.84501498358185
    vertex -233.15523781966542 374.58177666260144 326.7290139835814
  endloop
endfacet
facet normal 0.898071571653792 -0.4343534778799096 -0.06931456153590596
  outer loop
    vertex -200.84322681966546 390.07179666260123 326.72901398357294
    vertex -201.23522481966603 389.6257826626013 324.445012983573
    vertex -200.28122981966547 391.23378466260135 326.72901398357277
  endloop
endfacet
facet normal 0.9859571080449586 -0.1489398836260835 -0.0755347083205507
  outer loop
    vertex -198.92522681966545 395.5697826626013 326.72901398357243
    vertex -199.06322781966574 395.3337906626013 325.3930129835725
    vertex -198.78322881966542 396.50978566260136 326.7290139835724
  endloop
endfacet
facet normal 0.8134371102908576 -0.578978844574059 -0.05570965030716772
  outer loop
    vertex -202.60123781966544 387.3457836626013 326.72901398357334
    vertex -202.65522281966554 387.3097726626013 326.3150139835733
    vertex -202.01522381966575 388.27379266260135 325.6410149835732
  endloop
endfacet
facet normal 0.8932365857101878 0.4448816643375935 -0.06487454574036881
  outer loop
    vertex -200.8352308196655 407.15779566260136 326.7290139835729
    vertex -201.22523081966608 407.6077776626013 324.44501298357295
    vertex -201.08922881966544 407.66777466260135 326.729013983573
  endloop
endfacet
facet normal 0.029782061220345143 -0.9995319551022381 -0.006992821960060251
  outer loop
    vertex -232.71323681966544 374.57979266260133 326.7290139835813
    vertex -232.78922581966592 374.58977166260144 324.9790139835813
    vertex -230.76723781966544 374.6377756626013 326.7290139835808
  endloop
endfacet
facet normal 0.25990228215242434 -0.9655021016222375 -0.016015476733587376
  outer loop
    vertex -221.09122781966545 376.0017896626013 326.7290139835782
    vertex -219.6412308196664 376.4537856626013 323.0110129835778
    vertex -219.50123181966538 376.4297986626013 326.7290139835778
  endloop
endfacet
facet normal 0.9785094186902901 -0.19514961520144494 -0.06660289198765161
  outer loop
    vertex -199.2072248196656 394.2977796626013 326.3130139835724
    vertex -199.06322781966574 395.3337906626013 325.3930129835725
    vertex -198.92522681966545 395.5697826626013 326.72901398357243
  endloop
endfacet
facet normal 0.9347445466710603 0.34820354830027483 -0.07075960302186654
  outer loop
    vertex -199.52323481966542 404.0638016626013 326.72901398357254
    vertex -199.62722281966583 404.0717966626013 325.3930129835726
    vertex -199.87923781966543 405.0197946626013 326.7290139835726
  endloop
endfacet
facet normal 0.9347445466710603 0.34820354830027483 -0.07075960302186654
  outer loop
    vertex -200.03122981966592 405.08980266260136 325.0670149835726
    vertex -199.87923781966543 405.0197946626013 326.7290139835726
    vertex -199.62722281966583 404.0717966626013 325.3930129835726
  endloop
endfacet
facet normal 0.9910138167742438 0.11031713694667056 -0.07564221214662478
  outer loop
    vertex -198.78122981966547 400.6557816626013 326.7290139835723
    vertex -198.90322381966612 399.92778466260125 324.0690139835724
    vertex -198.95122781966595 400.91579166260135 324.88101398357236
  endloop
endfacet
facet normal 0.99503986232266 -0.06128846134751877 -0.07835430361221864
  outer loop
    vertex -198.67922481966542 397.51579766260124 326.7290139835723
    vertex -198.90322381966612 397.27977466260137 324.0690139835724
    vertex -198.95922381966656 398.62578266260124 322.3050139835724
  endloop
endfacet
facet normal 0.9999902835530785 -8.180353568857484e-19 -0.0044082649005793935
  outer loop
    vertex -263.7012278196682 397.31578466260163 316.2750129835893
    vertex -263.7672378196721 399.1057936626013 301.3010129835894
    vertex -263.7012278196682 404.1077776626017 316.2750129835893
  endloop
endfacet
facet normal -0.19443022349024972 0.9808551019135348 -0.010961625961550767
  outer loop
    vertex -241.94723081966544 421.6697886626013 326.7290139835836
    vertex -242.23322581966556 421.60777766260134 326.25301398358374
    vertex -242.16923081966544 421.62578266260147 326.7290139835837
  endloop
endfacet
facet normal 0.8387500405086235 -0.5407153212280723 -0.06422858348123067
  outer loop
    vertex -201.8932298196655 388.33379066260125 326.72901398357317
    vertex -202.01522381966575 388.27379266260135 325.6410149835732
    vertex -201.23522481966603 389.6257826626013 324.445012983573
  endloop
endfacet
facet normal 0.9001690824725094 0.4308169096733884 -0.06397197276989716
  outer loop
    vertex -200.27323481966542 405.9577836626013 326.7290139835727
    vertex -200.48722381966593 406.1198016626013 324.80901398357275
    vertex -201.22523081966608 407.6077776626013 324.44501298357295
  endloop
endfacet
facet normal 0.99211979715354 0.10160740631911791 -0.07330922914013091
  outer loop
    vertex -198.67922481966542 399.65977966260135 326.7290139835723
    vertex -198.90322381966612 399.92778466260125 324.0690139835724
    vertex -198.78122981966547 400.6557816626013 326.7290139835723
  endloop
endfacet
facet normal 0.9919392799595075 -0.10254912751827693 -0.07443212558199834
  outer loop
    vertex -198.78322881966542 396.50978566260136 326.7290139835724
    vertex -198.90322381966612 397.27977466260137 324.0690139835724
    vertex -198.67922481966542 397.51579766260124 326.7290139835723
  endloop
endfacet
facet normal 0.19700274048188082 -0.9803395778647278 -0.011145955079592908
  outer loop
    vertex -223.37723881966542 375.49379366260143 326.72901398357885
    vertex -222.63123581966556 375.6497996626015 326.1930149835786
    vertex -222.5412248196654 375.6617936626013 326.7290139835786
  endloop
endfacet
facet normal 0.9961404794471744 -0.04619103485436491 -0.07463600676507687
  outer loop
    vertex -198.62923781966546 398.5938006626014 326.7290139835723
    vertex -198.67922481966542 397.51579766260124 326.7290139835723
    vertex -198.95922381966656 398.62578266260124 322.3050139835724
  endloop
endfacet
facet normal 0.9785792260503803 0.19231139286721535 -0.07347806826605147
  outer loop
    vertex -199.14722781966546 402.75578766260116 326.7290139835725
    vertex -198.92122981966546 401.6057936626013 326.7290139835725
    vertex -199.20322681966556 402.8817946626013 326.3130139835725
  endloop
endfacet
facet normal 0.3087591289065003 -0.9509744119225273 -0.017761424084312628
  outer loop
    vertex -219.50123181966538 376.4297986626013 326.7290139835778
    vertex -219.6412308196664 376.4537856626013 323.0110129835778
    vertex -217.96123781966537 376.9297986626012 326.7290139835774
  endloop
endfacet
facet normal 0.9961660800241968 0.046713259681623126 -0.0739662921819312
  outer loop
    vertex -198.62923781966546 398.5938006626014 326.7290139835723
    vertex -198.95922381966656 398.62578266260124 322.3050139835724
    vertex -198.67922481966542 399.65977966260135 326.7290139835723
  endloop
endfacet
facet normal 0.9350819302696594 -0.34676572220133495 -0.07331655740250419
  outer loop
    vertex -199.52923081966546 393.1117746626013 326.72901398357254
    vertex -199.8852338196655 392.15178366260125 326.7290139835726
    vertex -199.6332348196658 393.1137896626012 325.3930129835726
  endloop
endfacet
facet normal -0.5503004510384841 -0.834743181856614 -0.019319263203776284
  outer loop
    vertex -256.33323181966546 381.6597796626013 326.72901398358744
    vertex -255.19323281966672 381.0197946626012 321.90901398358716
    vertex -254.98322581966542 380.76979466260127 326.7290139835871
  endloop
endfacet
facet normal 0.9556441485911039 -0.2848607464933386 -0.07482390240318987
  outer loop
    vertex -199.52923081966546 393.1117746626013 326.72901398357254
    vertex -199.6332348196658 393.1137896626012 325.3930129835726
    vertex -199.18523681966548 394.26579766260124 326.72901398357243
  endloop
endfacet
facet normal -0.4680748869519041 0.8835983438871833 -0.01264384770508985
  outer loop
    vertex -251.12723881966645 418.64177366260145 323.0110129835861
    vertex -252.57923381966543 417.9258006626014 326.7290139835864
    vertex -251.2012278196654 418.65578166260116 326.72901398358607
  endloop
endfacet
facet normal -0.5170891864990966 -0.8557993188146946 -0.01504324173863858
  outer loop
    vertex -254.44922981966545 380.44377566260135 326.729013983587
    vertex -253.8312328196656 380.07979266260133 326.1930149835868
    vertex -253.78722681966545 380.0437816626015 326.72901398358675
  endloop
endfacet
facet normal 0.9033277530615986 0.4230512560787909 -0.07089855625357293
  outer loop
    vertex -200.8352308196655 407.15779566260136 326.7290139835729
    vertex -200.27323481966542 405.9577836626013 326.7290139835727
    vertex -201.22523081966608 407.6077776626013 324.44501298357295
  endloop
endfacet
facet normal 0.9342671682471929 -0.34863627393810404 -0.07481715598662304
  outer loop
    vertex -199.8852338196655 392.15178366260125 326.7290139835726
    vertex -200.0392258196659 392.0957836626013 325.0670149835726
    vertex -199.6332348196658 393.1137896626012 325.3930129835726
  endloop
endfacet
facet normal -0.9968296906177315 0.07176240225771077 0.03436168687885474
  outer loop
    vertex -203.92722581966427 395.37578266260147 331.05701298357377
    vertex -203.7472338196641 397.6317946626014 331.5670149835737
    vertex -203.7872268196647 398.05977266260135 329.51301398357367
  endloop
endfacet
facet normal 0.008452793172808767 0.981372183719663 0.1919301625823255
  outer loop
    vertex -201.23322581966403 397.0378006626013 332.00301598357305
    vertex -203.697230819664 397.02577666260146 332.17301398357364
    vertex -201.19723081966396 396.9537856626013 332.43101398357305
  endloop
endfacet
facet normal 0.0079723313215791 0.9805028213046213 0.19634321823525497
  outer loop
    vertex -201.19723081966396 396.9537856626013 332.43101398357305
    vertex -203.697230819664 397.02577666260146 332.17301398357364
    vertex -203.6612348196639 396.9397776626012 332.60101598357363
  endloop
endfacet
facet normal -0.9997491249069301 -0.01540972957265547 0.016255075586568864
  outer loop
    vertex -203.7872268196647 398.05977266260135 329.51301398357367
    vertex -203.7472338196641 397.6317946626014 331.5670149835737
    vertex -203.75522881966418 398.05977266260135 331.48101298357363
  endloop
endfacet
facet normal 0.2585044976857027 -0.9658673296582689 -0.016605004518750806
  outer loop
    vertex -221.2892258196658 375.97578866260136 325.15901398357823
    vertex -219.6412308196664 376.4537856626013 323.0110129835778
    vertex -221.09122781966545 376.0017896626013 326.7290139835782
  endloop
endfacet
facet normal -0.9997491421008202 0.015408613735852257 0.01625507586612698
  outer loop
    vertex -203.7872268196647 398.05977266260135 329.51301398357367
    vertex -203.75522881966418 398.05977266260135 331.48101298357363
    vertex -203.7472338196641 398.4877816626013 331.56701498357364
  endloop
endfacet
facet normal 0.10242114339411004 -0.9947411268193566 -2.6814472553107755e-14
  outer loop
    vertex -240.89922681966442 417.97578866260153 330.67501498358337
    vertex -239.34522581966405 418.13579266260143 332.2250159835829
    vertex -240.8992268196636 417.97578866260153 333.77501498358333
  endloop
endfacet
facet normal -0.042375548850486056 0.8301114460764281 -0.5559849817688619
  outer loop
    vertex -201.16123481966378 397.0378006626013 332.85901498357305
    vertex -203.62722281966384 397.02577666260146 333.02901298357364
    vertex -201.13123581966374 397.2817886626013 333.221013983573
  endloop
endfacet
facet normal -0.042836464182535616 0.8322142359630298 -0.5527969815373536
  outer loop
    vertex -201.13123581966374 397.2817886626013 333.221013983573
    vertex -203.62722281966384 397.02577666260146 333.02901298357364
    vertex -203.5972248196637 397.26778066260135 333.39101598357365
  endloop
endfacet
facet normal -0.9877519905071472 0.045034017472057604 0.14939190915004344
  outer loop
    vertex -203.92722581966427 395.37578266260147 331.05701298357377
    vertex -203.72722881966413 397.26778066260135 331.8090159835736
    vertex -203.7472338196641 397.6317946626014 331.5670149835737
  endloop
endfacet
facet normal -0.8654952582365419 0.49556002192760423 0.0730631414406365
  outer loop
    vertex -206.44723081966612 391.0537916626012 324.14501398357436
    vertex -205.47922781966284 390.84779766260135 337.0090159835741
    vertex -204.6052348196647 393.41777466260135 329.93101398357385
  endloop
endfacet
facet normal 0.9554405986524276 0.28531149118965043 -0.07570082854123185
  outer loop
    vertex -199.17922481966545 402.91179366260127 326.7290139835725
    vertex -199.20322681966556 402.8817946626013 326.3130139835725
    vertex -199.52323481966542 404.0638016626013 326.72901398357254
  endloop
endfacet
facet normal 0.15558658059303665 -0.9870697371445304 0.03855061546583185
  outer loop
    vertex -243.34522581966277 417.5078016626017 337.00901598358394
    vertex -243.2832288196632 417.44578966260156 335.171014983584
    vertex -238.21923381966278 418.3157846626016 337.00901598358263
  endloop
endfacet
facet normal -0.9111869016165887 -0.3963434628056858 0.1124735071630612
  outer loop
    vertex -204.8472248196661 402.32979266260133 324.14501398357396
    vertex -204.3992268196646 402.9417916626012 329.93101398357385
    vertex -206.4392348196661 405.98979666260135 324.1450139835743
  endloop
endfacet
facet normal 0.059948579852605495 -0.5549175660122614 0.8297425279595372
  outer loop
    vertex -201.26322481966417 398.86378966260116 331.63901398357297
    vertex -203.72722881966413 398.8517956626014 331.8090159835736
    vertex -201.28322881966417 398.49977566260134 331.39701298357295
  endloop
endfacet
facet normal 0.059948579852605495 -0.5549175660122614 0.8297425279595372
  outer loop
    vertex -203.7472338196641 398.4877816626013 331.56701498357364
    vertex -201.28322881966417 398.49977566260134 331.39701298357295
    vertex -203.72722881966413 398.8517956626014 331.8090159835736
  endloop
endfacet
facet normal -0.9973467180382083 0.049386811348422065 0.0534833327612459
  outer loop
    vertex -204.85123781966612 394.71577866260134 324.14501398357396
    vertex -204.6052348196647 393.41777466260135 329.93101398357385
    vertex -204.55523181966544 398.05977266260135 326.5770129835738
  endloop
endfacet
facet normal 0.22444115061064387 -0.9743581246471743 -0.01588756893334069
  outer loop
    vertex -222.63123581966556 375.6497996626015 326.1930149835786
    vertex -221.2892258196658 375.97578866260136 325.15901398357823
    vertex -222.5412248196654 375.6617936626013 326.7290139835786
  endloop
endfacet
facet normal 0.05401203595273669 0.557012169305746 0.8287461271206927
  outer loop
    vertex -201.26322481966417 397.2817886626013 331.63901398357297
    vertex -201.28322881966417 397.64378766260126 331.397012983573
    vertex -203.72722881966413 397.26778066260135 331.8090159835736
  endloop
endfacet
facet normal 0.05457377202878615 0.5548838063438403 0.8301359315581525
  outer loop
    vertex -203.72722881966413 397.26778066260135 331.8090159835736
    vertex -201.28322881966417 397.64378766260126 331.397012983573
    vertex -203.7472338196641 397.6317946626014 331.5670149835737
  endloop
endfacet
facet normal 0.15760942567642625 -0.9875015285749927 -4.1266421991125805e-14
  outer loop
    vertex -238.23522481966486 418.30977266260146 329.1250139835827
    vertex -238.23522481966432 418.30977266260146 331.10101598358267
    vertex -238.66123481966432 418.2417796626015 331.18701398358274
  endloop
endfacet
facet normal 0.15383230268062548 -0.9880969702675829 -4.0274757113247676e-14
  outer loop
    vertex -238.23522481966432 418.30977266260146 331.10101598358267
    vertex -238.23522481966486 418.30977266260146 329.1250139835827
    vertex -237.81122881966428 418.37578266260147 331.1870139835825
  endloop
endfacet
facet normal -0.9934926258281969 -0.03822525612624811 0.10729041065760327
  outer loop
    vertex -203.72722881966413 398.8517956626014 331.8090159835736
    vertex -203.697230819664 399.09380066260127 332.1730139835736
    vertex -203.88123581966428 400.74379366260126 331.0570129835736
  endloop
endfacet
facet normal -0.4909629291182973 -0.8709901497426256 -0.018208824314068787
  outer loop
    vertex -253.8312328196656 380.07979266260133 326.1930149835868
    vertex -252.67522681966588 379.44978766260135 325.1590139835865
    vertex -253.78722681966545 380.0437816626015 326.72901398358675
  endloop
endfacet
facet normal 0.9753600160711055 -0.20997629497368062 -0.06769634110422176
  outer loop
    vertex -199.18523681966548 394.26579766260124 326.72901398357243
    vertex -199.2072248196656 394.2977796626013 326.3130139835724
    vertex -199.15122481966552 394.42378666260123 326.72901398357243
  endloop
endfacet
facet normal -0.9092314247092964 0.39626765174647216 0.12755455499683174
  outer loop
    vertex -206.44723081966612 391.0537916626012 324.14501398357436
    vertex -204.6052348196647 393.41777466260135 329.93101398357385
    vertex -204.85123781966612 394.71577866260134 324.14501398357396
  endloop
endfacet
facet normal -0.9147543114601809 -0.40145851494883894 0.04533884030368954
  outer loop
    vertex -204.3992268196646 402.9417916626012 329.93101398357385
    vertex -204.02923081966324 402.7018016626014 335.27101398357377
    vertex -205.47123281966282 406.18379666260137 337.00901598357405
  endloop
endfacet
facet normal 0.9771474754415409 0.2004140082541915 -0.07083104216169704
  outer loop
    vertex -199.14722781966546 402.75578766260116 326.7290139835725
    vertex -199.20322681966556 402.8817946626013 326.3130139835725
    vertex -199.17922481966545 402.91179366260127 326.7290139835725
  endloop
endfacet
facet normal 0.1198183830072059 -0.9927637464212147 0.007981158139820947
  outer loop
    vertex -240.8992268196636 417.97578866260153 333.77501498358333
    vertex -238.66123481966378 418.2417796626015 333.2630139835827
    vertex -238.23522481966324 418.30977266260163 335.32501498358266
  endloop
endfacet
facet normal -0.15209944607943268 -0.9883279205739458 0.00858370061861436
  outer loop
    vertex -240.9792278196657 375.3717846626013 325.39101498358343
    vertex -239.56522681966615 375.1417736626014 323.96301498358304
    vertex -237.89922681966578 374.8977856626014 325.39101498358264
  endloop
endfacet
facet normal 0.05713640649922696 -0.9983203826936347 -0.009583556270512402
  outer loop
    vertex -230.7052258196657 374.64778566260145 325.8450149835807
    vertex -229.18523681966556 374.72978666260127 326.36501398358035
    vertex -229.22922781966543 374.7237746626014 326.7290139835804
  endloop
endfacet
facet normal 0.7853782510069358 -0.6170946973389759 -0.04873538100194227
  outer loop
    vertex -202.97523081966548 386.86980166260133 326.7290139835734
    vertex -202.65522281966554 387.3097726626013 326.3150139835733
    vertex -202.60123781966544 387.3457836626013 326.72901398357334
  endloop
endfacet
facet normal 0.06651117760021812 0.19775788661592336 0.9779918616918221
  outer loop
    vertex -201.28322881966417 397.64378766260126 331.397012983573
    vertex -201.2912248196642 398.0717966626014 331.311014983573
    vertex -203.7472338196641 397.6317946626014 331.5670149835737
  endloop
endfacet
facet normal 0.06651117760021812 0.19775788661592336 0.9779918616918221
  outer loop
    vertex -203.75522881966418 398.05977266260135 331.48101298357363
    vertex -203.7472338196641 397.6317946626014 331.5670149835737
    vertex -201.2912248196642 398.0717966626014 331.311014983573
  endloop
endfacet
facet normal -0.05438642258494863 -0.5581285857116195 -0.8279701678502426
  outer loop
    vertex -201.11123181966371 398.49977566260134 333.4650139835729
    vertex -203.57523681966367 398.4877816626013 333.63501598357357
    vertex -201.13123581966374 398.86378966260116 333.2210139835729
  endloop
endfacet
facet normal -0.05438642258494863 -0.5581285857116195 -0.8279701678502426
  outer loop
    vertex -203.5972248196637 398.8517956626014 333.3910159835736
    vertex -201.13123581966374 398.86378966260116 333.2210139835729
    vertex -203.57523681966367 398.4877816626013 333.63501598357357
  endloop
endfacet
facet normal -0.09522015638059043 -0.9953304134399308 -0.015826872728140387
  outer loop
    vertex -236.69523181966542 374.76378266260144 326.7290139835823
    vertex -236.43523681966565 374.7517896626014 325.91901398358226
    vertex -236.46523581966542 374.7417796626013 326.72901398358226
  endloop
endfacet
facet normal -0.9911365518851677 0.12547067755814081 0.043651398491701146
  outer loop
    vertex -203.92722581966427 395.37578266260147 331.05701298357377
    vertex -203.7912248196635 395.37578266260147 334.1450139835737
    vertex -203.6612348196639 396.9397776626012 332.60101598357363
  endloop
endfacet
facet normal 0.9861894498395356 0.1422945472330647 -0.08475040326117389
  outer loop
    vertex -201.19723081966396 399.19179166260136 332.43101398357294
    vertex -202.19922981966545 402.73778166260126 326.7250139835733
    vertex -201.32122381966278 402.7777906626013 337.0090159835731
  endloop
endfacet
facet normal 0.12697309799649464 -0.9910943599212068 -0.04012233938277101
  outer loop
    vertex -240.89922681966442 417.97578866260153 330.67501498358337
    vertex -238.66123481966432 418.2417796626015 331.18701398358274
    vertex -239.0212358196642 418.1857806626014 331.43101398358283
  endloop
endfacet
facet normal 0.978467188531441 -0.19296020900049185 -0.07326881130374882
  outer loop
    vertex -199.15122481966552 394.42378666260123 326.72901398357243
    vertex -199.2072248196656 394.2977796626013 326.3130139835724
    vertex -198.92522681966545 395.5697826626013 326.72901398357243
  endloop
endfacet
facet normal 0.10979408330127048 -0.9939341007798413 0.006345280057030437
  outer loop
    vertex -237.21123781966412 418.46977666260136 331.79501598358235
    vertex -235.57123881966444 418.64378766260137 330.67501498358195
    vertex -237.12723881966403 418.48180066260153 332.2250159835823
  endloop
endfacet
facet normal -0.0684722180479962 0.19306334042895867 -0.9787942081653321
  outer loop
    vertex -201.10523481966368 398.0717966626014 333.54901398357293
    vertex -201.11123181966371 397.64378766260126 333.4650139835729
    vertex -203.56922481966365 398.05977266260135 333.7190159835736
  endloop
endfacet
facet normal -0.0684722180479962 0.19306334042895867 -0.9787942081653321
  outer loop
    vertex -203.57523681966367 397.6317946626014 333.6350159835737
    vertex -203.56922481966365 398.05977266260135 333.7190159835736
    vertex -201.11123181966371 397.64378766260126 333.4650139835729
  endloop
endfacet
facet normal -0.9914120692893142 -0.030118918759576212 0.12725941851287087
  outer loop
    vertex -203.7472338196641 398.4877816626013 331.56701498357364
    vertex -203.72722881966413 398.8517956626014 331.8090159835736
    vertex -203.88123581966428 400.74379366260126 331.0570129835736
  endloop
endfacet
facet normal 0.03160439551803036 -0.9994590262431696 -0.009100387079409166
  outer loop
    vertex -232.78922581966592 374.58977166260144 324.9790139835813
    vertex -230.7052258196657 374.64778566260145 325.8450149835807
    vertex -230.76723781966544 374.6377756626013 326.7290139835808
  endloop
endfacet
facet normal -0.9874815102652282 0.14010743638381984 -0.07245807859899248
  outer loop
    vertex -204.85123781966612 394.71577866260134 324.14501398357396
    vertex -204.55523181966544 398.05977266260135 326.5770129835738
    vertex -204.31122881966604 398.52177866260126 324.1450139835738
  endloop
endfacet
facet normal 0.997562608490903 -0.004647767873758016 -0.06962212575479969
  outer loop
    vertex -201.28322881966417 398.49977566260134 331.39701298357295
    vertex -201.2912248196642 398.0717966626014 331.311014983573
    vertex -201.60923281966546 398.5137826626013 326.72501398357304
  endloop
endfacet
facet normal 2.6179058920661186e-13 0.0 1.0
  outer loop
    vertex -249.55723081966545 416.53780066260134 326.7250139835856
    vertex -256.53122981966544 415.58177666260127 326.7250139835874
    vertex -254.23122681966547 413.84779766260135 326.7250139835869
  endloop
endfacet
facet normal 2.6179058920661186e-13 0.0 1.0
  outer loop
    vertex -258.0672258196654 410.13377866260134 326.72501398358787
    vertex -254.23122681966547 413.84779766260135 326.7250139835869
    vertex -256.53122981966544 415.58177666260127 326.7250139835874
  endloop
endfacet
facet normal 0.811429900362437 -0.5814724601099214 -0.0589176962509715
  outer loop
    vertex -202.60123781966544 387.3457836626013 326.72901398357334
    vertex -202.01522381966575 388.27379266260135 325.6410149835732
    vertex -201.8932298196655 388.33379066260125 326.72901398357317
  endloop
endfacet
facet normal 0.9869090375719085 -0.08402765781854711 -0.13765865130974705
  outer loop
    vertex -201.23322581966403 397.0378006626013 332.00301598357305
    vertex -202.20322681966545 394.29179866260137 326.7250139835732
    vertex -201.26322481966417 397.2817886626013 331.63901398357297
  endloop
endfacet
facet normal -0.9945050303957051 -0.047968060090282434 0.0930527255313488
  outer loop
    vertex -203.697230819664 399.09380066260127 332.1730139835736
    vertex -203.6612348196639 399.17778466260125 332.6010159835736
    vertex -203.88123581966428 400.74379366260126 331.0570129835736
  endloop
endfacet
facet normal -0.06659929369813863 -0.19306224299052377 -0.9789236458531264
  outer loop
    vertex -201.10523481966368 398.0717966626014 333.54901398357293
    vertex -203.56922481966365 398.05977266260135 333.7190159835736
    vertex -201.11123181966371 398.49977566260134 333.4650139835729
  endloop
endfacet
facet normal -0.06659929369813863 -0.19306224299052377 -0.9789236458531264
  outer loop
    vertex -203.57523681966367 398.4877816626013 333.63501598357357
    vertex -201.11123181966371 398.49977566260134 333.4650139835729
    vertex -203.56922481966365 398.05977266260135 333.7190159835736
  endloop
endfacet
facet normal -0.9925749645317412 0.07209656834564926 0.09796440484989433
  outer loop
    vertex -203.92722581966427 395.37578266260147 331.05701298357377
    vertex -203.6612348196639 396.9397776626012 332.60101598357363
    vertex -203.697230819664 397.02577666260146 332.17301398357364
  endloop
endfacet
facet normal 0.9880571538371964 0.13800920800229047 -0.06853115538001334
  outer loop
    vertex -201.28322881966417 398.49977566260134 331.39701298357295
    vertex -201.60923281966546 398.5137826626013 326.72501398357304
    vertex -202.19922981966545 402.73778166260126 326.7250139835733
  endloop
endfacet
facet normal 0.12755035118570668 -0.9910545506441447 0.03926557729023822
  outer loop
    vertex -237.81122881966428 418.37578266260147 331.1870139835825
    vertex -235.57123881966444 418.64378766260137 330.67501498358195
    vertex -237.4512278196642 418.43178266260156 331.43101398358243
  endloop
endfacet
facet normal 0.1203786135328201 -0.9927031883342365 0.007026327273729263
  outer loop
    vertex -238.23522481966486 418.30977266260146 329.1250139835827
    vertex -235.57123881966444 418.64378766260137 330.67501498358195
    vertex -237.81122881966428 418.37578266260147 331.1870139835825
  endloop
endfacet
facet normal -0.487569454122691 -0.8729542702328321 -0.01506218738313089
  outer loop
    vertex -252.67522681966588 379.44978766260135 325.1590139835865
    vertex -252.59122781966545 379.3757826626013 326.7290139835864
    vertex -253.78722681966545 380.0437816626015 326.72901398358675
  endloop
endfacet
facet normal -0.9931770002917116 0.10605067191928153 0.048504650055705326
  outer loop
    vertex -203.57523681966367 397.6317946626014 333.6350159835737
    vertex -203.7912248196635 395.37578266260147 334.1450139835737
    vertex -203.42922481966306 398.05977266260135 335.68901298357355
  endloop
endfacet
facet normal -0.9965674315433533 -0.022824506158736064 0.07957635519231727
  outer loop
    vertex -204.8472248196661 402.32979266260133 324.14501398357396
    vertex -204.55523181966544 398.05977266260135 326.5770129835738
    vertex -204.3992268196646 402.9417916626012 329.93101398357385
  endloop
endfacet
facet normal 0.9976247791254484 0.004831296180033818 -0.06871287108047047
  outer loop
    vertex -201.2912248196642 398.0717966626014 331.311014983573
    vertex -201.28322881966417 397.64378766260126 331.397012983573
    vertex -201.60923281966546 398.5137826626013 326.72501398357304
  endloop
endfacet
facet normal 0.9861786289052132 -0.05090875814237124 -0.15767057504504534
  outer loop
    vertex -201.26322481966417 397.2817886626013 331.63901398357297
    vertex -202.20322681966545 394.29179866260137 326.7250139835732
    vertex -201.28322881966417 397.64378766260126 331.397012983573
  endloop
endfacet
facet normal -0.6422815709855623 0.7235201541679771 -0.2529683183425643
  outer loop
    vertex -269.00123181966666 412.06380166260124 322.13901398359076
    vertex -260.3112288196727 411.7077836626014 299.0570129835885
    vertex -269.5532328196667 411.5737806626013 322.1390139835909
  endloop
endfacet
facet normal 0.9858053282819578 -0.13869366870351127 -0.09461459185803389
  outer loop
    vertex -201.28322881966417 397.64378766260126 331.397012983573
    vertex -202.20322681966545 394.29179866260137 326.7250139835732
    vertex -201.60923281966546 398.5137826626013 326.72501398357304
  endloop
endfacet
facet normal 0.12697315161886963 -0.9910943496924228 0.04012242235614554
  outer loop
    vertex -239.02123581966381 418.1857806626014 333.01901498358285
    vertex -238.66123481966378 418.2417796626015 333.2630139835827
    vertex -240.8992268196636 417.97578866260153 333.77501498358333
  endloop
endfacet
facet normal -0.007972604164843687 -0.9805031762791554 -0.19634143446893323
  outer loop
    vertex -203.6612348196639 399.17778466260125 332.6010159835736
    vertex -201.19723081966396 399.19179166260136 332.43101398357294
    vertex -201.16123481966378 399.1057936626013 332.859014983573
  endloop
endfacet
facet normal -0.008456196304529736 -0.9813781330172175 -0.191899590358343
  outer loop
    vertex -203.6612348196639 399.17778466260125 332.6010159835736
    vertex -201.16123481966378 399.1057936626013 332.859014983573
    vertex -203.62722281966384 399.09380066260127 333.02901298357364
  endloop
endfacet
facet normal 0.06842958139563726 -0.1977665468437704 0.9778577531213365
  outer loop
    vertex -201.28322881966417 398.49977566260134 331.39701298357295
    vertex -203.7472338196641 398.4877816626013 331.56701498357364
    vertex -201.2912248196642 398.0717966626014 331.311014983573
  endloop
endfacet
facet normal 0.06842958139563726 -0.1977665468437704 0.9778577531213365
  outer loop
    vertex -203.75522881966418 398.05977266260135 331.48101298357363
    vertex -201.2912248196642 398.0717966626014 331.311014983573
    vertex -203.7472338196641 398.4877816626013 331.56701498357364
  endloop
endfacet
facet normal 0.10911541327330153 0.9938986952327107 -0.016100006239509343
  outer loop
    vertex -225.85723381966542 422.2237746626014 326.7290139835794
    vertex -225.87322581966563 422.2157786626014 326.12701498357944
    vertex -226.02123581966546 422.24177966260135 326.7290139835795
  endloop
endfacet
facet normal 0.9184639999032136 0.3896881115393986 -0.06758000152890759
  outer loop
    vertex -199.87923781966543 405.0197946626013 326.7290139835726
    vertex -200.03122981966592 405.08980266260136 325.0670149835726
    vertex -200.48722381966593 406.1198016626013 324.80901398357275
  endloop
endfacet
facet normal 0.15760942567642627 -0.9875015285749927 -4.1263537385973996e-14
  outer loop
    vertex -238.66123481966378 418.2417796626015 333.2630139835827
    vertex -238.23522481966373 418.30977266260146 333.34701398358266
    vertex -238.23522481966324 418.30977266260163 335.32501498358266
  endloop
endfacet
facet normal 0.1538323026806254 -0.9880969702675829 -4.0280555400148717e-14
  outer loop
    vertex -238.23522481966373 418.30977266260146 333.34701398358266
    vertex -237.81122881966374 418.37578266260147 333.2630139835825
    vertex -238.23522481966324 418.30977266260163 335.32501498358266
  endloop
endfacet
facet normal -0.1506723988488061 0.9880241387827531 0.033258523835936436
  outer loop
    vertex -237.87322581966578 422.35179566260143 325.3910149835826
    vertex -239.53922581966614 422.14580166260134 323.963014983583
    vertex -240.95522581966583 421.8817946626013 325.3910149835834
  endloop
endfacet
facet normal -0.982491536227693 -0.13829033544831906 -0.12484456080478312
  outer loop
    vertex -204.31122881966604 398.52177866260126 324.1450139835738
    vertex -204.55523181966544 398.05977266260135 326.5770129835738
    vertex -204.8472248196661 402.32979266260133 324.14501398357396
  endloop
endfacet
facet normal -0.726398454057041 -0.6868992029105305 -0.022688565058614534
  outer loop
    vertex -215.1592358196641 380.3537796626013 331.6390139835766
    vertex -216.5852308196642 381.86177466260136 331.63901398357706
    vertex -216.76723781966615 382.3017776626011 324.1450139835771
  endloop
endfacet
facet normal 0.9887357212912179 0.07352430996186306 -0.13036812987600627
  outer loop
    vertex -201.23322581966403 399.1057936626013 332.00301598357294
    vertex -201.26322481966417 398.86378966260116 331.63901398357297
    vertex -202.19922981966545 402.73778166260126 326.7250139835733
  endloop
endfacet
facet normal 0.988350014591521 0.10997051727995212 -0.10521755550344333
  outer loop
    vertex -201.19723081966396 399.19179166260136 332.43101398357294
    vertex -201.23322581966403 399.1057936626013 332.00301598357294
    vertex -202.19922981966545 402.73778166260126 326.7250139835733
  endloop
endfacet
facet normal -0.7786114814280337 -0.6274938285706329 0.003956778261654698
  outer loop
    vertex -215.32122381966536 380.5237926626013 326.7250139835767
    vertex -215.1592358196641 380.3537796626013 331.6390139835766
    vertex -216.76723781966615 382.3017776626011 324.1450139835771
  endloop
endfacet
facet normal 0.0976801638889099 -0.9951829713934057 0.008333008533995356
  outer loop
    vertex -253.94523181967267 403.4057816626012 299.05701298358673
    vertex -253.2932388196727 403.4697766626013 299.05701298358656
    vertex -253.9532268196721 403.42378666260134 301.30101298358676
  endloop
endfacet
facet normal 0.0976801638889099 -0.9951829713934057 0.008333008533995356
  outer loop
    vertex -253.30123481967212 403.48778166260126 301.3010129835866
    vertex -253.9532268196721 403.42378666260134 301.30101298358676
    vertex -253.2932388196727 403.4697766626013 299.05701298358656
  endloop
endfacet
facet normal -0.2876144106131468 0.9577436864508446 -0.0022320105731431254
  outer loop
    vertex -252.01923681967273 397.0597726626014 299.0570129835863
    vertex -252.6452288196727 396.87178466260127 299.0570129835864
    vertex -252.0232348196721 397.06380166260124 301.3010129835863
  endloop
endfacet
facet normal -0.2895923816066931 0.957148675153619 -0.0016328401745600088
  outer loop
    vertex -252.0232348196721 397.06380166260124 301.3010129835863
    vertex -252.6452288196727 396.87178466260127 299.0570129835864
    vertex -252.65122481967214 396.8737986626012 301.3010129835864
  endloop
endfacet
facet normal -0.6365733692559216 -0.7712003984420693 0.004928589753446463
  outer loop
    vertex -251.4392348196727 402.90779566260125 299.0570129835861
    vertex -250.93523681967267 402.4917796626013 299.05701298358593
    vertex -251.4412338196721 402.9237866626013 301.3010129835861
  endloop
endfacet
facet normal -0.6350438413586791 -0.7724564073126964 0.0055152836712687395
  outer loop
    vertex -251.4412338196721 402.9237866626013 301.3010129835861
    vertex -250.93523681967267 402.4917796626013 299.05701298358593
    vertex -250.9352368196721 402.50780166260137 301.30101298358596
  endloop
endfacet
facet normal 0.4714677364434156 0.8818822922734724 0.0013401743946023189
  outer loop
    vertex -254.57323781967267 397.0617876626013 299.05701298358696
    vertex -255.1492268196727 397.3698016626013 299.0570129835871
    vertex -254.5832318196721 397.06380166260124 301.30101298358693
  endloop
endfacet
facet normal 0.4714677364434156 0.8818822922734724 0.0013401743946023189
  outer loop
    vertex -255.16323381967212 397.3737986626015 301.3010129835871
    vertex -254.5832318196721 397.06380166260124 301.30101298358693
    vertex -255.1492268196727 397.3698016626013 299.0570129835871
  endloop
endfacet
facet normal -0.7712212888800957 0.6365661295761517 -0.0011341316335225645
  outer loop
    vertex -250.9372358196727 397.7817886626014 299.05701298358593
    vertex -250.93723581967214 397.78578666260137 301.30101298358596
    vertex -250.52123581967268 398.2857866626014 299.0570129835859
  endloop
endfacet
facet normal -0.7724650396782274 0.6350550115534175 -0.0017014040681879537
  outer loop
    vertex -250.52123581967268 398.2857866626014 299.0570129835859
    vertex -250.93723581967214 397.78578666260137 301.30101298358596
    vertex -250.5212358196721 398.29179866260137 301.30101298358585
  endloop
endfacet
facet normal -0.0838010669665889 -0.9964170599350457 0.011420325987513103
  outer loop
    vertex -237.08722981966392 377.1437876626014 332.65501598358236
    vertex -237.003229819664 377.1317946626016 332.2250159835824
    vertex -232.4512278196628 376.8037916626016 337.00901598358115
  endloop
endfacet
facet normal 0.9951500584799488 -0.09800037114749192 0.008502256306919354
  outer loop
    vertex -256.6492268196721 400.1517836626014 301.30101298358755
    vertex -256.63123581967267 400.13979066260123 299.0570129835875
    vertex -256.56722581967273 400.78978366260145 299.0570129835875
  endloop
endfacet
facet normal 0.9948561623779346 -0.10100944383508977 0.007635995990988702
  outer loop
    vertex -256.6492268196721 400.1517836626014 301.30101298358755
    vertex -256.56722581967273 400.78978366260145 299.0570129835875
    vertex -256.5832318196721 400.80177766260124 301.3010129835875
  endloop
endfacet
facet normal -0.1051834296819847 -0.9938581145108039 0.03438741545049349
  outer loop
    vertex -237.3272358196638 377.18178266260156 333.01901498358245
    vertex -237.08722981966392 377.1437876626014 332.65501598358236
    vertex -232.4512278196628 376.8037916626016 337.00901598358115
  endloop
endfacet
facet normal 0.10880260202257336 -0.9940423189992353 0.006470072004236374
  outer loop
    vertex -239.34522581966405 418.13579266260143 332.2250159835829
    vertex -239.2612258196639 418.1477856626013 332.6550159835829
    vertex -240.8992268196636 417.97578866260153 333.77501498358333
  endloop
endfacet
facet normal 0.12064731191151108 -0.9924041957586842 -0.024044508085749657
  outer loop
    vertex -240.89922681966442 417.97578866260153 330.67501498358337
    vertex -239.0212358196642 418.1857806626014 331.43101398358283
    vertex -239.26122581966413 418.1477856626013 331.7950159835829
  endloop
endfacet
facet normal -0.8818397132828008 0.47154758406664476 -0.001263344061897017
  outer loop
    vertex -250.52123581967268 398.2857866626014 299.0570129835859
    vertex -250.5212358196721 398.29179866260137 301.30101298358585
    vertex -250.21323681967272 398.86177466260125 299.05701298358576
  endloop
endfacet
facet normal -0.881255139973772 0.4726399878228983 -0.000905638216094181
  outer loop
    vertex -250.21323681967272 398.86177466260125 299.05701298358576
    vertex -250.5212358196721 398.29179866260137 301.30101298358585
    vertex -250.2112378196721 398.8698016626013 301.3010129835858
  endloop
endfacet
facet normal 0.7711920434487107 -0.6365419903940679 0.008782174364047872
  outer loop
    vertex -256.0832318196721 402.00578766260116 301.3010129835873
    vertex -256.0692398196727 401.9917796626014 299.0570129835873
    vertex -255.6532398196727 402.4957776626013 299.0570129835872
  endloop
endfacet
facet normal 0.7724323886560938 -0.6350281686618712 0.009350398974997665
  outer loop
    vertex -256.0832318196721 402.00578766260116 301.3010129835873
    vertex -255.6532398196727 402.4957776626013 299.0570129835872
    vertex -255.6672318196721 402.51179966260133 301.3010129835872
  endloop
endfacet
facet normal -0.9952003576170614 -0.09785713082240984 0.0004797354263633155
  outer loop
    vertex -249.95722481967272 400.1357926626014 299.0570129835858
    vertex -249.95722481967212 400.14580166260134 301.3010129835858
    vertex -250.0212358196727 400.78578666260125 299.0570129835858
  endloop
endfacet
facet normal -0.9952003576170614 -0.09785713082240984 0.0004797354263633155
  outer loop
    vertex -250.02123581967214 400.79777966260144 301.3010129835858
    vertex -250.0212358196727 400.78578666260125 299.0570129835858
    vertex -249.95722481967212 400.14580166260134 301.3010129835858
  endloop
endfacet
facet normal 0.9986259773392365 0.05225774316963773 -0.003909688231940632
  outer loop
    vertex -201.11123181966371 398.49977566260134 333.4650139835729
    vertex -201.13123581966374 398.86378966260116 333.2210139835729
    vertex -201.32122381966278 402.7777906626013 337.0090159835731
  endloop
endfacet
facet normal 0.993886495253748 0.007689794901117214 -0.11013855640328983
  outer loop
    vertex -201.11123181966371 397.64378766260126 333.4650139835729
    vertex -201.10523481966368 398.0717966626014 333.54901398357293
    vertex -200.72523081966278 398.5137826626013 337.0090159835728
  endloop
endfacet
facet normal 0.993303954957116 0.021607579230265194 -0.11349169831472053
  outer loop
    vertex -201.13123581966374 397.2817886626013 333.221013983573
    vertex -201.11123181966371 397.64378766260126 333.4650139835729
    vertex -200.72523081966278 398.5137826626013 337.0090159835728
  endloop
endfacet
facet normal -0.47023992765118006 -0.8825165314390236 0.006243571049305671
  outer loop
    vertex -252.01723781967272 403.21577866260117 299.0570129835863
    vertex -251.4392348196727 402.90779566260125 299.0570129835861
    vertex -252.02123581967214 403.2337846626013 301.3010129835863
  endloop
endfacet
facet normal -0.4713655349179035 -0.8819184413559703 0.005864749595239661
  outer loop
    vertex -252.02123581967214 403.2337846626013 301.3010129835863
    vertex -251.4392348196727 402.90779566260125 299.0570129835861
    vertex -251.4412338196721 402.9237866626013 301.3010129835861
  endloop
endfacet
facet normal -0.06354611640330793 -0.9979471793692415 -0.007957278368418294
  outer loop
    vertex -237.003229819664 377.1317946626016 332.2250159835824
    vertex -232.45122781966543 376.88579266260143 326.72501398358116
    vertex -232.4512278196628 376.8037916626016 337.00901598358115
  endloop
endfacet
facet normal -0.6332412695878809 0.7739532241092246 -0.0013789059668698823
  outer loop
    vertex -250.9372358196727 397.7817886626014 299.05701298358593
    vertex -251.44323281967272 397.36778666260136 299.0570129835861
    vertex -250.93723581967214 397.78578666260137 301.30101298358596
  endloop
endfacet
facet normal -0.6317445097413039 0.7751742358019609 -0.001943851991670761
  outer loop
    vertex -250.93723581967214 397.78578666260137 301.30101298358596
    vertex -251.44323281967272 397.36778666260136 299.0570129835861
    vertex -251.44523181967213 397.37178466260116 301.3010129835861
  endloop
endfacet
facet normal 0.9951340937011327 0.09829853712017159 0.006747825846866419
  outer loop
    vertex -256.5832318196721 399.4997756626013 301.3010129835875
    vertex -256.56722581967273 399.4917796626013 299.0570129835875
    vertex -256.63123581967267 400.13979066260123 299.0570129835875
  endloop
endfacet
facet normal 0.9948889542987407 0.10070075296461639 0.007438209913513025
  outer loop
    vertex -256.5832318196721 399.4997756626013 301.3010129835875
    vertex -256.63123581967267 400.13979066260123 299.0570129835875
    vertex -256.6492268196721 400.1517836626014 301.30101298358755
  endloop
endfacet
facet normal 0.8818062409803318 -0.4715296853679067 0.008803930087185092
  outer loop
    vertex -256.3932298196721 401.4277846626014 301.30101298358744
    vertex -256.3772388196727 401.41579166260124 299.05701298358747
    vertex -256.0692398196727 401.9917796626014 299.0570129835873
  endloop
endfacet
facet normal 0.8812240760576974 -0.472623327439032 0.008445006614284795
  outer loop
    vertex -256.3932298196721 401.4277846626014 301.30101298358744
    vertex -256.0692398196727 401.9917796626014 299.0570129835873
    vertex -256.0832318196721 402.00578766260116 301.3010129835873
  endloop
endfacet
facet normal 0.9940973417236931 -0.00731570654315968 -0.10824488724951917
  outer loop
    vertex -201.10523481966368 398.0717966626014 333.54901398357293
    vertex -201.11123181966371 398.49977566260134 333.4650139835729
    vertex -200.72523081966278 398.5137826626013 337.0090159835728
  endloop
endfacet
facet normal 0.9577362695004438 0.2876052916834127 0.0049431041939613125
  outer loop
    vertex -256.3932298196721 398.8737986626013 301.30101298358744
    vertex -256.3792378196727 398.8657726626013 299.05701298358747
    vertex -256.56722581967273 399.4917796626013 299.0570129835875
  endloop
endfacet
facet normal 0.956875893054118 0.29043931874822404 0.005790286430901901
  outer loop
    vertex -256.3932298196721 398.8737986626013 301.30101298358744
    vertex -256.56722581967273 399.4917796626013 299.0570129835875
    vertex -256.5832318196721 399.4997756626013 301.3010129835875
  endloop
endfacet
facet normal -0.09767743217596732 -0.9951881528203984 0.007723971092182872
  outer loop
    vertex -253.2932388196727 403.4697766626013 299.05701298358656
    vertex -252.6432298196727 403.4057816626012 299.0570129835864
    vertex -253.30123481967212 403.48778166260126 301.3010129835866
  endloop
endfacet
facet normal -0.09767743217596732 -0.9951881528203984 0.007723971092182872
  outer loop
    vertex -252.6472278196721 403.42378666260134 301.3010129835864
    vertex -253.30123481967212 403.48778166260126 301.3010129835866
    vertex -252.6432298196727 403.4057816626012 299.0570129835864
  endloop
endfacet
facet normal 0.04205603451228479 -0.8336065675259012 0.550755281898219
  outer loop
    vertex -201.26322481966417 398.86378966260116 331.63901398357297
    vertex -201.23322581966403 399.1057936626013 332.00301598357294
    vertex -203.72722881966413 398.8517956626014 331.8090159835736
  endloop
endfacet
facet normal 0.04205603451228479 -0.8336065675259012 0.550755281898219
  outer loop
    vertex -203.697230819664 399.09380066260127 332.1730139835736
    vertex -203.72722881966413 398.8517956626014 331.8090159835736
    vertex -201.23322581966403 399.1057936626013 332.00301598357294
  endloop
endfacet
facet normal 0.6332022082088736 -0.7739284249356939 0.009473995775926967
  outer loop
    vertex -255.6532398196727 402.4957776626013 299.0570129835872
    vertex -255.14722781967268 402.90977966260135 299.0570129835871
    vertex -255.6672318196721 402.51179966260133 301.3010129835872
  endloop
endfacet
facet normal 0.6317196836008754 -0.775145645518935 0.008914571455973835
  outer loop
    vertex -255.6672318196721 402.51179966260133 301.3010129835872
    vertex -255.14722781967268 402.90977966260135 299.0570129835871
    vertex -255.15923581967212 402.9258006626014 301.3010129835871
  endloop
endfacet
facet normal 0.9918350436330301 0.1120450815267793 -0.060902757959904186
  outer loop
    vertex -201.16123481966378 399.1057936626013 332.859014983573
    vertex -201.19723081966396 399.19179166260136 332.43101398357294
    vertex -201.32122381966278 402.7777906626013 337.0090159835731
  endloop
endfacet
facet normal 0.12137567211821423 -0.992327147943774 -0.023553718849204295
  outer loop
    vertex -237.4512278196638 418.43178266260156 333.01901498358245
    vertex -237.2112378196639 418.46977666260136 332.65501598358236
    vertex -235.57123881966365 418.64378766260137 333.7750149835819
  endloop
endfacet
facet normal -0.8602985191444867 -0.04605267484615677 0.5077062232209859
  outer loop
    vertex -263.41523281966664 387.2318006626014 322.13901398358934
    vertex -260.5972398196654 385.1477856626012 326.7250139835885
    vertex -263.55922981966665 389.92177266260126 322.1390139835893
  endloop
endfacet
facet normal 0.9783339397707186 -0.1891108052436223 -0.08426034436680646
  outer loop
    vertex -201.32523681966288 394.2517896626013 337.00901598357297
    vertex -202.20322681966545 394.29179866260137 326.7250139835732
    vertex -201.19723081966396 396.9537856626013 332.43101398357305
  endloop
endfacet
facet normal -0.2904310694864478 -0.9568691256692624 0.007160322471759751
  outer loop
    vertex -252.6432298196727 403.4057816626012 299.0570129835864
    vertex -252.01723781967272 403.21577866260117 299.0570129835863
    vertex -252.6472278196721 403.42378666260134 301.3010129835864
  endloop
endfacet
facet normal -0.2904310694864478 -0.9568691256692624 0.007160322471759751
  outer loop
    vertex -252.02123581967214 403.2337846626013 301.3010129835863
    vertex -252.6472278196721 403.42378666260134 301.3010129835864
    vertex -252.01723781967272 403.21577866260117 299.0570129835863
  endloop
endfacet
facet normal -0.9567658270685188 0.2908591637919156 -0.0003146301973127735
  outer loop
    vertex -250.21323681967272 398.86177466260125 299.05701298358576
    vertex -250.2112378196721 398.8698016626013 301.3010129835858
    vertex -250.02323481967267 399.48579866260116 299.0570129835858
  endloop
endfacet
facet normal -0.9567658270685188 0.2908591637919156 -0.0003146301973127735
  outer loop
    vertex -250.02123581967214 399.4957776626015 301.3010129835858
    vertex -250.02323481967267 399.48579866260116 299.0570129835858
    vertex -250.2112378196721 398.8698016626013 301.3010129835858
  endloop
endfacet
facet normal -0.8877691517285733 -0.4543575290364917 0.07365574687003783
  outer loop
    vertex -206.4392348196661 405.98979666260135 324.1450139835743
    vertex -204.3992268196646 402.9417916626012 329.93101398357385
    vertex -205.47123281966282 406.18379666260137 337.00901598357405
  endloop
endfacet
facet normal 0.10354516696173677 -0.9946247525568959 -2.7108481721532747e-14
  outer loop
    vertex -237.12723881966403 418.48180066260153 332.2250159835823
    vertex -235.57123881966444 418.64378766260137 330.67501498358195
    vertex -235.57123881966365 418.64378766260137 333.7750149835819
  endloop
endfacet
facet normal 0.03353465231714686 0.8314662386634059 0.554562278790125
  outer loop
    vertex -201.26322481966417 397.2817886626013 331.63901398357297
    vertex -203.72722881966413 397.26778066260135 331.8090159835736
    vertex -201.23322581966403 397.0378006626013 332.00301598357305
  endloop
endfacet
facet normal 0.03397413719111575 0.8335558358636391 0.5513895415219527
  outer loop
    vertex -201.23322581966403 397.0378006626013 332.00301598357305
    vertex -203.72722881966413 397.26778066260135 331.8090159835736
    vertex -203.697230819664 397.02577666260146 332.17301398357364
  endloop
endfacet
facet normal 0.9964947882341896 0.07789433028795274 -0.03050590649512019
  outer loop
    vertex -201.13123581966374 398.86378966260116 333.2210139835729
    vertex -201.16123481966378 399.1057936626013 332.859014983573
    vertex -201.32122381966278 402.7777906626013 337.0090159835731
  endloop
endfacet
facet normal 0.09770494328076801 0.9952152805896106 -0.0005379028207175979
  outer loop
    vertex -253.2972368196727 396.80778966260135 299.05701298358656
    vertex -253.94723081967268 396.87178466260127 299.05701298358673
    vertex -253.30323281967213 396.8097726626013 301.3010129835866
  endloop
endfacet
facet normal 0.09770494328076801 0.9952152805896106 -0.0005379028207175979
  outer loop
    vertex -253.9572398196721 396.8737986626012 301.30101298358676
    vertex -253.30323281967213 396.8097726626013 301.3010129835866
    vertex -253.94723081967268 396.87178466260127 299.05701298358673
  endloop
endfacet
facet normal -0.01876180250200362 0.9813977148707573 -0.19106679463824128
  outer loop
    vertex -201.19723081966396 396.9537856626013 332.43101398357305
    vertex -203.6612348196639 396.9397776626012 332.60101598357363
    vertex -201.16123481966378 397.0378006626013 332.85901498357305
  endloop
endfacet
facet normal -0.018262850327616268 0.9805200465033109 -0.19556816382800235
  outer loop
    vertex -201.16123481966378 397.0378006626013 332.85901498357305
    vertex -203.6612348196639 396.9397776626012 332.60101598357363
    vertex -203.62722281966384 397.02577666260146 333.02901298357364
  endloop
endfacet
facet normal -0.994882765374435 0.10103510392762222 0.000436961384325608
  outer loop
    vertex -250.02323481967267 399.48579866260116 299.0570129835858
    vertex -250.02123581967214 399.4957776626015 301.3010129835858
    vertex -249.95722481967272 400.1357926626014 299.0570129835858
  endloop
endfacet
facet normal -0.9951862407636769 0.09800079144391334 -0.0004371167205770533
  outer loop
    vertex -249.95722481967272 400.1357926626014 299.0570129835858
    vertex -250.02123581967214 399.4957776626015 301.3010129835858
    vertex -249.95722481967212 400.14580166260134 301.3010129835858
  endloop
endfacet
facet normal -0.8818376166113732 -0.4715464629100859 0.002520167883336255
  outer loop
    vertex -250.2112378196727 401.41179366260144 299.0570129835859
    vertex -250.2112378196721 401.42378666260123 301.30101298358585
    vertex -250.5192368196727 401.98778166260126 299.0570129835859
  endloop
endfacet
facet normal -0.8825197917118168 -0.4702660943410913 0.002935600467931721
  outer loop
    vertex -250.5192368196727 401.98778166260126 299.0570129835859
    vertex -250.2112378196721 401.42378666260123 301.30101298358585
    vertex -250.5192368196721 402.00178966260137 301.30101298358585
  endloop
endfacet
facet normal -0.9911603876959694 0.057192450284402924 0.11970843534539145
  outer loop
    vertex -203.92722581966427 395.37578266260147 331.05701298357377
    vertex -203.697230819664 397.02577666260146 332.17301398357364
    vertex -203.72722881966413 397.26778066260135 331.8090159835736
  endloop
endfacet
facet normal 0.7724620348620053 0.6350533045335619 0.0031153006040569677
  outer loop
    vertex -255.65523781967266 397.7837716626013 299.0570129835872
    vertex -256.0712388196727 398.2897836626013 299.0570129835873
    vertex -255.6692308196721 397.7897836626014 301.3010129835872
  endloop
endfacet
facet normal 0.7724620348620053 0.6350533045335619 0.0031153006040569677
  outer loop
    vertex -256.0852308196721 398.2957956626014 301.3010129835873
    vertex -255.6692308196721 397.7897836626014 301.3010129835872
    vertex -256.0712388196727 398.2897836626013 299.0570129835873
  endloop
endfacet
facet normal 0.6331999590526461 0.7739839710128085 0.0025738047655599673
  outer loop
    vertex -255.1492268196727 397.3698016626013 299.0570129835871
    vertex -255.65523781967266 397.7837716626013 299.0570129835872
    vertex -255.16323381967212 397.3737986626015 301.3010129835871
  endloop
endfacet
facet normal 0.6350523652691927 0.7724667756508661 0.0018904712529536753
  outer loop
    vertex -255.16323381967212 397.3737986626015 301.3010129835871
    vertex -255.65523781967266 397.7837716626013 299.0570129835872
    vertex -255.6692308196721 397.7897836626014 301.3010129835872
  endloop
endfacet
facet normal -0.09770462431276308 0.9952147958369901 -0.001147403608192142
  outer loop
    vertex -252.6452288196727 396.87178466260127 299.0570129835864
    vertex -253.2972368196727 396.80778966260135 299.05701298358656
    vertex -252.65122481967214 396.8737986626012 301.3010129835864
  endloop
endfacet
facet normal -0.09770462431276308 0.9952147958369901 -0.001147403608192142
  outer loop
    vertex -253.30323281967213 396.8097726626013 301.3010129835866
    vertex -252.65122481967214 396.8737986626012 301.3010129835864
    vertex -253.2972368196727 396.80778966260135 299.05701298358656
  endloop
endfacet
facet normal 0.018259517731341757 -0.9805368023552616 0.19548444756332317
  outer loop
    vertex -203.697230819664 399.09380066260127 332.1730139835736
    vertex -201.23322581966403 399.1057936626013 332.00301598357294
    vertex -201.19723081966396 399.19179166260136 332.43101398357294
  endloop
endfacet
facet normal 0.018756756481591842 -0.9814111391783044 0.19099832455556573
  outer loop
    vertex -203.697230819664 399.09380066260127 332.1730139835736
    vertex -201.19723081966396 399.19179166260136 332.43101398357294
    vertex -203.6612348196639 399.17778466260125 332.6010159835736
  endloop
endfacet
facet normal -0.0597300288784937 0.560192552589224 -0.8262061653568944
  outer loop
    vertex -201.11123181966371 397.64378766260126 333.4650139835729
    vertex -201.13123581966374 397.2817886626013 333.221013983573
    vertex -203.57523681966367 397.6317946626014 333.6350159835737
  endloop
endfacet
facet normal -0.060215321977360826 0.5582868574315362 -0.8274599082846144
  outer loop
    vertex -203.57523681966367 397.6317946626014 333.6350159835737
    vertex -201.13123581966374 397.2817886626013 333.221013983573
    vertex -203.5972248196637 397.26778066260135 333.39101598357365
  endloop
endfacet
facet normal 0.9844871947424851 -0.13695043468162518 -0.10967926799804081
  outer loop
    vertex -201.19723081966396 396.9537856626013 332.43101398357305
    vertex -202.20322681966545 394.29179866260137 326.7250139835732
    vertex -201.23322581966403 397.0378006626013 332.00301598357305
  endloop
endfacet
facet normal -0.9147642958524778 0.4026187403486109 0.03323300999937689
  outer loop
    vertex -204.6052348196647 393.41777466260135 329.93101398357385
    vertex -205.47922781966284 390.84779766260135 337.0090159835741
    vertex -204.41123481966332 393.41777466260135 335.2710139835738
  endloop
endfacet
facet normal 0.987371451530294 0.046435278706498224 -0.15146412642738208
  outer loop
    vertex -201.26322481966417 398.86378966260116 331.63901398357297
    vertex -201.28322881966417 398.49977566260134 331.39701298357295
    vertex -202.19922981966545 402.73778166260126 326.7250139835733
  endloop
endfacet
facet normal 0.11981837712296535 -0.9927637470903258 -0.007981163248223429
  outer loop
    vertex -240.89922681966442 417.97578866260153 330.67501498358337
    vertex -238.23522481966486 418.30977266260146 329.1250139835827
    vertex -238.66123481966432 418.2417796626015 331.18701398358274
  endloop
endfacet
facet normal -0.5960533475512865 -0.8024481254794934 -0.02823849831971356
  outer loop
    vertex -260.9312388196672 385.63179466260124 320.02101398358866
    vertex -260.3292338196675 385.2277726626017 318.79501398358843
    vertex -260.5972398196654 385.1477856626012 326.7250139835885
  endloop
endfacet
facet normal -0.03150363401415482 0.9991670894954908 -0.025935464387826086
  outer loop
    vertex -258.8032328196661 390.1237986626013 324.145013983588
    vertex -263.55922981966665 389.92177266260126 322.1390139835893
    vertex -260.9272258196654 390.1237986626013 326.72501398358855
  endloop
endfacet
facet normal -0.47155469770209546 0.8818345662703851 -0.0019911820126314924
  outer loop
    vertex -251.44323281967272 397.36778666260136 299.0570129835861
    vertex -252.01923681967273 397.0597726626014 299.0570129835863
    vertex -251.44523181967213 397.37178466260116 301.3010129835861
  endloop
endfacet
facet normal -0.4702477137392016 0.8825311438761134 -0.002422356656811629
  outer loop
    vertex -251.44523181967213 397.37178466260116 301.3010129835861
    vertex -252.01923681967273 397.0597726626014 299.0570129835863
    vertex -252.0232348196721 397.06380166260124 301.3010129835863
  endloop
endfacet
facet normal 0.9846030578131287 0.1376208792842838 -0.10778363572480545
  outer loop
    vertex -200.72523081966278 398.5137826626013 337.0090159835728
    vertex -201.11123181966371 398.49977566260134 333.4650139835729
    vertex -201.32122381966278 402.7777906626013 337.0090159835731
  endloop
endfacet
facet normal -0.03410897878277215 -0.8321588490008953 -0.5534873328233462
  outer loop
    vertex -201.16123481966378 399.1057936626013 332.859014983573
    vertex -201.13123581966374 398.86378966260116 333.2210139835729
    vertex -203.62722281966384 399.09380066260127 333.02901298357364
  endloop
endfacet
facet normal -0.03410897878277215 -0.8321588490008953 -0.5534873328233462
  outer loop
    vertex -203.5972248196637 398.8517956626014 333.3910159835736
    vertex -203.62722281966384 399.09380066260127 333.02901298357364
    vertex -201.13123581966374 398.86378966260116 333.2210139835729
  endloop
endfacet
facet normal -0.7712156959812959 -0.6365615131969076 0.003973687021970727
  outer loop
    vertex -250.5192368196727 401.98778166260126 299.0570129835859
    vertex -250.5192368196721 402.00178966260137 301.30101298358585
    vertex -250.93523681967267 402.4917796626013 299.05701298358593
  endloop
endfacet
facet normal -0.7724582171161736 -0.6350494026234939 0.004534207455115462
  outer loop
    vertex -250.93523681967267 402.4917796626013 299.05701298358593
    vertex -250.5192368196721 402.00178966260137 301.30101298358585
    vertex -250.9352368196721 402.50780166260137 301.30101298358596
  endloop
endfacet
facet normal 0.47154565370893775 -0.8817975524867514 0.00881889429495919
  outer loop
    vertex -255.14722781967268 402.90977966260135 299.0570129835871
    vertex -254.57123881967271 403.2177926626015 299.05701298358696
    vertex -255.15923581967212 402.9258006626014 301.3010129835871
  endloop
endfacet
facet normal 0.47023375717175964 -0.8825020856491436 0.008383462354084182
  outer loop
    vertex -255.15923581967212 402.9258006626014 301.3010129835871
    vertex -254.57123881967271 403.2177926626015 299.05701298358696
    vertex -254.5812328196721 403.2337846626013 301.30101298358693
  endloop
endfacet
facet normal -0.7925392034357231 -0.607085354737603 0.05769734032508339
  outer loop
    vertex -209.0252338196661 409.3657726626012 324.14501398357504
    vertex -206.4392348196661 405.98979666260135 324.1450139835743
    vertex -208.69723081966416 409.6497996626013 331.63901398357496
  endloop
endfacet
facet normal 0.8818328488172141 0.4715430947515352 0.004235155140150262
  outer loop
    vertex -256.0852308196721 398.2957956626014 301.3010129835873
    vertex -256.0712388196727 398.2897836626013 299.0570129835873
    vertex -256.3792378196727 398.8657726626013 299.05701298358747
  endloop
endfacet
facet normal 0.8825171526739615 0.4702646880836478 0.0038207823587984155
  outer loop
    vertex -256.0852308196721 398.2957956626014 301.3010129835873
    vertex -256.3792378196727 398.8657726626013 299.05701298358747
    vertex -256.3932298196721 398.8737986626013 301.30101298358744
  endloop
endfacet
facet normal 0.9956580879026002 -0.09057819930836027 -0.021460703720830282
  outer loop
    vertex -201.32523681966288 394.2517896626013 337.00901598357297
    vertex -201.16123481966378 397.0378006626013 332.85901498357305
    vertex -201.13123581966374 397.2817886626013 333.221013983573
  endloop
endfacet
facet normal -0.6484969824184145 0.758789884458151 0.06074187219864644
  outer loop
    vertex -208.70922381966417 387.3857926626012 331.63901398357496
    vertex -212.52123581966615 384.72777266260124 324.14501398357595
    vertex -212.25922681966418 384.3517956626012 331.63901398357586
  endloop
endfacet
facet normal -0.6465485263269791 -0.7605612692673926 0.0593427231830857
  outer loop
    vertex -212.50722781966616 412.3257946626012 324.14501398357595
    vertex -209.0252338196661 409.3657726626012 324.14501398357504
    vertex -212.24523481966418 412.68779466260133 331.63901398357586
  endloop
endfacet
facet normal -0.5588871754978455 0.025355323787534252 0.8288559782131453
  outer loop
    vertex -256.53122981966544 415.58177666260127 326.7250139835874
    vertex -263.41523281966664 413.7578016626013 322.13901398358934
    vertex -263.55922981966665 410.5837906626015 322.1390139835893
  endloop
endfacet
facet normal -0.0981091283094694 -0.9944069058295578 -0.03910888109932241
  outer loop
    vertex -237.3272358196642 377.18178266260156 331.4310139835824
    vertex -232.45122781966543 376.88579266260143 326.72501398358116
    vertex -237.08722981966415 377.1437876626014 331.79501598358235
  endloop
endfacet
facet normal -0.9568946498282492 -0.29043109303355985 0.0015522014702816073
  outer loop
    vertex -250.0212358196727 400.78578666260125 299.0570129835858
    vertex -250.02123581967214 400.79777966260144 301.3010129835858
    vertex -250.2112378196727 401.41179366260144 299.0570129835859
  endloop
endfacet
facet normal -0.9568946498282492 -0.29043109303355985 0.0015522014702816073
  outer loop
    vertex -250.2112378196721 401.42378666260123 301.30101298358585
    vertex -250.2112378196727 401.41179366260144 299.0570129835859
    vertex -250.02123581967214 400.79777966260144 301.3010129835858
  endloop
endfacet
facet normal -0.9666200291262378 0.14272984319090906 0.21277666966725908
  outer loop
    vertex -204.41123481966332 393.41777466260135 335.2710139835738
    vertex -203.8532368196629 394.6057936626014 337.0090159835736
    vertex -203.3432268196628 398.05977266260135 337.0090159835735
  endloop
endfacet
facet normal 0.9568655010320276 -0.29041055008124744 0.008374087188103922
  outer loop
    vertex -256.56722581967273 400.78978366260145 299.0570129835875
    vertex -256.3772388196727 401.41579166260124 299.05701298358747
    vertex -256.5832318196721 400.80177766260124 301.3010129835875
  endloop
endfacet
facet normal 0.9568655010320276 -0.29041055008124744 0.008374087188103922
  outer loop
    vertex -256.3932298196721 401.4277846626014 301.30101298358744
    vertex -256.5832318196721 400.80177766260124 301.3010129835875
    vertex -256.3772388196727 401.41579166260124 299.05701298358747
  endloop
endfacet
facet normal -0.07080156218866267 -0.997392351876669 -0.013986965702829077
  outer loop
    vertex -237.08722981966415 377.1437876626014 331.79501598358235
    vertex -232.45122781966543 376.88579266260143 326.72501398358116
    vertex -237.003229819664 377.1317946626016 332.2250159835824
  endloop
endfacet
facet normal -0.6456065197973866 0.7614391709685678 0.058331899590248294
  outer loop
    vertex -209.0372268196661 387.68178266260117 324.145013983575
    vertex -212.52123581966615 384.72777266260124 324.14501398357595
    vertex -208.70922381966417 387.3857926626012 331.63901398357496
  endloop
endfacet
facet normal 0.2904360010539597 0.9568943199205647 0.0004356553048438397
  outer loop
    vertex -253.94723081967268 396.87178466260127 299.05701298358673
    vertex -254.57323781967267 397.0617876626013 299.05701298358696
    vertex -253.9572398196721 396.8737986626012 301.30101298358676
  endloop
endfacet
facet normal 0.2904360010539597 0.9568943199205647 0.0004356553048438397
  outer loop
    vertex -254.5832318196721 397.06380166260124 301.30101298358693
    vertex -253.9572398196721 396.8737986626012 301.30101298358676
    vertex -254.57323781967267 397.0617876626013 299.05701298358696
  endloop
endfacet
facet normal -0.9898210652666605 -0.11476716154913554 0.08415911943650643
  outer loop
    vertex -203.3432268196628 398.05977266260135 337.0090159835735
    vertex -203.84922281966277 402.4237866626014 337.0090159835737
    vertex -204.02923081966324 402.7018016626014 335.27101398357377
  endloop
endfacet
facet normal -0.7807357131909956 -0.6211375453175318 0.06811678166985473
  outer loop
    vertex -206.4392348196661 405.98979666260135 324.1450139835743
    vertex -205.47123281966282 406.18379666260137 337.00901598357405
    vertex -208.69723081966416 409.6497996626013 331.63901398357496
  endloop
endfacet
facet normal -0.5862780018091281 -0.8092728361915745 -0.03681821827765393
  outer loop
    vertex -261.29923581966943 386.2457776626016 311.5350139835888
    vertex -260.8112288196694 385.88377866260146 311.72101398358865
    vertex -261.3532368196687 386.16579166260146 314.1530139835888
  endloop
endfacet
facet normal 0.9631079763997423 0.2683642365993509 0.02009134912446453
  outer loop
    vertex -226.87522381966417 378.8757826626014 331.6390139835797
    vertex -226.37923781966413 377.09578366260166 331.63901398357956
    vertex -226.86323081966611 379.3937876626014 324.1450139835797
  endloop
endfacet
facet normal 0.2876007594252478 -0.9577160823537385 0.008106095177583544
  outer loop
    vertex -254.57123881967271 403.2177926626015 299.05701298358696
    vertex -253.94523181967267 403.4057816626012 299.05701298358673
    vertex -254.5812328196721 403.2337846626013 301.30101298358693
  endloop
endfacet
facet normal 0.28957362413425236 -0.9571161008729839 0.008711237308838335
  outer loop
    vertex -254.5812328196721 403.2337846626013 301.30101298358693
    vertex -253.94523181967267 403.4057816626012 299.05701298358673
    vertex -253.9532268196721 403.42378666260134 301.30101298358676
  endloop
endfacet
facet normal 0.9884761825803714 -0.1408404514439898 -0.055486968816015406
  outer loop
    vertex -201.32523681966288 394.2517896626013 337.00901598357297
    vertex -201.19723081966396 396.9537856626013 332.43101398357305
    vertex -201.16123481966378 397.0378006626013 332.85901498357305
  endloop
endfacet
facet normal 0.9884103783847205 -0.13914902194656809 -0.06068338811147118
  outer loop
    vertex -201.32523681966288 394.2517896626013 337.00901598357297
    vertex -201.13123581966374 397.2817886626013 333.221013983573
    vertex -200.72523081966278 398.5137826626013 337.0090159835728
  endloop
endfacet
facet normal -0.4951114921423356 0.8665493481476384 0.06290339874357549
  outer loop
    vertex -212.52123581966615 384.72777266260124 324.14501398357595
    vertex -216.76723781966615 382.3017776626011 324.1450139835771
    vertex -216.5852308196642 381.86177466260136 331.63901398357706
  endloop
endfacet
facet normal -0.4993247648399063 -0.8651544510249998 -0.046717824106049605
  outer loop
    vertex -254.24723381966544 383.2377816626014 326.72501398358685
    vertex -249.57723581966542 380.5417986626014 326.7250139835857
    vertex -254.45522581966418 383.0917856626014 331.6390139835869
  endloop
endfacet
facet normal -0.4993247648399063 -0.8651544510249998 -0.046717824106049605
  outer loop
    vertex -249.74123681966415 380.37178466260144 331.63901398358576
    vertex -254.45522581966418 383.0917856626014 331.6390139835869
    vertex -249.57723581966542 380.5417986626014 326.7250139835857
  endloop
endfacet
facet normal -0.7916961108977183 0.6080914257466898 0.05866929284375056
  outer loop
    vertex -209.0372268196661 387.68178266260117 324.145013983575
    vertex -208.70922381966417 387.3857926626012 331.63901398357496
    vertex -206.44723081966612 391.0537916626012 324.14501398357436
  endloop
endfacet
facet normal 0.6455577320926424 0.7594765395812436 0.08031562961904591
  outer loop
    vertex -252.12923781966612 384.7477916626013 324.14501398358624
    vertex -255.6092328196661 387.70579966260135 324.1450139835873
    vertex -252.6192278196642 384.37178466260144 331.6390139835864
  endloop
endfacet
facet normal -0.21251608017055448 -0.7294148998773712 0.6502236688292938
  outer loop
    vertex -205.47922781966284 390.84779766260135 337.0090159835741
    vertex -206.56722581966417 386.37779666260127 331.63901398357433
    vertex -203.0972248196628 390.15379766260145 337.00901598357353
  endloop
endfacet
facet normal 0.662555091850644 -0.002933071959773542 0.749007441452796
  outer loop
    vertex -226.37923781966413 377.09578366260166 331.63901398357956
    vertex -232.44323281966277 378.60979166260165 337.0090159835811
    vertex -232.4512278196628 376.8037916626016 337.00901598358115
  endloop
endfacet
facet normal 2.6179058920661186e-13 0.0 1.0
  outer loop
    vertex -248.2972368196642 381.8777966626014 331.6390139835853
    vertex -252.6192278196642 384.37178466260144 331.6390139835864
    vertex -249.74123681966415 380.37178466260144 331.63901398358576
  endloop
endfacet
facet normal 2.6179058920661186e-13 0.0 1.0
  outer loop
    vertex -254.45522581966418 383.0917856626014 331.6390139835869
    vertex -249.74123681966415 380.37178466260144 331.63901398358576
    vertex -252.6192278196642 384.37178466260144 331.6390139835864
  endloop
endfacet
facet normal 2.6179058920661186e-13 0.0 1.0
  outer loop
    vertex -256.1672318196642 387.4097796626014 331.63901398358746
    vertex -254.45522581966418 383.0917856626014 331.6390139835869
    vertex -252.6192278196642 384.37178466260144 331.6390139835864
  endloop
endfacet
facet normal 2.6179058920661186e-13 0.0 1.0
  outer loop
    vertex -258.32523681966416 386.4037976626014 331.639013983588
    vertex -254.45522581966418 383.0917856626014 331.6390139835869
    vertex -256.1672318196642 387.4097796626014 331.63901398358746
  endloop
endfacet
facet normal 2.6179058920661186e-13 0.0 1.0
  outer loop
    vertex -258.8032328196642 390.1237986626013 331.63901398358803
    vertex -258.32523681966416 386.4037976626014 331.639013983588
    vertex -256.1672318196642 387.4097796626014 331.63901398358746
  endloop
endfacet
facet normal 2.6179058920661186e-13 0.0 1.0
  outer loop
    vertex -261.1992298196642 390.1237986626013 331.63901398358865
    vertex -258.32523681966416 386.4037976626014 331.639013983588
    vertex -258.8032328196642 390.1237986626013 331.63901398358803
  endloop
endfacet
facet normal 2.6179058920661186e-13 0.0 1.0
  outer loop
    vertex -232.44323281966277 378.60979166260165 337.0090159835811
    vertex -237.8692278196628 379.14378766260165 337.0090159835826
    vertex -232.4512278196628 376.8037916626016 337.00901598358115
  endloop
endfacet
facet normal 2.6179058920661186e-13 0.0 1.0
  outer loop
    vertex -238.52323481966275 377.2137956626016 337.00901598358274
    vertex -232.4512278196628 376.8037916626016 337.00901598358115
    vertex -237.8692278196628 379.14378766260165 337.0090159835826
  endloop
endfacet
facet normal 2.6179058920661186e-13 0.0 1.0
  outer loop
    vertex -243.36323081966276 380.0938006626016 337.00901598358405
    vertex -238.52323481966275 377.2137956626016 337.00901598358274
    vertex -237.8692278196628 379.14378766260165 337.0090159835826
  endloop
endfacet
facet normal 2.6179058920661186e-13 0.0 1.0
  outer loop
    vertex -244.36123181966275 378.4258006626017 337.0090159835842
    vertex -238.52323481966275 377.2137956626016 337.00901598358274
    vertex -243.36323081966276 380.0938006626016 337.00901598358405
  endloop
endfacet
facet normal 0.717342072351263 0.6967211430944201 -1.8770536565128479e-13
  outer loop
    vertex -258.8032328196642 390.1237986626013 331.63901398358803
    vertex -256.1672318196642 387.4097796626014 331.63901398358746
    vertex -258.8032328196661 390.1237986626013 324.145013983588
  endloop
endfacet
facet normal 2.6179058920661186e-13 0.0 1.0
  outer loop
    vertex -203.3432268196628 398.05977266260135 337.0090159835735
    vertex -203.8532368196629 394.6057936626014 337.0090159835736
    vertex -203.0972248196628 390.15379766260145 337.00901598357353
  endloop
endfacet
facet normal 2.6179058920661186e-13 0.0 1.0
  outer loop
    vertex -205.47922781966284 390.84779766260135 337.0090159835741
    vertex -203.0972248196628 390.15379766260145 337.00901598357353
    vertex -203.8532368196629 394.6057936626014 337.0090159835736
  endloop
endfacet
facet normal 2.6179058920661186e-13 0.0 1.0
  outer loop
    vertex -200.72523081966278 398.5137826626013 337.0090159835728
    vertex -201.32122381966278 402.7777906626013 337.0090159835731
    vertex -201.32523681966288 394.2517896626013 337.00901598357297
  endloop
endfacet
facet normal 2.6179058920661186e-13 0.0 1.0
  outer loop
    vertex -203.08922881966285 406.87779666260127 337.0090159835734
    vertex -201.32523681966288 394.2517896626013 337.00901598357297
    vertex -201.32122381966278 402.7777906626013 337.0090159835731
  endloop
endfacet
facet normal 2.6179058920661186e-13 0.0 1.0
  outer loop
    vertex -203.0972248196628 390.15379766260145 337.00901598357353
    vertex -201.32523681966288 394.2517896626013 337.00901598357297
    vertex -203.08922881966285 406.87779666260127 337.0090159835734
  endloop
endfacet
facet normal 2.6179058920661186e-13 0.0 1.0
  outer loop
    vertex -203.3432268196628 398.05977266260135 337.0090159835735
    vertex -203.0972248196628 390.15379766260145 337.00901598357353
    vertex -203.08922881966285 406.87779666260127 337.0090159835734
  endloop
endfacet
facet normal 2.6179058920661186e-13 0.0 1.0
  outer loop
    vertex -203.84922281966277 402.4237866626014 337.0090159835737
    vertex -203.3432268196628 398.05977266260135 337.0090159835735
    vertex -203.08922881966285 406.87779666260127 337.0090159835734
  endloop
endfacet
facet normal 2.6179058920661186e-13 0.0 1.0
  outer loop
    vertex -205.47123281966282 406.18379666260137 337.00901598357405
    vertex -203.84922281966277 402.4237866626014 337.0090159835737
    vertex -203.08922881966285 406.87779666260127 337.0090159835734
  endloop
endfacet
facet normal 0.2697142236662462 0.960303675238774 0.0712115782370936
  outer loop
    vertex -247.8852338196661 382.3177996626014 324.1450139835852
    vertex -248.2972368196642 381.8777966626014 331.6390139835853
    vertex -243.36323081966276 380.0938006626016 337.00901598358405
  endloop
endfacet
facet normal 0.9153257853723153 0.3947489331282067 -0.07969935022756837
  outer loop
    vertex -202.19922981966545 402.73778166260126 326.7250139835733
    vertex -203.95122781966543 406.79979366260125 326.72501398357366
    vertex -201.32122381966278 402.7777906626013 337.0090159835731
  endloop
endfacet
facet normal 0.9153257853723153 0.3947489331282067 -0.07969935022756837
  outer loop
    vertex -203.08922881966285 406.87779666260127 337.0090159835734
    vertex -201.32122381966278 402.7777906626013 337.0090159835731
    vertex -203.95122781966543 406.79979366260125 326.72501398357366
  endloop
endfacet
facet normal 2.6179058920661186e-13 0.0 1.0
  outer loop
    vertex -248.27923081966415 415.19777366260143 331.63901398358524
    vertex -249.72123281966418 416.70778366260134 331.63901398358564
    vertex -252.60523481966416 412.7097976626015 331.6390139835865
  endloop
endfacet
facet normal 2.6179058920661186e-13 0.0 1.0
  outer loop
    vertex -254.43923481966416 413.9937936626013 331.639013983587
    vertex -252.60523481966416 412.7097976626015 331.6390139835865
    vertex -249.72123281966418 416.70778366260134 331.63901398358564
  endloop
endfacet
facet normal 2.6179058920661186e-13 0.0 1.0
  outer loop
    vertex -255.5352278196642 410.13377866260134 331.6390139835872
    vertex -252.60523481966416 412.7097976626015 331.6390139835865
    vertex -254.43923481966416 413.9937936626013 331.639013983587
  endloop
endfacet
facet normal 2.6179058920661186e-13 0.0 1.0
  outer loop
    vertex -258.3112288196641 410.13377866260134 331.63901398358786
    vertex -255.5352278196642 410.13377866260134 331.6390139835872
    vertex -254.43923481966416 413.9937936626013 331.639013983587
  endloop
endfacet
facet normal -0.6193434159169564 0.37056675565271446 0.6921661742423835
  outer loop
    vertex -244.36123181966275 378.4258006626017 337.0090159835842
    vertex -243.36323081966276 380.0938006626016 337.00901598358405
    vertex -248.2972368196642 381.8777966626014 331.6390139835853
  endloop
endfacet
facet normal 0.7725745740555579 0.6326831554422524 -0.05329683238718812
  outer loop
    vertex -203.08922881966285 406.87779666260127 337.0090159835734
    vertex -206.7992358196655 410.5417986626013 326.7250139835744
    vertex -206.55523181966421 410.6577956626013 331.63901398357433
  endloop
endfacet
facet normal 0.6484109946201694 0.7572641833038772 0.07819295838369651
  outer loop
    vertex -252.6192278196642 384.37178466260144 331.6390139835864
    vertex -255.6092328196661 387.70579966260135 324.1450139835873
    vertex -256.1672318196642 387.4097796626014 331.63901398358746
  endloop
endfacet
facet normal -0.32762866272362956 -0.9447013190654763 -0.014102379865665383
  outer loop
    vertex -249.74123681966415 380.37178466260144 331.63901398358576
    vertex -244.24723381966547 378.53978366260145 326.72501398358423
    vertex -244.36123181966275 378.4258006626017 337.0090159835842
  endloop
endfacet
facet normal -0.9177450834175991 -0.39590099567665377 0.031723232575800425
  outer loop
    vertex -204.02923081966324 402.7018016626014 335.27101398357377
    vertex -203.84922281966277 402.4237866626014 337.0090159835737
    vertex -205.47123281966282 406.18379666260137 337.00901598357405
  endloop
endfacet
facet normal 0.4970868548156871 -0.8643169075103649 0.07655679043146638
  outer loop
    vertex -247.86922781966612 414.76979466260127 324.1450139835852
    vertex -248.27923081966415 415.19777366260143 331.63901398358524
    vertex -252.60523481966416 412.7097976626015 331.6390139835865
  endloop
endfacet
facet normal 0.6602847698946068 -0.7510153278364072 -1.7285633895486124e-13
  outer loop
    vertex -255.5352278196642 410.13377866260134 331.6390139835872
    vertex -255.53522781966612 410.13377866260134 324.14501398358715
    vertex -252.60523481966416 412.7097976626015 331.6390139835865
  endloop
endfacet
facet normal -0.27667208693171674 0.9605533213518407 -0.028104682044036024
  outer loop
    vertex -221.39722781967205 380.2997936626013 301.30101298357823
    vertex -226.86323081966611 379.3937876626014 324.1450139835797
    vertex -216.76723781966615 382.3017776626011 324.1450139835771
  endloop
endfacet
facet normal -0.06988158253878805 -0.9974452093808122 -0.01481953795306563
  outer loop
    vertex -235.83722981966912 374.9237866626017 312.7290139835821
    vertex -235.2452348196698 374.9217726626016 310.0730139835819
    vertex -234.47722881966766 374.74577766260165 318.29701498358173
  endloop
endfacet
facet normal -0.0858325831443284 -0.9961400986485256 -0.018375841076740236
  outer loop
    vertex -237.24523481967066 375.1537976626016 306.83701298358244
    vertex -235.2452348196698 374.9217726626016 310.0730139835819
    vertex -235.83722981966912 374.9237866626017 312.7290139835821
  endloop
endfacet
facet normal 0.20316020368938495 0.978968144694972 -0.01863607548203784
  outer loop
    vertex -238.5872298196721 379.1517836626013 301.3010129835828
    vertex -244.1672318196721 380.3097726626014 301.30101298358426
    vertex -243.04523781966608 380.5117996626013 324.145013983584
  endloop
endfacet
facet normal 0.20702799467416697 0.9781724598759676 -0.017833904827376047
  outer loop
    vertex -237.7912248196661 379.39979966260137 324.14501398358254
    vertex -238.5872298196721 379.1517836626013 301.3010129835828
    vertex -243.04523781966608 380.5117996626013 324.145013983584
  endloop
endfacet
facet normal 0.06833019758689814 0.9975773764227601 -0.013052285133957106
  outer loop
    vertex -232.7832288196721 378.75777066260133 301.30101298358124
    vertex -238.5872298196721 379.1517836626013 301.3010129835828
    vertex -232.3272358196661 379.0217786626014 324.14501398358107
  endloop
endfacet
facet normal 0.06833019758689814 0.9975773764227601 -0.013052285133957106
  outer loop
    vertex -237.7912248196661 379.39979966260137 324.14501398358254
    vertex -232.3272358196661 379.0217786626014 324.14501398358107
    vertex -238.5872298196721 379.1517836626013 301.3010129835828
  endloop
endfacet
facet normal -0.06669826032325012 0.9977210615807885 -0.01019928173728856
  outer loop
    vertex -226.9792278196721 379.1457716626014 301.3010129835797
    vertex -232.7832288196721 378.75777066260133 301.30101298358124
    vertex -232.3272358196661 379.0217786626014 324.14501398358107
  endloop
endfacet
facet normal -0.5735228422898793 -0.8169754561278019 -0.06018848275632766
  outer loop
    vertex -211.7252308196722 413.4597976626011 301.30101298357573
    vertex -212.50722781966616 412.3257946626012 324.14501398357595
    vertex -214.90322381966615 414.00780166260125 324.14501398357663
  endloop
endfacet
facet normal -0.06792259130579895 0.9976354833024713 -0.010486374309065922
  outer loop
    vertex -226.86323081966611 379.3937876626014 324.1450139835797
    vertex -226.9792278196721 379.1457716626014 301.3010129835797
    vertex -232.3272358196661 379.0217786626014 324.14501398358107
  endloop
endfacet
facet normal -0.32422822285501185 0.9351525226704513 -0.14270886043750777
  outer loop
    vertex -260.3112288196727 411.7077836626014 299.0570129835885
    vertex -268.36522981966664 412.4377946626012 322.1390139835906
    vertex -267.66723181966665 412.67979866260134 322.1390139835905
  endloop
endfacet
facet normal -0.4966512451295626 0.8445911693664447 -0.2000082431788165
  outer loop
    vertex -268.36522981966664 412.4377946626012 322.1390139835906
    vertex -260.3112288196727 411.7077836626014 299.0570129835885
    vertex -269.00123181966666 412.06380166260124 322.13901398359076
  endloop
endfacet
endsolid Forearm
